"","plot","date","year","genus","species","nInd","nFlower","tag_list","field.est.abundance","url","sp.code"
"1","SWS1A",2021-12-08,"2021","Euphorbia","polycarpa",NA,NA,"","","https://www.inaturalist.org/observations/102749085","Euphorbia.polycarpa"
"2","MTS2",2022-03-15,"2022","Camissoniopsis",NA,NA,NA,"2, MTS2","","https://www.inaturalist.org/observations/108660655","Camissoniopsis"
"3","ECR5",2022-03-15,"2022","Eriodictyon","crassifolium",NA,NA,"4, ECR5","","https://www.inaturalist.org/observations/108674670","Eriodictyon.crassifolium"
"4","ECR4",2022-03-15,"2022","Sisyrinchium","bellum",NA,NA,"1, ECR4","","https://www.inaturalist.org/observations/108708868","Sisyrinchium.bellum"
"5","MTS2",2022-03-15,"2022","Erodium","botrys",NA,NA,"1, MTS2","","https://www.inaturalist.org/observations/108708945","Erodium.botrys"
"6","MTS2",2022-03-15,"2022","Linanthus","dianthiflorus",NA,NA,"2, MTS2","","https://www.inaturalist.org/observations/108708994","Linanthus.dianthiflorus"
"7","MTS2",2022-03-15,"2022","Lupinus","bicolor",NA,NA,"1, MTS2","","https://www.inaturalist.org/observations/108709108","Lupinus.bicolor"
"8","MTS2",2022-03-15,"2022","Eriogonum","fasciculatum",NA,NA,"4, MTS2","","https://www.inaturalist.org/observations/108709158","Eriogonum.fasciculatum"
"9","MTS2",2022-03-15,"2022","Salvia","mellifera",NA,NA,"4, MTS2","","https://www.inaturalist.org/observations/108709186","Salvia.mellifera"
"10","MTS2",2022-03-15,"2022","Quercus",NA,NA,NA,"2, MTS2","","https://www.inaturalist.org/observations/108709210","Quercus"
"11","MTS2",2022-03-15,"2022","Acmispon","glaber",NA,NA,"3, MTS2","","https://www.inaturalist.org/observations/108709233","Acmispon.glaber"
"12","MTS2",2022-03-15,"2022","Camissoniopsis",NA,NA,NA,"2, MTS2","","https://www.inaturalist.org/observations/108709297","Camissoniopsis"
"13","MTS2",2022-03-15,"2022","Hirschfeldia","incana",NA,NA,"3, MTS2","","https://www.inaturalist.org/observations/108709303","Hirschfeldia.incana"
"14","MTS2",2022-03-15,"2022","Diplacus",NA,NA,NA,"2, MTS2","","https://www.inaturalist.org/observations/108709328","Diplacus"
"15","MTS2",2022-03-15,"2022","Solanum","parishii",NA,NA,"1, MTS2","","https://www.inaturalist.org/observations/108709347","Solanum.parishii"
"16","MTS2",2022-03-15,"2022","Cryptantha",NA,NA,NA,"3, MTS2","","https://www.inaturalist.org/observations/108709367","Cryptantha"
"17","ECR4",2022-03-15,"2022","Eriogonum","fasciculatum",NA,NA,"4, ECR4","","https://www.inaturalist.org/observations/108709411","Eriogonum.fasciculatum"
"18","ECR4",2022-03-15,"2022","Cistus","ladanifer",NA,NA,"1, ECR4","","https://www.inaturalist.org/observations/108709467","Cistus.ladanifer"
"19","ECR4",2022-03-15,"2022","Eriophyllum","confertiflorum",NA,NA,"2, ECR4","","https://www.inaturalist.org/observations/108709501","Eriophyllum.confertiflorum"
"20","ECR4",2022-03-15,"2022","Castilleja","densiflora",NA,NA,"1, ECR4","","https://www.inaturalist.org/observations/108709575","Castilleja.densiflora"
"21","ECR4",2022-03-15,"2022","Diplacus",NA,NA,NA,"2, ECR4","","https://www.inaturalist.org/observations/108709594","Diplacus"
"22","MTS2",2022-03-15,"2022","Acmispon","glaber",NA,NA,"2","","https://www.inaturalist.org/observations/108709611","Acmispon.glaber"
"23","ECR4",2022-03-15,"2022","Rhus","integrifolia",NA,NA,"ECR4","","https://www.inaturalist.org/observations/108709625","Rhus.integrifolia"
"24","ECR4",2022-03-15,"2022","Eriogonum",NA,NA,NA,"4, ECR4","","https://www.inaturalist.org/observations/108709657","Eriogonum"
"25","ECR5",2022-03-15,"2022","Dipterostemon","capitatus",NA,NA,"2, ECR5","","https://www.inaturalist.org/observations/108709888","Dipterostemon.capitatus"
"26","ECR5",2022-03-15,"2022","Cryptantha",NA,NA,NA,"3, ECR5","","https://www.inaturalist.org/observations/108709910","Cryptantha"
"27","ECR5",2022-03-15,"2022","Crocanthemum",NA,NA,NA,"2, ECR5","","https://www.inaturalist.org/observations/108709959","Crocanthemum"
"28","ECR5",2022-03-15,"2022","Salvia","mellifera",NA,NA,"4, ECR5","","https://www.inaturalist.org/observations/108709985","Salvia.mellifera"
"29","MTS1A",2022-03-16,"2022","Ferocactus","viridescens",NA,NA,"2, SWS1A","","https://www.inaturalist.org/observations/108772286","Ferocactus.viridescens"
"30","SWI4",2022-03-16,"2022","Phacelia","cicutaria",NA,NA,"2, SWI4","","https://www.inaturalist.org/observations/108780009","Phacelia.cicutaria"
"31","SWS1A",2022-03-17,"2022","Bahiopsis","laciniata",NA,NA,"2, SWS1A","","https://www.inaturalist.org/observations/108855183","Bahiopsis.laciniata"
"32","SWS1A",2022-03-17,"2022","Eriogonum","fasciculatum",NA,NA,"4, SWS1A","","https://www.inaturalist.org/observations/108855215","Eriogonum.fasciculatum"
"33","SWI4",2022-03-17,"2022","Oxalis",NA,NA,NA,"1, SWI4","","https://www.inaturalist.org/observations/108855475","Oxalis"
"34","SWS10",2022-03-17,"2022","Parkinsonia","aculeata",NA,NA,"2, SWS10","","https://www.inaturalist.org/observations/108855484","Parkinsonia.aculeata"
"35","SWS10",2022-03-17,"2022","Erodium","botrys",NA,NA,"2, SWS10","","https://www.inaturalist.org/observations/108855526","Erodium.botrys"
"36","SWS1A",2022-03-17,"2022","Bahiopsis","laciniata",NA,NA,"2, SWS1A","","https://www.inaturalist.org/observations/108855554","Bahiopsis.laciniata"
"37","MTE4",2022-03-20,"2022","Eriophyllum","confertiflorum",NA,NA,"3, MTE4","","https://www.inaturalist.org/observations/109124166","Eriophyllum.confertiflorum"
"38","MTE4",2022-03-20,"2022","Bahiopsis","laciniata",NA,NA,"3, MTE4","","https://www.inaturalist.org/observations/109124174","Bahiopsis.laciniata"
"39","MTE4",2022-03-20,"2022","Salvia","mellifera",NA,NA,"4, MTE4","","https://www.inaturalist.org/observations/109124203","Salvia.mellifera"
"40","MTE3",2022-03-20,"2022","Cleomella","arborea",NA,NA,"2, MTE3","","https://www.inaturalist.org/observations/109124291","Cleomella.arborea"
"41","MTE3",2022-03-20,"2022","Bahiopsis","laciniata",NA,NA,"2, MTE3","","https://www.inaturalist.org/observations/109124318","Bahiopsis.laciniata"
"42","MTE3",2022-03-20,"2022","Acmispon","glaber",NA,NA,"3, MTE3","","https://www.inaturalist.org/observations/109124330","Acmispon.glaber"
"43","MTE3",2022-03-20,"2022","Salvia","mellifera",NA,NA,"4, MTE3","","https://www.inaturalist.org/observations/109124340","Salvia.mellifera"
"44","MTS1A",2022-03-19,"2022","Scrophularia","californica",NA,NA,"3, MTS1A","","https://www.inaturalist.org/observations/109124397","Scrophularia.californica"
"45","MTS1A",2022-03-19,"2022","Eucrypta","chrysanthemifolia",NA,NA,"1, MTS1A","","https://www.inaturalist.org/observations/109124434","Eucrypta.chrysanthemifolia"
"46","MTS1A",2022-03-19,"2022","Eriogonum","fasciculatum",NA,NA,"4, MTS1A","","https://www.inaturalist.org/observations/109124442","Eriogonum.fasciculatum"
"47","MTI2",2022-03-19,"2022","Eschscholzia","californica",NA,NA,"2, MTE2","","https://www.inaturalist.org/observations/109124456","Eschscholzia.californica"
"48","MTI2",2022-03-19,"2022","Euphorbia","polycarpa",NA,NA,"1, MTE2","","https://www.inaturalist.org/observations/109124513","Euphorbia.polycarpa"
"49",NA,2022-03-21,"2022","Ferocactus","viridescens",NA,NA,"1, SWS3","","https://www.inaturalist.org/observations/109204159","Ferocactus.viridescens"
"50","SWS3",2022-03-21,"2022","Cryptantha",NA,NA,NA,"3, SWS3","","https://www.inaturalist.org/observations/109204189","Cryptantha"
"51","SWS3",2022-03-21,"2022","Camissoniopsis",NA,NA,NA,"2, SWS3","","https://www.inaturalist.org/observations/109204233","Camissoniopsis"
"52","SWS3",2022-03-21,"2022","Salvia","mellifera",NA,NA,"4, SWS3","","https://www.inaturalist.org/observations/109204254","Salvia.mellifera"
"53","SWS3",2022-03-21,"2022","Cleomella","arborea",NA,NA,"2, SWS3","","https://www.inaturalist.org/observations/109204266","Cleomella.arborea"
"54","SWS3",2022-03-21,"2022","Acmispon","glaber",NA,NA,"3, SWS3","","https://www.inaturalist.org/observations/109204274","Acmispon.glaber"
"55","SWS3",2022-03-21,"2022","Calystegia","macrostegia",NA,NA,"2, SWS3","","https://www.inaturalist.org/observations/109204290","Calystegia.macrostegia"
"56","MTS6",2022-03-21,"2022","Encelia","californica",NA,NA,"1, MTS6","","https://www.inaturalist.org/observations/109204319","Encelia.californica"
"57","MTS2",2022-04-05,"2022","Erodium","cicutarium",NA,NA,"MTS2","","https://www.inaturalist.org/observations/110505157","Erodium.cicutarium"
"58","MTS2",2022-04-05,"2022","Chaenactis","glabriuscula",NA,NA,"MTS2","","https://www.inaturalist.org/observations/110505568","Chaenactis.glabriuscula"
"59","MTS2",2022-04-05,"2022","Cryptantha","intermedia",NA,NA,"MTS2","","https://www.inaturalist.org/observations/110505656","Cryptantha.intermedia"
"60","MTS2",2022-04-05,"2022","Erodium","botrys",NA,NA,"MTS2","","https://www.inaturalist.org/observations/110505721","Erodium.botrys"
"61","MTS2",2022-04-05,"2022","Camissoniopsis","bistorta",NA,NA,"MTS2","","https://www.inaturalist.org/observations/110505873","Camissoniopsis.bistorta"
"62","MTS2",2022-04-05,"2022","Hirschfeldia","incana",NA,NA,"MTS2","","https://www.inaturalist.org/observations/110506334","Hirschfeldia.incana"
"63","MTS2",2022-04-05,"2022","Lysimachia","arvensis",NA,NA,"MTS2","","https://www.inaturalist.org/observations/110506592","Lysimachia.arvensis"
"64","MTS2",2022-04-05,"2022","Acmispon","glaber",NA,NA,"MTS2","","https://www.inaturalist.org/observations/110506820","Acmispon.glaber"
"65","MTS2",2022-04-05,"2022","",NA,NA,NA,"MTS2","","https://www.inaturalist.org/observations/110507805",""
"66","MTS2",2022-04-05,"2022","Raphanus","raphanistrum",NA,NA,"MTS2","","https://www.inaturalist.org/observations/110508827","Raphanus.raphanistrum"
"67","ECR4",2022-04-05,"2022","Salvia","columbariae",NA,NA,"1, ECR4","","https://www.inaturalist.org/observations/110547237","Salvia.columbariae"
"68","SWI4",2022-04-06,"2022","Erodium","botrys",NA,NA,"2, SWI4","","https://www.inaturalist.org/observations/110587800","Erodium.botrys"
"69","SWEA",2022-04-06,"2022","Phacelia","cicutaria",NA,NA,"3, SWEA","","https://www.inaturalist.org/observations/110627826","Phacelia.cicutaria"
"70","SWEA",2022-04-06,"2022","Euphorbia","polycarpa",NA,NA,"2, SWEA","","https://www.inaturalist.org/observations/110627864","Euphorbia.polycarpa"
"71","MTI2",2022-04-07,"2022","Euphorbia","polycarpa",NA,NA,"1, MTE2","","https://www.inaturalist.org/observations/110717712","Euphorbia.polycarpa"
"72","MTI2",2022-04-07,"2022","Eschscholzia","californica",NA,NA,"2, MTE2","","https://www.inaturalist.org/observations/110717760","Eschscholzia.californica"
"73","MTI2",2022-04-07,"2022","Phacelia","cicutaria",NA,NA,"3, MTE2","","https://www.inaturalist.org/observations/110717796","Phacelia.cicutaria"
"74","MTE3",2022-04-07,"2022","Bahiopsis","laciniata",NA,NA,"2, MTE3","","https://www.inaturalist.org/observations/110726181","Bahiopsis.laciniata"
"75","MTE3",2022-04-07,"2022","Malacothamnus","fasciculatus",NA,NA,"1, MTE3","","https://www.inaturalist.org/observations/110726304","Malacothamnus.fasciculatus"
"76",NA,2022-04-07,"2022","Ferocactus","viridescens",NA,NA,"MTE3","","https://www.inaturalist.org/observations/110726333","Ferocactus.viridescens"
"77","MTS2",2022-04-05,"2022","Cryptantha",NA,NA,NA,"MTS2","","https://www.inaturalist.org/observations/111045491","Cryptantha"
"78","MTS2",2022-04-05,"2022","Erodium","cicutarium",NA,NA,"MTS2","","https://www.inaturalist.org/observations/111045492","Erodium.cicutarium"
"79","MTS2",2022-04-05,"2022","Dipterostemon","capitatus",NA,NA,"MTS2","","https://www.inaturalist.org/observations/111045495","Dipterostemon.capitatus"
"80","MTS2",2022-04-05,"2022","Erodium",NA,NA,NA,"MTS2","","https://www.inaturalist.org/observations/111045496","Erodium"
"81","MTS2",2022-04-05,"2022","Erodium","cicutarium",NA,NA,"MTS2","","https://www.inaturalist.org/observations/111045497","Erodium.cicutarium"
"82","MTS2",2022-04-05,"2022","Deinandra","fasciculata",NA,NA,"MTS2","","https://www.inaturalist.org/observations/111045498","Deinandra.fasciculata"
"83","MTS2",2022-04-05,"2022","Hirschfeldia","incana",NA,NA,"MTS2","","https://www.inaturalist.org/observations/111045499","Hirschfeldia.incana"
"84","MTS2",2022-04-05,"2022","Erodium","botrys",NA,NA,"MTS2","","https://www.inaturalist.org/observations/111045502","Erodium.botrys"
"85","MTS2",2022-04-05,"2022","Camissoniopsis",NA,NA,NA,"MTS2","","https://www.inaturalist.org/observations/111045504","Camissoniopsis"
"86","MTS2",2022-04-05,"2022","Cryptantha",NA,NA,NA,"MTS2","","https://www.inaturalist.org/observations/111045505","Cryptantha"
"87","MTS2",2022-04-05,"2022","Hirschfeldia","incana",NA,NA,"MTS2","","https://www.inaturalist.org/observations/111045509","Hirschfeldia.incana"
"88","MTS2",2022-04-05,"2022","Chaenactis","glabriuscula",NA,NA,"MTS2","","https://www.inaturalist.org/observations/111045510","Chaenactis.glabriuscula"
"89","MTS2",2022-04-05,"2022","Erodium","botrys",NA,NA,"MTS2","","https://www.inaturalist.org/observations/111045511","Erodium.botrys"
"90","MTS2",2022-04-05,"2022","Hypochaeris","glabra",NA,NA,"MTS2","","https://www.inaturalist.org/observations/111045514","Hypochaeris.glabra"
"91","MTS2",2022-04-05,"2022","Salvia","mellifera",NA,NA,"MTS2","","https://www.inaturalist.org/observations/111045515","Salvia.mellifera"
"92","SWS10",2022-04-11,"2022","Hirschfeldia","incana",NA,NA,"4, SWS10","","https://www.inaturalist.org/observations/111163868","Hirschfeldia.incana"
"93","SWS10",2022-04-11,"2022","Erodium","botrys",NA,NA,"2, SWS10","","https://www.inaturalist.org/observations/111163903","Erodium.botrys"
"94","SWS10",2022-04-11,"2022","Prunus",NA,NA,NA,"1, SWS10","","https://www.inaturalist.org/observations/111163929","Prunus"
"95","SWS10",2022-04-11,"2022","Acmispon","glaber",NA,NA,"2, SWS10","","https://www.inaturalist.org/observations/111164010","Acmispon.glaber"
"96","SWS10",2022-04-11,"2022","Eriogonum","fasciculatum",NA,NA,"3, SWS10","","https://www.inaturalist.org/observations/111164037","Eriogonum.fasciculatum"
"97","SWS10",2022-04-11,"2022","Limonium","sinuatum",NA,NA,"4, SWS10","","https://www.inaturalist.org/observations/111164069","Limonium.sinuatum"
"98","SWS3",2022-04-11,"2022","Euphorbia","polycarpa",NA,NA,"1, SWS3","","https://www.inaturalist.org/observations/111164257","Euphorbia.polycarpa"
"99","SWS3",2022-04-11,"2022","Acmispon","glaber",NA,NA,"2, SWS3","","https://www.inaturalist.org/observations/111164529","Acmispon.glaber"
"100","SWS3",2022-04-11,"2022","Corethrogyne","filaginifolia",NA,NA,"1, SWS3","","https://www.inaturalist.org/observations/111164578","Corethrogyne.filaginifolia"
"101","SWS3",2022-04-11,"2022","Calochortus","splendens",NA,NA,"2, SWS3","","https://www.inaturalist.org/observations/111164615","Calochortus.splendens"
"102","SWS3",2022-04-11,"2022","Salvia","mellifera",NA,NA,"4, SWS3","","https://www.inaturalist.org/observations/111164633","Salvia.mellifera"
"103","SWS3",2022-04-11,"2022","Eriogonum","fasciculatum",NA,NA,"4, SWS3","","https://www.inaturalist.org/observations/111164650","Eriogonum.fasciculatum"
"104","SWS3",2022-04-11,"2022","Camissoniopsis",NA,NA,NA,"1, SWS3","","https://www.inaturalist.org/observations/111164672","Camissoniopsis"
"105",NA,2022-04-11,"2022","Salvia","apiana",NA,NA,"2, SWS3","","https://www.inaturalist.org/observations/111164694","Salvia.apiana"
"106","MTS1A",2022-04-12,"2022","Sairocarpus","nuttallianus",NA,NA,"","","https://www.inaturalist.org/observations/111230816","Sairocarpus.nuttallianus"
"107","MTS1A",2022-04-12,"2022","Rhus","integrifolia",NA,NA,"1, MTS1A","","https://www.inaturalist.org/observations/111269198","Rhus.integrifolia"
"108","SWS1A",2022-04-12,"2022","Eriogonum","fasciculatum",NA,NA,"4, SWS1A","","https://www.inaturalist.org/observations/111269399","Eriogonum.fasciculatum"
"109","SWI4",2022-04-06,"2022","Erodium","brachycarpum",NA,NA,"SWEA","","https://www.inaturalist.org/observations/111422603","Erodium.brachycarpum"
"110","SWI4",2022-04-06,"2022","Hirschfeldia","incana",NA,NA,"SWEA","","https://www.inaturalist.org/observations/111422769","Hirschfeldia.incana"
"111","SWI4",2022-04-06,"2022","Phacelia","cicutaria",NA,NA,"SWEA","","https://www.inaturalist.org/observations/111422798","Phacelia.cicutaria"
"112","MTS6",2022-04-08,"2022","Acmispon","glaber",NA,NA,"","","https://www.inaturalist.org/observations/111568027","Acmispon.glaber"
"113","MTS6",2022-04-08,"2022","Eriogonum","fasciculatum",NA,NA,"","","https://www.inaturalist.org/observations/111568085","Eriogonum.fasciculatum"
"114","MTS6",2022-04-08,"2022","Opuntia",NA,NA,NA,"","","https://www.inaturalist.org/observations/111568139","Opuntia"
"115","MTS6",2022-04-08,"2022","Eriogonum","fasciculatum",NA,NA,"","","https://www.inaturalist.org/observations/111568179","Eriogonum.fasciculatum"
"116","MTS6",2022-04-08,"2022","Opuntia",NA,NA,NA,"","","https://www.inaturalist.org/observations/111568321","Opuntia"
"117","MTS6",2022-04-08,"2022","Deinandra","fasciculata",NA,NA,"","","https://www.inaturalist.org/observations/111568629","Deinandra.fasciculata"
"118","MTS6",2022-04-08,"2022","Opuntia",NA,NA,NA,"","","https://www.inaturalist.org/observations/111568690","Opuntia"
"119","MTS6",2022-04-08,"2022","Salvia","mellifera",NA,NA,"","","https://www.inaturalist.org/observations/111569445","Salvia.mellifera"
"120","MTS6",2022-04-08,"2022","Cryptantha",NA,NA,NA,"","","https://www.inaturalist.org/observations/111569646","Cryptantha"
"121","MTS6",2022-04-08,"2022","Acmispon","glaber",NA,NA,"","","https://www.inaturalist.org/observations/111570045","Acmispon.glaber"
"122","MTS6",2022-04-08,"2022","Eriophyllum","confertiflorum",NA,NA,"","","https://www.inaturalist.org/observations/111570576","Eriophyllum.confertiflorum"
"123","MTS6",2022-04-08,"2022","Eriogonum","fasciculatum",NA,NA,"","","https://www.inaturalist.org/observations/111570684","Eriogonum.fasciculatum"
"124","MTS6",2022-04-08,"2022","Rhus","integrifolia",NA,NA,"","","https://www.inaturalist.org/observations/111570810","Rhus.integrifolia"
"125","MTS6",2022-04-08,"2022","Dudleya","pulverulenta",NA,NA,"","","https://www.inaturalist.org/observations/111570963","Dudleya.pulverulenta"
"126","MTS6",2022-04-08,"2022","Acmispon","glaber",NA,NA,"","","https://www.inaturalist.org/observations/111571046","Acmispon.glaber"
"127","MTS6",2022-04-08,"2022","Camissoniopsis",NA,NA,NA,"","","https://www.inaturalist.org/observations/111571120","Camissoniopsis"
"128","MTS6",2022-04-08,"2022","",NA,NA,NA,"","","https://www.inaturalist.org/observations/111571191",""
"129","MTS6",2022-04-08,"2022","Diplacus","puniceus",NA,NA,"","","https://www.inaturalist.org/observations/111571277","Diplacus.puniceus"
"130","MTS6",2022-04-08,"2022","Sonchus",NA,NA,NA,"","","https://www.inaturalist.org/observations/111571366","Sonchus"
"131","MTS7",2022-04-08,"2022","Bahiopsis","laciniata",NA,NA,"","","https://www.inaturalist.org/observations/111571422","Bahiopsis.laciniata"
"132","MTS7",2022-04-08,"2022","Calystegia","macrostegia",NA,NA,"","","https://www.inaturalist.org/observations/111571553","Calystegia.macrostegia"
"133","MTS7",2022-04-08,"2022","Hirschfeldia","incana",NA,NA,"","","https://www.inaturalist.org/observations/111571592","Hirschfeldia.incana"
"134","MTS7",2022-04-08,"2022","Salvia","mellifera",NA,NA,"","","https://www.inaturalist.org/observations/111571660","Salvia.mellifera"
"135","MTS7",2022-04-08,"2022","Solanum","parishii",NA,NA,"","","https://www.inaturalist.org/observations/111571688","Solanum.parishii"
"136","MTS7",2022-04-08,"2022","Cylindropuntia","prolifera",NA,NA,"","","https://www.inaturalist.org/observations/111571746","Cylindropuntia.prolifera"
"137","MTS7",2022-04-08,"2022","Opuntia","ficus-indica",NA,NA,"","","https://www.inaturalist.org/observations/111571802","Opuntia.ficus-indica"
"138","MTS7",2022-04-08,"2022","Hirschfeldia","incana",NA,NA,"","","https://www.inaturalist.org/observations/111571855","Hirschfeldia.incana"
"139","MTS7",2022-04-08,"2022","Eriogonum","fasciculatum",NA,NA,"","","https://www.inaturalist.org/observations/111571908","Eriogonum.fasciculatum"
"140","MTS7",2022-04-08,"2022","Diplacus","puniceus",NA,NA,"","","https://www.inaturalist.org/observations/111572005","Diplacus.puniceus"
"141","MTS7",2022-04-08,"2022","Lysimachia","arvensis",NA,NA,"","","https://www.inaturalist.org/observations/111572098","Lysimachia.arvensis"
"142","MTS7",2022-04-08,"2022","Eriodictyon","crassifolium",NA,NA,"","","https://www.inaturalist.org/observations/111572144","Eriodictyon.crassifolium"
"143","MTS7",2022-04-08,"2022","Pseudognaphalium","biolettii",NA,NA,"","","https://www.inaturalist.org/observations/111572185","Pseudognaphalium.biolettii"
"144","MTS7",2022-04-08,"2022","Solanum","parishii",NA,NA,"","","https://www.inaturalist.org/observations/111572277","Solanum.parishii"
"145","MTS7",2022-04-08,"2022","Glebionis","coronaria",NA,NA,"","","https://www.inaturalist.org/observations/111572380","Glebionis.coronaria"
"146","MTS2",2022-04-05,"2022","Solanum","parishii",NA,NA,"MTS2","","https://www.inaturalist.org/observations/111886126","Solanum.parishii"
"147","MTS2",2022-04-05,"2022","Erodium","cicutarium",NA,NA,"MTS2","","https://www.inaturalist.org/observations/111886127","Erodium.cicutarium"
"148","MTS2",2022-04-05,"2022","Daucus","pusillus",NA,NA,"MTS2","","https://www.inaturalist.org/observations/111886128","Daucus.pusillus"
"149","MTS2",2022-04-05,"2022","Sonchus","oleraceus",NA,NA,"MTS2","","https://www.inaturalist.org/observations/111886132","Sonchus.oleraceus"
"150","MTS2",2022-04-05,"2022","Cryptantha",NA,NA,NA,"MTS2","","https://www.inaturalist.org/observations/111886133","Cryptantha"
"151","MTS2",2022-04-05,"2022","Daucus","pusillus",NA,NA,"MTS2","","https://www.inaturalist.org/observations/111886134","Daucus.pusillus"
"152","MTS2",2022-04-05,"2022","Chaenactis","glabriuscula",NA,NA,"MTS2","","https://www.inaturalist.org/observations/111886138","Chaenactis.glabriuscula"
"153","ECR4",2022-04-05,"2022","Salvia","mellifera",NA,NA,"ECR4","","https://www.inaturalist.org/observations/111888280","Salvia.mellifera"
"154","ECR4",2022-04-05,"2022","Adenostoma","fasciculatum",NA,NA,"ECR4","","https://www.inaturalist.org/observations/111888281","Adenostoma.fasciculatum"
"155","ECR4",2022-04-05,"2022","Dipterostemon","capitatus",NA,NA,"ECR4","","https://www.inaturalist.org/observations/111888283","Dipterostemon.capitatus"
"156","ECR4",2022-04-05,"2022","Cryptantha",NA,NA,NA,"ECR4","","https://www.inaturalist.org/observations/111888286","Cryptantha"
"157","ECR4",2022-04-05,"2022","Dipterostemon","capitatus",NA,NA,"ECR4","","https://www.inaturalist.org/observations/111888287","Dipterostemon.capitatus"
"158","ECR4",2022-04-05,"2022","Eriogonum","fasciculatum",NA,NA,"ECR4","","https://www.inaturalist.org/observations/111888291","Eriogonum.fasciculatum"
"159","ECR4",2022-04-05,"2022","Calochortus","splendens",NA,NA,"ECR4","","https://www.inaturalist.org/observations/111888296","Calochortus.splendens"
"160","ECR4",2022-04-05,"2022","Cryptantha",NA,NA,NA,"ECR4","","https://www.inaturalist.org/observations/111888297","Cryptantha"
"161","ECR4",2022-04-05,"2022","Acmispon","glaber",NA,NA,"ECR4","","https://www.inaturalist.org/observations/111888300","Acmispon.glaber"
"162","ECR4",2022-04-05,"2022","Adenostoma","fasciculatum",NA,NA,"ECR4","","https://www.inaturalist.org/observations/111888302","Adenostoma.fasciculatum"
"163","ECR4",2022-04-05,"2022","Cneoridium","dumosum",NA,NA,"ECR4","","https://www.inaturalist.org/observations/111888304","Cneoridium.dumosum"
"164","ECR4",2022-04-05,"2022","Daucus","pusillus",NA,NA,"ECR4","","https://www.inaturalist.org/observations/111888308","Daucus.pusillus"
"165","ECR4",2022-04-05,"2022","Diplacus","puniceus",NA,NA,"ECR4","","https://www.inaturalist.org/observations/111888309","Diplacus.puniceus"
"166","ECR4",2022-04-05,"2022","Calochortus","splendens",NA,NA,"ECR4","","https://www.inaturalist.org/observations/111888310","Calochortus.splendens"
"167","ECR4",2022-04-05,"2022","Acmispon","glaber",NA,NA,"ECR4","","https://www.inaturalist.org/observations/111888311","Acmispon.glaber"
"168","ECR4",2022-04-05,"2022","Uropappus","lindleyi",NA,NA,"ECR4","","https://www.inaturalist.org/observations/111888312","Uropappus.lindleyi"
"169","ECR4",2022-04-05,"2022","Lysimachia","arvensis",NA,NA,"ECR4","","https://www.inaturalist.org/observations/111888313","Lysimachia.arvensis"
"170","ECR5",2022-04-05,"2022","Eriogonum","fasciculatum",NA,NA,"ECR5","","https://www.inaturalist.org/observations/111888819","Eriogonum.fasciculatum"
"171","ECR5",2022-04-05,"2022","Acmispon","glaber",NA,NA,"ECR5","","https://www.inaturalist.org/observations/111888821","Acmispon.glaber"
"172","ECR5",2022-04-05,"2022","Salvia","mellifera",NA,NA,"ECR5","","https://www.inaturalist.org/observations/111888822","Salvia.mellifera"
"173","ECR5",2022-04-05,"2022","Dipterostemon","capitatus",NA,NA,"ECR5","","https://www.inaturalist.org/observations/111888823","Dipterostemon.capitatus"
"174","ECR5",2022-04-05,"2022","Eriodictyon","crassifolium",NA,NA,"ECR5","","https://www.inaturalist.org/observations/111888824","Eriodictyon.crassifolium"
"175","ECR5",2022-04-05,"2022","Eriogonum","fasciculatum",NA,NA,"ECR5","","https://www.inaturalist.org/observations/111888825","Eriogonum.fasciculatum"
"176","ECR5",2022-04-05,"2022","Cryptantha",NA,NA,NA,"ECR5","","https://www.inaturalist.org/observations/111888826","Cryptantha"
"177","ECR5",2022-04-05,"2022","Dipterostemon","capitatus",NA,NA,"ECR5","","https://www.inaturalist.org/observations/111888827","Dipterostemon.capitatus"
"178","ECR5",2022-04-05,"2022","Hesperoyucca","whipplei",NA,NA,"ECR5","","https://www.inaturalist.org/observations/111888828","Hesperoyucca.whipplei"
"179","ECR5",2022-04-05,"2022","Chlorogalum","pomeridianum",NA,NA,"ECR5","","https://www.inaturalist.org/observations/111888829","Chlorogalum.pomeridianum"
"180","ECR5",2022-04-05,"2022","Adenostoma","fasciculatum",NA,NA,"ECR5","","https://www.inaturalist.org/observations/111888830","Adenostoma.fasciculatum"
"181","MTS2",2022-04-18,"2022","Lonicera","subspicata",NA,NA,"2, MTS2","","https://www.inaturalist.org/observations/111988798","Lonicera.subspicata"
"182","MTS2",2022-04-18,"2022","Camissoniopsis",NA,NA,NA,"2, MTS2","","https://www.inaturalist.org/observations/111988854","Camissoniopsis"
"183","MTS2",2022-04-16,"2022","Cryptantha",NA,NA,NA,"2, MTS2","","https://www.inaturalist.org/observations/111988876","Cryptantha"
"184","MTS2",2022-04-18,"2022","Deinandra","fasciculata",NA,NA,"3, MTS2","","https://www.inaturalist.org/observations/111988968","Deinandra.fasciculata"
"185","MTS2",2022-04-18,"2022","Salvia","mellifera",NA,NA,"4, MTS2","","https://www.inaturalist.org/observations/111989013","Salvia.mellifera"
"186","MTS2",2022-04-18,"2022","Hirschfeldia","incana",NA,NA,"4, MTS2","","https://www.inaturalist.org/observations/111989044","Hirschfeldia.incana"
"187","MTS2",2022-04-18,"2022","Chaenactis","glabriuscula",NA,NA,"2, MTS2","","https://www.inaturalist.org/observations/111989124","Chaenactis.glabriuscula"
"188","MTS2",2022-04-18,"2022","Mirabilis","laevis",NA,NA,"1, MTS2","","https://www.inaturalist.org/observations/111989180","Mirabilis.laevis"
"189","MTS2",2022-04-18,"2022","Salvia",NA,NA,NA,"4, MTS2","","https://www.inaturalist.org/observations/111989225","Salvia"
"190","MTS2",2022-04-18,"2022","Adenostoma","fasciculatum",NA,NA,"3, MTS2","","https://www.inaturalist.org/observations/111989292","Adenostoma.fasciculatum"
"191","MTS2",2022-04-18,"2022","Carpobrotus",NA,NA,NA,"MTS2","","https://www.inaturalist.org/observations/111989327","Carpobrotus"
"192","MTS2",2022-04-18,"2022","Yucca","schidigera",NA,NA,"2, MTS2","","https://www.inaturalist.org/observations/111989352","Yucca.schidigera"
"193","MTE3",2022-04-07,"2022","Salvia","mellifera",NA,NA,"MTE3","","https://www.inaturalist.org/observations/112014968","Salvia.mellifera"
"194","MTE3",2022-04-07,"2022","Acmispon","glaber",NA,NA,"MTE3","","https://www.inaturalist.org/observations/112014969","Acmispon.glaber"
"195","MTE3",2022-04-07,"2022","Cleomella","arborea",NA,NA,"MTE3","","https://www.inaturalist.org/observations/112014971","Cleomella.arborea"
"196","MTE3",2022-04-07,"2022","Eriogonum","fasciculatum",NA,NA,"MTE3","","https://www.inaturalist.org/observations/112014972","Eriogonum.fasciculatum"
"197","MTE3",2022-04-07,"2022","Dipterostemon","capitatus",NA,NA,"MTE3","","https://www.inaturalist.org/observations/112014973","Dipterostemon.capitatus"
"198","MTE3",2022-04-07,"2022","Bahiopsis","laciniata",NA,NA,"MTE3","","https://www.inaturalist.org/observations/112014974","Bahiopsis.laciniata"
"199","MTE3",2022-04-07,"2022","Gazania","linearis",NA,NA,"MTE3","","https://www.inaturalist.org/observations/112014975","Gazania.linearis"
"200","MTE3",2022-04-07,"2022","Cryptantha","intermedia",NA,NA,"MTE3","","https://www.inaturalist.org/observations/112014976","Cryptantha.intermedia"
"201","MTE3",2022-04-07,"2022","Encelia","californica",NA,NA,"MTE3","","https://www.inaturalist.org/observations/112014977","Encelia.californica"
"202","MTE3",2022-04-07,"2022","",NA,NA,NA,"MTE3","","https://www.inaturalist.org/observations/112014978",""
"203","MTE3",2022-04-07,"2022","Cylindropuntia","prolifera",NA,NA,"MTE3","","https://www.inaturalist.org/observations/112014979","Cylindropuntia.prolifera"
"204","MTE3",2022-04-07,"2022","Cleomella","arborea",NA,NA,"MTE3","","https://www.inaturalist.org/observations/112014980","Cleomella.arborea"
"205","MTE3",2022-04-07,"2022","Erodium","cicutarium",NA,NA,"MTE3","","https://www.inaturalist.org/observations/112014982","Erodium.cicutarium"
"206","MTE3",2022-04-07,"2022","Encelia","californica",NA,NA,"MTE3","","https://www.inaturalist.org/observations/112014983","Encelia.californica"
"207","MTE3",2022-04-07,"2022","Centaurea","melitensis",NA,NA,"MTE3","","https://www.inaturalist.org/observations/112014984","Centaurea.melitensis"
"208","MTE3",2022-04-07,"2022","Mirabilis","laevis",NA,NA,"MTE3","","https://www.inaturalist.org/observations/112014985","Mirabilis.laevis"
"209","ECR5",2022-04-20,"2022","Salvia","mellifera",NA,NA,"","","https://www.inaturalist.org/observations/112170176","Salvia.mellifera"
"210","ECR5",2022-04-20,"2022","Eriodictyon","crassifolium",NA,NA,"","","https://www.inaturalist.org/observations/112170830","Eriodictyon.crassifolium"
"211","ECR5",2022-04-20,"2022","Adenostoma","fasciculatum",NA,NA,"","","https://www.inaturalist.org/observations/112171246","Adenostoma.fasciculatum"
"212","ECR5",2022-04-20,"2022","Crocanthemum","scoparium",NA,NA,"","","https://www.inaturalist.org/observations/112175334","Crocanthemum.scoparium"
"213","ECR5",2022-04-20,"2022","Hypochaeris","glabra",NA,NA,"1, ECR4","","https://www.inaturalist.org/observations/112177807","Hypochaeris.glabra"
"214","ECR4",2022-04-20,"2022","Dipterostemon","capitatus",NA,NA,"","","https://www.inaturalist.org/observations/112178435","Dipterostemon.capitatus"
"215","ECR4",2022-04-20,"2022","Eriophyllum","confertiflorum",NA,NA,"","","https://www.inaturalist.org/observations/112181940","Eriophyllum.confertiflorum"
"216","ECR4",2022-04-20,"2022","Deinandra","fasciculata",NA,NA,"2, ECR4","","https://www.inaturalist.org/observations/112187462","Deinandra.fasciculata"
"217","ECR5",2022-04-20,"2022","Xylococcus","bicolor",NA,NA,"ECR5","","https://www.inaturalist.org/observations/112229015","Xylococcus.bicolor"
"218","ECR5",2022-04-20,"2022","Crocanthemum",NA,NA,NA,"2, ECR5","","https://www.inaturalist.org/observations/112229054","Crocanthemum"
"219","ECR4",2022-04-20,"2022","Stephanomeria",NA,NA,NA,"1, ECR4","","https://www.inaturalist.org/observations/112229482","Stephanomeria"
"220","ECR4",2022-04-20,"2022","Acmispon","glaber",NA,NA,"ECR4, 2","","https://www.inaturalist.org/observations/112229511","Acmispon.glaber"
"221","SWI4",2022-04-20,"2022","Eriogonum","fasciculatum",NA,NA,"4, SWI4","","https://www.inaturalist.org/observations/112229560","Eriogonum.fasciculatum"
"222","SWI4",2022-04-20,"2022","Phacelia","cicutaria",NA,NA,"3, SWI4","","https://www.inaturalist.org/observations/112229580","Phacelia.cicutaria"
"223","SWI4",2022-04-20,"2022","Centaurea","melitensis",NA,NA,"1, SWI4","","https://www.inaturalist.org/observations/112229618","Centaurea.melitensis"
"224","SWI4",2022-04-20,"2022","Hirschfeldia","incana",NA,NA,"3, SWI4","","https://www.inaturalist.org/observations/112229657","Hirschfeldia.incana"
"225","SWI4",2022-04-20,"2022","Bahiopsis","laciniata",NA,NA,"3, SWI4","","https://www.inaturalist.org/observations/112229693","Bahiopsis.laciniata"
"226","SWI4",2022-04-20,"2022","Dipterostemon",NA,NA,NA,"1, SWI4","","https://www.inaturalist.org/observations/112229743","Dipterostemon"
"227","SWI4",2022-04-20,"2022","Diplacus",NA,NA,NA,"2, SWI4","","https://www.inaturalist.org/observations/112229778","Diplacus"
"228","SWI4",2022-04-20,"2022","Sairocarpus","nuttallianus",NA,NA,"1, SWI4","","https://www.inaturalist.org/observations/112229803","Sairocarpus.nuttallianus"
"229","SWI4",2022-04-20,"2022","Mirabilis",NA,NA,NA,"1, SW14","","https://www.inaturalist.org/observations/112229854","Mirabilis"
"230","SWI4",2022-04-20,"2022","Eriogonum","fasciculatum",NA,NA,"4, SWI4","","https://www.inaturalist.org/observations/112229884","Eriogonum.fasciculatum"
"231","SWS10",2022-04-11,"2022","Calystegia","macrostegia",NA,NA,"1, SWS10","","https://www.inaturalist.org/observations/112236958","Calystegia.macrostegia"
"232","SWEA",2022-04-21,"2022","Dipterostemon","capitatus",NA,NA,"1, SWEA","","https://www.inaturalist.org/observations/112344569","Dipterostemon.capitatus"
"233","SWEA",2022-04-21,"2022","Euphorbia","polycarpa",NA,NA,"1, SWEA","","https://www.inaturalist.org/observations/112344610","Euphorbia.polycarpa"
"234",NA,2022-04-21,"2022","Ferocactus","viridescens",NA,NA,"1, SWS1A","","https://www.inaturalist.org/observations/112344630","Ferocactus.viridescens"
"235","MTE4",2022-04-07,"2022","Bahiopsis","laciniata",NA,NA,"MTE4","","https://www.inaturalist.org/observations/112354670","Bahiopsis.laciniata"
"236","MTE4",2022-04-07,"2022","Erodium","botrys",NA,NA,"MTE4","","https://www.inaturalist.org/observations/112354672","Erodium.botrys"
"237","MTE4",2022-04-07,"2022","Salvia","mellifera",NA,NA,"MTE4","","https://www.inaturalist.org/observations/112354673","Salvia.mellifera"
"238","MTE4",2022-04-07,"2022","Melilotus","indicus",NA,NA,"MTE4","","https://www.inaturalist.org/observations/112354674","Melilotus.indicus"
"239","MTE4",2022-04-07,"2022","Bahiopsis","laciniata",NA,NA,"","","https://www.inaturalist.org/observations/112354675","Bahiopsis.laciniata"
"240","MTE4",2022-04-07,"2022","Yucca","schidigera",NA,NA,"MTE4","","https://www.inaturalist.org/observations/112354676","Yucca.schidigera"
"241","MTE4",2022-04-07,"2022","Acmispon","glaber",NA,NA,"MTE4","","https://www.inaturalist.org/observations/112354677","Acmispon.glaber"
"242","MTE4",2022-04-07,"2022","Erodium","botrys",NA,NA,"MTE4","","https://www.inaturalist.org/observations/112354678","Erodium.botrys"
"243","MTE4",2022-04-07,"2022","Eriophyllum",NA,NA,NA,"MTE4","","https://www.inaturalist.org/observations/112354679","Eriophyllum"
"244","MTE4",2022-04-07,"2022","Pseudognaphalium","biolettii",NA,NA,"MTE4","","https://www.inaturalist.org/observations/112354680","Pseudognaphalium.biolettii"
"245","MTE4",2022-04-07,"2022","Eriophyllum","confertiflorum",NA,NA,"MTE4","","https://www.inaturalist.org/observations/112354682","Eriophyllum.confertiflorum"
"246","MTI2",2022-04-07,"2022","Eschscholzia","californica",NA,NA,"MTE2","","https://www.inaturalist.org/observations/112354683","Eschscholzia.californica"
"247","MTI2",2022-04-07,"2022","Eriogonum","fasciculatum",NA,NA,"MTE2","","https://www.inaturalist.org/observations/112354684","Eriogonum.fasciculatum"
"248","MTI2",2022-04-07,"2022","Cryptantha",NA,NA,NA,"MTE2","","https://www.inaturalist.org/observations/112354685","Cryptantha"
"249","MTI2",2022-04-07,"2022","Dipterostemon","capitatus",NA,NA,"MTE2","","https://www.inaturalist.org/observations/112354686","Dipterostemon.capitatus"
"250","MTI2",2022-04-07,"2022","Castilleja","exserta",NA,NA,"MTE2","","https://www.inaturalist.org/observations/112354687","Castilleja.exserta"
"251","MTI2",2022-04-07,"2022","Eschscholzia","californica",NA,NA,"MTE2","","https://www.inaturalist.org/observations/112354689","Eschscholzia.californica"
"252","ECR4",2022-04-05,"2022","Cryptantha",NA,NA,NA,"ECR4","","https://www.inaturalist.org/observations/112354968","Cryptantha"
"253","ECR4",2022-04-05,"2022","Salvia","mellifera",NA,NA,"ECR4","","https://www.inaturalist.org/observations/112355015","Salvia.mellifera"
"254","ECR4",2022-04-05,"2022","Dipterostemon","capitatus",NA,NA,"ECR4","","https://www.inaturalist.org/observations/112355055","Dipterostemon.capitatus"
"255","ECR4",2022-04-05,"2022","Eriogonum","fasciculatum",NA,NA,"ECR4","","https://www.inaturalist.org/observations/112355113","Eriogonum.fasciculatum"
"256","ECR4",2022-04-05,"2022","Lepidium",NA,NA,NA,"ECR4","","https://www.inaturalist.org/observations/112355140","Lepidium"
"257","ECR4",2022-04-05,"2022","Daucus","pusillus",NA,NA,"ECR4","","https://www.inaturalist.org/observations/112355319","Daucus.pusillus"
"258","ECR4",2022-04-05,"2022","Diplacus","puniceus",NA,NA,"ECR4","","https://www.inaturalist.org/observations/112355455","Diplacus.puniceus"
"259","ECR4",2022-04-05,"2022","Acmispon","glaber",NA,NA,"ECR4","","https://www.inaturalist.org/observations/112355566","Acmispon.glaber"
"260","ECR4",2022-04-05,"2022","Uropappus","lindleyi",NA,NA,"ECR4","","https://www.inaturalist.org/observations/112355603","Uropappus.lindleyi"
"261","ECR4",2022-04-05,"2022","Adenostoma","fasciculatum",NA,NA,"ECR4","","https://www.inaturalist.org/observations/112355675","Adenostoma.fasciculatum"
"262","SWI4",2022-04-21,"2022","Diplacus","puniceus",NA,NA,"SWI4","","https://www.inaturalist.org/observations/112355690","Diplacus.puniceus"
"263","SWI4",2022-04-21,"2022","Sairocarpus","nuttallianus",NA,NA,"2, SWI4","","https://www.inaturalist.org/observations/112355691","Sairocarpus.nuttallianus"
"264","SWI4",2022-04-21,"2022","Mirabilis","laevis",NA,NA,"SWI4","","https://www.inaturalist.org/observations/112355692","Mirabilis.laevis"
"265","SWI4",2022-04-21,"2022","Bahiopsis","laciniata",NA,NA,"2, SWI4","","https://www.inaturalist.org/observations/112355693","Bahiopsis.laciniata"
"266","SWEA",2022-04-21,"2022","Hirschfeldia","incana",NA,NA,"4, SWEA","","https://www.inaturalist.org/observations/112355694","Hirschfeldia.incana"
"267","SWEA",2022-04-21,"2022","Eriogonum","fasciculatum",NA,NA,"4, SWEA","","https://www.inaturalist.org/observations/112355700","Eriogonum.fasciculatum"
"268","SWEA",2022-04-21,"2022","Centaurea","melitensis",NA,NA,"4, SWEA","","https://www.inaturalist.org/observations/112355701","Centaurea.melitensis"
"269","SWEA",2022-04-21,"2022","Phacelia","cicutaria",NA,NA,"2, SWEA","","https://www.inaturalist.org/observations/112355702","Phacelia.cicutaria"
"270","SWEA",2022-04-21,"2022","Bahiopsis","laciniata",NA,NA,"2, SWEA","","https://www.inaturalist.org/observations/112355706","Bahiopsis.laciniata"
"271","SWEA",2022-04-21,"2022","Erodium","moschatum",NA,NA,"2, SWEA","","https://www.inaturalist.org/observations/112355707","Erodium.moschatum"
"272","SWEA",2022-04-21,"2022","Dipterostemon","capitatus",NA,NA,"SWEA","","https://www.inaturalist.org/observations/112355711","Dipterostemon.capitatus"
"273","SWEA",2022-04-21,"2022","Sonchus",NA,NA,NA,"1, SWEA","","https://www.inaturalist.org/observations/112355715","Sonchus"
"274","SWS1A",2022-04-21,"2022","Eriogonum","fasciculatum",NA,NA,"4, SWS1A","","https://www.inaturalist.org/observations/112355718","Eriogonum.fasciculatum"
"275","SWEA",2022-04-21,"2022","Lysimachia","arvensis",NA,NA,"1, SWEA","","https://www.inaturalist.org/observations/112355719","Lysimachia.arvensis"
"276","SWS1A",2022-04-21,"2022","Bahiopsis","laciniata",NA,NA,"SWS1A","","https://www.inaturalist.org/observations/112355722","Bahiopsis.laciniata"
"277","SWS1A",2022-04-21,"2022","Opuntia",NA,NA,NA,"3, SWS1A","","https://www.inaturalist.org/observations/112355723","Opuntia"
"278","SWS1A",2022-04-21,"2022","Zeltnera","venusta",NA,NA,"1, SWS1A","","https://www.inaturalist.org/observations/112355725","Zeltnera.venusta"
"279","SWS1A",2022-04-21,"2022","Lysimachia","arvensis",NA,NA,"2, SWS1A","","https://www.inaturalist.org/observations/112355729","Lysimachia.arvensis"
"280","SWS1A",2022-04-21,"2022","Deinandra","fasciculata",NA,NA,"2, SWS1A","","https://www.inaturalist.org/observations/112355730","Deinandra.fasciculata"
"281","SWS1A",2022-04-21,"2022","Centaurea","melitensis",NA,NA,"2, SWS1A","","https://www.inaturalist.org/observations/112355731","Centaurea.melitensis"
"282","SWS1A",2022-04-21,"2022","Cryptantha",NA,NA,NA,"1, SWS1A","","https://www.inaturalist.org/observations/112355736","Cryptantha"
"283","SWS1A",2022-04-21,"2022","Erodium","cicutarium",NA,NA,"1, SWS1A","","https://www.inaturalist.org/observations/112355737","Erodium.cicutarium"
"284","ECR4",2022-04-05,"2022","Eriophyllum",NA,NA,NA,"ECR4","","https://www.inaturalist.org/observations/112355852","Eriophyllum"
"285","ECR4",2022-04-05,"2022","Salvia","columbariae",NA,NA,"ECR4","","https://www.inaturalist.org/observations/112356145","Salvia.columbariae"
"286","MTI2",2022-04-23,"2022","Eriogonum","fasciculatum",NA,NA,"","","https://www.inaturalist.org/observations/112612099","Eriogonum.fasciculatum"
"287","MTI2",2022-04-23,"2022","Osmadenia","tenella",NA,NA,"","","https://www.inaturalist.org/observations/112612166","Osmadenia.tenella"
"288","MTI2",2022-04-23,"2022","Bahiopsis","laciniata",NA,NA,"","","https://www.inaturalist.org/observations/112612215","Bahiopsis.laciniata"
"289","MTI2",2022-04-23,"2022","Salvia","mellifera",NA,NA,"","","https://www.inaturalist.org/observations/112612333","Salvia.mellifera"
"290","MTI2",2022-04-23,"2022","Chorizanthe","fimbriata",NA,NA,"","","https://www.inaturalist.org/observations/112612402","Chorizanthe.fimbriata"
"291","MTE3",2022-04-23,"2022","Cleomella","arborea",NA,NA,"","","https://www.inaturalist.org/observations/112612670","Cleomella.arborea"
"292","MTE3",2022-04-23,"2022","Centaurea","melitensis",NA,NA,"","","https://www.inaturalist.org/observations/112612729","Centaurea.melitensis"
"293","SWS1A",2022-04-21,"2022","Navarretia","hamata",NA,NA,"1, SWS1A","","https://www.inaturalist.org/observations/112768363","Navarretia.hamata"
"294","MTE4",2022-04-27,"2022","Eriophyllum","confertiflorum",NA,NA,"MTE4, 3","","https://www.inaturalist.org/observations/113188947","Eriophyllum.confertiflorum"
"295",NA,2022-04-27,"2022","Salvia","apiana",NA,NA,"2, MTE4","","https://www.inaturalist.org/observations/113188951","Salvia.apiana"
"296","MTE4",2022-04-27,"2022","Deinandra","fasciculata",NA,NA,"MTE4, 3","","https://www.inaturalist.org/observations/113188965","Deinandra.fasciculata"
"297","SWS3",2022-04-28,"2022","Cleomella","arborea",NA,NA,"1, SWS3","","https://www.inaturalist.org/observations/113258797","Cleomella.arborea"
"298","SWS3",2022-04-28,"2022","Cryptantha",NA,NA,NA,"1, SWS3","","https://www.inaturalist.org/observations/113321498","Cryptantha"
"299","SWS3",2022-04-28,"2022","Camissoniopsis",NA,NA,NA,"1, SWS3","","https://www.inaturalist.org/observations/113321731","Camissoniopsis"
"300","MTS7",2022-04-28,"2022","Cylindropuntia","prolifera",NA,NA,"2, MTS7","","https://www.inaturalist.org/observations/113321882","Cylindropuntia.prolifera"
"301","MTS7",2022-04-28,"2022","Solanum","parishii",NA,NA,"1, MTS7","","https://www.inaturalist.org/observations/113321893","Solanum.parishii"
"302","MTS7",2022-04-28,"2022","Datura","wrightii",NA,NA,"1, MTS7","","https://www.inaturalist.org/observations/113321978","Datura.wrightii"
"303","MTS1A",2022-04-27,"2022","Diplacus",NA,NA,NA,"4, MTS1A","","https://www.inaturalist.org/observations/113321992","Diplacus"
"304","MTS1A",2022-04-27,"2022","Eriophyllum","confertiflorum",NA,NA,"2, MTS1A","","https://www.inaturalist.org/observations/113322061","Eriophyllum.confertiflorum"
"305","MTS1A",2022-04-27,"2022","Eriogonum","fasciculatum",NA,NA,"4, MTS1A","","https://www.inaturalist.org/observations/113322840","Eriogonum.fasciculatum"
"306","MTS1A",2022-04-27,"2022","Sairocarpus","nuttallianus",NA,NA,"2, MTS1A","","https://www.inaturalist.org/observations/113322917","Sairocarpus.nuttallianus"
"307","MTS1A",2022-04-27,"2022","Diplacus",NA,NA,NA,"4, MTS1A","","https://www.inaturalist.org/observations/113322949","Diplacus"
"308","MTS1A",2022-04-27,"2022","Centaurea","melitensis",NA,NA,"2, MTS1A","","https://www.inaturalist.org/observations/113322991","Centaurea.melitensis"
"309","MTS1A",2022-04-27,"2022","Bahiopsis","laciniata",NA,NA,"3, MTS1A","","https://www.inaturalist.org/observations/113323016","Bahiopsis.laciniata"
"310","MTS1A",2022-04-27,"2022","Hirschfeldia","incana",NA,NA,"3, mts1a","","https://www.inaturalist.org/observations/113323090","Hirschfeldia.incana"
"311","MTS1A",2022-04-27,"2022","Eriogonum","fasciculatum",NA,NA,"4, mts1a","","https://www.inaturalist.org/observations/113323452","Eriogonum.fasciculatum"
"312","MTS1A",2022-04-27,"2022","Diplacus",NA,NA,NA,"4, MTS1A","","https://www.inaturalist.org/observations/113323499","Diplacus"
"313","MTS1A",2022-04-27,"2022","Pseudognaphalium","californicum",NA,NA,"2, MTS1A","","https://www.inaturalist.org/observations/113324522","Pseudognaphalium.californicum"
"314","MTS1A",2022-04-27,"2022","Scrophularia","californica",NA,NA,"3, MTS1A","","https://www.inaturalist.org/observations/113324559","Scrophularia.californica"
"315","MTE4",2022-04-27,"2022","Bahiopsis","laciniata",NA,NA,"4, MTE4","","https://www.inaturalist.org/observations/113325098","Bahiopsis.laciniata"
"316","MTE4",2022-04-27,"2022","Eriogonum","fasciculatum",NA,NA,"4, MTE4","","https://www.inaturalist.org/observations/113327369","Eriogonum.fasciculatum"
"317","MTE4",2022-04-27,"2022","Erodium","botrys",NA,NA,"3, MTE4","","https://www.inaturalist.org/observations/113327406","Erodium.botrys"
"318","MTE4",2022-04-27,"2022","Calochortus","splendens",NA,NA,"2, mte4","","https://www.inaturalist.org/observations/113327439","Calochortus.splendens"
"319","MTE4",2022-04-27,"2022","Salvia","mellifera",NA,NA,"4, MTE4","","https://www.inaturalist.org/observations/113327466","Salvia.mellifera"
"320","MTE4",2022-04-27,"2022","Eriophyllum","confertiflorum",NA,NA,"3, mte4","","https://www.inaturalist.org/observations/113327540","Eriophyllum.confertiflorum"
"321","MTE4",2022-04-27,"2022","Erodium","botrys",NA,NA,"3, MTE4","","https://www.inaturalist.org/observations/113327581","Erodium.botrys"
"322","MTE4",2022-04-27,"2022","Diplacus",NA,NA,NA,"2, MTE4","","https://www.inaturalist.org/observations/113327641","Diplacus"
"323","MTS6",2022-04-29,"2022","Calochortus","splendens",NA,NA,"MTS6, 1","","https://www.inaturalist.org/observations/113629403","Calochortus.splendens"
"324","MTS6",2022-04-29,"2022","Malacothamnus","fasciculatus",NA,NA,"MTS6, 2","","https://www.inaturalist.org/observations/113629658","Malacothamnus.fasciculatus"
"325","SWS10",2022-04-29,"2022","Eriogonum","fasciculatum",NA,NA,"3, SWS10","","https://www.inaturalist.org/observations/113952386","Eriogonum.fasciculatum"
"326","SWS10",2022-04-29,"2022","Parkinsonia","aculeata",NA,NA,"2, SWS10","","https://www.inaturalist.org/observations/113952781","Parkinsonia.aculeata"
"327","SWS10",2022-04-29,"2022","Hirschfeldia","incana",NA,NA,"3, SWS10","","https://www.inaturalist.org/observations/113953235","Hirschfeldia.incana"
"328","MTS6",2022-04-29,"2022","Isocoma","menziesii",NA,NA,"MTS6, 2","","https://www.inaturalist.org/observations/113955235","Isocoma.menziesii"
"329","MTS6",2022-04-29,"2022","Centaurea","melitensis",NA,NA,"3, MTS6","","https://www.inaturalist.org/observations/113955461","Centaurea.melitensis"
"330","MTS6",2022-04-29,"2022","Opuntia",NA,NA,NA,"MTS6, 1","","https://www.inaturalist.org/observations/113956006","Opuntia"
"331","MTS6",2022-04-29,"2022","Eriophyllum","confertiflorum",NA,NA,"3, MTS6","","https://www.inaturalist.org/observations/113956265","Eriophyllum.confertiflorum"
"332","MTS6",2022-04-29,"2022","Salvia","mellifera",NA,NA,"3, MTS6","","https://www.inaturalist.org/observations/113956755","Salvia.mellifera"
"333",NA,2022-04-29,"2022","Adolphia","californica",NA,NA,"MTS6","","https://www.inaturalist.org/observations/113956990","Adolphia.californica"
"334","ECR5",2022-04-05,"2022","Salvia","mellifera",NA,NA,"ECR5","","https://www.inaturalist.org/observations/115023981","Salvia.mellifera"
"335","ECR5",2022-04-05,"2022","Eriogonum","fasciculatum",NA,NA,"ECR5","","https://www.inaturalist.org/observations/115024403","Eriogonum.fasciculatum"
"336","ECR5",2022-04-05,"2022","Acmispon","glaber",NA,NA,"ECR5","","https://www.inaturalist.org/observations/115024686","Acmispon.glaber"
"337","ECR5",2022-04-05,"2022","Dipterostemon","capitatus",NA,NA,"ECR5","","https://www.inaturalist.org/observations/115024811","Dipterostemon.capitatus"
"338","ECR5",2022-04-05,"2022","Castilleja","densiflora",NA,NA,"ECR5","","https://www.inaturalist.org/observations/115025500","Castilleja.densiflora"
"339","ECR5",2022-04-05,"2022","Lysimachia","arvensis",NA,NA,"ECR5","","https://www.inaturalist.org/observations/115025636","Lysimachia.arvensis"
"340","ECR5",2022-04-05,"2022","",NA,NA,NA,"ECR5","","https://www.inaturalist.org/observations/115026352",""
"341","ECR5",2022-04-05,"2022","Crocanthemum",NA,NA,NA,"ECR5","","https://www.inaturalist.org/observations/115027307","Crocanthemum"
"342","MTE3",2022-04-23,"2022","Centaurea","melitensis",NA,NA,"2, MTE4","","https://www.inaturalist.org/observations/115034646","Centaurea.melitensis"
"343","MTE3",2022-04-23,"2022","Deinandra","fasciculata",NA,NA,"MTE4","","https://www.inaturalist.org/observations/115035887","Deinandra.fasciculata"
"344","MTE3",2022-04-23,"2022","Calochortus","splendens",NA,NA,"2, MTE4","","https://www.inaturalist.org/observations/115036437","Calochortus.splendens"
"345","MTE3",2022-04-23,"2022","Salvia","mellifera",NA,NA,"4, MTE4","","https://www.inaturalist.org/observations/115037509","Salvia.mellifera"
"346","MTE3",2022-04-23,"2022","Acmispon","glaber",NA,NA,"MTE4","","https://www.inaturalist.org/observations/115038098","Acmispon.glaber"
"347","MTE3",2022-04-23,"2022","Bahiopsis","laciniata",NA,NA,"3, MTE4","","https://www.inaturalist.org/observations/115038861","Bahiopsis.laciniata"
"348","MTE3",2022-04-23,"2022","Eriogonum","fasciculatum",NA,NA,"MTE4","","https://www.inaturalist.org/observations/115040165","Eriogonum.fasciculatum"
"349","MTE3",2022-04-23,"2022","Hirschfeldia","incana",NA,NA,"MTE4","","https://www.inaturalist.org/observations/115040409","Hirschfeldia.incana"
"350","MTE3",2022-04-23,"2022","Erodium","cicutarium",NA,NA,"MTE4","","https://www.inaturalist.org/observations/115040590","Erodium.cicutarium"
"351","MTE3",2022-04-23,"2022","Deinandra","fasciculata",NA,NA,"MTE4","","https://www.inaturalist.org/observations/115041580","Deinandra.fasciculata"
"352","MTS7",2022-04-28,"2022","Glebionis","coronaria",NA,NA,"MTS7","","https://www.inaturalist.org/observations/115465677","Glebionis.coronaria"
"353","MTS7",2022-04-28,"2022","Hirschfeldia","incana",NA,NA,"MTS7","","https://www.inaturalist.org/observations/115465678","Hirschfeldia.incana"
"354","MTS7",2022-04-28,"2022","Eriogonum","fasciculatum",NA,NA,"4, MTS7","","https://www.inaturalist.org/observations/115465679","Eriogonum.fasciculatum"
"355","MTS7",2022-04-28,"2022","Pseudognaphalium","californicum",NA,NA,"1, MTS7","","https://www.inaturalist.org/observations/115465687","Pseudognaphalium.californicum"
"356","MTS7",2022-04-28,"2022","Calystegia","macrostegia",NA,NA,"MTS7","","https://www.inaturalist.org/observations/115465689","Calystegia.macrostegia"
"357","MTS7",2022-04-28,"2022","Bahiopsis","laciniata",NA,NA,"2, MTS7","","https://www.inaturalist.org/observations/115465691","Bahiopsis.laciniata"
"358","MTS7",2022-04-28,"2022","Solanum","parishii",NA,NA,"1, MTS7","","https://www.inaturalist.org/observations/115465693","Solanum.parishii"
"359","MTS7",2022-04-28,"2022","Datura","wrightii",NA,NA,"1, MTS7","","https://www.inaturalist.org/observations/115465696","Datura.wrightii"
"360","MTS7",2022-04-28,"2022","Lonicera","subspicata",NA,NA,"1, MTS7","","https://www.inaturalist.org/observations/115465697","Lonicera.subspicata"
"361","MTS7",2022-04-28,"2022","Salvia","mellifera",NA,NA,"MTS7","","https://www.inaturalist.org/observations/115465701","Salvia.mellifera"
"362","MTS7",2022-04-28,"2022","Pseudognaphalium","biolettii",NA,NA,"MTS7","","https://www.inaturalist.org/observations/115465702","Pseudognaphalium.biolettii"
"363","MTS7",2022-04-28,"2022","Eriophyllum","confertiflorum",NA,NA,"MTS7","","https://www.inaturalist.org/observations/115465703","Eriophyllum.confertiflorum"
"364","MTS7",2022-04-28,"2022","Eriodictyon","crassifolium",NA,NA,"MTS7","","https://www.inaturalist.org/observations/115465705","Eriodictyon.crassifolium"
"365","MTS7",2022-04-28,"2022","Centaurea","melitensis",NA,NA,"MTS7","","https://www.inaturalist.org/observations/115465707","Centaurea.melitensis"
"366","MTS7",2022-04-28,"2022","Diplacus","puniceus",NA,NA,"MTS7","","https://www.inaturalist.org/observations/115465708","Diplacus.puniceus"
"367","MTS7",2022-04-28,"2022","Centaurea","melitensis",NA,NA,"MTS7","","https://www.inaturalist.org/observations/115465710","Centaurea.melitensis"
"368","MTS7",2022-04-28,"2022","Deinandra","fasciculata",NA,NA,"MTS7","","https://www.inaturalist.org/observations/115465711","Deinandra.fasciculata"
"369","MTS7",2022-04-28,"2022","Malosma","laurina",NA,NA,"MTS7","","https://www.inaturalist.org/observations/115465712","Malosma.laurina"
"370","MTS7",2022-04-28,"2022","Cylindropuntia","prolifera",NA,NA,"MTS7","","https://www.inaturalist.org/observations/115465713","Cylindropuntia.prolifera"
"371","MTS7",2022-04-28,"2022","Acmispon","glaber",NA,NA,"2, MTS7","","https://www.inaturalist.org/observations/115465724","Acmispon.glaber"
"372","SWS3",2022-04-28,"2022","Deinandra","fasciculata",NA,NA,"SWS3","","https://www.inaturalist.org/observations/115466770","Deinandra.fasciculata"
"373","SWS3",2022-04-28,"2022","Osmadenia","tenella",NA,NA,"SWS3","","https://www.inaturalist.org/observations/115466772","Osmadenia.tenella"
"374","SWS3",2022-04-28,"2022","Eriogonum","fasciculatum",NA,NA,"SWS3","","https://www.inaturalist.org/observations/115466773","Eriogonum.fasciculatum"
"375","SWS3",2022-04-28,"2022","Salvia","apiana",NA,NA,"2, SWS3","","https://www.inaturalist.org/observations/115466776","Salvia.apiana"
"376","SWS3",2022-04-28,"2022","Hirschfeldia","incana",NA,NA,"4, SWS3","","https://www.inaturalist.org/observations/115466777","Hirschfeldia.incana"
"377","SWS3",2022-04-28,"2022","Pseudognaphalium","biolettii",NA,NA,"SWS3","","https://www.inaturalist.org/observations/115466778","Pseudognaphalium.biolettii"
"378","SWS3",2022-04-28,"2022","Cryptantha","intermedia",NA,NA,"1, SWS3","","https://www.inaturalist.org/observations/115466780","Cryptantha.intermedia"
"379","SWS3",2022-04-28,"2022","Erodium","cicutarium",NA,NA,"1, SWS3","","https://www.inaturalist.org/observations/115466781","Erodium.cicutarium"
"380","SWS3",2022-04-28,"2022","Camissoniopsis",NA,NA,NA,"1, SWS3","","https://www.inaturalist.org/observations/115466782","Camissoniopsis"
"381","SWS3",2022-04-28,"2022","Eriogonum","fasciculatum",NA,NA,"4, SWS3","","https://www.inaturalist.org/observations/115466783","Eriogonum.fasciculatum"
"382","SWS3",2022-04-28,"2022","Navarretia","hamata",NA,NA,"SWS3","","https://www.inaturalist.org/observations/115466784","Navarretia.hamata"
"383","SWS3",2022-04-28,"2022","Sisyrinchium","bellum",NA,NA,"1, SWS3","","https://www.inaturalist.org/observations/115466785","Sisyrinchium.bellum"
"384","SWS3",2022-04-28,"2022","Erodium","botrys",NA,NA,"SWS3","","https://www.inaturalist.org/observations/115466787","Erodium.botrys"
"385","SWS3",2022-04-28,"2022","Eriophyllum","confertiflorum",NA,NA,"2, SWS3","","https://www.inaturalist.org/observations/115466788","Eriophyllum.confertiflorum"
"386","SWS3",2022-04-28,"2022","Osmadenia","tenella",NA,NA,"SWS3","","https://www.inaturalist.org/observations/115466790","Osmadenia.tenella"
"387","SWS3",2022-04-28,"2022","Centaurea","melitensis",NA,NA,"SWS3","","https://www.inaturalist.org/observations/115466791","Centaurea.melitensis"
"388","SWS3",2022-04-28,"2022","Chaenactis","glabriuscula",NA,NA,"SWS3","","https://www.inaturalist.org/observations/115466792","Chaenactis.glabriuscula"
"389","SWS3",2022-04-28,"2022","Chorizanthe","fimbriata",NA,NA,"1, SWS3","","https://www.inaturalist.org/observations/115466797","Chorizanthe.fimbriata"
"390","SWS3",2022-04-28,"2022","Gutierrezia","californica",NA,NA,"SWS3","","https://www.inaturalist.org/observations/115466799","Gutierrezia.californica"
"391","SWS3",2022-04-28,"2022","Calochortus","splendens",NA,NA,"1, SWS3","","https://www.inaturalist.org/observations/115466803","Calochortus.splendens"
"392","SWS3",2022-04-28,"2022","Salvia","mellifera",NA,NA,"4, SWS3","","https://www.inaturalist.org/observations/115466808","Salvia.mellifera"
"393","SWS3",2022-04-28,"2022","Cleomella","arborea",NA,NA,"1, SWS3","","https://www.inaturalist.org/observations/115466809","Cleomella.arborea"
"394","SWS3",2022-04-28,"2022","Salvia","apiana",NA,NA,"2, SWS3","","https://www.inaturalist.org/observations/115466810","Salvia.apiana"
"395","SWS3",2022-04-28,"2022","Navarretia","hamata",NA,NA,"1, SWS3","","https://www.inaturalist.org/observations/115466811","Navarretia.hamata"
"396","SWS3",2022-04-28,"2022","Salvia","apiana",NA,NA,"2, SWS3","","https://www.inaturalist.org/observations/115466815","Salvia.apiana"
"397","MTE4",2022-05-09,"2022","Pseudognaphalium","californicum",NA,NA,"2, MTE4","","https://www.inaturalist.org/observations/116359550","Pseudognaphalium.californicum"
"398","MTE4",2022-05-09,"2022","Salvia","mellifera",NA,NA,"3, MTE4","","https://www.inaturalist.org/observations/116359639","Salvia.mellifera"
"399","MTE4",2022-05-09,"2022","Glebionis","coronaria",NA,NA,"2, MTE4","","https://www.inaturalist.org/observations/116359694","Glebionis.coronaria"
"400","MTI2",2022-05-09,"2022","Cryptantha",NA,NA,NA,"2, MTE2","","https://www.inaturalist.org/observations/116359736","Cryptantha"
"401","MTI2",2022-05-09,"2022","Eschscholzia","californica",NA,NA,"2, MTE2","","https://www.inaturalist.org/observations/116359757","Eschscholzia.californica"
"402","MTI2",2022-05-09,"2022","Malosma","laurina",NA,NA,"","","https://www.inaturalist.org/observations/116359809","Malosma.laurina"
"403","MTI2",2022-05-09,"2022","Euphorbia","polycarpa",NA,NA,"2, MTE2","","https://www.inaturalist.org/observations/116359920","Euphorbia.polycarpa"
"404","MTS2",2022-05-10,"2022","Chaenactis","glabriuscula",NA,NA,"MTS2, 2","","https://www.inaturalist.org/observations/116501558","Chaenactis.glabriuscula"
"405","ECR5",2022-05-10,"2022","Hooveria","parviflora",NA,NA,"1, ECR5","","https://www.inaturalist.org/observations/116503146","Hooveria.parviflora"
"406","ECR5",2022-05-10,"2022","Centaurea","melitensis",NA,NA,"1, ECR5","","https://www.inaturalist.org/observations/116503224","Centaurea.melitensis"
"407","ECR5",2022-05-10,"2022","Salvia","mellifera",NA,NA,"3, ECR5","","https://www.inaturalist.org/observations/116503405","Salvia.mellifera"
"408","ECR5",2022-05-10,"2022","Crocanthemum",NA,NA,NA,"1, ECR5","","https://www.inaturalist.org/observations/116503539","Crocanthemum"
"409","ECR5",2022-05-10,"2022","Dipterostemon","capitatus",NA,NA,"ECR5, 1","","https://www.inaturalist.org/observations/116503571","Dipterostemon.capitatus"
"410","ECR4",2022-05-10,"2022","Calochortus","splendens",NA,NA,"","","https://www.inaturalist.org/observations/116503580","Calochortus.splendens"
"411","MTS2",2022-05-10,"2022","Cryptantha",NA,NA,NA,"3, MTS2","","https://www.inaturalist.org/observations/116504018","Cryptantha"
"412","MTS2",2022-05-10,"2022","Opuntia",NA,NA,NA,"1, MTS2","","https://www.inaturalist.org/observations/116504162","Opuntia"
"413","MTS2",2022-05-10,"2022","Lonicera","subspicata",NA,NA,"2, MTS2","","https://www.inaturalist.org/observations/116504213","Lonicera.subspicata"
"414","MTS2",2022-05-10,"2022","Adenostoma","fasciculatum",NA,NA,"1, MTS2","","https://www.inaturalist.org/observations/116504276","Adenostoma.fasciculatum"
"415","MTS2",2022-05-10,"2022","Chorizanthe","procumbens",NA,NA,"2, MTS2","","https://www.inaturalist.org/observations/116504289","Chorizanthe.procumbens"
"416","MTS2",2022-05-10,"2022","Diplacus","puniceus",NA,NA,"2, MTS2","","https://www.inaturalist.org/observations/116504362","Diplacus.puniceus"
"417","MTS2",2022-05-10,"2022","Eriogonum","fasciculatum",NA,NA,"4, MTS2","","https://www.inaturalist.org/observations/116504436","Eriogonum.fasciculatum"
"418","SWI4",2022-05-12,"2022","Zeltnera","venusta",NA,NA,"1, swi4","","https://www.inaturalist.org/observations/116782259","Zeltnera.venusta"
"419","SWEA",2022-05-12,"2022","Stephanomeria","diegensis",NA,NA,"1, SWEA","","https://www.inaturalist.org/observations/116782345","Stephanomeria.diegensis"
"420","SWEA",2022-05-12,"2022","Eriogonum","fasciculatum",NA,NA,"","","https://www.inaturalist.org/observations/116782468","Eriogonum.fasciculatum"
"421","MTS7",2022-05-13,"2022","Calystegia","macrostegia",NA,NA,"1, MTS7","","https://www.inaturalist.org/observations/116916853","Calystegia.macrostegia"
"422","MTS7",2022-05-13,"2022","Lonicera","subspicata",NA,NA,"2, MTS7","","https://www.inaturalist.org/observations/116916976","Lonicera.subspicata"
"423","MTS7",2022-05-13,"2022","Scrophularia","californica",NA,NA,"2, MTS7","","https://www.inaturalist.org/observations/116917019","Scrophularia.californica"
"424","MTS7",2022-05-13,"2022","Pseudognaphalium","biolettii",NA,NA,"2, MTS7","","https://www.inaturalist.org/observations/116917162","Pseudognaphalium.biolettii"
"425","MTS7",2022-05-13,"2022","Malosma","laurina",NA,NA,"2, MTS7","","https://www.inaturalist.org/observations/116917199","Malosma.laurina"
"426","MTS7",2022-05-13,"2022","Opuntia",NA,NA,NA,"2, MTS7","","https://www.inaturalist.org/observations/116917391","Opuntia"
"427","MTS7",2022-05-13,"2022","Hirschfeldia","incana",NA,NA,"2, MTS7","","https://www.inaturalist.org/observations/116917420","Hirschfeldia.incana"
"428","SWS3",2022-05-13,"2022","Stephanomeria",NA,NA,NA,"1, SWS3","","https://www.inaturalist.org/observations/116917775","Stephanomeria"
"429","SWS3",2022-05-13,"2022","Chorizanthe","fimbriata",NA,NA,"1, SWS3","","https://www.inaturalist.org/observations/116917921","Chorizanthe.fimbriata"
"430","SWS3",2022-05-13,"2022","Deinandra","fasciculata",NA,NA,"4, SWS3","","https://www.inaturalist.org/observations/116918304","Deinandra.fasciculata"
"431","SWS3",2022-05-13,"2022","Gutierrezia",NA,NA,NA,"2, SWS3","","https://www.inaturalist.org/observations/116918341","Gutierrezia"
"432","SWS3",2022-05-13,"2022","Cleomella","arborea",NA,NA,"2, SWS3","","https://www.inaturalist.org/observations/116918429","Cleomella.arborea"
"433","MTS6",2022-05-13,"2022","Deinandra","fasciculata",NA,NA,"4, MTS6","","https://www.inaturalist.org/observations/116918590","Deinandra.fasciculata"
"434","MTS6",2022-05-13,"2022","Opuntia","leucotricha",NA,NA,"2, MTS6","","https://www.inaturalist.org/observations/116918753","Opuntia.leucotricha"
"435","MTS6",2022-05-13,"2022","Isocoma","menziesii",NA,NA,"1, MTS6","","https://www.inaturalist.org/observations/116918889","Isocoma.menziesii"
"436","MTS6",2022-05-13,"2022","Centaurea","melitensis",NA,NA,"2, MTS6","","https://www.inaturalist.org/observations/116919008","Centaurea.melitensis"
"437","MTS6",2022-05-13,"2022","Deinandra","fasciculata",NA,NA,"4, MTS6","","https://www.inaturalist.org/observations/116919019","Deinandra.fasciculata"
"438","MTI2",2022-05-09,"2022","Eriogonum","fasciculatum",NA,NA,"MTE2, 4","","https://www.inaturalist.org/observations/117006300","Eriogonum.fasciculatum"
"439","MTI2",2022-05-09,"2022","Cryptantha",NA,NA,NA,"MTE2, 1","","https://www.inaturalist.org/observations/117006301","Cryptantha"
"440","MTI2",2022-05-09,"2022","Chorizanthe","fimbriata",NA,NA,"MTE2, 2","","https://www.inaturalist.org/observations/117006309","Chorizanthe.fimbriata"
"441","MTI2",2022-05-09,"2022","Osmadenia","tenella",NA,NA,"MTE2","","https://www.inaturalist.org/observations/117006310","Osmadenia.tenella"
"442","MTE4",2022-05-09,"2022","Eriogonum","fasciculatum",NA,NA,"MTE4, 4","","https://www.inaturalist.org/observations/117007904","Eriogonum.fasciculatum"
"443","MTE4",2022-05-09,"2022","Deinandra","fasciculata",NA,NA,"MTE4, 3","","https://www.inaturalist.org/observations/117007908","Deinandra.fasciculata"
"444","MTE4",2022-05-09,"2022","Bahiopsis","laciniata",NA,NA,"MTE4, 3","","https://www.inaturalist.org/observations/117007909","Bahiopsis.laciniata"
"445","MTE4",2022-05-09,"2022","Eriophyllum","confertiflorum",NA,NA,"MTE4, 2","","https://www.inaturalist.org/observations/117007912","Eriophyllum.confertiflorum"
"446","MTE4",2022-05-09,"2022","Centaurea","melitensis",NA,NA,"MTE4","","https://www.inaturalist.org/observations/117007913","Centaurea.melitensis"
"447","MTE4",2022-05-09,"2022","Gutierrezia","californica",NA,NA,"MTE4, 1","","https://www.inaturalist.org/observations/117007919","Gutierrezia.californica"
"448","MTE4",2022-05-09,"2022","Erodium","botrys",NA,NA,"MTE4, 1","","https://www.inaturalist.org/observations/117007922","Erodium.botrys"
"449","MTE4",2022-05-09,"2022","Salvia","apiana",NA,NA,"MTE4","","https://www.inaturalist.org/observations/117007926","Salvia.apiana"
"450","MTE4",2022-05-09,"2022","Diplacus","puniceus",NA,NA,"MTE4, 1","","https://www.inaturalist.org/observations/117007931","Diplacus.puniceus"
"451","SWEA",2022-05-12,"2022","Eriogonum","fasciculatum",NA,NA,"SWEA, 4","","https://www.inaturalist.org/observations/117014890","Eriogonum.fasciculatum"
"452","SWEA",2022-05-12,"2022","Hirschfeldia","incana",NA,NA,"SWEA, 2","","https://www.inaturalist.org/observations/117014891","Hirschfeldia.incana"
"453","SWEA",2022-05-12,"2022","Lysimachia","arvensis",NA,NA,"SWEA, 1","","https://www.inaturalist.org/observations/117014892","Lysimachia.arvensis"
"454","SWEA",2022-05-12,"2022","Centaurea","melitensis",NA,NA,"SWEA, 4","","https://www.inaturalist.org/observations/117014898","Centaurea.melitensis"
"455","SWEA",2022-05-12,"2022","Bahiopsis","laciniata",NA,NA,"SWEA, 2","","https://www.inaturalist.org/observations/117014899","Bahiopsis.laciniata"
"456","SWI4",2022-05-12,"2022","Eriogonum","fasciculatum",NA,NA,"SWI4, 4","","https://www.inaturalist.org/observations/117014902","Eriogonum.fasciculatum"
"457","SWI4",2022-05-12,"2022","Centaurea","melitensis",NA,NA,"SWI4, 4","","https://www.inaturalist.org/observations/117014903","Centaurea.melitensis"
"458","SWI4",2022-05-12,"2022","Malosma","laurina",NA,NA,"SWI4, 3","","https://www.inaturalist.org/observations/117014904","Malosma.laurina"
"459","SWI4",2022-05-12,"2022","Hirschfeldia","incana",NA,NA,"SWI4, 2","","https://www.inaturalist.org/observations/117014906","Hirschfeldia.incana"
"460","SWI4",2022-05-12,"2022","Bahiopsis","laciniata",NA,NA,"SWI4","","https://www.inaturalist.org/observations/117014908","Bahiopsis.laciniata"
"461","SWI4",2022-05-12,"2022","Zeltnera","venusta",NA,NA,"SWI4, 1","","https://www.inaturalist.org/observations/117014909","Zeltnera.venusta"
"462","SWI4",2022-05-12,"2022","Deinandra","fasciculata",NA,NA,"SWI4, 3","","https://www.inaturalist.org/observations/117014910","Deinandra.fasciculata"
"463","SWI4",2022-05-12,"2022","Diplacus","puniceus",NA,NA,"SWI4, 1","","https://www.inaturalist.org/observations/117014911","Diplacus.puniceus"
"464","SWI4",2022-05-12,"2022","Sairocarpus","nuttallianus",NA,NA,"SWI4, 1","","https://www.inaturalist.org/observations/117014912","Sairocarpus.nuttallianus"
"465","MTS1A",2022-05-14,"2022","Bahiopsis","laciniata",NA,NA,"1, MTS1A","","https://www.inaturalist.org/observations/117074279","Bahiopsis.laciniata"
"466","MTS1A",2022-05-14,"2022","Glebionis","coronaria",NA,NA,"2, MTS1A","","https://www.inaturalist.org/observations/117074499","Glebionis.coronaria"
"467","MTS1A",2022-05-14,"2022","Eriophyllum","confertiflorum",NA,NA,"2, MTS1A","","https://www.inaturalist.org/observations/117074619","Eriophyllum.confertiflorum"
"468","MTS1A",2022-05-14,"2022","Zeltnera","venusta",NA,NA,"2, MTS1A","","https://www.inaturalist.org/observations/117074697","Zeltnera.venusta"
"469","MTS1A",2022-05-14,"2022","Eriogonum","fasciculatum",NA,NA,"4, MTS1A","","https://www.inaturalist.org/observations/117074716","Eriogonum.fasciculatum"
"470","MTS1A",2022-05-14,"2022","Malosma","laurina",NA,NA,"2, MTS1A","","https://www.inaturalist.org/observations/117074898","Malosma.laurina"
"471","MTS1A",2022-05-14,"2022","Diplacus","puniceus",NA,NA,"4, MTS1A","","https://www.inaturalist.org/observations/117074966","Diplacus.puniceus"
"472","MTS1A",2022-05-14,"2022","Hirschfeldia","incana",NA,NA,"4, MTS1A","","https://www.inaturalist.org/observations/117075056","Hirschfeldia.incana"
"473","MTS1A",2022-05-14,"2022","Scrophularia","californica",NA,NA,"4, MTS1A","","https://www.inaturalist.org/observations/117075109","Scrophularia.californica"
"474","MTS1A",2022-05-14,"2022","Centaurea","melitensis",NA,NA,"3, MTS1A","","https://www.inaturalist.org/observations/117075168","Centaurea.melitensis"
"475","MTS1A",2022-05-14,"2022","Eriogonum","fasciculatum",NA,NA,"4, MTS1A","","https://www.inaturalist.org/observations/117075254","Eriogonum.fasciculatum"
"476","MTE3",2022-05-14,"2022","Bahiopsis","laciniata",NA,NA,"1, MTE3","","https://www.inaturalist.org/observations/117077746","Bahiopsis.laciniata"
"477","MTE3",2022-05-14,"2022","Cleomella","arborea",NA,NA,"2, MTE3","","https://www.inaturalist.org/observations/117078018","Cleomella.arborea"
"478","MTE3",2022-05-14,"2022","Stephanomeria",NA,NA,NA,"1, MTE3","","https://www.inaturalist.org/observations/117078067","Stephanomeria"
"479","MTE3",2022-05-14,"2022","Cylindropuntia","prolifera",NA,NA,"1, MTE3","","https://www.inaturalist.org/observations/117078102","Cylindropuntia.prolifera"
"480","MTE3",2022-05-14,"2022","Eriogonum","fasciculatum",NA,NA,"4, SWS1A","","https://www.inaturalist.org/observations/117078221","Eriogonum.fasciculatum"
"481","MTE3",2022-05-14,"2022","Centaurea","melitensis",NA,NA,"2, SWS1A","","https://www.inaturalist.org/observations/117078319","Centaurea.melitensis"
"482","MTE3",2022-05-14,"2022","Deinandra","fasciculata",NA,NA,"3, SWS1A","","https://www.inaturalist.org/observations/117078382","Deinandra.fasciculata"
"483","SWS1A",2022-05-14,"2022","Calystegia",NA,NA,NA,"2, SWS1A","","https://www.inaturalist.org/observations/117078420","Calystegia"
"484","SWS1A",2022-05-14,"2022","Opuntia",NA,NA,NA,"1, SWS1A","","https://www.inaturalist.org/observations/117078517","Opuntia"
"485","SWS1A",2022-05-14,"2022","Zeltnera","venusta",NA,NA,"2, SWS1A","","https://www.inaturalist.org/observations/117078615","Zeltnera.venusta"
"486","SWS1A",2022-05-14,"2022","Navarretia","hamata",NA,NA,"2, SWS1A","","https://www.inaturalist.org/observations/117078993","Navarretia.hamata"
"487","SWS1A",2022-05-14,"2022","Lysimachia","arvensis",NA,NA,"2, SWS1A","","https://www.inaturalist.org/observations/117079090","Lysimachia.arvensis"
"488","SWS10",2022-05-14,"2022","Hirschfeldia","incana",NA,NA,"2, SWS10","","https://www.inaturalist.org/observations/117079377","Hirschfeldia.incana"
"489","SWS10",2022-05-14,"2022","Centaurea","melitensis",NA,NA,"3, SWS10","","https://www.inaturalist.org/observations/117081443","Centaurea.melitensis"
"490","SWS10",2022-05-14,"2022","Limonium","sinuatum",NA,NA,"4, SWS10","","https://www.inaturalist.org/observations/117081666","Limonium.sinuatum"
"491","SWS10",2022-05-14,"2022","Eriogonum","fasciculatum",NA,NA,"4, SWS10","","https://www.inaturalist.org/observations/117081775","Eriogonum.fasciculatum"
"492","SWS10",2022-05-14,"2022","Parkinsonia","aculeata",NA,NA,"4, SWS10","","https://www.inaturalist.org/observations/117081893","Parkinsonia.aculeata"
"493","MTS2",2022-05-10,"2022","Deinandra","fasciculata",NA,NA,"3, MTS2","","https://www.inaturalist.org/observations/117696639","Deinandra.fasciculata"
"494","MTS2",2022-05-10,"2022","Hirschfeldia","incana",NA,NA,"MTS2, 4","","https://www.inaturalist.org/observations/117696700","Hirschfeldia.incana"
"495","MTS2",2022-05-10,"2022","Cryptantha","intermedia",NA,NA,"MTS2, 2","","https://www.inaturalist.org/observations/117696840","Cryptantha.intermedia"
"496","MTS2",2022-05-10,"2022","Raphanus","raphanistrum",NA,NA,"MTS2, 2","","https://www.inaturalist.org/observations/117696853","Raphanus.raphanistrum"
"497","MTS2",2022-05-10,"2022","Cirsium","vulgare",NA,NA,"1, MTS2","","https://www.inaturalist.org/observations/117696868","Cirsium.vulgare"
"498","MTS2",2022-05-10,"2022","Erodium","botrys",NA,NA,"MTS2, 2","","https://www.inaturalist.org/observations/117697040","Erodium.botrys"
"499","MTS2",2022-05-10,"2022","Pseudognaphalium","californicum",NA,NA,"MTS2, 2","","https://www.inaturalist.org/observations/117697202","Pseudognaphalium.californicum"
"500","ECR4",2022-05-10,"2022","Eriophyllum","confertiflorum",NA,NA,"ECR4, 2","","https://www.inaturalist.org/observations/117698508","Eriophyllum.confertiflorum"
"501","ECR4",2022-05-10,"2022","Salvia","mellifera",NA,NA,"ECR4, 3","","https://www.inaturalist.org/observations/117698605","Salvia.mellifera"
"502","ECR4",2022-05-10,"2022","Chorizanthe","fimbriata",NA,NA,"2, ECR4","","https://www.inaturalist.org/observations/117698714","Chorizanthe.fimbriata"
"503","ECR4",2022-05-10,"2022","Eriogonum","fasciculatum",NA,NA,"3, ECR4","","https://www.inaturalist.org/observations/117698740","Eriogonum.fasciculatum"
"504","ECR4",2022-05-10,"2022","Diplacus","puniceus",NA,NA,"2, ECR4","","https://www.inaturalist.org/observations/117698806","Diplacus.puniceus"
"505","ECR4",2022-05-10,"2022","Stephanomeria",NA,NA,NA,"1, ECR4","","https://www.inaturalist.org/observations/117700149","Stephanomeria"
"506","ECR4",2022-05-10,"2022","Cistus","ladanifer",NA,NA,"ECR4, 2","","https://www.inaturalist.org/observations/117700630","Cistus.ladanifer"
"507","ECR4",2022-05-10,"2022","Calochortus","splendens",NA,NA,"ECR4, 1","","https://www.inaturalist.org/observations/117700655","Calochortus.splendens"
"508","ECR4",2022-05-10,"2022","Dipterostemon","capitatus",NA,NA,"1, ECR4","","https://www.inaturalist.org/observations/117700765","Dipterostemon.capitatus"
"509","MTE4",2022-05-24,"2022","Gutierrezia",NA,NA,NA,"1, MTE4","","https://www.inaturalist.org/observations/118599467","Gutierrezia"
"510","MTE4",2022-05-24,"2022","Eriophyllum","confertiflorum",NA,NA,"1, MTE4","","https://www.inaturalist.org/observations/118599521","Eriophyllum.confertiflorum"
"511","MTE4",2022-05-24,"2022","Diplacus",NA,NA,NA,"1, MTE4","","https://www.inaturalist.org/observations/118599557","Diplacus"
"512","MTE4",2022-05-24,"2022","Salvia","mellifera",NA,NA,"1, MTE4","","https://www.inaturalist.org/observations/118599603","Salvia.mellifera"
"513","MTE4",2022-05-24,"2022","Bahiopsis","laciniata",NA,NA,"2, MTE4","","https://www.inaturalist.org/observations/118599697","Bahiopsis.laciniata"
"514","MTE4",2022-05-24,"2022","Glebionis","coronaria",NA,NA,"1, MTE4","","https://www.inaturalist.org/observations/118599720","Glebionis.coronaria"
"515","MTE4",2022-05-24,"2022","Deinandra","fasciculata",NA,NA,"4, MTE4","","https://www.inaturalist.org/observations/118599776","Deinandra.fasciculata"
"516","MTE3",2022-05-24,"2022","Eriogonum","fasciculatum",NA,NA,"4, MTE3","","https://www.inaturalist.org/observations/118599798","Eriogonum.fasciculatum"
"517","MTE3",2022-05-24,"2022","Deinandra","fasciculata",NA,NA,"1, MTE3","","https://www.inaturalist.org/observations/118599891","Deinandra.fasciculata"
"518","MTE3",2022-05-24,"2022","Cleomella","arborea",NA,NA,"2, MTE3","","https://www.inaturalist.org/observations/118600018","Cleomella.arborea"
"519","MTE3",2022-05-24,"2022","Eriogonum","fasciculatum",NA,NA,"4, MTE3","","https://www.inaturalist.org/observations/118600046","Eriogonum.fasciculatum"
"520","MTE3",2022-05-24,"2022","Centaurea","melitensis",NA,NA,"1, MTE3","","https://www.inaturalist.org/observations/118600074","Centaurea.melitensis"
"521","MTE3",2022-05-24,"2022","Deinandra","fasciculata",NA,NA,"4, MTE3","","https://www.inaturalist.org/observations/118600175","Deinandra.fasciculata"
"522",NA,2022-05-24,"2022","Calochortus","weedii",NA,NA,"2, MTE2","","https://www.inaturalist.org/observations/118600328","Calochortus.weedii"
"523","MTI2",2022-05-24,"2022","Eriogonum","fasciculatum",NA,NA,"4, MTE2","","https://www.inaturalist.org/observations/118600382","Eriogonum.fasciculatum"
"524","MTI2",2022-05-24,"2022","Malosma","laurina",NA,NA,"4, MTE2","","https://www.inaturalist.org/observations/118600405","Malosma.laurina"
"525","ECR5",2022-05-26,"2022","Zeltnera","venusta",NA,NA,"1, ECR5","","https://www.inaturalist.org/observations/118867616","Zeltnera.venusta"
"526","MTS2",2022-05-26,"2022","Lonicera","subspicata",NA,NA,"1, MTS2","","https://www.inaturalist.org/observations/118868107","Lonicera.subspicata"
"527","MTS2",2022-05-26,"2022","Calystegia",NA,NA,NA,"1, MTS2","","https://www.inaturalist.org/observations/118868196","Calystegia"
"528","MTS2",2022-05-26,"2022","Opuntia",NA,NA,NA,"1, MTS2","","https://www.inaturalist.org/observations/118868501","Opuntia"
"529","MTS2",2022-05-26,"2022","Eriogonum","fasciculatum",NA,NA,"4, MTS2","","https://www.inaturalist.org/observations/118868569","Eriogonum.fasciculatum"
"530","MTS2",2022-05-26,"2022","Malosma","laurina",NA,NA,"2, MTS2","","https://www.inaturalist.org/observations/118868642","Malosma.laurina"
"531","MTS2",2022-05-26,"2022","Hirschfeldia","incana",NA,NA,"4, MTS2","","https://www.inaturalist.org/observations/118868722","Hirschfeldia.incana"
"532","ECR4",2022-05-26,"2022","Deinandra","fasciculata",NA,NA,"4, ECR4","","https://www.inaturalist.org/observations/118868816","Deinandra.fasciculata"
"533","ECR4",2022-05-26,"2022","Eriogonum","fasciculatum",NA,NA,"4, ECR4","","https://www.inaturalist.org/observations/118868834","Eriogonum.fasciculatum"
"534","ECR4",2022-05-26,"2022","Cistus","ladanifer",NA,NA,"1, ECR4","","https://www.inaturalist.org/observations/118868873","Cistus.ladanifer"
"535","ECR4",2022-05-26,"2022","Adenostoma","fasciculatum",NA,NA,"1, ECR4","","https://www.inaturalist.org/observations/118868951","Adenostoma.fasciculatum"
"536","ECR4",2022-05-26,"2022","Deinandra","fasciculata",NA,NA,"4, ECR4","","https://www.inaturalist.org/observations/118868983","Deinandra.fasciculata"
"537","ECR5",2022-05-26,"2022","Deinandra","fasciculata",NA,NA,"4, ECR5","","https://www.inaturalist.org/observations/118869439","Deinandra.fasciculata"
"538","ECR5",2022-05-26,"2022","Malosma","laurina",NA,NA,"3, ECR5","","https://www.inaturalist.org/observations/118869514","Malosma.laurina"
"539","ECR5",2022-05-26,"2022","Hooveria","parviflora",NA,NA,"2, ECR5","","https://www.inaturalist.org/observations/118869550","Hooveria.parviflora"
"540","SWI4",2022-05-28,"2022","Malosma","laurina",NA,NA,"","","https://www.inaturalist.org/observations/119169064","Malosma.laurina"
"541","SWI4",2022-05-28,"2022","Stephanomeria",NA,NA,NA,"","","https://www.inaturalist.org/observations/119169677","Stephanomeria"
"542","SWI4",2022-05-28,"2022","Eriogonum","fasciculatum",NA,NA,"","","https://www.inaturalist.org/observations/119169824","Eriogonum.fasciculatum"
"543","SWI4",2022-05-28,"2022","Centaurea","melitensis",NA,NA,"","","https://www.inaturalist.org/observations/119169933","Centaurea.melitensis"
"544","SWI4",2022-05-28,"2022","Acourtia","microcephala",NA,NA,"","","https://www.inaturalist.org/observations/119170038","Acourtia.microcephala"
"545","SWI4",2022-05-28,"2022","Scrophularia","californica",NA,NA,"","","https://www.inaturalist.org/observations/119170131","Scrophularia.californica"
"546","SWI4",2022-05-28,"2022","Diplacus",NA,NA,NA,"","","https://www.inaturalist.org/observations/119170217","Diplacus"
"547","SWI4",2022-05-28,"2022","Hirschfeldia","incana",NA,NA,"","","https://www.inaturalist.org/observations/119170276","Hirschfeldia.incana"
"548","SWI4",2022-05-28,"2022","Bahiopsis","laciniata",NA,NA,"","","https://www.inaturalist.org/observations/119170441","Bahiopsis.laciniata"
"549","SWEA",2022-05-28,"2022","Stephanomeria",NA,NA,NA,"","","https://www.inaturalist.org/observations/119170752","Stephanomeria"
"550","SWEA",2022-05-28,"2022","Eriogonum","fasciculatum",NA,NA,"","","https://www.inaturalist.org/observations/119170869","Eriogonum.fasciculatum"
"551","SWEA",2022-05-28,"2022","Malosma","laurina",NA,NA,"3, SWEA","","https://www.inaturalist.org/observations/119170934","Malosma.laurina"
"552","SWEA",2022-05-28,"2022","Bahiopsis","laciniata",NA,NA,"1, SWEA","","https://www.inaturalist.org/observations/119170987","Bahiopsis.laciniata"
"553","SWS1A",2022-05-28,"2022","Deinandra","fasciculata",NA,NA,"3, SWS1A","","https://www.inaturalist.org/observations/119171243","Deinandra.fasciculata"
"554","SWS1A",2022-05-28,"2022","Eriogonum","fasciculatum",NA,NA,"4, SWS1A","","https://www.inaturalist.org/observations/119171278","Eriogonum.fasciculatum"
"555","SWS1A",2022-05-28,"2022","Zeltnera","venusta",NA,NA,"2, SWS1A","","https://www.inaturalist.org/observations/119171377","Zeltnera.venusta"
"556","SWS1A",2022-05-28,"2022","Hirschfeldia","incana",NA,NA,"1, SWS1A","","https://www.inaturalist.org/observations/119171406","Hirschfeldia.incana"
"557","SWS1A",2022-05-28,"2022","Eriogonum","fasciculatum",NA,NA,"4, SWS1A","","https://www.inaturalist.org/observations/119171482","Eriogonum.fasciculatum"
"558","SWS1A",2022-05-28,"2022","Calystegia",NA,NA,NA,"2, SWS1A","","https://www.inaturalist.org/observations/119171568","Calystegia"
"559",NA,2022-05-28,"2022","Ferocactus","viridescens",NA,NA,"2, SWS1A","","https://www.inaturalist.org/observations/119171613","Ferocactus.viridescens"
"560",NA,2022-05-28,"2022","Ferocactus","viridescens",NA,NA,"2, SWS1A","","https://www.inaturalist.org/observations/119171668","Ferocactus.viridescens"
"561","SWS1A",2022-05-28,"2022","Malosma","laurina",NA,NA,"3, SWS1A","","https://www.inaturalist.org/observations/119171699","Malosma.laurina"
"562","SWS1A",2022-05-28,"2022","Opuntia",NA,NA,NA,"1, SWS1A","","https://www.inaturalist.org/observations/119171762","Opuntia"
"563","SWS1A",2022-05-28,"2022","Centaurea","melitensis",NA,NA,"1, SWS1A","","https://www.inaturalist.org/observations/119171864","Centaurea.melitensis"
"564","SWS1A",2022-05-28,"2022","Lysimachia","arvensis",NA,NA,"1, SWS1A","","https://www.inaturalist.org/observations/119171890","Lysimachia.arvensis"
"565","MTS7",2022-05-29,"2022","Malosma","laurina",NA,NA,"4, MTS7","","https://www.inaturalist.org/observations/119358957","Malosma.laurina"
"566","MTS7",2022-05-29,"2022","Bahiopsis","laciniata",NA,NA,"2, MTS7","","https://www.inaturalist.org/observations/119359112","Bahiopsis.laciniata"
"567","MTS7",2022-05-29,"2022","Opuntia",NA,NA,NA,"3, MTS7","","https://www.inaturalist.org/observations/119359256","Opuntia"
"568","MTS7",2022-05-29,"2022","Eriogonum","fasciculatum",NA,NA,"4, MTS7","","https://www.inaturalist.org/observations/119359417","Eriogonum.fasciculatum"
"569","MTS7",2022-05-29,"2022","Lonicera","subspicata",NA,NA,"1, MTS7","","https://www.inaturalist.org/observations/119359587","Lonicera.subspicata"
"570","MTS7",2022-05-29,"2022","Deinandra","fasciculata",NA,NA,"4, MTS7","","https://www.inaturalist.org/observations/119359617","Deinandra.fasciculata"
"571","MTS7",2022-05-29,"2022","Eriodictyon","crassifolium",NA,NA,"1, MTS7","","https://www.inaturalist.org/observations/119359689","Eriodictyon.crassifolium"
"572","MTS7",2022-05-29,"2022","Hirschfeldia","incana",NA,NA,"1, MTS7","","https://www.inaturalist.org/observations/119360015","Hirschfeldia.incana"
"573","MTS7",2022-05-29,"2022","Cylindropuntia","prolifera",NA,NA,"1, mts7","","https://www.inaturalist.org/observations/119360099","Cylindropuntia.prolifera"
"574","SWS3",2022-05-29,"2022","Gutierrezia","californica",NA,NA,"4, sws3","","https://www.inaturalist.org/observations/119360145","Gutierrezia.californica"
"575","SWS3",2022-05-29,"2022","Malosma","laurina",NA,NA,"4, SWS3","","https://www.inaturalist.org/observations/119360221","Malosma.laurina"
"576","SWS3",2022-05-29,"2022","Eriogonum","fasciculatum",NA,NA,"4, SWS3","","https://www.inaturalist.org/observations/119360266","Eriogonum.fasciculatum"
"577","SWS3",2022-05-29,"2022","Cleomella","arborea",NA,NA,"2, SWS3","","https://www.inaturalist.org/observations/119360283","Cleomella.arborea"
"578","SWS3",2022-05-29,"2022","Deinandra","fasciculata",NA,NA,"1, SWS3","","https://www.inaturalist.org/observations/119360516","Deinandra.fasciculata"
"579","SWS3",2022-05-29,"2022","Hirschfeldia","incana",NA,NA,"1, SWS3","","https://www.inaturalist.org/observations/119360566","Hirschfeldia.incana"
"580","SWS3",2022-05-29,"2022","Stephanomeria","diegensis",NA,NA,"1, sws3","","https://www.inaturalist.org/observations/119360630","Stephanomeria.diegensis"
"581","SWS3",2022-05-29,"2022","Malosma","laurina",NA,NA,"4, sws3","","https://www.inaturalist.org/observations/119360731","Malosma.laurina"
"582","SWS3",2022-05-29,"2022","Osmadenia","tenella",NA,NA,"1, SWS3","","https://www.inaturalist.org/observations/119361091","Osmadenia.tenella"
"583","MTS6",2022-05-29,"2022","Eriogonum","fasciculatum",NA,NA,"4, MTS6","","https://www.inaturalist.org/observations/119361133","Eriogonum.fasciculatum"
"584",NA,2022-05-29,"2022","Dudleya","pulverulenta",NA,NA,"1, MTS6","","https://www.inaturalist.org/observations/119361164","Dudleya.pulverulenta"
"585","MTS6",2022-05-29,"2022","Deinandra","fasciculata",NA,NA,"4, MTS6","","https://www.inaturalist.org/observations/119361260","Deinandra.fasciculata"
"586","MTS6",2022-05-29,"2022","Cleomella","arborea",NA,NA,"2, SWS3","","https://www.inaturalist.org/observations/119361310","Cleomella.arborea"
"587","MTS6",2022-05-29,"2022","Malosma","laurina",NA,NA,"4, SWS3","","https://www.inaturalist.org/observations/119361337","Malosma.laurina"
"588","MTS6",2022-05-29,"2022","Stephanomeria","diegensis",NA,NA,"1, MTS6","","https://www.inaturalist.org/observations/119361366","Stephanomeria.diegensis"
"589","MTS6",2022-05-29,"2022","Isocoma","menziesii",NA,NA,"2, MTS6","","https://www.inaturalist.org/observations/119361481","Isocoma.menziesii"
"590","SWS3",2022-05-29,"2022","Isocoma","menziesii",NA,NA,"2, SWS3","","https://www.inaturalist.org/observations/119361596","Isocoma.menziesii"
"591","ECR5",2022-05-10,"2022","Eriogonum","fasciculatum",NA,NA,"3, ECR5","","https://www.inaturalist.org/observations/119502471","Eriogonum.fasciculatum"
"592","ECR5",2022-05-10,"2022","Deinandra","fasciculata",NA,NA,"2, ECR5","","https://www.inaturalist.org/observations/119502781","Deinandra.fasciculata"
"593","ECR5",2022-05-10,"2022","Salvia","mellifera",NA,NA,"4, ECR5","","https://www.inaturalist.org/observations/119503354","Salvia.mellifera"
"594","ECR5",2022-05-10,"2022","Adenostoma","fasciculatum",NA,NA,"3, ECR5","","https://www.inaturalist.org/observations/119503492","Adenostoma.fasciculatum"
"595","ECR5",2022-05-10,"2022","Chorizanthe","fimbriata",NA,NA,"2, ECR5","","https://www.inaturalist.org/observations/119503886","Chorizanthe.fimbriata"
"596","ECR5",2022-05-10,"2022","Acmispon","glaber",NA,NA,"2, ECR5","","https://www.inaturalist.org/observations/119505975","Acmispon.glaber"
"597","ECR5",2022-05-10,"2022","Centaurea","melitensis",NA,NA,"1, ECR5","","https://www.inaturalist.org/observations/119507839","Centaurea.melitensis"
"598","SWS10",2022-05-30,"2022","Malosma","laurina",NA,NA,"3, sws10","","https://www.inaturalist.org/observations/119533764","Malosma.laurina"
"599","SWS10",2022-05-30,"2022","Eriogonum","fasciculatum",NA,NA,"4, SWS10","","https://www.inaturalist.org/observations/119533863","Eriogonum.fasciculatum"
"600","SWS10",2022-05-30,"2022","Parkinsonia","aculeata",NA,NA,"4, SWS10","","https://www.inaturalist.org/observations/119533932","Parkinsonia.aculeata"
"601","MTS1A",2022-05-30,"2022","Hirschfeldia","incana",NA,NA,"1, MTS1A","","https://www.inaturalist.org/observations/119534661","Hirschfeldia.incana"
"602","MTS1A",2022-05-30,"2022","Diplacus",NA,NA,NA,"1, MTS1A","","https://www.inaturalist.org/observations/119534700","Diplacus"
"603","MTS1A",2022-05-30,"2022","Stephanomeria","diegensis",NA,NA,"1, MTS1A","","https://www.inaturalist.org/observations/119534721","Stephanomeria.diegensis"
"604","MTS1A",2022-05-30,"2022","Deinandra","fasciculata",NA,NA,"3, MTS1A","","https://www.inaturalist.org/observations/119534872","Deinandra.fasciculata"
"605","MTS1A",2022-05-30,"2022","Malosma","laurina",NA,NA,"1, MTS1A","","https://www.inaturalist.org/observations/119534902","Malosma.laurina"
"606","MTS1A",2022-05-30,"2022","Centaurea","melitensis",NA,NA,"2, MTS1A","","https://www.inaturalist.org/observations/119534956","Centaurea.melitensis"
"607","MTS1A",2022-05-30,"2022","Eriogonum","fasciculatum",NA,NA,"4, MTS1A","","https://www.inaturalist.org/observations/119535117","Eriogonum.fasciculatum"
"608","SWS10",2022-05-30,"2022","Morus",NA,NA,NA,"","","https://www.inaturalist.org/observations/119535244","Morus"
"609","MTS1A",2022-05-30,"2022","Scrophularia","californica",NA,NA,"2, MTS1A","","https://www.inaturalist.org/observations/119535301","Scrophularia.californica"
"610","ECR5",2022-05-10,"2022","Dipterostemon","capitatus",NA,NA,"","","https://www.inaturalist.org/observations/119768707","Dipterostemon.capitatus"
"611",NA,2022-06-10,"2022","Calochortus","weedii",NA,NA,"","","https://www.inaturalist.org/observations/121143419","Calochortus.weedii"
"612","ECR4",2022-06-10,"2022","Adenostoma","fasciculatum",NA,NA,"","","https://www.inaturalist.org/observations/121145169","Adenostoma.fasciculatum"
"613","ECR5",2022-06-10,"2022","Hooveria","parviflora",NA,NA,"300mm f/4 PF ED VR, D500, Elliott Chaparral Reserve, TC-14E III","","https://www.inaturalist.org/observations/121179630","Hooveria.parviflora"
"614","MTS2",2022-06-10,"2022","Opuntia",NA,NA,NA,"2, MTS2","","https://www.inaturalist.org/observations/121184733","Opuntia"
"615","MTS2",2022-06-10,"2022","Deinandra","fasciculata",NA,NA,"2, MTS2","","https://www.inaturalist.org/observations/121184779","Deinandra.fasciculata"
"616","MTS2",2022-06-10,"2022","Salvia",NA,NA,NA,"2, MTS2","","https://www.inaturalist.org/observations/121184799","Salvia"
"617","MTS2",2022-06-10,"2022","Anthemis","cotula",NA,NA,"3, MTS2","","https://www.inaturalist.org/observations/121184818","Anthemis.cotula"
"618","MTS2",2022-06-10,"2022","Cirsium","vulgare",NA,NA,"2, MTS2","","https://www.inaturalist.org/observations/121184887","Cirsium.vulgare"
"619","MTS2",2022-06-10,"2022","Hirschfeldia","incana",NA,NA,"1, MTS2","","https://www.inaturalist.org/observations/121184945","Hirschfeldia.incana"
"620","MTS2",2022-06-10,"2022","Isocoma","menziesii",NA,NA,"2, MTS2","","https://www.inaturalist.org/observations/121184978","Isocoma.menziesii"
"621","MTS2",2022-06-10,"2022","Malosma","laurina",NA,NA,"3, MTS2","","https://www.inaturalist.org/observations/121185003","Malosma.laurina"
"622","MTS2",2022-06-10,"2022","Stephanomeria","diegensis",NA,NA,"1, MTS2","","https://www.inaturalist.org/observations/121185108","Stephanomeria.diegensis"
"623","MTS2",2022-06-10,"2022","Eriogonum","fasciculatum",NA,NA,"4, MTS2","","https://www.inaturalist.org/observations/121185136","Eriogonum.fasciculatum"
"624","MTS2",2022-06-10,"2022","Isocoma","menziesii",NA,NA,"2, MTS2","","https://www.inaturalist.org/observations/121185143","Isocoma.menziesii"
"625",NA,2022-06-10,"2022","Calochortus","weedii",NA,NA,"1, ECR4","","https://www.inaturalist.org/observations/121185186","Calochortus.weedii"
"626","ECR4",2022-06-10,"2022","Stephanomeria","diegensis",NA,NA,"1, ECR4","","https://www.inaturalist.org/observations/121185206","Stephanomeria.diegensis"
"627","ECR4",2022-06-10,"2022","Deinandra","fasciculata",NA,NA,"3, ECR4","","https://www.inaturalist.org/observations/121185294","Deinandra.fasciculata"
"628","ECR5",2022-06-10,"2022","Stephanomeria",NA,NA,NA,"1, ECR5","","https://www.inaturalist.org/observations/121185326","Stephanomeria"
"629","ECR5",2022-06-10,"2022","Hooveria","parviflora",NA,NA,"1, ECR5","","https://www.inaturalist.org/observations/121185365","Hooveria.parviflora"
"630","ECR5",2022-06-10,"2022","Chorizanthe","fimbriata",NA,NA,"2, ECR5","","https://www.inaturalist.org/observations/121185392","Chorizanthe.fimbriata"
"631","ECR5",2022-06-10,"2022","Crocanthemum",NA,NA,NA,"1, ECR5","","https://www.inaturalist.org/observations/121185404","Crocanthemum"
"632","ECR5",2022-06-10,"2022","Malosma","laurina",NA,NA,"4, ECR5","","https://www.inaturalist.org/observations/121185433","Malosma.laurina"
"633","ECR5",2022-06-10,"2022","Eriogonum","fasciculatum",NA,NA,"4, ECR5","","https://www.inaturalist.org/observations/121185475","Eriogonum.fasciculatum"
"634","ECR5",2022-06-10,"2022","Stephanomeria","diegensis",NA,NA,"300mm f/4 PF ED VR, D500, Elliott Chaparral Reserve, TC-14E III","","https://www.inaturalist.org/observations/121186565","Stephanomeria.diegensis"
"635","ECR5",2022-06-10,"2022","Hooveria","parviflora",NA,NA,"300mm f/4 PF ED VR, D500, Elliott Chaparral Reserve, TC-14E III","","https://www.inaturalist.org/observations/121186821","Hooveria.parviflora"
"636","MTI2",2022-06-12,"2022","Gutierrezia","californica",NA,NA,"3, MTE3","","https://www.inaturalist.org/observations/121547357","Gutierrezia.californica"
"637","MTI2",2022-06-12,"2022","Cuscuta","subinclusa",NA,NA,"1, MTE3","","https://www.inaturalist.org/observations/121547390","Cuscuta.subinclusa"
"638","MTI2",2022-06-12,"2022","Heteromeles","arbutifolia",NA,NA,"2, MTE3","","https://www.inaturalist.org/observations/121547422","Heteromeles.arbutifolia"
"639","MTI2",2022-06-12,"2022","Malosma","laurina",NA,NA,"4, MTE2","","https://www.inaturalist.org/observations/121547466","Malosma.laurina"
"640","MTI2",2022-06-12,"2022","Eriogonum","fasciculatum",NA,NA,"4, MTE2","","https://www.inaturalist.org/observations/121547525","Eriogonum.fasciculatum"
"641","MTE4",2022-06-12,"2022","Opuntia","semispinosa",NA,NA,"2, MTE4","","https://www.inaturalist.org/observations/121547557","Opuntia.semispinosa"
"642","MTE4",2022-06-12,"2022","Bahiopsis","laciniata",NA,NA,"2, MTE4","","https://www.inaturalist.org/observations/121547667","Bahiopsis.laciniata"
"643","MTE4",2022-06-12,"2022","Gutierrezia","californica",NA,NA,"3, MTE4","","https://www.inaturalist.org/observations/121547864","Gutierrezia.californica"
"644","MTE4",2022-06-12,"2022","Deinandra","fasciculata",NA,NA,"3, MTE4","","https://www.inaturalist.org/observations/121547886","Deinandra.fasciculata"
"645","MTE4",2022-06-12,"2022","Eriogonum","fasciculatum",NA,NA,"4, MTE4","","https://www.inaturalist.org/observations/121547931","Eriogonum.fasciculatum"
"646","MTE3",2022-06-12,"2022","Malosma","laurina",NA,NA,"4, MTE3","","https://www.inaturalist.org/observations/121547943","Malosma.laurina"
"647","MTE3",2022-06-12,"2022","Eriogonum","fasciculatum",NA,NA,"4, MTE3","","https://www.inaturalist.org/observations/121548006","Eriogonum.fasciculatum"
"648","MTE3",2022-06-12,"2022","Stephanomeria",NA,NA,NA,"1, MTE3","","https://www.inaturalist.org/observations/121548961","Stephanomeria"
"649","MTE3",2022-06-12,"2022","Isocoma","menziesii",NA,NA,"1, MTE3","","https://www.inaturalist.org/observations/121548978","Isocoma.menziesii"
"650","MTE3",2022-06-12,"2022","Hooveria","parviflora",NA,NA,"1, MTE3","","https://www.inaturalist.org/observations/121548995","Hooveria.parviflora"
"651","MTE3",2022-06-12,"2022","Eriogonum","fasciculatum",NA,NA,"4, MTE3","","https://www.inaturalist.org/observations/121549020","Eriogonum.fasciculatum"
"652","MTE3",2022-06-12,"2022","Deinandra","fasciculata",NA,NA,"4, MTE3","","https://www.inaturalist.org/observations/121549053","Deinandra.fasciculata"
"653","SWI4",2022-06-13,"2022","Phacelia","cicutaria",NA,NA,"","","https://www.inaturalist.org/observations/121641776","Phacelia.cicutaria"
"654","SWI4",2022-06-13,"2022","Acourtia","microcephala",NA,NA,"","","https://www.inaturalist.org/observations/121648346","Acourtia.microcephala"
"655","SWS1A",2022-06-13,"2022","Opuntia","ficus-indica",NA,NA,"1, SWS1A","","https://www.inaturalist.org/observations/121696523","Opuntia.ficus-indica"
"656",NA,2022-06-13,"2022","Ferocactus","viridescens",NA,NA,"SWS1A","","https://www.inaturalist.org/observations/121696554","Ferocactus.viridescens"
"657","SWS1A",2022-06-13,"2022","Hirschfeldia","incana",NA,NA,"1, SWS1A","","https://www.inaturalist.org/observations/121696570","Hirschfeldia.incana"
"658","SWS1A",2022-06-13,"2022","Opuntia",NA,NA,NA,"1, SWS1A","","https://www.inaturalist.org/observations/121696601","Opuntia"
"659",NA,2022-06-13,"2022","Ferocactus","viridescens",NA,NA,"1, SWS1A","","https://www.inaturalist.org/observations/121696655","Ferocactus.viridescens"
"660","SWS1A",2022-06-13,"2022","Bahiopsis","laciniata",NA,NA,"2, SWS1A","","https://www.inaturalist.org/observations/121696679","Bahiopsis.laciniata"
"661","SWEA",2022-06-13,"2022","Eriogonum","fasciculatum",NA,NA,"4, SWS1A","","https://www.inaturalist.org/observations/121696704","Eriogonum.fasciculatum"
"662","SWS1A",2022-06-13,"2022","Malosma","laurina",NA,NA,"4, SWS1A","","https://www.inaturalist.org/observations/121696778","Malosma.laurina"
"663","SWS1A",2022-06-13,"2022","Deinandra","fasciculata",NA,NA,"3, SWS1A","","https://www.inaturalist.org/observations/121696803","Deinandra.fasciculata"
"664","SWEA",2022-06-13,"2022","Stephanomeria",NA,NA,NA,"1, SWEA","","https://www.inaturalist.org/observations/121696837","Stephanomeria"
"665","SWEA",2022-06-13,"2022","Eriogonum","fasciculatum",NA,NA,"4, SWEA","","https://www.inaturalist.org/observations/121697003","Eriogonum.fasciculatum"
"666","SWEA",2022-06-13,"2022","Hooveria","parviflora",NA,NA,"1, SWEA","","https://www.inaturalist.org/observations/121697029","Hooveria.parviflora"
"667","SWEA",2022-06-13,"2022","Malosma","laurina",NA,NA,"4, SWEA","","https://www.inaturalist.org/observations/121697046","Malosma.laurina"
"668","SWI4",2022-06-13,"2022","Gutierrezia","californica",NA,NA,"1, SWI4","","https://www.inaturalist.org/observations/121697159","Gutierrezia.californica"
"669","SWI4",2022-06-13,"2022","Sairocarpus","nuttallianus",NA,NA,"1, SWI4","","https://www.inaturalist.org/observations/121697178","Sairocarpus.nuttallianus"
"670","SWI4",2022-06-13,"2022","Scrophularia","californica",NA,NA,"1, SWI4","","https://www.inaturalist.org/observations/121697243","Scrophularia.californica"
"671","SWI4",2022-06-13,"2022","Croton","setiger",NA,NA,"SWI4","","https://www.inaturalist.org/observations/121697277","Croton.setiger"
"672","SWI4",2022-06-13,"2022","Bahiopsis","laciniata",NA,NA,"1, SWI4","","https://www.inaturalist.org/observations/121697331","Bahiopsis.laciniata"
"673","MTS6",2022-06-14,"2022","Cleomella","arborea",NA,NA,"1, MTS6","","https://www.inaturalist.org/observations/121829040","Cleomella.arborea"
"674","MTS6",2022-06-14,"2022","Deinandra","fasciculata",NA,NA,"2, MTS7","","https://www.inaturalist.org/observations/121829097","Deinandra.fasciculata"
"675","MTS6",2022-06-14,"2022","Eriogonum","fasciculatum",NA,NA,"4, MTS6","","https://www.inaturalist.org/observations/121829127","Eriogonum.fasciculatum"
"676","MTS6",2022-06-14,"2022","Opuntia","leucotricha",NA,NA,"3, MTS6","","https://www.inaturalist.org/observations/121829485","Opuntia.leucotricha"
"677",NA,2022-06-14,"2022","Dudleya","pulverulenta",NA,NA,"2, MTS6","","https://www.inaturalist.org/observations/121829539","Dudleya.pulverulenta"
"678",NA,2022-06-14,"2022","Dudleya","pulverulenta",NA,NA,"2, MTS6","","https://www.inaturalist.org/observations/121829610","Dudleya.pulverulenta"
"679","MTS6",2022-06-14,"2022","Hooveria","parviflora",NA,NA,"1, MTS6","","https://www.inaturalist.org/observations/121829713","Hooveria.parviflora"
"680","SWS3",2022-06-14,"2022","Deinandra","fasciculata",NA,NA,"3, SWS3","","https://www.inaturalist.org/observations/121829760","Deinandra.fasciculata"
"681","SWS3",2022-06-14,"2022","Gutierrezia","californica",NA,NA,"4, SWS3","","https://www.inaturalist.org/observations/121829790","Gutierrezia.californica"
"682","SWS3",2022-06-14,"2022","Stephanomeria",NA,NA,NA,"SWS3, 1","","https://www.inaturalist.org/observations/121829832","Stephanomeria"
"683","SWS3",2022-06-14,"2022","Cleomella","arborea",NA,NA,"1, SWS3","","https://www.inaturalist.org/observations/121829869","Cleomella.arborea"
"684","SWS3",2022-06-14,"2022","Malosma","laurina",NA,NA,"4, SWS1","","https://www.inaturalist.org/observations/121829917","Malosma.laurina"
"685","SWS3",2022-06-14,"2022","Gutierrezia","californica",NA,NA,"4, SWS3","","https://www.inaturalist.org/observations/121829981","Gutierrezia.californica"
"686","MTS7",2022-06-14,"2022","Deinandra","fasciculata",NA,NA,"2, MTS7","","https://www.inaturalist.org/observations/121830048","Deinandra.fasciculata"
"687","MTS7",2022-06-14,"2022","Opuntia",NA,NA,NA,"1, MTS7","","https://www.inaturalist.org/observations/121830143","Opuntia"
"688","MTS7",2022-06-14,"2022","Lonicera","subspicata",NA,NA,"1, MTS7","","https://www.inaturalist.org/observations/121830193","Lonicera.subspicata"
"689","MTS7",2022-06-14,"2022","Hirschfeldia","incana",NA,NA,"1, MTS7","","https://www.inaturalist.org/observations/121830227","Hirschfeldia.incana"
"690","MTS7",2022-06-14,"2022","Malosma","laurina",NA,NA,"4, MTS7","","https://www.inaturalist.org/observations/121830289","Malosma.laurina"
"691",NA,2022-06-15,"2022","Ferocactus","viridescens",NA,NA,"1, MTS1A","","https://www.inaturalist.org/observations/121948667","Ferocactus.viridescens"
"692",NA,2022-06-15,"2022","Ferocactus","viridescens",NA,NA,"","","https://www.inaturalist.org/observations/121948711","Ferocactus.viridescens"
"693","SWS10",2022-06-15,"2022","Limonium","sinuatum",NA,NA,"4, MTS1A","","https://www.inaturalist.org/observations/121949002","Limonium.sinuatum"
"694","SWS10",2022-06-15,"2022","Eriogonum","fasciculatum",NA,NA,"1, SWS10","","https://www.inaturalist.org/observations/121949083","Eriogonum.fasciculatum"
"695","MTS1A",2022-06-15,"2022","Bahiopsis","laciniata",NA,NA,"2, MTS1A","","https://www.inaturalist.org/observations/121949288","Bahiopsis.laciniata"
"696","MTS1A",2022-06-15,"2022","Stephanomeria","diegensis",NA,NA,"1, MTS1A","","https://www.inaturalist.org/observations/121949398","Stephanomeria.diegensis"
"697","MTS1A",2022-06-15,"2022","Malosma","laurina",NA,NA,"4, MTS1A","","https://www.inaturalist.org/observations/121949425","Malosma.laurina"
"698","MTS1A",2022-06-15,"2022","Gutierrezia","californica",NA,NA,"3, MTS1A","","https://www.inaturalist.org/observations/121949475","Gutierrezia.californica"
"699","MTS1A",2022-06-15,"2022","Deinandra","fasciculata",NA,NA,"2, MTS1A","","https://www.inaturalist.org/observations/121949673","Deinandra.fasciculata"
"700","ECR5",2022-06-24,"2022","Dudleya","pulverulenta",NA,NA,"300mm f/4 PF ED VR, D500, Elliott Chaparral Reserve, TC-14E III","","https://www.inaturalist.org/observations/123282598","Dudleya.pulverulenta"
"701","MTS2",2022-06-24,"2022","Toxicodendron","diversilobum",NA,NA,"mts2","","https://www.inaturalist.org/observations/123293109","Toxicodendron.diversilobum"
"702","MTS2",2022-06-24,"2022","Anthemis","cotula",NA,NA,"2, MTS2","","https://www.inaturalist.org/observations/123293193","Anthemis.cotula"
"703","MTS2",2022-06-24,"2022","Eriogonum","fasciculatum",NA,NA,"4, MTS2","","https://www.inaturalist.org/observations/123293432","Eriogonum.fasciculatum"
"704","MTS2",2022-06-24,"2022","Opuntia",NA,NA,NA,"1, MTS2","","https://www.inaturalist.org/observations/123293527","Opuntia"
"705","MTS2",2022-06-24,"2022","Heterotheca","grandiflora",NA,NA,"2, MTS2","","https://www.inaturalist.org/observations/123293858","Heterotheca.grandiflora"
"706","MTS2",2022-06-24,"2022","Deinandra","fasciculata",NA,NA,"3, MTS2","","https://www.inaturalist.org/observations/123294001","Deinandra.fasciculata"
"707","MTS2",2022-06-24,"2022","Stephanomeria",NA,NA,NA,"1, MTS2","","https://www.inaturalist.org/observations/123294035","Stephanomeria"
"708","MTS2",2022-06-24,"2022","Isocoma","menziesii",NA,NA,"2, MTS2","","https://www.inaturalist.org/observations/123294470","Isocoma.menziesii"
"709","MTS2",2022-06-24,"2022","Eriogonum","fasciculatum",NA,NA,"4, MTS2","","https://www.inaturalist.org/observations/123294574","Eriogonum.fasciculatum"
"710",NA,2022-06-24,"2022","Salvia","apiana",NA,NA,"1, MTS2","","https://www.inaturalist.org/observations/123294629","Salvia.apiana"
"711","ECR4",2022-06-24,"2022","Adenostoma","fasciculatum",NA,NA,"1, ECR4","","https://www.inaturalist.org/observations/123294932","Adenostoma.fasciculatum"
"712","ECR4",2022-06-24,"2022","Cneoridium","dumosum",NA,NA,"ECR4","","https://www.inaturalist.org/observations/123295007","Cneoridium.dumosum"
"713","ECR5",2022-06-24,"2022","Eriogonum","fasciculatum",NA,NA,"3, ECR5","","https://www.inaturalist.org/observations/123295175","Eriogonum.fasciculatum"
"714","ECR5",2022-06-24,"2022","Malosma","laurina",NA,NA,"3, ECR5","","https://www.inaturalist.org/observations/123295244","Malosma.laurina"
"715","ECR5",2022-06-24,"2022","Adenostoma","fasciculatum",NA,NA,"3, ECR5","","https://www.inaturalist.org/observations/123295280","Adenostoma.fasciculatum"
"716","ECR5",2022-06-24,"2022","Malosma","laurina",NA,NA,"300mm f/4 PF ED VR, D500, Elliott Chaparral Reserve, TC-14E III","","https://www.inaturalist.org/observations/123296192","Malosma.laurina"
"717","ECR5",2022-06-24,"2022","Adenostoma","fasciculatum",NA,NA,"300mm f/4 PF ED VR, D500, Elliott Chaparral Reserve, TC-14E III","","https://www.inaturalist.org/observations/123299746","Adenostoma.fasciculatum"
"718","MTE4",2022-06-25,"2022","Deinandra","fasciculata",NA,NA,"2, MTE4","","https://www.inaturalist.org/observations/123459659","Deinandra.fasciculata"
"719","MTE4",2022-06-25,"2022","Eriogonum","fasciculatum",NA,NA,"4, MTE4","","https://www.inaturalist.org/observations/123459752","Eriogonum.fasciculatum"
"720","MTE4",2022-06-25,"2022","Gutierrezia","californica",NA,NA,"1, MTE4","","https://www.inaturalist.org/observations/123459781","Gutierrezia.californica"
"721","MTE4",2022-06-25,"2022","Eriogonum","fasciculatum",NA,NA,"4, MTE4","","https://www.inaturalist.org/observations/123460047","Eriogonum.fasciculatum"
"722","MTE4",2022-06-25,"2022","Opuntia",NA,NA,NA,"2, MTE4","","https://www.inaturalist.org/observations/123460292","Opuntia"
"723","MTE3",2022-06-25,"2022","Eriogonum","fasciculatum",NA,NA,"4, MTE3","","https://www.inaturalist.org/observations/123460393","Eriogonum.fasciculatum"
"724",NA,2022-06-25,"2022","Ferocactus","viridescens",NA,NA,"","","https://www.inaturalist.org/observations/123460429","Ferocactus.viridescens"
"725","MTE3",2022-06-25,"2022","Hooveria","parviflora",NA,NA,"3, MTE3","","https://www.inaturalist.org/observations/123460526","Hooveria.parviflora"
"726","MTE3",2022-06-25,"2022","Isocoma","menziesii",NA,NA,"2, MTE3","","https://www.inaturalist.org/observations/123460585","Isocoma.menziesii"
"727","MTE3",2022-06-25,"2022","Malosma","laurina",NA,NA,"","","https://www.inaturalist.org/observations/123460617","Malosma.laurina"
"728","MTI2",2022-06-26,"2022","Cuscuta","subinclusa",NA,NA,"3, MTE2","","https://www.inaturalist.org/observations/123629882","Cuscuta.subinclusa"
"729","MTI2",2022-06-26,"2022","Cuscuta","subinclusa",NA,NA,"","","https://www.inaturalist.org/observations/123650830","Cuscuta.subinclusa"
"730","MTI2",2022-06-26,"2022","Malosma","laurina",NA,NA,"","","https://www.inaturalist.org/observations/123650847","Malosma.laurina"
"731","MTI2",2022-06-26,"2022","Eriogonum","fasciculatum",NA,NA,"","","https://www.inaturalist.org/observations/123650866","Eriogonum.fasciculatum"
"732","MTI2",2022-06-26,"2022","Heteromeles","arbutifolia",NA,NA,"","","https://www.inaturalist.org/observations/123650966","Heteromeles.arbutifolia"
"733","SWI4",2022-06-27,"2022","Gutierrezia","californica",NA,NA,"","","https://www.inaturalist.org/observations/123740987","Gutierrezia.californica"
"734","SWI4",2022-06-27,"2022","Croton","setiger",NA,NA,"300mm f/4 PF ED VR, D500, San Diego National Wildlife Refuge Sweetwater River Area, TC-14E III","","https://www.inaturalist.org/observations/123769767","Croton.setiger"
"735",NA,2022-06-27,"2022","Dudleya","pulverulenta",NA,NA,"SWS1A","","https://www.inaturalist.org/observations/123785880","Dudleya.pulverulenta"
"736","SWS1A",2022-06-27,"2022","Hirschfeldia","incana",NA,NA,"","","https://www.inaturalist.org/observations/123785902","Hirschfeldia.incana"
"737","SWS1A",2022-06-27,"2022","Deinandra","fasciculata",NA,NA,"","","https://www.inaturalist.org/observations/123785936","Deinandra.fasciculata"
"738","SWS1A",2022-06-27,"2022","Opuntia",NA,NA,NA,"","","https://www.inaturalist.org/observations/123785945","Opuntia"
"739","SWEA",2022-06-27,"2022","Eriogonum","fasciculatum",NA,NA,"","","https://www.inaturalist.org/observations/123786139","Eriogonum.fasciculatum"
"740","SWEA",2022-06-27,"2022","Hooveria","parviflora",NA,NA,"","","https://www.inaturalist.org/observations/123786194","Hooveria.parviflora"
"741","SWEA",2022-06-27,"2022","Centaurea","melitensis",NA,NA,"","","https://www.inaturalist.org/observations/123786280","Centaurea.melitensis"
"742","SWEA",2022-06-27,"2022","Malosma","laurina",NA,NA,"","","https://www.inaturalist.org/observations/123786297","Malosma.laurina"
"743","SWI4",2022-06-27,"2022","Gutierrezia","californica",NA,NA,"","","https://www.inaturalist.org/observations/123786376","Gutierrezia.californica"
"744","SWI4",2022-06-27,"2022","Malosma","laurina",NA,NA,"","","https://www.inaturalist.org/observations/123786416","Malosma.laurina"
"745","SWI4",2022-06-27,"2022","Eriogonum","fasciculatum",NA,NA,"","","https://www.inaturalist.org/observations/123786439","Eriogonum.fasciculatum"
"746","SWI4",2022-06-27,"2022","Gutierrezia","californica",NA,NA,"","","https://www.inaturalist.org/observations/123786506","Gutierrezia.californica"
"747","MTS6",2022-06-28,"2022","Eriogonum","fasciculatum",NA,NA,"","","https://www.inaturalist.org/observations/123853223","Eriogonum.fasciculatum"
"748","MTS7",2022-06-28,"2022","Parkinsonia","aculeata",NA,NA,"","","https://www.inaturalist.org/observations/123913350","Parkinsonia.aculeata"
"749","MTS7",2022-06-28,"2022","Malosma","laurina",NA,NA,"","","https://www.inaturalist.org/observations/123913429","Malosma.laurina"
"750","MTS7",2022-06-28,"2022","Eriogonum","fasciculatum",NA,NA,"","","https://www.inaturalist.org/observations/123913457","Eriogonum.fasciculatum"
"751","MTS7",2022-06-28,"2022","Cylindropuntia","prolifera",NA,NA,"","","https://www.inaturalist.org/observations/123913512","Cylindropuntia.prolifera"
"752","SWS3",2022-06-28,"2022","Eriogonum","fasciculatum",NA,NA,"","","https://www.inaturalist.org/observations/123913547","Eriogonum.fasciculatum"
"753","SWS3",2022-06-28,"2022","Cleomella","arborea",NA,NA,"","","https://www.inaturalist.org/observations/123913621","Cleomella.arborea"
"754","SWS3",2022-06-28,"2022","Stephanomeria",NA,NA,NA,"","","https://www.inaturalist.org/observations/123913640","Stephanomeria"
"755","SWS3",2022-06-28,"2022","Isocoma","menziesii",NA,NA,"","","https://www.inaturalist.org/observations/123913683","Isocoma.menziesii"
"756","SWS3",2022-06-28,"2022","Gutierrezia","californica",NA,NA,"","","https://www.inaturalist.org/observations/123913717","Gutierrezia.californica"
"757","SWS3",2022-06-28,"2022","Malosma","laurina",NA,NA,"","","https://www.inaturalist.org/observations/123913780","Malosma.laurina"
"758","MTS6",2022-06-28,"2022","Malacothamnus","fasciculatus",NA,NA,"","","https://www.inaturalist.org/observations/123913853","Malacothamnus.fasciculatus"
"759","MTS6",2022-06-28,"2022","Opuntia",NA,NA,NA,"","","https://www.inaturalist.org/observations/123913969","Opuntia"
"760","MTS6",2022-06-28,"2022","Opuntia","leucotricha",NA,NA,"","","https://www.inaturalist.org/observations/123914057","Opuntia.leucotricha"
"761","MTS6",2022-06-28,"2022","Isocoma","menziesii",NA,NA,"","","https://www.inaturalist.org/observations/123914318","Isocoma.menziesii"
"762","MTS1A",2022-06-29,"2022","Gutierrezia","californica",NA,NA,"","","https://www.inaturalist.org/observations/124048694","Gutierrezia.californica"
"763","SWS10",2022-06-29,"2022","Hirschfeldia","incana",NA,NA,"","","https://www.inaturalist.org/observations/124048723","Hirschfeldia.incana"
"764","SWS10",2022-06-29,"2022","Limonium","sinuatum",NA,NA,"","","https://www.inaturalist.org/observations/124048851","Limonium.sinuatum"
"765","SWS10",2022-06-29,"2022","Malosma","laurina",NA,NA,"","","https://www.inaturalist.org/observations/124048953","Malosma.laurina"
"766","MTS1A",2022-06-29,"2022","Deinandra","fasciculata",NA,NA,"","","https://www.inaturalist.org/observations/124049127","Deinandra.fasciculata"
"767","MTS7",2022-06-28,"2022","Parkinsonia","aculeata",NA,NA,"","","https://www.inaturalist.org/observations/124049234","Parkinsonia.aculeata"
"768","MTE4",2022-06-30,"2022","Centaurea","melitensis",NA,NA,"","","https://www.inaturalist.org/observations/124148052","Centaurea.melitensis"
"769","MTS1A",2022-06-29,"2022","Eriogonum","fasciculatum",NA,NA,"","","https://www.inaturalist.org/observations/124650098","Eriogonum.fasciculatum"
"770","MTS1A",2022-06-29,"2022","Bahiopsis","laciniata",NA,NA,"","","https://www.inaturalist.org/observations/124938854","Bahiopsis.laciniata"
"771","MTS1A",2022-06-29,"2022","Centaurea","melitensis",NA,NA,"","","https://www.inaturalist.org/observations/124940947","Centaurea.melitensis"
"772","MTS1A",2022-06-29,"2022","Eriogonum","fasciculatum",NA,NA,"","","https://www.inaturalist.org/observations/124941393","Eriogonum.fasciculatum"
"773","MTS1A",2022-06-29,"2022","Malosma","laurina",NA,NA,"","","https://www.inaturalist.org/observations/124941603","Malosma.laurina"
"774","MTS1A",2022-06-29,"2022","Clematis",NA,NA,NA,"","","https://www.inaturalist.org/observations/124941898","Clematis"
"775","MTS1A",2022-06-29,"2022","Deinandra","fasciculata",NA,NA,"","","https://www.inaturalist.org/observations/124942203","Deinandra.fasciculata"
"776","MTS1A",2022-06-29,"2022","Opuntia",NA,NA,NA,"","","https://www.inaturalist.org/observations/124942447","Opuntia"
"777","MTS1A",2022-06-29,"2022","Baccharis","sarothroides",NA,NA,"","","https://www.inaturalist.org/observations/124942742","Baccharis.sarothroides"
"778","MTS1A",2022-06-29,"2022","Hirschfeldia","incana",NA,NA,"","","https://www.inaturalist.org/observations/124943055","Hirschfeldia.incana"
"779","MTS1A",2022-06-29,"2022","Deinandra","fasciculata",NA,NA,"","","https://www.inaturalist.org/observations/124943193","Deinandra.fasciculata"
"780","MTS1A",2022-06-29,"2022","Bahiopsis","laciniata",NA,NA,"","","https://www.inaturalist.org/observations/124943348","Bahiopsis.laciniata"
"781","MTS1A",2022-06-29,"2022","Eriogonum","fasciculatum",NA,NA,"","","https://www.inaturalist.org/observations/124943514","Eriogonum.fasciculatum"
"782","SWS10",2022-06-29,"2022","Parkinsonia","aculeata",NA,NA,"","","https://www.inaturalist.org/observations/124943818","Parkinsonia.aculeata"
"783","SWS10",2022-06-29,"2022","Morus",NA,NA,NA,"","","https://www.inaturalist.org/observations/124943947","Morus"
"784","SWS10",2022-06-29,"2022","Limonium","sinuatum",NA,NA,"","","https://www.inaturalist.org/observations/124944125","Limonium.sinuatum"
"785","SWS10",2022-06-29,"2022","Eriogonum","fasciculatum",NA,NA,"","","https://www.inaturalist.org/observations/124946098","Eriogonum.fasciculatum"
"786","ECR4",2022-07-12,"2022","Eriogonum","fasciculatum",NA,NA,"","","https://www.inaturalist.org/observations/125950823","Eriogonum.fasciculatum"
"787","MTE4",2022-07-13,"2022","Gutierrezia","californica",NA,NA,"","","https://www.inaturalist.org/observations/126148965","Gutierrezia.californica"
"788","MTE4",2022-07-13,"2022","Eriogonum","fasciculatum",NA,NA,"","","https://www.inaturalist.org/observations/126149084","Eriogonum.fasciculatum"
"789",NA,2022-07-13,"2022","Ferocactus","viridescens",NA,NA,"","","https://www.inaturalist.org/observations/126149265","Ferocactus.viridescens"
"790","MTE3",2022-07-13,"2022","Rhus","integrifolia",NA,NA,"","","https://www.inaturalist.org/observations/126149288","Rhus.integrifolia"
"791","MTE3",2022-07-13,"2022","Hooveria","parviflora",NA,NA,"","","https://www.inaturalist.org/observations/126149317","Hooveria.parviflora"
"792","MTE3",2022-07-13,"2022","Isocoma","menziesii",NA,NA,"","","https://www.inaturalist.org/observations/126149331","Isocoma.menziesii"
"793",NA,2022-07-13,"2022","Ferocactus","viridescens",NA,NA,"","","https://www.inaturalist.org/observations/126149371","Ferocactus.viridescens"
"794","MTI2",2022-07-13,"2022","Malosma","laurina",NA,NA,"","","https://www.inaturalist.org/observations/126149435","Malosma.laurina"
"795","MTI2",2022-07-13,"2022","Cuscuta","subinclusa",NA,NA,"","","https://www.inaturalist.org/observations/126149476","Cuscuta.subinclusa"
"796","MTI2",2022-07-13,"2022","Eriogonum","fasciculatum",NA,NA,"","","https://www.inaturalist.org/observations/126149593","Eriogonum.fasciculatum"
"797","MTI2",2022-07-13,"2022","Euphorbia","polycarpa",NA,NA,"","","https://www.inaturalist.org/observations/126149800","Euphorbia.polycarpa"
"798",NA,2022-07-12,"2022","Dudleya","pulverulenta",NA,NA,"","","https://www.inaturalist.org/observations/126150312","Dudleya.pulverulenta"
"799","MTS2",2022-07-12,"2022","Heterotheca","grandiflora",NA,NA,"","","https://www.inaturalist.org/observations/126150415","Heterotheca.grandiflora"
"800","MTS2",2022-07-12,"2022","Eriogonum","fasciculatum",NA,NA,"","","https://www.inaturalist.org/observations/126150472","Eriogonum.fasciculatum"
"801","ECR5",2022-07-12,"2022","Stephanomeria",NA,NA,NA,"","","https://www.inaturalist.org/observations/126150589","Stephanomeria"
"802","ECR5",2022-07-12,"2022","Adenostoma","fasciculatum",NA,NA,"","","https://www.inaturalist.org/observations/126150617","Adenostoma.fasciculatum"
"803","ECR4",2022-07-12,"2022","Rhus","integrifolia",NA,NA,"","","https://www.inaturalist.org/observations/126150633","Rhus.integrifolia"
"804","ECR4",2022-07-12,"2022","Isocoma","menziesii",NA,NA,"","","https://www.inaturalist.org/observations/126150739","Isocoma.menziesii"
"805","ECR4",2022-07-12,"2022","Quercus",NA,NA,NA,"","","https://www.inaturalist.org/observations/126150795","Quercus"
"806","ECR4",2022-07-12,"2022","Stephanomeria",NA,NA,NA,"","","https://www.inaturalist.org/observations/126150808","Stephanomeria"
"807","SWI4",2022-07-14,"2022","Gutierrezia","californica",NA,NA,"","","https://www.inaturalist.org/observations/126295869","Gutierrezia.californica"
"808","SWI4",2022-07-14,"2022","Eriogonum","fasciculatum",NA,NA,"","","https://www.inaturalist.org/observations/126295894","Eriogonum.fasciculatum"
"809","SWI4",2022-07-14,"2022","Malosma","laurina",NA,NA,"","","https://www.inaturalist.org/observations/126295951","Malosma.laurina"
"810","SWI4",2022-07-14,"2022","Eriogonum","fasciculatum",NA,NA,"","","https://www.inaturalist.org/observations/126295995","Eriogonum.fasciculatum"
"811","SWEA",2022-07-14,"2022","Malosma","laurina",NA,NA,"","","https://www.inaturalist.org/observations/126296041","Malosma.laurina"
"812","SWS1A",2022-07-14,"2022","Lysimachia","arvensis",NA,NA,"","","https://www.inaturalist.org/observations/126296057","Lysimachia.arvensis"
"813","SWS1A",2022-07-14,"2022","Opuntia",NA,NA,NA,"","","https://www.inaturalist.org/observations/126296192","Opuntia"
"814",NA,2022-07-14,"2022","Ferocactus","viridescens",NA,NA,"","","https://www.inaturalist.org/observations/126296343","Ferocactus.viridescens"
"815","SWS1A",2022-07-14,"2022","Eriogonum","fasciculatum",NA,NA,"","","https://www.inaturalist.org/observations/126296414","Eriogonum.fasciculatum"
"816","SWS1A",2022-07-14,"2022","Malosma","laurina",NA,NA,"","","https://www.inaturalist.org/observations/126296436","Malosma.laurina"
"817","MTS7",2022-07-15,"2022","Malosma","laurina",NA,NA,"","","https://www.inaturalist.org/observations/126416007","Malosma.laurina"
"818","MTS7",2022-07-15,"2022","Rhus","integrifolia",NA,NA,"","","https://www.inaturalist.org/observations/126416022","Rhus.integrifolia"
"819","MTS7",2022-07-15,"2022","Eriogonum","fasciculatum",NA,NA,"","","https://www.inaturalist.org/observations/126416101","Eriogonum.fasciculatum"
"820","MTS7",2022-07-15,"2022","Opuntia","ficus-indica",NA,NA,"","","https://www.inaturalist.org/observations/126416135","Opuntia.ficus-indica"
"821","MTS7",2022-07-15,"2022","Baccharis","sarothroides",NA,NA,"","","https://www.inaturalist.org/observations/126416428","Baccharis.sarothroides"
"822","MTS7",2022-07-15,"2022","Hooveria","parviflora",NA,NA,"","","https://www.inaturalist.org/observations/126416516","Hooveria.parviflora"
"823","MTS7",2022-07-15,"2022","Cylindropuntia","prolifera",NA,NA,"","","https://www.inaturalist.org/observations/126416537","Cylindropuntia.prolifera"
"824","SWS3",2022-07-15,"2022","Cleomella","arborea",NA,NA,"","","https://www.inaturalist.org/observations/126416618","Cleomella.arborea"
"825","SWS3",2022-07-15,"2022","Isocoma","menziesii",NA,NA,"","","https://www.inaturalist.org/observations/126416810","Isocoma.menziesii"
"826","SWS3",2022-07-15,"2022","Stephanomeria",NA,NA,NA,"","","https://www.inaturalist.org/observations/126416827","Stephanomeria"
"827","SWS3",2022-07-15,"2022","Gutierrezia","californica",NA,NA,"","","https://www.inaturalist.org/observations/126416882","Gutierrezia.californica"
"828","SWS3",2022-07-15,"2022","Malosma","laurina",NA,NA,"","","https://www.inaturalist.org/observations/126416903","Malosma.laurina"
"829","MTS6",2022-07-15,"2022","Eriogonum","fasciculatum",NA,NA,"","","https://www.inaturalist.org/observations/126416922","Eriogonum.fasciculatum"
"830","MTS6",2022-07-15,"2022","Isocoma","menziesii",NA,NA,"","","https://www.inaturalist.org/observations/126416943","Isocoma.menziesii"
"831","MTS6",2022-07-15,"2022","Rhus","integrifolia",NA,NA,"","","https://www.inaturalist.org/observations/126416968","Rhus.integrifolia"
"832","MTS6",2022-07-15,"2022","Isocoma","menziesii",NA,NA,"","","https://www.inaturalist.org/observations/126416999","Isocoma.menziesii"
"833","SWS10",2022-07-16,"2022","Hirschfeldia","incana",NA,NA,"","","https://www.inaturalist.org/observations/126571171","Hirschfeldia.incana"
"834","SWS10",2022-07-16,"2022","Limonium","sinuatum",NA,NA,"","","https://www.inaturalist.org/observations/126571242","Limonium.sinuatum"
"835","MTS1A",2022-07-16,"2022","Eriogonum","fasciculatum",NA,NA,"","","https://www.inaturalist.org/observations/126571343","Eriogonum.fasciculatum"
"836","MTS1A",2022-07-16,"2022","Helminthotheca","echioides",NA,NA,"","","https://www.inaturalist.org/observations/126571388","Helminthotheca.echioides"
"837","MTS1A",2022-07-16,"2022","Stephanomeria","virgata",NA,NA,"","","https://www.inaturalist.org/observations/126571547","Stephanomeria.virgata"
"838","MTS1A",2022-07-16,"2022","Malosma","laurina",NA,NA,"","","https://www.inaturalist.org/observations/126571576","Malosma.laurina"
"839","MTS1A",2022-07-16,"2022","Malosma","laurina",NA,NA,"","","https://www.inaturalist.org/observations/126571592","Malosma.laurina"
"840","MTS1A",2022-07-16,"2022","Rhus","integrifolia",NA,NA,"","","https://www.inaturalist.org/observations/126571644","Rhus.integrifolia"
"841","MTS1A",2022-07-16,"2022","Gutierrezia","californica",NA,NA,"","","https://www.inaturalist.org/observations/126571918","Gutierrezia.californica"
"842","MTS1A",2022-07-16,"2022","Deinandra","fasciculata",NA,NA,"","","https://www.inaturalist.org/observations/126572138","Deinandra.fasciculata"
"843","MTS6",2022-07-15,"2022","Isocoma","menziesii",NA,NA,"","","https://www.inaturalist.org/observations/126883425","Isocoma.menziesii"
"844","MTS6",2022-07-15,"2022","Centaurea","melitensis",NA,NA,"","","https://www.inaturalist.org/observations/126883536","Centaurea.melitensis"
"845","MTS6",2022-07-15,"2022","Salvia","mellifera",NA,NA,"","","https://www.inaturalist.org/observations/126883822","Salvia.mellifera"
"846","MTS6",2022-07-15,"2022","Isocoma","menziesii",NA,NA,"","","https://www.inaturalist.org/observations/126884157","Isocoma.menziesii"
"847","SWS1A",2022-07-14,"2022","Malosma","laurina",NA,NA,"","","https://www.inaturalist.org/observations/128034710","Malosma.laurina"
"848","MTS6",2022-07-15,"2022","Cylindropuntia","prolifera",NA,NA,"","","https://www.inaturalist.org/observations/128198253","Cylindropuntia.prolifera"
"849","SWS3",2023-01-28,"2023","Marah","macrocarpa",NA,NA,"","","https://www.inaturalist.org/observations/147628466","Marah.macrocarpa"
"850","ECR4",2023-03-18,"2023","Caulanthus","heterophyllus",NA,NA,"","1 - 10","https://www.inaturalist.org/observations/151573623","Caulanthus.heterophyllus"
"851","SWS3",2023-03-24,"2023","Yucca","schidigera",NA,NA,"","11 - 100","https://www.inaturalist.org/observations/152196394","Yucca.schidigera"
"852","SWS3",2023-03-24,"2023","Salvia","mellifera",NA,NA,"","","https://www.inaturalist.org/observations/152196469","Salvia.mellifera"
"853","SWS3",2023-03-24,"2023","Calandrinia","menziesii",NA,NA,"","","https://www.inaturalist.org/observations/152196491","Calandrinia.menziesii"
"854","SWS3",2023-03-24,"2023","Gilia","angelensis",NA,NA,"","","https://www.inaturalist.org/observations/152196516","Gilia.angelensis"
"855","SWS3",2023-03-24,"2023","Hirschfeldia","incana",NA,NA,"","","https://www.inaturalist.org/observations/152196584","Hirschfeldia.incana"
"856","SWS3",2023-03-24,"2023","Dipterostemon","capitatus",NA,NA,"","","https://www.inaturalist.org/observations/152196752","Dipterostemon.capitatus"
"857","SWS3",2023-03-24,"2023","Rhus","integrifolia",NA,NA,"","","https://www.inaturalist.org/observations/152196783","Rhus.integrifolia"
"858","SWS3",2023-03-24,"2023","Cleomella","arborea",NA,NA,"","","https://www.inaturalist.org/observations/152199393","Cleomella.arborea"
"859","SWS3",2023-03-24,"2023","Diplacus","puniceus",NA,NA,"","","https://www.inaturalist.org/observations/152199423","Diplacus.puniceus"
"860","SWS3",2023-03-24,"2023","Linanthus","dianthiflorus",NA,NA,"","","https://www.inaturalist.org/observations/152199433","Linanthus.dianthiflorus"
"861","SWS3",2023-03-24,"2023","Cleomella","arborea",NA,NA,"","","https://www.inaturalist.org/observations/152199461","Cleomella.arborea"
"862","SWS3",2023-03-24,"2023","Diplacus","puniceus",NA,NA,"","","https://www.inaturalist.org/observations/152199476","Diplacus.puniceus"
"863","SWS3",2023-03-24,"2023","Erodium","botrys",NA,NA,"","","https://www.inaturalist.org/observations/152199483","Erodium.botrys"
"864","SWS3",2023-03-24,"2023","Dipterostemon","capitatus",NA,NA,"","","https://www.inaturalist.org/observations/152199507","Dipterostemon.capitatus"
"865","SWS3",2023-03-24,"2023","Acmispon","glaber",NA,NA,"","","https://www.inaturalist.org/observations/152199536","Acmispon.glaber"
"866","SWS3",2023-03-24,"2023","Camissoniopsis",NA,NA,NA,"","","https://www.inaturalist.org/observations/152199668","Camissoniopsis"
"867","SWS3",2023-03-24,"2023","Salvia","mellifera",NA,NA,"","","https://www.inaturalist.org/observations/152199679","Salvia.mellifera"
"868","SWS3",2023-03-24,"2023","Plagiobothrys",NA,NA,NA,"","","https://www.inaturalist.org/observations/152199712","Plagiobothrys"
"869","SWS3",2023-03-24,"2023","Camissoniopsis",NA,NA,NA,"","","https://www.inaturalist.org/observations/152199758","Camissoniopsis"
"870","MTS6",2023-03-24,"2023","Rhus","integrifolia",NA,NA,"","","https://www.inaturalist.org/observations/152199869","Rhus.integrifolia"
"871","MTS6",2023-03-24,"2023","Diplacus","puniceus",NA,NA,"","","https://www.inaturalist.org/observations/152199890","Diplacus.puniceus"
"872","MTS6",2023-03-24,"2023","Salvia","mellifera",NA,NA,"","","https://www.inaturalist.org/observations/152199901","Salvia.mellifera"
"873","MTS6",2023-03-24,"2023","",NA,NA,NA,"","","https://www.inaturalist.org/observations/152199932",""
"874","MTS6",2023-03-24,"2023","Eriogonum","fasciculatum",NA,NA,"","","https://www.inaturalist.org/observations/152200012","Eriogonum.fasciculatum"
"875","MTS6",2023-03-24,"2023","Acmispon","glaber",NA,NA,"","","https://www.inaturalist.org/observations/152200040","Acmispon.glaber"
"876","MTS6",2023-03-24,"2023","Salvia","mellifera",NA,NA,"","","https://www.inaturalist.org/observations/152200058","Salvia.mellifera"
"877","MTS6",2023-03-24,"2023","Camissoniopsis",NA,NA,NA,"","","https://www.inaturalist.org/observations/152200122","Camissoniopsis"
"878","MTS6",2023-03-24,"2023","Encelia","californica",NA,NA,"","","https://www.inaturalist.org/observations/152200129","Encelia.californica"
"879","MTS6",2023-03-24,"2023","Oxalis","pes-caprae",NA,NA,"","","https://www.inaturalist.org/observations/152200145","Oxalis.pes-caprae"
"880","MTS6",2023-03-24,"2023","Camissoniopsis",NA,NA,NA,"","","https://www.inaturalist.org/observations/152200163","Camissoniopsis"
"881","MTS6",2023-03-24,"2023","Nuttallanthus","texanus",NA,NA,"","","https://www.inaturalist.org/observations/152200206","Nuttallanthus.texanus"
"882",NA,2023-03-24,"2023","Dudleya","pulverulenta",NA,NA,"","","https://www.inaturalist.org/observations/152200220","Dudleya.pulverulenta"
"883","MTS6",2023-03-24,"2023","Cleomella","arborea",NA,NA,"","","https://www.inaturalist.org/observations/152200276","Cleomella.arborea"
"884","MTS6",2023-03-24,"2023","Nuttallanthus","texanus",NA,NA,"","","https://www.inaturalist.org/observations/152200311","Nuttallanthus.texanus"
"885","MTS6",2023-03-24,"2023","Eriophyllum","confertiflorum",NA,NA,"","","https://www.inaturalist.org/observations/152200330","Eriophyllum.confertiflorum"
"886","MTS6",2023-03-24,"2023","Salvia","mellifera",NA,NA,"","","https://www.inaturalist.org/observations/152200353","Salvia.mellifera"
"887","MTS6",2023-03-24,"2023","Yucca","schidigera",NA,NA,"","","https://www.inaturalist.org/observations/152200386","Yucca.schidigera"
"888","MTS6",2023-03-24,"2023","Acmispon","glaber",NA,NA,"","","https://www.inaturalist.org/observations/152200414","Acmispon.glaber"
"889","MTS6",2023-03-24,"2023","Cryptantha",NA,NA,NA,"","","https://www.inaturalist.org/observations/152200430","Cryptantha"
"890","MTS6",2023-03-24,"2023","Opuntia",NA,NA,NA,"","","https://www.inaturalist.org/observations/152200446","Opuntia"
"891","MTS6",2023-03-24,"2023","Camissoniopsis",NA,NA,NA,"","","https://www.inaturalist.org/observations/152200468","Camissoniopsis"
"892","MTS7",2023-03-24,"2023","Acmispon","glaber",NA,NA,"","","https://www.inaturalist.org/observations/152200539","Acmispon.glaber"
"893","MTS7",2023-03-24,"2023","Hirschfeldia","incana",NA,NA,"","","https://www.inaturalist.org/observations/152200546","Hirschfeldia.incana"
"894","MTS7",2023-03-24,"2023","Erodium","cicutarium",NA,NA,"","","https://www.inaturalist.org/observations/152200589","Erodium.cicutarium"
"895","MTS7",2023-03-24,"2023","Eriodictyon","crassifolium",NA,NA,"","","https://www.inaturalist.org/observations/152200647","Eriodictyon.crassifolium"
"896","MTS7",2023-03-24,"2023","Lonicera","subspicata",NA,NA,"","","https://www.inaturalist.org/observations/152200679","Lonicera.subspicata"
"897","MTS7",2023-03-24,"2023","Eriodictyon","crassifolium",NA,NA,"","","https://www.inaturalist.org/observations/152200694","Eriodictyon.crassifolium"
"898","MTS7",2023-03-24,"2023","Eriodictyon","crassifolium",NA,NA,"","","https://www.inaturalist.org/observations/152200771","Eriodictyon.crassifolium"
"899","MTS7",2023-03-24,"2023","Encelia","californica",NA,NA,"","","https://www.inaturalist.org/observations/152201027","Encelia.californica"
"900","MTS7",2023-03-24,"2023","Marah","macrocarpa",NA,NA,"","","https://www.inaturalist.org/observations/152201077","Marah.macrocarpa"
"901","MTS7",2023-03-24,"2023","Eriodictyon","crassifolium",NA,NA,"","","https://www.inaturalist.org/observations/152201089","Eriodictyon.crassifolium"
"902","MTS7",2023-03-24,"2023","Eriophyllum","confertiflorum",NA,NA,"","","https://www.inaturalist.org/observations/152201161","Eriophyllum.confertiflorum"
"903","MTS7",2023-03-24,"2023","Lonicera","subspicata",NA,NA,"","","https://www.inaturalist.org/observations/152201285","Lonicera.subspicata"
"904","MTS7",2023-03-24,"2023","Eriodictyon","crassifolium",NA,NA,"","","https://www.inaturalist.org/observations/152201296","Eriodictyon.crassifolium"
"905","MTS7",2023-03-24,"2023","Eriodictyon","crassifolium",NA,NA,"","","https://www.inaturalist.org/observations/152201330","Eriodictyon.crassifolium"
"906","MTS7",2023-03-24,"2023","Diplacus","puniceus",NA,NA,"","","https://www.inaturalist.org/observations/152201342","Diplacus.puniceus"
"907","MTS7",2023-03-24,"2023","Salvia","mellifera",NA,NA,"","","https://www.inaturalist.org/observations/152201382","Salvia.mellifera"
"908","MTS7",2023-03-24,"2023","Calystegia","macrostegia",NA,NA,"","","https://www.inaturalist.org/observations/152201404","Calystegia.macrostegia"
"909","MTS7",2023-03-24,"2023","Acmispon","glaber",NA,NA,"","","https://www.inaturalist.org/observations/152201429","Acmispon.glaber"
"910","MTS7",2023-03-24,"2023","Bahiopsis","laciniata",NA,NA,"","","https://www.inaturalist.org/observations/152201452","Bahiopsis.laciniata"
"911","MTS7",2023-03-24,"2023","Camissoniopsis",NA,NA,NA,"","","https://www.inaturalist.org/observations/152201499","Camissoniopsis"
"912","MTS7",2023-03-24,"2023","Solanum","parishii",NA,NA,"","","https://www.inaturalist.org/observations/152201537","Solanum.parishii"
"913","MTS7",2023-03-24,"2023","Marah","macrocarpa",NA,NA,"","","https://www.inaturalist.org/observations/152201584","Marah.macrocarpa"
"914","MTS7",2023-03-24,"2023","Eriodictyon","crassifolium",NA,NA,"","","https://www.inaturalist.org/observations/152201612","Eriodictyon.crassifolium"
"915","MTS7",2023-03-24,"2023","Hirschfeldia","incana",NA,NA,"","","https://www.inaturalist.org/observations/152201666","Hirschfeldia.incana"
"916","MTS6",2023-03-24,"2023","Encelia","californica",NA,NA,"","","https://www.inaturalist.org/observations/152201742","Encelia.californica"
"917","SWI4",2023-03-25,"2023","Dipterostemon","capitatus",NA,NA,"Nikon 200mm f/4 ED-IF AF Micro-NIKKOR, San Diego National Wildlife Refuge Complex, Z50","","https://www.inaturalist.org/observations/152297173","Dipterostemon.capitatus"
"918","SWI4",2023-03-25,"2023","Erodium","brachycarpum",NA,NA,"Nikon 200mm f/4 ED-IF AF Micro-NIKKOR, San Diego National Wildlife Refuge Complex, Z50","","https://www.inaturalist.org/observations/152297356","Erodium.brachycarpum"
"919","SWI4",2023-03-25,"2023","Phacelia","cicutaria",NA,NA,"Nikon 200mm f/4 ED-IF AF Micro-NIKKOR, San Diego National Wildlife Refuge Complex, Z50","","https://www.inaturalist.org/observations/152297875","Phacelia.cicutaria"
"920","SWI4",2023-03-25,"2023","Cryptantha",NA,NA,NA,"Nikon 200mm f/4 ED-IF AF Micro-NIKKOR, San Diego National Wildlife Refuge Complex, Z50","","https://www.inaturalist.org/observations/152298105","Cryptantha"
"921","SWI4",2023-03-25,"2023","Hirschfeldia","incana",NA,NA,"Nikon 200mm f/4 ED-IF AF Micro-NIKKOR, San Diego National Wildlife Refuge Complex, Z50","","https://www.inaturalist.org/observations/152298592","Hirschfeldia.incana"
"922","SWI4",2023-03-25,"2023","Erodium","cicutarium",NA,NA,"Nikon 200mm f/4 ED-IF AF Micro-NIKKOR, San Diego National Wildlife Refuge Complex, Z50","","https://www.inaturalist.org/observations/152298787","Erodium.cicutarium"
"923","SWI4",2023-03-25,"2023","Camissoniopsis",NA,NA,NA,"Nikon 200mm f/4 ED-IF AF Micro-NIKKOR, San Diego National Wildlife Refuge Complex, Z50","","https://www.inaturalist.org/observations/152299227","Camissoniopsis"
"924","SWI4",2023-03-25,"2023","Camissoniopsis","lewisii",NA,NA,"Nikon 200mm f/4 ED-IF AF Micro-NIKKOR, San Diego National Wildlife Refuge Complex, Z50","","https://www.inaturalist.org/observations/152299332","Camissoniopsis.lewisii"
"925","SWI4",2023-03-25,"2023","Amsinckia","menziesii",NA,NA,"Nikon 200mm f/4 ED-IF AF Micro-NIKKOR, San Diego National Wildlife Refuge Complex, Z50","","https://www.inaturalist.org/observations/152301374","Amsinckia.menziesii"
"926","SWI4",2023-03-25,"2023","Amsinckia","menziesii",NA,NA,"Nikon 200mm f/4 ED-IF AF Micro-NIKKOR, San Diego National Wildlife Refuge Complex, Z50","","https://www.inaturalist.org/observations/152301918","Amsinckia.menziesii"
"927","SWI4",2023-03-25,"2023","",NA,NA,NA,"Nikon 200mm f/4 ED-IF AF Micro-NIKKOR, San Diego National Wildlife Refuge Complex, Z50","","https://www.inaturalist.org/observations/152303217",""
"928","SWI4",2023-03-25,"2023","Gilia","angelensis",NA,NA,"Nikon 200mm f/4 ED-IF AF Micro-NIKKOR, San Diego National Wildlife Refuge Complex, Z50","","https://www.inaturalist.org/observations/152303673","Gilia.angelensis"
"929",NA,2023-03-25,"2023","Ferocactus","viridescens",NA,NA,"","","https://www.inaturalist.org/observations/152324498","Ferocactus.viridescens"
"930",NA,2023-03-25,"2023","Ferocactus","viridescens",NA,NA,"","","https://www.inaturalist.org/observations/152324539","Ferocactus.viridescens"
"931","SWS1A",2023-03-25,"2023","Mirabilis","laevis",NA,NA,"","","https://www.inaturalist.org/observations/152324583","Mirabilis.laevis"
"932","SWS1A",2023-03-25,"2023","Adenostoma","fasciculatum",NA,NA,"","","https://www.inaturalist.org/observations/152324606","Adenostoma.fasciculatum"
"933","SWS1A",2023-03-25,"2023","Apiastrum","angustifolium",NA,NA,"","","https://www.inaturalist.org/observations/152324627","Apiastrum.angustifolium"
"934","SWS1A",2023-03-25,"2023","Nuttallanthus","texanus",NA,NA,"","","https://www.inaturalist.org/observations/152324667","Nuttallanthus.texanus"
"935","SWS1A",2023-03-25,"2023","Pseudognaphalium","californicum",NA,NA,"","","https://www.inaturalist.org/observations/152324686","Pseudognaphalium.californicum"
"936","SWS1A",2023-03-25,"2023","Bahiopsis","laciniata",NA,NA,"","","https://www.inaturalist.org/observations/152324774","Bahiopsis.laciniata"
"937",NA,2023-03-25,"2023","Dudleya","pulverulenta",NA,NA,"","","https://www.inaturalist.org/observations/152324827","Dudleya.pulverulenta"
"938",NA,2023-03-25,"2023","Ferocactus","viridescens",NA,NA,"","","https://www.inaturalist.org/observations/152324844","Ferocactus.viridescens"
"939","SWS1A",2023-03-25,"2023","Calystegia","macrostegia",NA,NA,"","","https://www.inaturalist.org/observations/152324877","Calystegia.macrostegia"
"940","SWS1A",2023-03-25,"2023","Eriogonum","fasciculatum",NA,NA,"","","https://www.inaturalist.org/observations/152324927","Eriogonum.fasciculatum"
"941","SWS1A",2023-03-25,"2023","Bahiopsis","laciniata",NA,NA,"","","https://www.inaturalist.org/observations/152324942","Bahiopsis.laciniata"
"942","SWS1A",2023-03-25,"2023","Dipterostemon","capitatus",NA,NA,"","","https://www.inaturalist.org/observations/152324958","Dipterostemon.capitatus"
"943","SWS1A",2023-03-25,"2023","Phacelia","cicutaria",NA,NA,"","","https://www.inaturalist.org/observations/152324967","Phacelia.cicutaria"
"944","SWS1A",2023-03-25,"2023","Phacelia","cicutaria",NA,NA,"","","https://www.inaturalist.org/observations/152325025","Phacelia.cicutaria"
"945","SWS1A",2023-03-25,"2023","Cryptantha",NA,NA,NA,"","","https://www.inaturalist.org/observations/152325070","Cryptantha"
"946","SWS1A",2023-03-25,"2023","Eriogonum","fasciculatum",NA,NA,"","","https://www.inaturalist.org/observations/152325146","Eriogonum.fasciculatum"
"947","SWS1A",2023-03-25,"2023","Hirschfeldia","incana",NA,NA,"","","https://www.inaturalist.org/observations/152325162","Hirschfeldia.incana"
"948","SWS1A",2023-03-25,"2023","Opuntia",NA,NA,NA,"","","https://www.inaturalist.org/observations/152325182","Opuntia"
"949","SWS1A",2023-03-25,"2023","Bahiopsis","laciniata",NA,NA,"","","https://www.inaturalist.org/observations/152325267","Bahiopsis.laciniata"
"950","SWS1A",2023-03-25,"2023","Linanthus","dianthiflorus",NA,NA,"","","https://www.inaturalist.org/observations/152325292","Linanthus.dianthiflorus"
"951","SWS1A",2023-03-25,"2023","Opuntia",NA,NA,NA,"","","https://www.inaturalist.org/observations/152325306","Opuntia"
"952","SWS1A",2023-03-25,"2023","Adenostoma","fasciculatum",NA,NA,"","","https://www.inaturalist.org/observations/152325394","Adenostoma.fasciculatum"
"953","SWEA",2023-03-25,"2023","Eriogonum","fasciculatum",NA,NA,"","","https://www.inaturalist.org/observations/152325580","Eriogonum.fasciculatum"
"954","SWEA",2023-03-25,"2023","Eriogonum","fasciculatum",NA,NA,"","","https://www.inaturalist.org/observations/152325719","Eriogonum.fasciculatum"
"955","SWEA",2023-03-25,"2023","Hirschfeldia","incana",NA,NA,"","","https://www.inaturalist.org/observations/152325731","Hirschfeldia.incana"
"956","SWEA",2023-03-25,"2023","Bahiopsis","laciniata",NA,NA,"","","https://www.inaturalist.org/observations/152325740","Bahiopsis.laciniata"
"957","SWEA",2023-03-25,"2023","Plagiobothrys",NA,NA,NA,"","","https://www.inaturalist.org/observations/152325780","Plagiobothrys"
"958","SWEA",2023-03-25,"2023","Erodium","cicutarium",NA,NA,"","","https://www.inaturalist.org/observations/152325846","Erodium.cicutarium"
"959","SWEA",2023-03-25,"2023","Acmispon","strigosus",NA,NA,"","","https://www.inaturalist.org/observations/152325854","Acmispon.strigosus"
"960","SWEA",2023-03-25,"2023","Dipterostemon","capitatus",NA,NA,"","","https://www.inaturalist.org/observations/152325880","Dipterostemon.capitatus"
"961","SWEA",2023-03-25,"2023","Hirschfeldia","incana",NA,NA,"","","https://www.inaturalist.org/observations/152325889","Hirschfeldia.incana"
"962","SWEA",2023-03-25,"2023","Phacelia","cicutaria",NA,NA,"","","https://www.inaturalist.org/observations/152325994","Phacelia.cicutaria"
"963","SWEA",2023-03-25,"2023","Bahiopsis","laciniata",NA,NA,"","","https://www.inaturalist.org/observations/152326027","Bahiopsis.laciniata"
"964","SWI4",2023-03-25,"2023","Hypochaeris",NA,NA,NA,"","","https://www.inaturalist.org/observations/152326050","Hypochaeris"
"965","SWI4",2023-03-25,"2023","Bahiopsis","laciniata",NA,NA,"","","https://www.inaturalist.org/observations/152326063","Bahiopsis.laciniata"
"966","SWI4",2023-03-25,"2023","Hypochaeris","glabra",NA,NA,"","","https://www.inaturalist.org/observations/152326221","Hypochaeris.glabra"
"967","SWI4",2023-03-25,"2023","Nuttallanthus","texanus",NA,NA,"","","https://www.inaturalist.org/observations/152326244","Nuttallanthus.texanus"
"968","SWI4",2023-03-25,"2023","Erodium","moschatum",NA,NA,"","","https://www.inaturalist.org/observations/152326307","Erodium.moschatum"
"969","SWI4",2023-03-25,"2023","Marah","macrocarpa",NA,NA,"","","https://www.inaturalist.org/observations/152326325","Marah.macrocarpa"
"970","SWI4",2023-03-25,"2023","",NA,NA,NA,"","","https://www.inaturalist.org/observations/152326364",""
"971","SWI4",2023-03-25,"2023","Hirschfeldia","incana",NA,NA,"","","https://www.inaturalist.org/observations/152326386","Hirschfeldia.incana"
"972","SWI4",2023-03-25,"2023","Gilia","angelensis",NA,NA,"","","https://www.inaturalist.org/observations/152326443","Gilia.angelensis"
"973","SWI4",2023-03-25,"2023","Amsinckia",NA,NA,NA,"","","https://www.inaturalist.org/observations/152326484","Amsinckia"
"974","SWI4",2023-03-25,"2023","Camissoniopsis",NA,NA,NA,"","","https://www.inaturalist.org/observations/152326526","Camissoniopsis"
"975","SWI4",2023-03-25,"2023","Silene","gallica",NA,NA,"","","https://www.inaturalist.org/observations/152326557","Silene.gallica"
"976","SWI4",2023-03-25,"2023","Dipterostemon","capitatus",NA,NA,"","","https://www.inaturalist.org/observations/152326597","Dipterostemon.capitatus"
"977","SWI4",2023-03-25,"2023","Camissoniopsis","bistorta",NA,NA,"Nikon 200mm f/4 ED-IF AF Micro-NIKKOR, San Diego National Wildlife Refuge Complex, Z50","","https://www.inaturalist.org/observations/152327894","Camissoniopsis.bistorta"
"978","SWI4",2023-03-25,"2023","Eriogonum","fasciculatum",NA,NA,"Nikon 200mm f/4 ED-IF AF Micro-NIKKOR, San Diego National Wildlife Refuge Complex, Z50","","https://www.inaturalist.org/observations/152328032","Eriogonum.fasciculatum"
"979","SWI4",2023-03-25,"2023","Silene","gallica",NA,NA,"Nikon 200mm f/4 ED-IF AF Micro-NIKKOR, San Diego National Wildlife Refuge Complex, Z50","","https://www.inaturalist.org/observations/152328571","Silene.gallica"
"980","SWI4",2023-03-25,"2023","Hypochaeris","glabra",NA,NA,"Nikon 200mm f/4 ED-IF AF Micro-NIKKOR, San Diego National Wildlife Refuge Complex, Z50","","https://www.inaturalist.org/observations/152328731","Hypochaeris.glabra"
"981","SWI4",2023-03-25,"2023","Hedypnois","rhagadioloides",NA,NA,"Nikon 200mm f/4 ED-IF AF Micro-NIKKOR, San Diego National Wildlife Refuge Complex, Z50","","https://www.inaturalist.org/observations/152329188","Hedypnois.rhagadioloides"
"982","ECR4",2023-03-26,"2023","Dipterostemon","capitatus",NA,NA,"Elliott Chaparral Reserve, Nikon 200mm f/4 ED-IF AF Micro-NIKKOR, Z50","","https://www.inaturalist.org/observations/152450164","Dipterostemon.capitatus"
"983","ECR4",2023-03-26,"2023","Cneoridium","dumosum",NA,NA,"Elliott Chaparral Reserve, Nikon 200mm f/4 ED-IF AF Micro-NIKKOR, Z50","","https://www.inaturalist.org/observations/152450279","Cneoridium.dumosum"
"984","ECR4",2023-03-26,"2023","Mirabilis","laevis",NA,NA,"Elliott Chaparral Reserve, Nikon 200mm f/4 ED-IF AF Micro-NIKKOR, Z50","","https://www.inaturalist.org/observations/152450614","Mirabilis.laevis"
"985","ECR4",2023-03-26,"2023","Cryptantha",NA,NA,NA,"Elliott Chaparral Reserve, Nikon 200mm f/4 ED-IF AF Micro-NIKKOR, Z50","","https://www.inaturalist.org/observations/152450732","Cryptantha"
"986","ECR4",2023-03-26,"2023","Salvia","columbariae",NA,NA,"Elliott Chaparral Reserve, Nikon 200mm f/4 ED-IF AF Micro-NIKKOR, Z50","","https://www.inaturalist.org/observations/152451634","Salvia.columbariae"
"987","ECR5",2023-03-26,"2023","Lysimachia","arvensis",NA,NA,"","","https://www.inaturalist.org/observations/152452251","Lysimachia.arvensis"
"988","ECR5",2023-03-26,"2023","Salvia","mellifera",NA,NA,"","","https://www.inaturalist.org/observations/152452267","Salvia.mellifera"
"989","ECR5",2023-03-26,"2023","",NA,NA,NA,"","","https://www.inaturalist.org/observations/152452288",""
"990","ECR5",2023-03-26,"2023","Dipterostemon","capitatus",NA,NA,"","","https://www.inaturalist.org/observations/152452343","Dipterostemon.capitatus"
"991","ECR5",2023-03-26,"2023","Scutellaria","tuberosa",NA,NA,"","","https://www.inaturalist.org/observations/152452354","Scutellaria.tuberosa"
"992","ECR5",2023-03-26,"2023","",NA,NA,NA,"","","https://www.inaturalist.org/observations/152452384",""
"993","ECR5",2023-03-26,"2023","Nuttallanthus","texanus",NA,NA,"","","https://www.inaturalist.org/observations/152452553","Nuttallanthus.texanus"
"994","ECR5",2023-03-26,"2023","Allium","praecox",NA,NA,"","","https://www.inaturalist.org/observations/152452592","Allium.praecox"
"995","ECR5",2023-03-26,"2023","Camissoniopsis",NA,NA,NA,"","","https://www.inaturalist.org/observations/152452866","Camissoniopsis"
"996","ECR5",2023-03-26,"2023","Dipterostemon","capitatus",NA,NA,"","","https://www.inaturalist.org/observations/152452985","Dipterostemon.capitatus"
"997","ECR5",2023-03-26,"2023","Acmispon","glaber",NA,NA,"","","https://www.inaturalist.org/observations/152453011","Acmispon.glaber"
"998","ECR5",2023-03-26,"2023","Eriodictyon","crassifolium",NA,NA,"","","https://www.inaturalist.org/observations/152453015","Eriodictyon.crassifolium"
"999","ECR5",2023-03-26,"2023","Castilleja","densiflora",NA,NA,"","","https://www.inaturalist.org/observations/152453046","Castilleja.densiflora"
"1000","ECR4",2023-03-26,"2023","Salvia","mellifera",NA,NA,"","","https://www.inaturalist.org/observations/152453103","Salvia.mellifera"
"1001","ECR4",2023-03-26,"2023","Cryptantha",NA,NA,NA,"","","https://www.inaturalist.org/observations/152453345","Cryptantha"
"1002","ECR4",2023-03-26,"2023","Castilleja","densiflora",NA,NA,"","","https://www.inaturalist.org/observations/152453387","Castilleja.densiflora"
"1003","ECR4",2023-03-26,"2023","Calystegia","macrostegia",NA,NA,"","","https://www.inaturalist.org/observations/152453428","Calystegia.macrostegia"
"1004","ECR4",2023-03-26,"2023","Caulanthus","heterophyllus",NA,NA,"","","https://www.inaturalist.org/observations/152453608","Caulanthus.heterophyllus"
"1005","ECR4",2023-03-26,"2023","Acmispon","glaber",NA,NA,"","","https://www.inaturalist.org/observations/152453727","Acmispon.glaber"
"1006","ECR4",2023-03-26,"2023","Eriophyllum","confertiflorum",NA,NA,"","","https://www.inaturalist.org/observations/152453792","Eriophyllum.confertiflorum"
"1007","ECR4",2023-03-26,"2023","Solanum","parishii",NA,NA,"","","https://www.inaturalist.org/observations/152453833","Solanum.parishii"
"1008","ECR4",2023-03-26,"2023","Diplacus","puniceus",NA,NA,"","","https://www.inaturalist.org/observations/152453919","Diplacus.puniceus"
"1009","ECR4",2023-03-26,"2023","Cistus","ladanifer",NA,NA,"","","https://www.inaturalist.org/observations/152453966","Cistus.ladanifer"
"1010","ECR4",2023-03-26,"2023","Dipterostemon","capitatus",NA,NA,"","","https://www.inaturalist.org/observations/152454248","Dipterostemon.capitatus"
"1011","ECR4",2023-03-26,"2023","Eriogonum","fasciculatum",NA,NA,"","","https://www.inaturalist.org/observations/152454277","Eriogonum.fasciculatum"
"1012","ECR4",2023-03-26,"2023","Hedypnois","rhagadioloides",NA,NA,"","","https://www.inaturalist.org/observations/152454305","Hedypnois.rhagadioloides"
"1013","ECR4",2023-03-26,"2023","Salvia","columbariae",NA,NA,"","","https://www.inaturalist.org/observations/152454350","Salvia.columbariae"
"1014","ECR4",2023-03-26,"2023","Mirabilis","laevis",NA,NA,"","","https://www.inaturalist.org/observations/152454465","Mirabilis.laevis"
"1015","ECR4",2023-03-26,"2023","Cneoridium","dumosum",NA,NA,"","","https://www.inaturalist.org/observations/152454511","Cneoridium.dumosum"
"1016","MTS2",2023-03-26,"2023","Solanum","parishii",NA,NA,"","","https://www.inaturalist.org/observations/152454679","Solanum.parishii"
"1017","MTS2",2023-03-26,"2023","Nuttallanthus","texanus",NA,NA,"","","https://www.inaturalist.org/observations/152454908","Nuttallanthus.texanus"
"1018","MTS2",2023-03-26,"2023","Erodium","cicutarium",NA,NA,"","","https://www.inaturalist.org/observations/152454938","Erodium.cicutarium"
"1019","MTS2",2023-03-26,"2023","Lupinus",NA,NA,NA,"","","https://www.inaturalist.org/observations/152455016","Lupinus"
"1020","MTS2",2023-03-26,"2023","Marah","macrocarpa",NA,NA,"","","https://www.inaturalist.org/observations/152455067","Marah.macrocarpa"
"1021","MTS2",2023-03-26,"2023","Hirschfeldia","incana",NA,NA,"","","https://www.inaturalist.org/observations/152455107","Hirschfeldia.incana"
"1022","MTS2",2023-03-26,"2023","",NA,NA,NA,"","","https://www.inaturalist.org/observations/152455155",""
"1023","ECR4",2023-03-26,"2023","Eriogonum","fasciculatum",NA,NA,"Elliott Chaparral Reserve, Nikon 200mm f/4 ED-IF AF Micro-NIKKOR, Z50","","https://www.inaturalist.org/observations/152465761","Eriogonum.fasciculatum"
"1024","ECR5",2023-03-26,"2023","Castilleja",NA,NA,NA,"Elliott Chaparral Reserve, Nikon 200mm f/4 ED-IF AF Micro-NIKKOR, Z50","","https://www.inaturalist.org/observations/152465822","Castilleja"
"1025","ECR4",2023-03-26,"2023","Caulanthus","heterophyllus",NA,NA,"Elliott Chaparral Reserve, Nikon 200mm f/4 ED-IF AF Micro-NIKKOR, Z50","","https://www.inaturalist.org/observations/152466500","Caulanthus.heterophyllus"
"1026","ECR5",2023-03-26,"2023","Lysimachia","arvensis",NA,NA,"Elliott Chaparral Reserve, Nikon 200mm f/4 ED-IF AF Micro-NIKKOR, Z50","","https://www.inaturalist.org/observations/152467374","Lysimachia.arvensis"
"1027","ECR5",2023-03-26,"2023","Allium","praecox",NA,NA,"Elliott Chaparral Reserve, Nikon 200mm f/4 ED-IF AF Micro-NIKKOR, Z50","","https://www.inaturalist.org/observations/152468408","Allium.praecox"
"1028","ECR5",2023-03-26,"2023","Eriogonum","fasciculatum",NA,NA,"Elliott Chaparral Reserve, Nikon 200mm f/4 ED-IF AF Micro-NIKKOR, Z50","","https://www.inaturalist.org/observations/152476603","Eriogonum.fasciculatum"
"1029","ECR5",2023-03-26,"2023","Ottleya",NA,NA,NA,"Elliott Chaparral Reserve, Nikon 200mm f/4 ED-IF AF Micro-NIKKOR, Z50","","https://www.inaturalist.org/observations/152477058","Ottleya"
"1030","ECR4",2023-03-26,"2023","Eriogonum","fasciculatum",NA,NA,"Elliott Chaparral Reserve, Nikon 200mm f/4 ED-IF AF Micro-NIKKOR, Z50","1 - 10","https://www.inaturalist.org/observations/152512805","Eriogonum.fasciculatum"
"1031","ECR4",2023-03-26,"2023","Calystegia","macrostegia",NA,NA,"Elliott Chaparral Reserve, Nikon 200mm f/4 ED-IF AF Micro-NIKKOR, Z50","11 - 100","https://www.inaturalist.org/observations/152513022","Calystegia.macrostegia"
"1032","ECR4",2023-03-26,"2023","Acmispon","glaber",NA,NA,"Elliott Chaparral Reserve, Nikon 200mm f/4 ED-IF AF Micro-NIKKOR, Z50","","https://www.inaturalist.org/observations/152515796","Acmispon.glaber"
"1033","ECR4",2023-03-26,"2023","Stylocline","gnaphaloides",NA,NA,"Elliott Chaparral Reserve, Nikon 200mm f/4 ED-IF AF Micro-NIKKOR, Z50","","https://www.inaturalist.org/observations/152516421","Stylocline.gnaphaloides"
"1034","ECR4",2023-03-26,"2023","Rhus","integrifolia",NA,NA,"Elliott Chaparral Reserve, Nikon 200mm f/4 ED-IF AF Micro-NIKKOR, Z50","","https://www.inaturalist.org/observations/152517128","Rhus.integrifolia"
"1035","ECR5",2023-03-26,"2023","Erodium","cicutarium",NA,NA,"Elliott Chaparral Reserve, Nikon 200mm f/4 ED-IF AF Micro-NIKKOR, Z50","","https://www.inaturalist.org/observations/152517475","Erodium.cicutarium"
"1036","ECR5",2023-03-26,"2023","Eriodictyon","crassifolium",NA,NA,"Elliott Chaparral Reserve, Nikon 200mm f/4 ED-IF AF Micro-NIKKOR, Z50","","https://www.inaturalist.org/observations/152517974","Eriodictyon.crassifolium"
"1037","ECR5",2023-03-26,"2023","Crocanthemum",NA,NA,NA,"Elliott Chaparral Reserve, Nikon 200mm f/4 ED-IF AF Micro-NIKKOR, Z50","1 - 10","https://www.inaturalist.org/observations/152518526","Crocanthemum"
"1038","ECR4",2023-03-26,"2023","Salvia","mellifera",NA,NA,"Elliott Chaparral Reserve, Nikon 200mm f/4 ED-IF AF Micro-NIKKOR, Z50","","https://www.inaturalist.org/observations/152519044","Salvia.mellifera"
"1039","ECR4",2023-03-26,"2023","Eriophyllum","confertiflorum",NA,NA,"Elliott Chaparral Reserve, Nikon 200mm f/4 ED-IF AF Micro-NIKKOR, Z50","","https://www.inaturalist.org/observations/152519087","Eriophyllum.confertiflorum"
"1040","ECR5",2023-03-26,"2023","Marah","macrocarpa",NA,NA,"Elliott Chaparral Reserve, Nikon 200mm f/4 ED-IF AF Micro-NIKKOR, Z50","","https://www.inaturalist.org/observations/152519434","Marah.macrocarpa"
"1041","ECR5",2023-03-26,"2023","Scutellaria","tuberosa",NA,NA,"Elliott Chaparral Reserve, Nikon 200mm f/4 ED-IF AF Micro-NIKKOR, Z50","","https://www.inaturalist.org/observations/152520371","Scutellaria.tuberosa"
"1042","ECR5",2023-03-26,"2023","Camissoniopsis",NA,NA,NA,"Elliott Chaparral Reserve, Nikon 200mm f/4 ED-IF AF Micro-NIKKOR, Z50","","https://www.inaturalist.org/observations/152521081","Camissoniopsis"
"1043","MTS1A",2023-03-27,"2023","Scrophularia","californica",NA,NA,"","","https://www.inaturalist.org/observations/152585862","Scrophularia.californica"
"1044","SWS10",2023-03-27,"2023","Limonium","sinuatum",NA,NA,"","","https://www.inaturalist.org/observations/152585931","Limonium.sinuatum"
"1045","SWS10",2023-03-27,"2023","Cistus","creticus",NA,NA,"","","https://www.inaturalist.org/observations/152586021","Cistus.creticus"
"1046","SWS10",2023-03-27,"2023","Hedypnois","rhagadioloides",NA,NA,"","","https://www.inaturalist.org/observations/152586085","Hedypnois.rhagadioloides"
"1047","SWS10",2023-03-27,"2023","Raphanus","raphanistrum",NA,NA,"","","https://www.inaturalist.org/observations/152586119","Raphanus.raphanistrum"
"1048","SWS10",2023-03-27,"2023","Hirschfeldia","incana",NA,NA,"","","https://www.inaturalist.org/observations/152586133","Hirschfeldia.incana"
"1049","SWS10",2023-03-27,"2023","Acmispon","glaber",NA,NA,"","","https://www.inaturalist.org/observations/152586177","Acmispon.glaber"
"1050","MTS1A",2023-03-27,"2023","Acmispon","glaber",NA,NA,"","","https://www.inaturalist.org/observations/152586311","Acmispon.glaber"
"1051","MTS1A",2023-03-27,"2023","Phacelia","cicutaria",NA,NA,"","","https://www.inaturalist.org/observations/152586327","Phacelia.cicutaria"
"1052","MTS1A",2023-03-27,"2023","Pseudognaphalium","californicum",NA,NA,"","","https://www.inaturalist.org/observations/152586420","Pseudognaphalium.californicum"
"1053","MTS1A",2023-03-27,"2023","Marah","macrocarpa",NA,NA,"","","https://www.inaturalist.org/observations/152586463","Marah.macrocarpa"
"1054","MTS1A",2023-03-27,"2023","Mirabilis","laevis",NA,NA,"","","https://www.inaturalist.org/observations/152586516","Mirabilis.laevis"
"1055","MTS1A",2023-03-27,"2023","Phacelia","cicutaria",NA,NA,"","","https://www.inaturalist.org/observations/152586579","Phacelia.cicutaria"
"1056","MTS1A",2023-03-27,"2023","Dipterostemon","capitatus",NA,NA,"","","https://www.inaturalist.org/observations/152586585","Dipterostemon.capitatus"
"1057","MTS1A",2023-03-27,"2023","Rhus","integrifolia",NA,NA,"","","https://www.inaturalist.org/observations/152586641","Rhus.integrifolia"
"1058","MTS1A",2023-03-27,"2023","Clematis",NA,NA,NA,"","","https://www.inaturalist.org/observations/152586645","Clematis"
"1059","MTS1A",2023-03-27,"2023","Bahiopsis","laciniata",NA,NA,"","","https://www.inaturalist.org/observations/152586693","Bahiopsis.laciniata"
"1060","MTI2",2023-03-28,"2023","Calystegia","macrostegia",NA,NA,"","","https://www.inaturalist.org/observations/152700537","Calystegia.macrostegia"
"1061","MTI2",2023-03-28,"2023","Dipterostemon","capitatus",NA,NA,"","","https://www.inaturalist.org/observations/152700569","Dipterostemon.capitatus"
"1062","MTI2",2023-03-28,"2023","Eriodictyon","crassifolium",NA,NA,"","","https://www.inaturalist.org/observations/152700572","Eriodictyon.crassifolium"
"1063","MTI2",2023-03-28,"2023","Salvia","mellifera",NA,NA,"","","https://www.inaturalist.org/observations/152700577","Salvia.mellifera"
"1064","MTI2",2023-03-28,"2023","Acmispon","glaber",NA,NA,"","","https://www.inaturalist.org/observations/152700748","Acmispon.glaber"
"1065","MTI2",2023-03-28,"2023","Phacelia","parryi",NA,NA,"","","https://www.inaturalist.org/observations/152700881","Phacelia.parryi"
"1066","MTI2",2023-03-28,"2023","Eriogonum","fasciculatum",NA,NA,"","","https://www.inaturalist.org/observations/152700914","Eriogonum.fasciculatum"
"1067","MTI2",2023-03-28,"2023","Bahiopsis","laciniata",NA,NA,"","","https://www.inaturalist.org/observations/152700918","Bahiopsis.laciniata"
"1068","MTE4",2023-03-28,"2023","Eriogonum","fasciculatum",NA,NA,"","","https://www.inaturalist.org/observations/152701216","Eriogonum.fasciculatum"
"1069","MTE4",2023-03-28,"2023","Allium","praecox",NA,NA,"","","https://www.inaturalist.org/observations/152701357","Allium.praecox"
"1070","MTE4",2023-03-28,"2023","Acmispon","glaber",NA,NA,"","","https://www.inaturalist.org/observations/152701370","Acmispon.glaber"
"1071","MTE4",2023-03-28,"2023","Bahiopsis","laciniata",NA,NA,"","","https://www.inaturalist.org/observations/152701376","Bahiopsis.laciniata"
"1072","MTE4",2023-03-28,"2023","Eriogonum","fasciculatum",NA,NA,"","","https://www.inaturalist.org/observations/152701378","Eriogonum.fasciculatum"
"1073","MTE4",2023-03-28,"2023","Yucca","schidigera",NA,NA,"","","https://www.inaturalist.org/observations/152701412","Yucca.schidigera"
"1074","MTE4",2023-03-28,"2023","Diplacus","puniceus",NA,NA,"","","https://www.inaturalist.org/observations/152701425","Diplacus.puniceus"
"1075","MTE4",2023-03-28,"2023","Yucca","schidigera",NA,NA,"","","https://www.inaturalist.org/observations/152701477","Yucca.schidigera"
"1076","MTE4",2023-03-28,"2023","Salvia","mellifera",NA,NA,"","","https://www.inaturalist.org/observations/152701487","Salvia.mellifera"
"1077","MTE4",2023-03-28,"2023","Lupinus","succulentus",NA,NA,"","","https://www.inaturalist.org/observations/152701501","Lupinus.succulentus"
"1078","MTE3",2023-03-28,"2023","Hirschfeldia","incana",NA,NA,"","","https://www.inaturalist.org/observations/152701539","Hirschfeldia.incana"
"1079","MTE3",2023-03-28,"2023","Mirabilis","laevis",NA,NA,"","","https://www.inaturalist.org/observations/152701577","Mirabilis.laevis"
"1080","MTE3",2023-03-28,"2023","Pseudognaphalium","biolettii",NA,NA,"","","https://www.inaturalist.org/observations/152701596","Pseudognaphalium.biolettii"
"1081",NA,2023-03-28,"2023","Salvia","munzii",NA,NA,"","","https://www.inaturalist.org/observations/152701625","Salvia.munzii"
"1082","MTE3",2023-03-28,"2023","Cleomella","arborea",NA,NA,"","","https://www.inaturalist.org/observations/152701657","Cleomella.arborea"
"1083",NA,2023-03-28,"2023","Allium","haematochiton",NA,NA,"","","https://www.inaturalist.org/observations/152701663","Allium.haematochiton"
"1084","MTE3",2023-03-28,"2023","Solanum",NA,NA,NA,"","","https://www.inaturalist.org/observations/152701700","Solanum"
"1085","MTE3",2023-03-28,"2023","Dipterostemon","capitatus",NA,NA,"","","https://www.inaturalist.org/observations/152701728","Dipterostemon.capitatus"
"1086","MTE3",2023-03-28,"2023","Encelia","californica",NA,NA,"","","https://www.inaturalist.org/observations/152701762","Encelia.californica"
"1087","MTE3",2023-03-28,"2023","Cryptantha",NA,NA,NA,"","","https://www.inaturalist.org/observations/152701829","Cryptantha"
"1088","MTE3",2023-03-28,"2023","Salvia","mellifera",NA,NA,"","","https://www.inaturalist.org/observations/152701836","Salvia.mellifera"
"1089","MTE3",2023-03-28,"2023","Encelia","californica",NA,NA,"","","https://www.inaturalist.org/observations/152701887","Encelia.californica"
"1090","MTS7",2023-04-11,"2023","Eriodictyon","crassifolium",NA,NA,"",">10000","https://www.inaturalist.org/observations/154520572","Eriodictyon.crassifolium"
"1091","MTS7",2023-04-11,"2023","Lonicera","subspicata",NA,NA,"100-1000","101 - 1000","https://www.inaturalist.org/observations/154520575","Lonicera.subspicata"
"1092","MTS7",2023-04-11,"2023","Marah","macrocarpa",NA,NA,"","1001 - 10000","https://www.inaturalist.org/observations/154520583","Marah.macrocarpa"
"1093","MTS7",2023-04-11,"2023","Hirschfeldia","incana",NA,NA,"",">10000","https://www.inaturalist.org/observations/154520585","Hirschfeldia.incana"
"1094","MTS7",2023-04-11,"2023","Solanum","parishii",NA,NA,"100-1000","101 - 1000","https://www.inaturalist.org/observations/154520586","Solanum.parishii"
"1095","MTS7",2023-04-11,"2023","Acmispon","glaber",NA,NA,"",">10000","https://www.inaturalist.org/observations/154520588","Acmispon.glaber"
"1096","MTS7",2023-04-11,"2023","Eriodictyon","crassifolium",NA,NA,">10000",">10000","https://www.inaturalist.org/observations/154520590","Eriodictyon.crassifolium"
"1097","MTS7",2023-04-11,"2023","Diplacus","puniceus",NA,NA,"100-1000","101 - 1000","https://www.inaturalist.org/observations/154520591","Diplacus.puniceus"
"1098","MTS7",2023-04-11,"2023","Lysimachia","arvensis",NA,NA,"","101 - 1000","https://www.inaturalist.org/observations/154520592","Lysimachia.arvensis"
"1099","MTS7",2023-04-11,"2023","Camissoniopsis",NA,NA,NA,"",">10000","https://www.inaturalist.org/observations/154520593","Camissoniopsis"
"1100","MTS7",2023-04-11,"2023","Melilotus","indicus",NA,NA,">10000",">10000","https://www.inaturalist.org/observations/154520596","Melilotus.indicus"
"1101","MTS7",2023-04-11,"2023","Raphanus","raphanistrum",NA,NA,"","101 - 1000","https://www.inaturalist.org/observations/154520597","Raphanus.raphanistrum"
"1102","MTS7",2023-04-11,"2023","Erodium","cicutarium",NA,NA,"","101 - 1000","https://www.inaturalist.org/observations/154520598","Erodium.cicutarium"
"1103","MTS7",2023-04-11,"2023","Camissoniopsis",NA,NA,NA,"",">10000","https://www.inaturalist.org/observations/154520599","Camissoniopsis"
"1104","MTS7",2023-04-11,"2023","Acmispon","glaber",NA,NA,"","1001 - 10000","https://www.inaturalist.org/observations/154520600","Acmispon.glaber"
"1105","MTS7",2023-04-11,"2023","Bahiopsis","laciniata",NA,NA,"1000-10000","1001 - 10000","https://www.inaturalist.org/observations/154520601","Bahiopsis.laciniata"
"1106","MTS7",2023-04-11,"2023","Camissoniopsis",NA,NA,NA,"","1001 - 10000","https://www.inaturalist.org/observations/154520603","Camissoniopsis"
"1107","MTS7",2023-04-11,"2023","Calystegia","macrostegia",NA,NA,"","11 - 100","https://www.inaturalist.org/observations/154520605","Calystegia.macrostegia"
"1108","SWS3",2023-04-11,"2023","Erodium","botrys",NA,NA,"","1001 - 10000","https://www.inaturalist.org/observations/154523549","Erodium.botrys"
"1109","SWS3",2023-04-11,"2023","Acmispon","glaber",NA,NA,"","101 - 1000","https://www.inaturalist.org/observations/154523550","Acmispon.glaber"
"1110","SWS3",2023-04-11,"2023","Hypochaeris","glabra",NA,NA,"","11 - 100","https://www.inaturalist.org/observations/154523551","Hypochaeris.glabra"
"1111","SWS3",2023-04-11,"2023","Eriogonum","fasciculatum",NA,NA,"","11 - 100","https://www.inaturalist.org/observations/154523552","Eriogonum.fasciculatum"
"1112","SWS3",2023-04-11,"2023","Solanum","parishii",NA,NA,"100-1000","101 - 1000","https://www.inaturalist.org/observations/154523553","Solanum.parishii"
"1113","SWS3",2023-04-11,"2023","Raphanus","raphanistrum",NA,NA,"","1 - 10","https://www.inaturalist.org/observations/154523554","Raphanus.raphanistrum"
"1114","SWS3",2023-04-11,"2023","Salvia",NA,NA,NA,"","1 - 10","https://www.inaturalist.org/observations/154523555","Salvia"
"1115","SWS3",2023-04-11,"2023","Yucca","schidigera",NA,NA,"","1 - 10","https://www.inaturalist.org/observations/154523556","Yucca.schidigera"
"1116","SWS3",2023-04-11,"2023","Calandrinia","menziesii",NA,NA,"","1 - 10","https://www.inaturalist.org/observations/154523557","Calandrinia.menziesii"
"1117","SWS3",2023-04-11,"2023","Camissoniopsis",NA,NA,NA,"","1001 - 10000","https://www.inaturalist.org/observations/154523558","Camissoniopsis"
"1118","SWS3",2023-04-11,"2023","Salvia","mellifera",NA,NA,"",">10000","https://www.inaturalist.org/observations/154523559","Salvia.mellifera"
"1119","SWS3",2023-04-11,"2023","Cryptantha",NA,NA,NA,"","1001 - 10000","https://www.inaturalist.org/observations/154523560","Cryptantha"
"1120","SWS3",2023-04-11,"2023","Nuttallanthus","texanus",NA,NA,"","11 - 100","https://www.inaturalist.org/observations/154523561","Nuttallanthus.texanus"
"1121","SWS3",2023-04-11,"2023","Acmispon","glaber",NA,NA,"","101 - 1000","https://www.inaturalist.org/observations/154523562","Acmispon.glaber"
"1122","SWS3",2023-04-11,"2023","Diplacus","puniceus",NA,NA,"","11 - 100","https://www.inaturalist.org/observations/154523563","Diplacus.puniceus"
"1123","SWS3",2023-04-11,"2023","Castilleja","densiflora",NA,NA,"","101 - 1000","https://www.inaturalist.org/observations/154523565","Castilleja.densiflora"
"1124","SWS3",2023-04-11,"2023","Hirschfeldia","incana",NA,NA,"","1001 - 10000","https://www.inaturalist.org/observations/154523569","Hirschfeldia.incana"
"1125","SWS3",2023-04-11,"2023","Camissoniopsis",NA,NA,NA,"","101 - 1000","https://www.inaturalist.org/observations/154523572","Camissoniopsis"
"1126","SWS3",2023-04-11,"2023","Mirabilis","laevis",NA,NA,"","11 - 100","https://www.inaturalist.org/observations/154523573","Mirabilis.laevis"
"1127","SWS3",2023-04-11,"2023","Cleomella","arborea",NA,NA,"","11 - 100","https://www.inaturalist.org/observations/154523574","Cleomella.arborea"
"1128","SWS3",2023-04-11,"2023","Calystegia","macrostegia",NA,NA,"","1 - 10","https://www.inaturalist.org/observations/154523575","Calystegia.macrostegia"
"1129","SWS3",2023-04-11,"2023","Glebionis","coronaria",NA,NA,"","11 - 100","https://www.inaturalist.org/observations/154523576","Glebionis.coronaria"
"1130","MTS6",2023-04-11,"2023","Eriophyllum","confertiflorum",NA,NA,"","1001 - 10000","https://www.inaturalist.org/observations/154523577","Eriophyllum.confertiflorum"
"1131","MTS6",2023-04-11,"2023","Salvia","mellifera",NA,NA,"",">10000","https://www.inaturalist.org/observations/154523580","Salvia.mellifera"
"1132","MTS6",2023-04-11,"2023","Calochortus","splendens",NA,NA,"","1 - 10","https://www.inaturalist.org/observations/154524072","Calochortus.splendens"
"1133","MTS6",2023-04-11,"2023","Eriophyllum","confertiflorum",NA,NA,"","101 - 1000","https://www.inaturalist.org/observations/154524073","Eriophyllum.confertiflorum"
"1134","MTS6",2023-04-11,"2023","Nuttallanthus","texanus",NA,NA,"","11 - 100","https://www.inaturalist.org/observations/154524074","Nuttallanthus.texanus"
"1135","MTS6",2023-04-11,"2023","Eucrypta","chrysanthemifolia",NA,NA,"10-100","","https://www.inaturalist.org/observations/154524076","Eucrypta.chrysanthemifolia"
"1136","MTS6",2023-04-11,"2023","Calochortus","splendens",NA,NA,"","1 - 10","https://www.inaturalist.org/observations/154524077","Calochortus.splendens"
"1137","MTS6",2023-04-11,"2023","Cryptantha",NA,NA,NA,">10000",">10000","https://www.inaturalist.org/observations/154524078","Cryptantha"
"1138","MTS6",2023-04-11,"2023","Malacothamnus","fasciculatus",NA,NA,"","101 - 1000","https://www.inaturalist.org/observations/154524305","Malacothamnus.fasciculatus"
"1139","MTS6",2023-04-11,"2023","Dipterostemon","capitatus",NA,NA,"","11 - 100","https://www.inaturalist.org/observations/154524308","Dipterostemon.capitatus"
"1140","MTS6",2023-04-11,"2023","Salvia","mellifera",NA,NA,">10000",">10000","https://www.inaturalist.org/observations/154524310","Salvia.mellifera"
"1141","MTS6",2023-04-11,"2023","Opuntia",NA,NA,NA,"","11 - 100","https://www.inaturalist.org/observations/154524735","Opuntia"
"1142","MTS6",2023-04-11,"2023","Salvia","mellifera",NA,NA,">10000",">10000","https://www.inaturalist.org/observations/154524736","Salvia.mellifera"
"1143","MTS6",2023-04-11,"2023","Acmispon","glaber",NA,NA,"","101 - 1000","https://www.inaturalist.org/observations/154524742","Acmispon.glaber"
"1144","MTS6",2023-04-11,"2023","Camissoniopsis","hirtella",NA,NA,"","1001 - 10000","https://www.inaturalist.org/observations/154524743","Camissoniopsis.hirtella"
"1145","MTS6",2023-04-11,"2023","Cryptantha",NA,NA,NA,"",">10000","https://www.inaturalist.org/observations/154524744","Cryptantha"
"1146","MTS6",2023-04-11,"2023","Lysimachia","arvensis",NA,NA,"","101 - 1000","https://www.inaturalist.org/observations/154524747","Lysimachia.arvensis"
"1147","MTS6",2023-04-11,"2023","Cleomella","arborea",NA,NA,"","11 - 100","https://www.inaturalist.org/observations/154524748","Cleomella.arborea"
"1148","MTS6",2023-04-11,"2023","Nuttallanthus","texanus",NA,NA,"","11 - 100","https://www.inaturalist.org/observations/154524749","Nuttallanthus.texanus"
"1149","SWS3",2023-04-11,"2023","Silene","gallica",NA,NA,"","11 - 100","https://www.inaturalist.org/observations/154524753","Silene.gallica"
"1150","SWS3",2023-04-11,"2023","Sisyrinchium","bellum",NA,NA,"","11 - 100","https://www.inaturalist.org/observations/154524754","Sisyrinchium.bellum"
"1151","MTS7",2023-04-11,"2023","Encelia","californica",NA,NA,"","101 - 1000","https://www.inaturalist.org/observations/154524755","Encelia.californica"
"1152","ECR4",2023-04-14,"2023","Lupinus","agardhianus",NA,NA,"200mm f/4 ED-IF AF Micro-NIKKOR, Elliott Chaparral Reserve, Z50","1 - 10","https://www.inaturalist.org/observations/154901660","Lupinus.agardhianus"
"1153","ECR4",2023-04-14,"2023","Eriophyllum","confertiflorum",NA,NA,"200mm f/4 ED-IF AF Micro-NIKKOR, Elliott Chaparral Reserve, Z50","11 - 100","https://www.inaturalist.org/observations/154902880","Eriophyllum.confertiflorum"
"1154","ECR4",2023-04-14,"2023","Mirabilis","laevis",NA,NA,"200mm f/4 ED-IF AF Micro-NIKKOR, Elliott Chaparral Reserve, Z50","101 - 1000","https://www.inaturalist.org/observations/154903029","Mirabilis.laevis"
"1155","ECR4",2023-04-14,"2023","Cneoridium","dumosum",NA,NA,"200mm f/4 ED-IF AF Micro-NIKKOR, Elliott Chaparral Reserve, Z50","11 - 100","https://www.inaturalist.org/observations/154903589","Cneoridium.dumosum"
"1156","ECR4",2023-04-14,"2023","Cryptantha","intermedia",NA,NA,"200mm f/4 ED-IF AF Micro-NIKKOR, Elliott Chaparral Reserve, Z50",">10000","https://www.inaturalist.org/observations/154903781","Cryptantha.intermedia"
"1157","ECR4",2023-04-14,"2023","Calystegia","macrostegia",NA,NA,"200mm f/4 ED-IF AF Micro-NIKKOR, Elliott Chaparral Reserve, Z50","11 - 100","https://www.inaturalist.org/observations/154904111","Calystegia.macrostegia"
"1158","ECR4",2023-04-14,"2023","Sairocarpus","pusillus",NA,NA,"200mm f/4 ED-IF AF Micro-NIKKOR, Elliott Chaparral Reserve, Z50","11 - 100","https://www.inaturalist.org/observations/154905250","Sairocarpus.pusillus"
"1159","ECR4",2023-04-14,"2023","Crassula","connata",NA,NA,"200mm f/4 ED-IF AF Micro-NIKKOR, Elliott Chaparral Reserve, Z50","11 - 100","https://www.inaturalist.org/observations/154905761","Crassula.connata"
"1160","ECR4",2023-04-14,"2023","Dipterostemon","capitatus",NA,NA,"200mm f/4 ED-IF AF Micro-NIKKOR, Elliott Chaparral Reserve, Z50","101 - 1000","https://www.inaturalist.org/observations/154905989","Dipterostemon.capitatus"
"1161","ECR4",2023-04-14,"2023","Salvia","columbariae",NA,NA,"200mm f/4 ED-IF AF Micro-NIKKOR, Elliott Chaparral Reserve, Z50","","https://www.inaturalist.org/observations/154916942","Salvia.columbariae"
"1162","ECR4",2023-04-14,"2023","Eriogonum","fasciculatum",NA,NA,"","11 - 100","https://www.inaturalist.org/observations/154919440","Eriogonum.fasciculatum"
"1163","ECR4",2023-04-14,"2023","Salvia","columbariae",NA,NA,"","11 - 100","https://www.inaturalist.org/observations/154919441","Salvia.columbariae"
"1164","ECR4",2023-04-14,"2023","Acmispon","glaber",NA,NA,"","101 - 1000","https://www.inaturalist.org/observations/154919443","Acmispon.glaber"
"1165","ECR4",2023-04-14,"2023","Castilleja","densiflora",NA,NA,"","11 - 100","https://www.inaturalist.org/observations/154919444","Castilleja.densiflora"
"1166","ECR4",2023-04-14,"2023","Hypochaeris","glabra",NA,NA,"","11 - 100","https://www.inaturalist.org/observations/154919445","Hypochaeris.glabra"
"1167","ECR4",2023-04-14,"2023","Calochortus","splendens",NA,NA,"","1 - 10","https://www.inaturalist.org/observations/154919447","Calochortus.splendens"
"1168","ECR4",2023-04-14,"2023","Hedypnois","rhagadioloides",NA,NA,"","","https://www.inaturalist.org/observations/154919448","Hedypnois.rhagadioloides"
"1169","ECR4",2023-04-14,"2023","Dipterostemon","capitatus",NA,NA,"","101 - 1000","https://www.inaturalist.org/observations/154919451","Dipterostemon.capitatus"
"1170","ECR4",2023-04-14,"2023","Cistus","ladanifer",NA,NA,"","11 - 100","https://www.inaturalist.org/observations/154919453","Cistus.ladanifer"
"1171","ECR4",2023-04-14,"2023","Acmispon","strigosus",NA,NA,"","1 - 10","https://www.inaturalist.org/observations/154919454","Acmispon.strigosus"
"1172","ECR4",2023-04-14,"2023","Salvia","mellifera",NA,NA,"","1001 - 10000","https://www.inaturalist.org/observations/154919455","Salvia.mellifera"
"1173","ECR4",2023-04-14,"2023","Adenostoma","fasciculatum",NA,NA,"","101 - 1000","https://www.inaturalist.org/observations/154919457","Adenostoma.fasciculatum"
"1174","ECR4",2023-04-14,"2023","Cryptantha",NA,NA,NA,"","1001 - 10000","https://www.inaturalist.org/observations/154919458","Cryptantha"
"1175","ECR4",2023-04-14,"2023","Mirabilis","laevis",NA,NA,"","11 - 100","https://www.inaturalist.org/observations/154919461","Mirabilis.laevis"
"1176","ECR4",2023-04-14,"2023","Nuttallanthus","texanus",NA,NA,"200mm f/4 ED-IF AF Micro-NIKKOR, Elliott Chaparral Reserve, Z50","","https://www.inaturalist.org/observations/154919485","Nuttallanthus.texanus"
"1177","ECR4",2023-04-14,"2023","Adenostoma","fasciculatum",NA,NA,"200mm f/4 ED-IF AF Micro-NIKKOR, Elliott Chaparral Reserve, Z50","","https://www.inaturalist.org/observations/154919968","Adenostoma.fasciculatum"
"1178","ECR5",2023-04-14,"2023","Toxicoscordion","fremontii",NA,NA,"","11 - 100","https://www.inaturalist.org/observations/154919992","Toxicoscordion.fremontii"
"1179","ECR4",2023-04-14,"2023","",NA,NA,NA,"200mm f/4 ED-IF AF Micro-NIKKOR, Elliott Chaparral Reserve, Z50","","https://www.inaturalist.org/observations/154920192",""
"1180","ECR5",2023-04-14,"2023","Lysimachia","arvensis",NA,NA,"200mm f/4 ED-IF AF Micro-NIKKOR, Elliott Chaparral Reserve, Z50","","https://www.inaturalist.org/observations/154920530","Lysimachia.arvensis"
"1181","ECR5",2023-04-14,"2023","Allium","praecox",NA,NA,"","1 - 10","https://www.inaturalist.org/observations/154921519","Allium.praecox"
"1182","ECR5",2023-04-14,"2023","",NA,NA,NA,"","11 - 100","https://www.inaturalist.org/observations/154921520",""
"1183","ECR5",2023-04-14,"2023","Eriodictyon","crassifolium",NA,NA,"","1001 - 10000","https://www.inaturalist.org/observations/154921521","Eriodictyon.crassifolium"
"1184","ECR5",2023-04-14,"2023","Acmispon","glaber",NA,NA,"","101 - 1000","https://www.inaturalist.org/observations/154921522","Acmispon.glaber"
"1185","ECR5",2023-04-14,"2023","Camissoniopsis",NA,NA,NA,"","101 - 1000","https://www.inaturalist.org/observations/154921523","Camissoniopsis"
"1186","ECR5",2023-04-14,"2023","Adenostoma","fasciculatum",NA,NA,"","1001 - 10000","https://www.inaturalist.org/observations/154921524","Adenostoma.fasciculatum"
"1187","ECR5",2023-04-14,"2023","Salvia","mellifera",NA,NA,"","1001 - 10000","https://www.inaturalist.org/observations/154921525","Salvia.mellifera"
"1188","ECR5",2023-04-14,"2023","Toxicoscordion","fremontii",NA,NA,"","101 - 1000","https://www.inaturalist.org/observations/154921526","Toxicoscordion.fremontii"
"1189","ECR5",2023-04-14,"2023","Dipterostemon","capitatus",NA,NA,"","101 - 1000","https://www.inaturalist.org/observations/154921527","Dipterostemon.capitatus"
"1190","ECR5",2023-04-14,"2023","Adenostoma","fasciculatum",NA,NA,"","101 - 1000","https://www.inaturalist.org/observations/154921528","Adenostoma.fasciculatum"
"1191","ECR5",2023-04-14,"2023","Sairocarpus","pusillus",NA,NA,"","11 - 100","https://www.inaturalist.org/observations/154921530","Sairocarpus.pusillus"
"1192","ECR5",2023-04-14,"2023","Nuttallanthus","texanus",NA,NA,"","101 - 1000","https://www.inaturalist.org/observations/154921533","Nuttallanthus.texanus"
"1193","ECR5",2023-04-14,"2023","Castilleja","densiflora",NA,NA,"","101 - 1000","https://www.inaturalist.org/observations/154921535","Castilleja.densiflora"
"1194","ECR5",2023-04-14,"2023","Silene","gallica",NA,NA,"","11 - 100","https://www.inaturalist.org/observations/154921538","Silene.gallica"
"1195","ECR5",2023-04-14,"2023","Scutellaria","tuberosa",NA,NA,"","11 - 100","https://www.inaturalist.org/observations/154921539","Scutellaria.tuberosa"
"1196","ECR5",2023-04-14,"2023","",NA,NA,NA,"","101 - 1000","https://www.inaturalist.org/observations/154921543",""
"1197","ECR5",2023-04-14,"2023","Senecio","vulgaris",NA,NA,"","11 - 100","https://www.inaturalist.org/observations/154921544","Senecio.vulgaris"
"1198","ECR5",2023-04-14,"2023","Toxicoscordion","fremontii",NA,NA,"200mm f/4 ED-IF AF Micro-NIKKOR, Elliott Chaparral Reserve, Z50","","https://www.inaturalist.org/observations/154921692","Toxicoscordion.fremontii"
"1199","ECR5",2023-04-14,"2023","Eriogonum","fasciculatum",NA,NA,"200mm f/4 ED-IF AF Micro-NIKKOR, Elliott Chaparral Reserve, Z50","","https://www.inaturalist.org/observations/154921880","Eriogonum.fasciculatum"
"1200","MTS2",2023-04-14,"2023","Hirschfeldia","incana",NA,NA,"",">10000","https://www.inaturalist.org/observations/154922097","Hirschfeldia.incana"
"1201","MTS2",2023-04-14,"2023","Camissoniopsis","bistorta",NA,NA,"",">10000","https://www.inaturalist.org/observations/154922098","Camissoniopsis.bistorta"
"1202","MTS2",2023-04-14,"2023","Solanum","parishii",NA,NA,"","11 - 100","https://www.inaturalist.org/observations/154922105","Solanum.parishii"
"1203","MTS2",2023-04-14,"2023","Cryptantha",NA,NA,NA,"",">10000","https://www.inaturalist.org/observations/154922106","Cryptantha"
"1204","MTS2",2023-04-14,"2023","Nuttallanthus","texanus",NA,NA,"","11 - 100","https://www.inaturalist.org/observations/154922107","Nuttallanthus.texanus"
"1205","MTS2",2023-04-14,"2023","Lysimachia","arvensis",NA,NA,"","11 - 100","https://www.inaturalist.org/observations/154922109","Lysimachia.arvensis"
"1206","MTS2",2023-04-14,"2023","Raphanus","raphanistrum",NA,NA,"","1 - 10","https://www.inaturalist.org/observations/154922110","Raphanus.raphanistrum"
"1207","MTS2",2023-04-14,"2023","Hirschfeldia","incana",NA,NA,"",">10000","https://www.inaturalist.org/observations/154922111","Hirschfeldia.incana"
"1208","MTS2",2023-04-14,"2023","Salvia","columbariae",NA,NA,"","11 - 100","https://www.inaturalist.org/observations/154922113","Salvia.columbariae"
"1209","MTS2",2023-04-14,"2023","Hypochaeris","glabra",NA,NA,"","11 - 100","https://www.inaturalist.org/observations/154922114","Hypochaeris.glabra"
"1210","MTS2",2023-04-14,"2023","Camissoniopsis",NA,NA,NA,"",">10000","https://www.inaturalist.org/observations/154922115","Camissoniopsis"
"1211","MTS2",2023-04-14,"2023","Erodium","botrys",NA,NA,"",">10000","https://www.inaturalist.org/observations/154922116","Erodium.botrys"
"1212","MTS2",2023-04-14,"2023","Solanum","parishii",NA,NA,"","101 - 1000","https://www.inaturalist.org/observations/154922117","Solanum.parishii"
"1213","MTS2",2023-04-14,"2023","Salvia","mellifera",NA,NA,"",">10000","https://www.inaturalist.org/observations/154922121","Salvia.mellifera"
"1214","MTS2",2023-04-14,"2023","Lonicera","subspicata",NA,NA,"","101 - 1000","https://www.inaturalist.org/observations/154922123","Lonicera.subspicata"
"1215","MTS2",2023-04-14,"2023","Acmispon","glaber",NA,NA,"","101 - 1000","https://www.inaturalist.org/observations/154922124","Acmispon.glaber"
"1216","MTS2",2023-04-14,"2023","Silene","gallica",NA,NA,"","11 - 100","https://www.inaturalist.org/observations/154922128","Silene.gallica"
"1217","ECR4",2023-04-14,"2023","Cneoridium","dumosum",NA,NA,"","11 - 100","https://www.inaturalist.org/observations/154922136","Cneoridium.dumosum"
"1218","ECR4",2023-04-14,"2023","Calystegia","macrostegia",NA,NA,"","11 - 100","https://www.inaturalist.org/observations/154922138","Calystegia.macrostegia"
"1219","ECR4",2023-04-14,"2023","Salvia","mellifera",NA,NA,"","1001 - 10000","https://www.inaturalist.org/observations/154922142","Salvia.mellifera"
"1220","ECR5",2023-04-14,"2023","Scutellaria","tuberosa",NA,NA,"200mm f/4 ED-IF AF Micro-NIKKOR, Elliott Chaparral Reserve, Z50","","https://www.inaturalist.org/observations/154922617","Scutellaria.tuberosa"
"1221","ECR5",2023-04-14,"2023","Castilleja","densiflora",NA,NA,"200mm f/4 ED-IF AF Micro-NIKKOR, Elliott Chaparral Reserve, Z50","","https://www.inaturalist.org/observations/155024176","Castilleja.densiflora"
"1222","SWS10",2023-04-15,"2023","Raphanus",NA,NA,NA,"","11 - 100","https://www.inaturalist.org/observations/155099170","Raphanus"
"1223","SWS10",2023-04-15,"2023","Melilotus","indicus",NA,NA,"","1001 - 10000","https://www.inaturalist.org/observations/155099171","Melilotus.indicus"
"1224","SWS10",2023-04-15,"2023","Erodium","botrys",NA,NA,"","1001 - 10000","https://www.inaturalist.org/observations/155099172","Erodium.botrys"
"1225","SWS10",2023-04-15,"2023","Limonium","sinuatum",NA,NA,"","","https://www.inaturalist.org/observations/155099173","Limonium.sinuatum"
"1226","SWS10",2023-04-15,"2023","Cistus","creticus",NA,NA,"","11 - 100","https://www.inaturalist.org/observations/155099174","Cistus.creticus"
"1227","SWS10",2023-04-15,"2023","Hirschfeldia","incana",NA,NA,"","1001 - 10000","https://www.inaturalist.org/observations/155099175","Hirschfeldia.incana"
"1228","SWS10",2023-04-15,"2023","Pseudognaphalium","stramineum",NA,NA,"","","https://www.inaturalist.org/observations/155099176","Pseudognaphalium.stramineum"
"1229","SWS10",2023-04-15,"2023","Acmispon","glaber",NA,NA,"","","https://www.inaturalist.org/observations/155099177","Acmispon.glaber"
"1230","SWI4",2023-04-15,"2023","Linanthus","dianthiflorus",NA,NA,"","11 - 100","https://www.inaturalist.org/observations/155099179","Linanthus.dianthiflorus"
"1231","SWI4",2023-04-15,"2023","Lasthenia",NA,NA,NA,"","1 - 10","https://www.inaturalist.org/observations/155099180","Lasthenia"
"1232","SWI4",2023-04-15,"2023","Pseudognaphalium","biolettii",NA,NA,"","11 - 100","https://www.inaturalist.org/observations/155102390","Pseudognaphalium.biolettii"
"1233","SWI4",2023-04-15,"2023","Oxalis",NA,NA,NA,"","11 - 100","https://www.inaturalist.org/observations/155102391","Oxalis"
"1234","SWI4",2023-04-15,"2023","Eriogonum","fasciculatum",NA,NA,"","11 - 100","https://www.inaturalist.org/observations/155102392","Eriogonum.fasciculatum"
"1235","SWI4",2023-04-15,"2023","Camissoniopsis",NA,NA,NA,"","11 - 100","https://www.inaturalist.org/observations/155102398","Camissoniopsis"
"1236","SWI4",2023-04-15,"2023","Bahiopsis","laciniata",NA,NA,"","11 - 100","https://www.inaturalist.org/observations/155102399","Bahiopsis.laciniata"
"1237","SWI4",2023-04-15,"2023","Diplacus","puniceus",NA,NA,"","101 - 1000","https://www.inaturalist.org/observations/155102403","Diplacus.puniceus"
"1238","SWI4",2023-04-15,"2023","Dipterostemon","capitatus",NA,NA,"","11 - 100","https://www.inaturalist.org/observations/155102406","Dipterostemon.capitatus"
"1239","SWI4",2023-04-15,"2023","Cryptantha",NA,NA,NA,"",">10000","https://www.inaturalist.org/observations/155102408","Cryptantha"
"1240","SWI4",2023-04-15,"2023","Acmispon","strigosus",NA,NA,"","101 - 1000","https://www.inaturalist.org/observations/155102414","Acmispon.strigosus"
"1241","SWI4",2023-04-15,"2023","Amsinckia","menziesii",NA,NA,"","1 - 10","https://www.inaturalist.org/observations/155102422","Amsinckia.menziesii"
"1242","SWEA",2023-04-15,"2023","Amsinckia","menziesii",NA,NA,"","11 - 100","https://www.inaturalist.org/observations/155102423","Amsinckia.menziesii"
"1243","SWEA",2023-04-15,"2023","Sonchus","oleraceus",NA,NA,"","1 - 10","https://www.inaturalist.org/observations/155102427","Sonchus.oleraceus"
"1244","SWEA",2023-04-15,"2023","Erodium","cicutarium",NA,NA,"","1001 - 10000","https://www.inaturalist.org/observations/155102429","Erodium.cicutarium"
"1245","SWEA",2023-04-15,"2023","Nuttallanthus","texanus",NA,NA,"","11 - 100","https://www.inaturalist.org/observations/155102434","Nuttallanthus.texanus"
"1246","SWEA",2023-04-15,"2023","Eriogonum","fasciculatum",NA,NA,"","101 - 1000","https://www.inaturalist.org/observations/155102437","Eriogonum.fasciculatum"
"1247","SWEA",2023-04-15,"2023","Gilia","angelensis",NA,NA,"","1 - 10","https://www.inaturalist.org/observations/155102440","Gilia.angelensis"
"1248","SWEA",2023-04-15,"2023","Cryptantha",NA,NA,NA,"","1001 - 10000","https://www.inaturalist.org/observations/155102443","Cryptantha"
"1249","SWEA",2023-04-15,"2023","Ottleya",NA,NA,NA,"","1001 - 10000","https://www.inaturalist.org/observations/155102444","Ottleya"
"1250","SWEA",2023-04-15,"2023","Bahiopsis","laciniata",NA,NA,"",">10000","https://www.inaturalist.org/observations/155102445","Bahiopsis.laciniata"
"1251","SWEA",2023-04-15,"2023","Dipterostemon","capitatus",NA,NA,"","11 - 100","https://www.inaturalist.org/observations/155102446","Dipterostemon.capitatus"
"1252","SWEA",2023-04-15,"2023","Mirabilis","laevis",NA,NA,"","101 - 1000","https://www.inaturalist.org/observations/155102447","Mirabilis.laevis"
"1253","SWEA",2023-04-15,"2023","Phacelia","cicutaria",NA,NA,"","1001 - 10000","https://www.inaturalist.org/observations/155102449","Phacelia.cicutaria"
"1254","SWS1A",2023-04-15,"2023","Gilia","angelensis",NA,NA,"","1 - 10","https://www.inaturalist.org/observations/155102455","Gilia.angelensis"
"1255","SWS1A",2023-04-15,"2023","Camissoniopsis",NA,NA,NA,"","11 - 100","https://www.inaturalist.org/observations/155102456","Camissoniopsis"
"1256","SWS1A",2023-04-15,"2023","Apiastrum","angustifolium",NA,NA,"","101 - 1000","https://www.inaturalist.org/observations/155102457","Apiastrum.angustifolium"
"1257","SWS1A",2023-04-15,"2023","Cryptantha",NA,NA,NA,"","1001 - 10000","https://www.inaturalist.org/observations/155102458","Cryptantha"
"1258","SWS1A",2023-04-15,"2023","Euphorbia","polycarpa",NA,NA,"","1 - 10","https://www.inaturalist.org/observations/155102459","Euphorbia.polycarpa"
"1259","SWS1A",2023-04-15,"2023","Calystegia","macrostegia",NA,NA,"","11 - 100","https://www.inaturalist.org/observations/155102461","Calystegia.macrostegia"
"1260","SWS1A",2023-04-15,"2023","Phacelia","cicutaria",NA,NA,"","11 - 100","https://www.inaturalist.org/observations/155102462","Phacelia.cicutaria"
"1261","SWS1A",2023-04-15,"2023","Nuttallanthus","texanus",NA,NA,"","1 - 10","https://www.inaturalist.org/observations/155103198","Nuttallanthus.texanus"
"1262","SWS1A",2023-04-15,"2023","Camissoniopsis",NA,NA,NA,"","11 - 100","https://www.inaturalist.org/observations/155103199","Camissoniopsis"
"1263","SWS1A",2023-04-15,"2023","Dipterostemon","capitatus",NA,NA,"","11 - 100","https://www.inaturalist.org/observations/155103201","Dipterostemon.capitatus"
"1264","SWS1A",2023-04-15,"2023","Linanthus","dianthiflorus",NA,NA,"","11 - 100","https://www.inaturalist.org/observations/155103203","Linanthus.dianthiflorus"
"1265","SWS1A",2023-04-15,"2023","Bahiopsis","laciniata",NA,NA,"","1001 - 10000","https://www.inaturalist.org/observations/155103204","Bahiopsis.laciniata"
"1266","SWS1A",2023-04-15,"2023","Bahiopsis","laciniata",NA,NA,"","1001 - 10000","https://www.inaturalist.org/observations/155103205","Bahiopsis.laciniata"
"1267","SWS1A",2023-04-15,"2023","Pseudognaphalium","californicum",NA,NA,"","1 - 10","https://www.inaturalist.org/observations/155103207","Pseudognaphalium.californicum"
"1268","SWS1A",2023-04-15,"2023","Opuntia",NA,NA,NA,"","11 - 100","https://www.inaturalist.org/observations/155103208","Opuntia"
"1269","SWS1A",2023-04-15,"2023","Lysimachia","arvensis",NA,NA,"","101 - 1000","https://www.inaturalist.org/observations/155103209","Lysimachia.arvensis"
"1270","SWS1A",2023-04-15,"2023","Eriogonum","fasciculatum",NA,NA,"","101 - 1000","https://www.inaturalist.org/observations/155103212","Eriogonum.fasciculatum"
"1271","SWS1A",2023-04-15,"2023","Hirschfeldia","incana",NA,NA,"",">10000","https://www.inaturalist.org/observations/155103213","Hirschfeldia.incana"
"1272",NA,2023-04-15,"2023","Ferocactus","viridescens",NA,NA,"","","https://www.inaturalist.org/observations/155103214","Ferocactus.viridescens"
"1273",NA,2023-04-15,"2023","Ferocactus","viridescens",NA,NA,"","","https://www.inaturalist.org/observations/155103216","Ferocactus.viridescens"
"1274",NA,2023-04-15,"2023","Ferocactus","viridescens",NA,NA,"","","https://www.inaturalist.org/observations/155103219","Ferocactus.viridescens"
"1275","MTS1A",2023-04-16,"2023","Pseudognaphalium","californicum",NA,NA,"","1 - 10","https://www.inaturalist.org/observations/155288697","Pseudognaphalium.californicum"
"1276","MTS1A",2023-04-16,"2023","Eriogonum","fasciculatum",NA,NA,"","11 - 100","https://www.inaturalist.org/observations/155288698","Eriogonum.fasciculatum"
"1277","MTS1A",2023-04-16,"2023","Bahiopsis","laciniata",NA,NA,"","11 - 100","https://www.inaturalist.org/observations/155288701","Bahiopsis.laciniata"
"1278","MTS1A",2023-04-16,"2023","Mirabilis","laevis",NA,NA,"","1 - 10","https://www.inaturalist.org/observations/155288702","Mirabilis.laevis"
"1279","MTS1A",2023-04-16,"2023","Marah","macrocarpa",NA,NA,"","11 - 100","https://www.inaturalist.org/observations/155288703","Marah.macrocarpa"
"1280","MTS1A",2023-04-16,"2023","Glebionis","coronaria",NA,NA,"","11 - 100","https://www.inaturalist.org/observations/155288705","Glebionis.coronaria"
"1281","MTS1A",2023-04-16,"2023","Acmispon","glaber",NA,NA,"","11 - 100","https://www.inaturalist.org/observations/155288707","Acmispon.glaber"
"1282","MTS1A",2023-04-16,"2023","Solanum","douglasii",NA,NA,"","11 - 100","https://www.inaturalist.org/observations/155288716","Solanum.douglasii"
"1283","MTS1A",2023-04-16,"2023","Pseudognaphalium","californicum",NA,NA,"","1 - 10","https://www.inaturalist.org/observations/155289184","Pseudognaphalium.californicum"
"1284","MTE4",2023-04-16,"2023","Lupinus","succulentus",NA,NA,"","101 - 1000","https://www.inaturalist.org/observations/155289186","Lupinus.succulentus"
"1285","MTE4",2023-04-16,"2023","Bahiopsis","laciniata",NA,NA,"","101 - 1000","https://www.inaturalist.org/observations/155289187","Bahiopsis.laciniata"
"1286","MTE4",2023-04-16,"2023","Erodium","botrys",NA,NA,"","11 - 100","https://www.inaturalist.org/observations/155289189","Erodium.botrys"
"1287","MTE4",2023-04-16,"2023","Melilotus","indicus",NA,NA,"","11 - 100","https://www.inaturalist.org/observations/155289190","Melilotus.indicus"
"1288","MTE4",2023-04-16,"2023","Salvia","mellifera",NA,NA,"","101 - 1000","https://www.inaturalist.org/observations/155289191","Salvia.mellifera"
"1289","MTE3",2023-04-16,"2023","Erodium","cicutarium",NA,NA,"","11 - 100","https://www.inaturalist.org/observations/155289193","Erodium.cicutarium"
"1290","MTE3",2023-04-16,"2023","Calystegia","macrostegia",NA,NA,"","1 - 10","https://www.inaturalist.org/observations/155289194","Calystegia.macrostegia"
"1291",NA,2023-04-16,"2023","Ferocactus","viridescens",NA,NA,"","","https://www.inaturalist.org/observations/155289199","Ferocactus.viridescens"
"1292","MTE3",2023-04-16,"2023","Cryptantha",NA,NA,NA,"","101 - 1000","https://www.inaturalist.org/observations/155289202","Cryptantha"
"1293","MTE3",2023-04-16,"2023","Mirabilis","laevis",NA,NA,"","1 - 10","https://www.inaturalist.org/observations/155289204","Mirabilis.laevis"
"1294","MTE3",2023-04-16,"2023","Melilotus","indicus",NA,NA,"","11 - 100","https://www.inaturalist.org/observations/155289205","Melilotus.indicus"
"1295","MTE3",2023-04-16,"2023","Cryptantha",NA,NA,NA,"","101 - 1000","https://www.inaturalist.org/observations/155289206","Cryptantha"
"1296","MTE3",2023-04-16,"2023","Encelia","californica",NA,NA,"","11 - 100","https://www.inaturalist.org/observations/155289207","Encelia.californica"
"1297","MTE3",2023-04-16,"2023","Eriogonum","fasciculatum",NA,NA,"","11 - 100","https://www.inaturalist.org/observations/155289208","Eriogonum.fasciculatum"
"1298","MTE3",2023-04-16,"2023","Acmispon","glaber",NA,NA,"","11 - 100","https://www.inaturalist.org/observations/155289210","Acmispon.glaber"
"1299","MTE3",2023-04-16,"2023","Bahiopsis","laciniata",NA,NA,"","101 - 1000","https://www.inaturalist.org/observations/155289211","Bahiopsis.laciniata"
"1300","MTE3",2023-04-16,"2023","Dipterostemon","capitatus",NA,NA,"","101 - 1000","https://www.inaturalist.org/observations/155289212","Dipterostemon.capitatus"
"1301","MTE3",2023-04-16,"2023","Cleomella","arborea",NA,NA,"","1 - 10","https://www.inaturalist.org/observations/155289213","Cleomella.arborea"
"1302","MTE3",2023-04-16,"2023","Salvia","mellifera",NA,NA,"","1001 - 10000","https://www.inaturalist.org/observations/155289214","Salvia.mellifera"
"1303","MTE4",2023-04-16,"2023","Lupinus",NA,NA,NA,"","11 - 100","https://www.inaturalist.org/observations/155289428","Lupinus"
"1304","MTI2",2023-04-16,"2023","Phacelia","cicutaria",NA,NA,"","11 - 100","https://www.inaturalist.org/observations/155289429","Phacelia.cicutaria"
"1305","MTI2",2023-04-16,"2023","Phacelia","parryi",NA,NA,"","11 - 100","https://www.inaturalist.org/observations/155290997","Phacelia.parryi"
"1306","MTI2",2023-04-16,"2023","Camissoniopsis","micrantha",NA,NA,"","11 - 100","https://www.inaturalist.org/observations/155290998","Camissoniopsis.micrantha"
"1307","MTI2",2023-04-16,"2023","Salvia","mellifera",NA,NA,"","1001 - 10000","https://www.inaturalist.org/observations/155290999","Salvia.mellifera"
"1308","MTI2",2023-04-16,"2023","",NA,NA,NA,"","1001 - 10000","https://www.inaturalist.org/observations/155291001",""
"1309","MTI2",2023-04-16,"2023","Camissoniopsis",NA,NA,NA,"","11 - 100","https://www.inaturalist.org/observations/155291003","Camissoniopsis"
"1310","MTI2",2023-04-16,"2023","Eschscholzia","californica",NA,NA,"","11 - 100","https://www.inaturalist.org/observations/155291004","Eschscholzia.californica"
"1311","MTI2",2023-04-16,"2023","Acmispon","glaber",NA,NA,"","101 - 1000","https://www.inaturalist.org/observations/155291005","Acmispon.glaber"
"1312","MTI2",2023-04-16,"2023","Erodium","cicutarium",NA,NA,"","11 - 100","https://www.inaturalist.org/observations/155291008","Erodium.cicutarium"
"1313","MTI2",2023-04-16,"2023","Mirabilis","laevis",NA,NA,"","1 - 10","https://www.inaturalist.org/observations/155291009","Mirabilis.laevis"
"1314","MTI2",2023-04-16,"2023","Eriogonum","fasciculatum",NA,NA,"","11 - 100","https://www.inaturalist.org/observations/155291011","Eriogonum.fasciculatum"
"1315","MTI2",2023-04-16,"2023","",NA,NA,NA,"","1 - 10","https://www.inaturalist.org/observations/155291012",""
"1316","MTI2",2023-04-16,"2023","Nuttallanthus","texanus",NA,NA,"","1 - 10","https://www.inaturalist.org/observations/155291013","Nuttallanthus.texanus"
"1317","MTI2",2023-04-16,"2023","Encelia","californica",NA,NA,"","11 - 100","https://www.inaturalist.org/observations/155291014","Encelia.californica"
"1318","MTI2",2023-04-16,"2023","Castilleja","exserta",NA,NA,"","11 - 100","https://www.inaturalist.org/observations/155291015","Castilleja.exserta"
"1319","MTS2",2023-04-14,"2023","Caulanthus","heterophyllus",NA,NA,"","","https://www.inaturalist.org/observations/155398481","Caulanthus.heterophyllus"
"1320","MTS2",2023-04-14,"2023","Camissoniopsis",NA,NA,NA,"","","https://www.inaturalist.org/observations/155400984","Camissoniopsis"
"1321",NA,2023-04-14,"2023","Salvia","mellifera",NA,NA,"","","https://www.inaturalist.org/observations/155400987","Salvia.mellifera"
"1322","MTS2",2023-04-14,"2023","",NA,NA,NA,"","","https://www.inaturalist.org/observations/155400992",""
"1323","MTS2",2023-04-14,"2023","Diplacus","puniceus",NA,NA,"","","https://www.inaturalist.org/observations/155403589","Diplacus.puniceus"
"1324","MTS2",2023-04-14,"2023","Yucca","schidigera",NA,NA,"","","https://www.inaturalist.org/observations/155403590","Yucca.schidigera"
"1325","MTS2",2023-04-14,"2023","Salvia","mellifera",NA,NA,"","","https://www.inaturalist.org/observations/155403591","Salvia.mellifera"
"1326",NA,2023-04-14,"2023","Salvia","apiana",NA,NA,"","","https://www.inaturalist.org/observations/155403593","Salvia.apiana"
"1327","MTS2",2023-04-14,"2023","Calystegia","macrostegia",NA,NA,"","","https://www.inaturalist.org/observations/155406015","Calystegia.macrostegia"
"1328","MTS2",2023-04-14,"2023","Dudleya","pulverulenta",NA,NA,"","","https://www.inaturalist.org/observations/155406016","Dudleya.pulverulenta"
"1329","MTS2",2023-04-14,"2023","Salvia","columbariae",NA,NA,"","","https://www.inaturalist.org/observations/155406018","Salvia.columbariae"
"1330","MTS2",2023-04-14,"2023","Sonchus","asper",NA,NA,"","1 - 10","https://www.inaturalist.org/observations/155406022","Sonchus.asper"
"1331","MTS2",2023-04-14,"2023","Artemisia","californica",NA,NA,"","","https://www.inaturalist.org/observations/155409153","Artemisia.californica"
"1332","MTS2",2023-04-14,"2023","Mutarda","nigra",NA,NA,"","","https://www.inaturalist.org/observations/155409155","Mutarda.nigra"
"1333","MTS2",2023-04-14,"2023","Lysimachia","arvensis",NA,NA,"","","https://www.inaturalist.org/observations/155409156","Lysimachia.arvensis"
"1334","MTS2",2023-04-14,"2023","",NA,NA,NA,"","","https://www.inaturalist.org/observations/155409157",""
"1335","MTS2",2023-04-14,"2023","Erodium","botrys",NA,NA,"","","https://www.inaturalist.org/observations/155409160","Erodium.botrys"
"1336","MTS2",2023-04-14,"2023","Eriogonum","fasciculatum",NA,NA,"","","https://www.inaturalist.org/observations/155409163","Eriogonum.fasciculatum"
"1337","MTS2",2023-04-14,"2023","Cortaderia",NA,NA,NA,"","","https://www.inaturalist.org/observations/155409165","Cortaderia"
"1338","MTS2",2023-04-14,"2023","Dipterostemon","capitatus",NA,NA,"","","https://www.inaturalist.org/observations/155409167","Dipterostemon.capitatus"
"1339","MTS2",2023-04-14,"2023","Camissoniopsis",NA,NA,NA,"","","https://www.inaturalist.org/observations/155409169","Camissoniopsis"
"1340","MTS2",2023-04-14,"2023","Erodium","cicutarium",NA,NA,"","","https://www.inaturalist.org/observations/155409171","Erodium.cicutarium"
"1341","MTS2",2023-04-14,"2023","",NA,NA,NA,"","","https://www.inaturalist.org/observations/155409176",""
"1342","ECR4",2023-04-14,"2023","",NA,NA,NA,"","","https://www.inaturalist.org/observations/155512294",""
"1343","ECR4",2023-04-14,"2023","",NA,NA,NA,"","","https://www.inaturalist.org/observations/155512296",""
"1344","ECR4",2023-04-14,"2023","Malosma","laurina",NA,NA,"","","https://www.inaturalist.org/observations/155512299","Malosma.laurina"
"1345","ECR4",2023-04-14,"2023","Acmispon","glaber",NA,NA,"","","https://www.inaturalist.org/observations/155512300","Acmispon.glaber"
"1346","ECR4",2023-04-14,"2023","Calochortus","splendens",NA,NA,"","","https://www.inaturalist.org/observations/155512304","Calochortus.splendens"
"1347","ECR4",2023-04-14,"2023","Eriogonum","fasciculatum",NA,NA,"","","https://www.inaturalist.org/observations/155512305","Eriogonum.fasciculatum"
"1348","ECR4",2023-04-14,"2023","Salvia","mellifera",NA,NA,"","","https://www.inaturalist.org/observations/155512307","Salvia.mellifera"
"1349","ECR4",2023-04-14,"2023","Acmispon","glaber",NA,NA,"","","https://www.inaturalist.org/observations/155512308","Acmispon.glaber"
"1350","ECR4",2023-04-14,"2023","Adenostoma","fasciculatum",NA,NA,"","","https://www.inaturalist.org/observations/155512312","Adenostoma.fasciculatum"
"1351","ECR4",2023-04-14,"2023","Chorizanthe","polygonoides",NA,NA,"","","https://www.inaturalist.org/observations/155513962","Chorizanthe.polygonoides"
"1352","ECR4",2023-04-14,"2023","Lamarckia","aurea",NA,NA,"","","https://www.inaturalist.org/observations/155513965","Lamarckia.aurea"
"1353","ECR4",2023-04-14,"2023","Silene","gallica",NA,NA,"","","https://www.inaturalist.org/observations/155513969","Silene.gallica"
"1354","ECR4",2023-04-14,"2023","Eriophyllum","confertiflorum",NA,NA,"","","https://www.inaturalist.org/observations/155513972","Eriophyllum.confertiflorum"
"1355","ECR4",2023-04-14,"2023","Lupinus",NA,NA,NA,"","","https://www.inaturalist.org/observations/155513974","Lupinus"
"1356","ECR4",2023-04-14,"2023","",NA,NA,NA,"","","https://www.inaturalist.org/observations/155519137",""
"1357","ECR4",2023-04-14,"2023","",NA,NA,NA,"","","https://www.inaturalist.org/observations/155519142",""
"1358","ECR4",2023-04-14,"2023","Crassula","connata",NA,NA,"","","https://www.inaturalist.org/observations/155519149","Crassula.connata"
"1359","ECR4",2023-04-14,"2023","Salvia","columbariae",NA,NA,"","","https://www.inaturalist.org/observations/155519154","Salvia.columbariae"
"1360","ECR4",2023-04-14,"2023","Sairocarpus","pusillus",NA,NA,"","1 - 10","https://www.inaturalist.org/observations/155519158","Sairocarpus.pusillus"
"1361","ECR4",2023-04-14,"2023","Mirabilis","laevis",NA,NA,"","","https://www.inaturalist.org/observations/155535288","Mirabilis.laevis"
"1362","ECR4",2023-04-14,"2023","Acmispon","glaber",NA,NA,"","","https://www.inaturalist.org/observations/155535291","Acmispon.glaber"
"1363","ECR5",2023-04-14,"2023","Scutellaria","tuberosa",NA,NA,"","11 - 100","https://www.inaturalist.org/observations/155553061","Scutellaria.tuberosa"
"1364","ECR5",2023-04-14,"2023","Daucus","pusillus",NA,NA,"","1 - 10","https://www.inaturalist.org/observations/155553213","Daucus.pusillus"
"1365","ECR5",2023-04-14,"2023","",NA,NA,NA,"","11 - 100","https://www.inaturalist.org/observations/155553294",""
"1366","ECR5",2023-04-14,"2023","Salvia","mellifera",NA,NA,"","","https://www.inaturalist.org/observations/155553374","Salvia.mellifera"
"1367","ECR5",2023-04-14,"2023","Allium","praecox",NA,NA,"","","https://www.inaturalist.org/observations/155553461","Allium.praecox"
"1368","ECR5",2023-04-14,"2023","",NA,NA,NA,"","","https://www.inaturalist.org/observations/155553614",""
"1369","ECR5",2023-04-14,"2023","Avena",NA,NA,NA,"","","https://www.inaturalist.org/observations/155554247","Avena"
"1370","ECR5",2023-04-14,"2023","Acmispon","glaber",NA,NA,"","","https://www.inaturalist.org/observations/155554310","Acmispon.glaber"
"1371","ECR5",2023-04-14,"2023","Sairocarpus",NA,NA,NA,"","1 - 10","https://www.inaturalist.org/observations/155554362","Sairocarpus"
"1372","ECR5",2023-04-14,"2023","Camissoniopsis",NA,NA,NA,"","11 - 100","https://www.inaturalist.org/observations/155554416","Camissoniopsis"
"1373","ECR5",2023-04-14,"2023","Toxicoscordion",NA,NA,NA,"","11 - 100","https://www.inaturalist.org/observations/155554516","Toxicoscordion"
"1374","ECR5",2023-04-14,"2023","Hooveria",NA,NA,NA,"","","https://www.inaturalist.org/observations/155554599","Hooveria"
"1375","ECR5",2023-04-14,"2023","Acmispon","glaber",NA,NA,"","","https://www.inaturalist.org/observations/155554717","Acmispon.glaber"
"1376","ECR5",2023-04-14,"2023","Adenostoma","fasciculatum",NA,NA,"","","https://www.inaturalist.org/observations/155554774","Adenostoma.fasciculatum"
"1377","ECR5",2023-04-14,"2023","Eriodictyon","crassifolium",NA,NA,"","","https://www.inaturalist.org/observations/155554802","Eriodictyon.crassifolium"
"1378","ECR5",2023-04-14,"2023","Neogaerrhinum","strictum",NA,NA,"","1 - 10","https://www.inaturalist.org/observations/155554872","Neogaerrhinum.strictum"
"1379","ECR5",2023-04-14,"2023","Toxicoscordion","fremontii",NA,NA,"","11 - 100","https://www.inaturalist.org/observations/155555085","Toxicoscordion.fremontii"
"1380","ECR5",2023-04-14,"2023","Eriogonum","fasciculatum",NA,NA,"","","https://www.inaturalist.org/observations/155555126","Eriogonum.fasciculatum"
"1381","ECR5",2023-04-14,"2023","Hooveria",NA,NA,NA,"","","https://www.inaturalist.org/observations/155555179","Hooveria"
"1382","ECR5",2023-04-14,"2023","Marah","macrocarpa",NA,NA,"","","https://www.inaturalist.org/observations/155555385","Marah.macrocarpa"
"1383","ECR5",2023-04-14,"2023","Lysimachia","arvensis",NA,NA,"","","https://www.inaturalist.org/observations/155555484","Lysimachia.arvensis"
"1384","ECR4",2023-04-14,"2023","Lepidium",NA,NA,NA,"","","https://www.inaturalist.org/observations/155555993","Lepidium"
"1385","ECR4",2023-04-14,"2023","Ottleya",NA,NA,NA,"","","https://www.inaturalist.org/observations/155556117","Ottleya"
"1386","ECR4",2023-04-14,"2023","Logfia","gallica",NA,NA,"","","https://www.inaturalist.org/observations/155556615","Logfia.gallica"
"1387","ECR4",2023-04-14,"2023","Eriogonum","fasciculatum",NA,NA,"","","https://www.inaturalist.org/observations/155556689","Eriogonum.fasciculatum"
"1388","ECR4",2023-04-14,"2023","Lepidium",NA,NA,NA,"","","https://www.inaturalist.org/observations/155556808","Lepidium"
"1389","ECR4",2023-04-14,"2023","Malosma","laurina",NA,NA,"","","https://www.inaturalist.org/observations/155556910","Malosma.laurina"
"1390","ECR4",2023-04-14,"2023","Rhus","integrifolia",NA,NA,"","","https://www.inaturalist.org/observations/155557010","Rhus.integrifolia"
"1391","ECR4",2023-04-14,"2023","",NA,NA,NA,"","","https://www.inaturalist.org/observations/155557120",""
"1392","ECR4",2023-04-14,"2023","Hypochaeris","glabra",NA,NA,"","","https://www.inaturalist.org/observations/155557312","Hypochaeris.glabra"
"1393","ECR4",2023-04-14,"2023","Lysimachia","arvensis",NA,NA,"","","https://www.inaturalist.org/observations/155557474","Lysimachia.arvensis"
"1394","ECR4",2023-04-14,"2023","Dipterostemon","capitatus",NA,NA,"","","https://www.inaturalist.org/observations/155557728","Dipterostemon.capitatus"
"1395","ECR4",2023-04-14,"2023","Artemisia","californica",NA,NA,"","","https://www.inaturalist.org/observations/155557787","Artemisia.californica"
"1396","ECR4",2023-04-14,"2023","Diplacus","puniceus",NA,NA,"","11 - 100","https://www.inaturalist.org/observations/155558073","Diplacus.puniceus"
"1397","ECR4",2023-04-14,"2023","Adenostoma","fasciculatum",NA,NA,"","","https://www.inaturalist.org/observations/155558147","Adenostoma.fasciculatum"
"1398","ECR4",2023-04-14,"2023","Acmispon","glaber",NA,NA,"","","https://www.inaturalist.org/observations/155558214","Acmispon.glaber"
"1399","ECR4",2023-04-14,"2023","Hypochaeris","glabra",NA,NA,"","","https://www.inaturalist.org/observations/155558719","Hypochaeris.glabra"
"1400","ECR4",2023-04-14,"2023","Castilleja",NA,NA,NA,"","","https://www.inaturalist.org/observations/155558831","Castilleja"
"1401","ECR4",2023-04-14,"2023","Salvia","columbariae",NA,NA,"","","https://www.inaturalist.org/observations/155558969","Salvia.columbariae"
"1402","ECR4",2023-04-14,"2023","Acmispon","glaber",NA,NA,"","","https://www.inaturalist.org/observations/155559051","Acmispon.glaber"
"1403","ECR4",2023-04-14,"2023","Calystegia","macrostegia",NA,NA,"","","https://www.inaturalist.org/observations/155559129","Calystegia.macrostegia"
"1404","ECR4",2023-04-14,"2023","Cneoridium","dumosum",NA,NA,"","","https://www.inaturalist.org/observations/155559388","Cneoridium.dumosum"
"1405","ECR4",2023-04-14,"2023","Salvia","mellifera",NA,NA,"","","https://www.inaturalist.org/observations/155559463","Salvia.mellifera"
"1406","ECR4",2023-04-14,"2023","Cneoridium","dumosum",NA,NA,"","","https://www.inaturalist.org/observations/155559502","Cneoridium.dumosum"
"1407","MTS2",2023-04-14,"2023","Calandrinia","menziesii",NA,NA,"","","https://www.inaturalist.org/observations/155560350","Calandrinia.menziesii"
"1408","MTS2",2023-04-14,"2023","Artemisia",NA,NA,NA,"","","https://www.inaturalist.org/observations/155560443","Artemisia"
"1409","MTS2",2023-04-14,"2023","Salvia",NA,NA,NA,"","","https://www.inaturalist.org/observations/155560593","Salvia"
"1410","MTS2",2023-04-14,"2023","Camissoniopsis",NA,NA,NA,"","","https://www.inaturalist.org/observations/155560956","Camissoniopsis"
"1411","MTS2",2023-04-14,"2023","Isocoma",NA,NA,NA,"","","https://www.inaturalist.org/observations/155561031","Isocoma"
"1412","MTS2",2023-04-14,"2023","Salvia","columbariae",NA,NA,"","","https://www.inaturalist.org/observations/155561231","Salvia.columbariae"
"1413","MTS2",2023-04-14,"2023","Hirschfeldia","incana",NA,NA,"","","https://www.inaturalist.org/observations/155561355","Hirschfeldia.incana"
"1414","MTS2",2023-04-14,"2023","Helminthotheca",NA,NA,NA,"","","https://www.inaturalist.org/observations/155561555","Helminthotheca"
"1415","MTS2",2023-04-14,"2023","Camissoniopsis",NA,NA,NA,"","","https://www.inaturalist.org/observations/155561877","Camissoniopsis"
"1416","MTS2",2023-04-14,"2023","Erodium","botrys",NA,NA,"","","https://www.inaturalist.org/observations/155562247","Erodium.botrys"
"1417","MTS2",2023-04-14,"2023","Eriogonum","fasciculatum",NA,NA,"","","https://www.inaturalist.org/observations/155562466","Eriogonum.fasciculatum"
"1418","MTS2",2023-04-14,"2023","Diplacus",NA,NA,NA,"","","https://www.inaturalist.org/observations/155562515","Diplacus"
"1419","MTS2",2023-04-14,"2023","Solanum",NA,NA,NA,"","","https://www.inaturalist.org/observations/155563294","Solanum"
"1420","MTS2",2023-04-14,"2023","Salvia","mellifera",NA,NA,"","","https://www.inaturalist.org/observations/155563343","Salvia.mellifera"
"1421","MTS2",2023-04-14,"2023","",NA,NA,NA,"","","https://www.inaturalist.org/observations/155563411",""
"1422","MTS2",2023-04-14,"2023","Eriogonum","fasciculatum",NA,NA,"","","https://www.inaturalist.org/observations/155563445","Eriogonum.fasciculatum"
"1423","MTS2",2023-04-14,"2023","Erodium","botrys",NA,NA,"","","https://www.inaturalist.org/observations/155563577","Erodium.botrys"
"1424","MTS2",2023-04-14,"2023","Camissoniopsis","bistorta",NA,NA,"","","https://www.inaturalist.org/observations/155563664","Camissoniopsis.bistorta"
"1425","MTS2",2023-04-14,"2023","Opuntia",NA,NA,NA,"","","https://www.inaturalist.org/observations/155563718","Opuntia"
"1426","MTS2",2023-04-14,"2023","Isocoma",NA,NA,NA,"","","https://www.inaturalist.org/observations/155563839","Isocoma"
"1427","MTS2",2023-04-14,"2023","Erodium","cicutarium",NA,NA,"","","https://www.inaturalist.org/observations/155563928","Erodium.cicutarium"
"1428","MTS2",2023-04-14,"2023","Cryptantha",NA,NA,NA,"","","https://www.inaturalist.org/observations/155563952","Cryptantha"
"1429","ECR5",2023-04-14,"2023","Camissoniopsis",NA,NA,NA,"","","https://www.inaturalist.org/observations/156363927","Camissoniopsis"
"1430","SWEA",2023-05-01,"2023","Phacelia","cicutaria",NA,NA,"Nikon 200mm f/4 ED-IF AF Micro-NIKKOR, Z50","","https://www.inaturalist.org/observations/158932732","Phacelia.cicutaria"
"1431","ECR5",2023-05-07,"2023","Calochortus","splendens",NA,NA,"Elliott Chaparral Reserve, Nikon 200mm f/4 ED-IF AF Micro-NIKKOR, Z50","11 - 100","https://www.inaturalist.org/observations/160431537","Calochortus.splendens"
"1432","ECR5",2023-05-07,"2023","Zeltnera","venusta",NA,NA,"Elliott Chaparral Reserve, Nikon 200mm f/4 ED-IF AF Micro-NIKKOR, Z50","11 - 100","https://www.inaturalist.org/observations/160437673","Zeltnera.venusta"
"1433","ECR5",2023-05-07,"2023","Zeltnera","venusta",NA,NA,"Elliott Chaparral Reserve, Nikon 200mm f/4 ED-IF AF Micro-NIKKOR, Z50","11 - 100","https://www.inaturalist.org/observations/160437851","Zeltnera.venusta"
"1434","ECR5",2023-05-07,"2023","Navarretia","hamata",NA,NA,"Elliott Chaparral Reserve, Nikon 200mm f/4 ED-IF AF Micro-NIKKOR, Z50","101 - 1000","https://www.inaturalist.org/observations/160438697","Navarretia.hamata"
"1435","ECR5",2023-05-07,"2023","Salvia","mellifera",NA,NA,"Elliott Chaparral Reserve, Nikon 200mm f/4 ED-IF AF Micro-NIKKOR, Z50",">10000","https://www.inaturalist.org/observations/160442217","Salvia.mellifera"
"1436","ECR5",2023-05-07,"2023","Zeltnera","venusta",NA,NA,"Elliott Chaparral Reserve, Nikon 200mm f/4 ED-IF AF Micro-NIKKOR, Z50","11 - 100","https://www.inaturalist.org/observations/160493923","Zeltnera.venusta"
"1437","ECR5",2023-05-07,"2023","Adenostoma","fasciculatum",NA,NA,"",">10000","https://www.inaturalist.org/observations/160509316","Adenostoma.fasciculatum"
"1438","ECR5",2023-05-07,"2023","Eriogonum","fasciculatum",NA,NA,"","11 - 100","https://www.inaturalist.org/observations/160509318","Eriogonum.fasciculatum"
"1439","ECR5",2023-05-07,"2023","Dipterostemon","capitatus",NA,NA,"","11 - 100","https://www.inaturalist.org/observations/160509320","Dipterostemon.capitatus"
"1440","ECR5",2023-05-07,"2023","Toxicoscordion","fremontii",NA,NA,"","11 - 100","https://www.inaturalist.org/observations/160509323","Toxicoscordion.fremontii"
"1441","ECR5",2023-05-07,"2023","Cryptantha",NA,NA,NA,"","101 - 1000","https://www.inaturalist.org/observations/160509324","Cryptantha"
"1442","ECR5",2023-05-07,"2023","Eriodictyon","crassifolium",NA,NA,"","101 - 1000","https://www.inaturalist.org/observations/160509328","Eriodictyon.crassifolium"
"1443","ECR5",2023-05-07,"2023","Salvia","mellifera",NA,NA,"",">10000","https://www.inaturalist.org/observations/160509329","Salvia.mellifera"
"1444","ECR5",2023-05-07,"2023","Sairocarpus","pusillus",NA,NA,"","11 - 100","https://www.inaturalist.org/observations/160509330","Sairocarpus.pusillus"
"1445","ECR5",2023-05-07,"2023","Crocanthemum",NA,NA,NA,"","11 - 100","https://www.inaturalist.org/observations/160509332","Crocanthemum"
"1446","ECR5",2023-05-07,"2023","Diplacus",NA,NA,NA,"","11 - 100","https://www.inaturalist.org/observations/160509335","Diplacus"
"1447","ECR5",2023-05-07,"2023","Navarretia","hamata",NA,NA,"","11 - 100","https://www.inaturalist.org/observations/160509336","Navarretia.hamata"
"1448","ECR5",2023-05-07,"2023","Pseudognaphalium","stramineum",NA,NA,"","1 - 10","https://www.inaturalist.org/observations/160509341","Pseudognaphalium.stramineum"
"1449","ECR5",2023-05-07,"2023","Calochortus","splendens",NA,NA,"","11 - 100","https://www.inaturalist.org/observations/160509344","Calochortus.splendens"
"1450","ECR5",2023-05-07,"2023","Hypochaeris","glabra",NA,NA,"","11 - 100","https://www.inaturalist.org/observations/160509345","Hypochaeris.glabra"
"1451","ECR4",2023-05-07,"2023","Eriogonum","fasciculatum",NA,NA,"","101 - 1000","https://www.inaturalist.org/observations/160509349","Eriogonum.fasciculatum"
"1452","ECR4",2023-05-07,"2023","Calystegia","macrostegia",NA,NA,"","11 - 100","https://www.inaturalist.org/observations/160509352","Calystegia.macrostegia"
"1453","ECR4",2023-05-07,"2023","Salvia","mellifera",NA,NA,"","1001 - 10000","https://www.inaturalist.org/observations/160509353","Salvia.mellifera"
"1454","ECR4",2023-05-07,"2023","Castilleja","densiflora",NA,NA,"","1 - 10","https://www.inaturalist.org/observations/160509354","Castilleja.densiflora"
"1455","ECR4",2023-05-07,"2023","Cryptantha",NA,NA,NA,"","11 - 100","https://www.inaturalist.org/observations/160509355","Cryptantha"
"1456","ECR4",2023-05-07,"2023","Dipterostemon","capitatus",NA,NA,"","11 - 100","https://www.inaturalist.org/observations/160509356","Dipterostemon.capitatus"
"1457","ECR4",2023-05-07,"2023","Adenostoma","fasciculatum",NA,NA,"",">10000","https://www.inaturalist.org/observations/160509357","Adenostoma.fasciculatum"
"1458","ECR4",2023-05-07,"2023","Cistus","ladanifer",NA,NA,"","1 - 10","https://www.inaturalist.org/observations/160509359","Cistus.ladanifer"
"1459","ECR4",2023-05-07,"2023","Diplacus","puniceus",NA,NA,"","11 - 100","https://www.inaturalist.org/observations/160509360","Diplacus.puniceus"
"1460","ECR4",2023-05-07,"2023","Solanum","parishii",NA,NA,"","11 - 100","https://www.inaturalist.org/observations/160509361","Solanum.parishii"
"1461","ECR4",2023-05-07,"2023","Crocanthemum",NA,NA,NA,"","1 - 10","https://www.inaturalist.org/observations/160509365","Crocanthemum"
"1462","ECR4",2023-05-07,"2023","Eriophyllum","confertiflorum",NA,NA,"","101 - 1000","https://www.inaturalist.org/observations/160509366","Eriophyllum.confertiflorum"
"1463","ECR4",2023-05-07,"2023","Acmispon","glaber",NA,NA,"","1001 - 10000","https://www.inaturalist.org/observations/160509367","Acmispon.glaber"
"1464","MTS2",2023-05-07,"2023","Solanum","parishii",NA,NA,"","11 - 100","https://www.inaturalist.org/observations/160509372","Solanum.parishii"
"1465","MTS2",2023-05-07,"2023","Yucca","schidigera",NA,NA,"","1 - 10","https://www.inaturalist.org/observations/160509375","Yucca.schidigera"
"1466","MTS2",2023-05-07,"2023","Lysimachia","arvensis",NA,NA,"","101 - 1000","https://www.inaturalist.org/observations/160509376","Lysimachia.arvensis"
"1467","MTS2",2023-05-07,"2023","Camissoniopsis",NA,NA,NA,"","1001 - 10000","https://www.inaturalist.org/observations/160509377","Camissoniopsis"
"1468","MTS2",2023-05-07,"2023","Camissoniopsis",NA,NA,NA,"","1001 - 10000","https://www.inaturalist.org/observations/160509379","Camissoniopsis"
"1469","MTS2",2023-05-07,"2023","Hirschfeldia","incana",NA,NA,"",">10000","https://www.inaturalist.org/observations/160509383","Hirschfeldia.incana"
"1470","MTS2",2023-05-07,"2023","Raphanus","raphanistrum",NA,NA,"","101 - 1000","https://www.inaturalist.org/observations/160509384","Raphanus.raphanistrum"
"1471","MTS2",2023-05-07,"2023","Navarretia",NA,NA,NA,"","101 - 1000","https://www.inaturalist.org/observations/160509385","Navarretia"
"1472","MTS2",2023-05-07,"2023","Plantago","erecta",NA,NA,"","1 - 10","https://www.inaturalist.org/observations/160509387","Plantago.erecta"
"1473","MTS2",2023-05-07,"2023","Dipterostemon","capitatus",NA,NA,"","11 - 100","https://www.inaturalist.org/observations/160509388","Dipterostemon.capitatus"
"1474","MTS2",2023-05-07,"2023","Cryptantha",NA,NA,NA,"",">10000","https://www.inaturalist.org/observations/160509389","Cryptantha"
"1475","MTS2",2023-05-07,"2023","Calystegia","macrostegia",NA,NA,"","11 - 100","https://www.inaturalist.org/observations/160509392","Calystegia.macrostegia"
"1476","MTS2",2023-05-07,"2023","Acmispon","micranthus",NA,NA,"","1 - 10","https://www.inaturalist.org/observations/160509393","Acmispon.micranthus"
"1477","MTS2",2023-05-07,"2023","Salvia","mellifera",NA,NA,"","1001 - 10000","https://www.inaturalist.org/observations/160509394","Salvia.mellifera"
"1478","MTS2",2023-05-07,"2023","Silene","gallica",NA,NA,"","1 - 10","https://www.inaturalist.org/observations/160509396","Silene.gallica"
"1479","MTS2",2023-05-07,"2023","Solanum","parishii",NA,NA,"","11 - 100","https://www.inaturalist.org/observations/160509398","Solanum.parishii"
"1480","MTS2",2023-05-07,"2023","Chaenactis","glabriuscula",NA,NA,"","1 - 10","https://www.inaturalist.org/observations/160509399","Chaenactis.glabriuscula"
"1481","MTS2",2023-05-07,"2023","Nuttallanthus","texanus",NA,NA,"","11 - 100","https://www.inaturalist.org/observations/160509401","Nuttallanthus.texanus"
"1482","MTS2",2023-05-07,"2023","Acmispon","glaber",NA,NA,"","101 - 1000","https://www.inaturalist.org/observations/160509402","Acmispon.glaber"
"1483","MTS2",2023-05-07,"2023","Linanthus","dianthiflorus",NA,NA,"","1 - 10","https://www.inaturalist.org/observations/160509403","Linanthus.dianthiflorus"
"1484","MTS2",2023-05-07,"2023","Adenostoma","fasciculatum",NA,NA,"","101 - 1000","https://www.inaturalist.org/observations/160509404","Adenostoma.fasciculatum"
"1485","MTS2",2023-05-07,"2023","Pseudognaphalium","stramineum",NA,NA,"","1 - 10","https://www.inaturalist.org/observations/160509405","Pseudognaphalium.stramineum"
"1486","MTS2",2023-05-07,"2023","Eriogonum","fasciculatum",NA,NA,"","11 - 100","https://www.inaturalist.org/observations/160509406","Eriogonum.fasciculatum"
"1487","MTS2",2023-05-07,"2023","Erodium","botrys",NA,NA,"","11 - 100","https://www.inaturalist.org/observations/160509410","Erodium.botrys"
"1488",NA,2023-05-07,"2023","Salvia","apiana",NA,NA,"","1 - 10","https://www.inaturalist.org/observations/160509411","Salvia.apiana"
"1489","MTS2",2023-05-07,"2023","Solanum","parishii",NA,NA,"","11 - 100","https://www.inaturalist.org/observations/160509413","Solanum.parishii"
"1490","ECR5",2023-05-07,"2023","Zeltnera","venusta",NA,NA,"","11 - 100","https://www.inaturalist.org/observations/160509415","Zeltnera.venusta"
"1491","ECR5",2023-05-07,"2023","Castilleja","densiflora",NA,NA,"","1 - 10","https://www.inaturalist.org/observations/160509419","Castilleja.densiflora"
"1492","ECR4",2023-05-07,"2023","Calochortus","splendens",NA,NA,"","1001 - 10000","https://www.inaturalist.org/observations/160513149","Calochortus.splendens"
"1493","SWI4",2023-05-08,"2023","Eriogonum","fasciculatum",NA,NA,"","1001 - 10000","https://www.inaturalist.org/observations/160742029","Eriogonum.fasciculatum"
"1494","SWI4",2023-05-08,"2023","Calochortus","splendens",NA,NA,"","11 - 100","https://www.inaturalist.org/observations/160742031","Calochortus.splendens"
"1495","SWI4",2023-05-08,"2023","Phacelia","cicutaria",NA,NA,"","101 - 1000","https://www.inaturalist.org/observations/160742032","Phacelia.cicutaria"
"1496","SWI4",2023-05-08,"2023","Bahiopsis","laciniata",NA,NA,"","101 - 1000","https://www.inaturalist.org/observations/160742033","Bahiopsis.laciniata"
"1497","SWI4",2023-05-08,"2023","Diplacus","puniceus",NA,NA,"","101 - 1000","https://www.inaturalist.org/observations/160742034","Diplacus.puniceus"
"1498","SWI4",2023-05-08,"2023","Camissoniopsis",NA,NA,NA,"","11 - 100","https://www.inaturalist.org/observations/160742037","Camissoniopsis"
"1499","SWI4",2023-05-08,"2023","Bahiopsis","laciniata",NA,NA,"","","https://www.inaturalist.org/observations/160742038","Bahiopsis.laciniata"
"1500","SWI4",2023-05-08,"2023","Dipterostemon","capitatus",NA,NA,"","1 - 10","https://www.inaturalist.org/observations/160742039","Dipterostemon.capitatus"
"1501","SWI4",2023-05-08,"2023","Hirschfeldia","incana",NA,NA,"","1001 - 10000","https://www.inaturalist.org/observations/160742042","Hirschfeldia.incana"
"1502","SWI4",2023-05-08,"2023","Acmispon","micranthus",NA,NA,"","1 - 10","https://www.inaturalist.org/observations/160742043","Acmispon.micranthus"
"1503","SWI4",2023-05-08,"2023","Cryptantha",NA,NA,NA,"","1001 - 10000","https://www.inaturalist.org/observations/160742045","Cryptantha"
"1504","SWI4",2023-05-08,"2023","Silene","gallica",NA,NA,"","11 - 100","https://www.inaturalist.org/observations/160742046","Silene.gallica"
"1505","SWI4",2023-05-08,"2023","Erodium","botrys",NA,NA,"","11 - 100","https://www.inaturalist.org/observations/160742047","Erodium.botrys"
"1506","SWEA",2023-05-08,"2023","Acmispon","strigosus",NA,NA,"","1 - 10","https://www.inaturalist.org/observations/160742049","Acmispon.strigosus"
"1507","SWEA",2023-05-08,"2023","Cryptantha",NA,NA,NA,"","1001 - 10000","https://www.inaturalist.org/observations/160742050","Cryptantha"
"1508","SWEA",2023-05-08,"2023","Bahiopsis","laciniata",NA,NA,"","1001 - 10000","https://www.inaturalist.org/observations/160742051","Bahiopsis.laciniata"
"1509","SWEA",2023-05-08,"2023","Hirschfeldia","incana",NA,NA,"",">10000","https://www.inaturalist.org/observations/160742052","Hirschfeldia.incana"
"1510","SWEA",2023-05-08,"2023","Centaurea","melitensis",NA,NA,"","1 - 10","https://www.inaturalist.org/observations/160742053","Centaurea.melitensis"
"1511","SWEA",2023-05-08,"2023","Mirabilis","laevis",NA,NA,"","11 - 100","https://www.inaturalist.org/observations/160742054","Mirabilis.laevis"
"1512","SWS1A",2023-05-08,"2023","Opuntia",NA,NA,NA,"","11 - 100","https://www.inaturalist.org/observations/160742058","Opuntia"
"1513","SWS1A",2023-05-08,"2023","Diplacus","brevipes",NA,NA,"","1001 - 10000","https://www.inaturalist.org/observations/160742060","Diplacus.brevipes"
"1514",NA,2023-05-08,"2023","Ferocactus","viridescens",NA,NA,"","1 - 10","https://www.inaturalist.org/observations/160742061","Ferocactus.viridescens"
"1515","SWS1A",2023-05-08,"2023","Sairocarpus","pusillus",NA,NA,"","11 - 100","https://www.inaturalist.org/observations/160742062","Sairocarpus.pusillus"
"1516","SWS1A",2023-05-08,"2023","Phacelia","cicutaria",NA,NA,"","11 - 100","https://www.inaturalist.org/observations/160742063","Phacelia.cicutaria"
"1517","SWS1A",2023-05-08,"2023","Eriogonum","fasciculatum",NA,NA,"","1001 - 10000","https://www.inaturalist.org/observations/160742064","Eriogonum.fasciculatum"
"1518","SWS1A",2023-05-08,"2023","Cryptantha",NA,NA,NA,"","1001 - 10000","https://www.inaturalist.org/observations/160742068","Cryptantha"
"1519","SWS1A",2023-05-08,"2023","Bahiopsis","laciniata",NA,NA,"","1001 - 10000","https://www.inaturalist.org/observations/160742069","Bahiopsis.laciniata"
"1520","SWS1A",2023-05-08,"2023","Navarretia","hamata",NA,NA,"","1001 - 10000","https://www.inaturalist.org/observations/160742072","Navarretia.hamata"
"1521","SWS1A",2023-05-08,"2023","Zeltnera","venusta",NA,NA,"","11 - 100","https://www.inaturalist.org/observations/160742073","Zeltnera.venusta"
"1522","SWS1A",2023-05-08,"2023","Hirschfeldia","incana",NA,NA,"",">10000","https://www.inaturalist.org/observations/160742074","Hirschfeldia.incana"
"1523","SWEA",2023-05-08,"2023","Euphorbia","polycarpa",NA,NA,"","11 - 100","https://www.inaturalist.org/observations/160742075","Euphorbia.polycarpa"
"1524","SWI4",2023-05-08,"2023","Sairocarpus","nuttallianus",NA,NA,"","11 - 100","https://www.inaturalist.org/observations/160793722","Sairocarpus.nuttallianus"
"1525","SWI4",2023-05-08,"2023","Scrophularia","californica",NA,NA,"","1 - 10","https://www.inaturalist.org/observations/160793723","Scrophularia.californica"
"1526","SWI4",2023-05-08,"2023","Marah","macrocarpa",NA,NA,"","","https://www.inaturalist.org/observations/160793724","Marah.macrocarpa"
"1527","SWI4",2023-05-08,"2023","Pseudognaphalium",NA,NA,NA,"","","https://www.inaturalist.org/observations/160793725","Pseudognaphalium"
"1528","SWI4",2023-05-08,"2023","Lupinus",NA,NA,NA,"","1 - 10","https://www.inaturalist.org/observations/160793726","Lupinus"
"1529","SWI4",2023-05-08,"2023","Erodium","botrys",NA,NA,"","101 - 1000","https://www.inaturalist.org/observations/160793727","Erodium.botrys"
"1530","SWI4",2023-05-08,"2023","Phacelia","cicutaria",NA,NA,"","1001 - 10000","https://www.inaturalist.org/observations/160793730","Phacelia.cicutaria"
"1531","SWI4",2023-05-08,"2023","Diplacus","puniceus",NA,NA,"","11 - 100","https://www.inaturalist.org/observations/160793732","Diplacus.puniceus"
"1532","SWI4",2023-05-08,"2023","Gilia","angelensis",NA,NA,"","11 - 100","https://www.inaturalist.org/observations/160796482","Gilia.angelensis"
"1533","SWI4",2023-05-08,"2023","Hirschfeldia","incana",NA,NA,"",">10000","https://www.inaturalist.org/observations/160796489","Hirschfeldia.incana"
"1534","SWI4",2023-05-08,"2023","Dipterostemon","capitatus",NA,NA,"","11 - 100","https://www.inaturalist.org/observations/160796491","Dipterostemon.capitatus"
"1535","SWEA",2023-05-08,"2023","Amsinckia","menziesii",NA,NA,"Nikon 200mm f/4 ED-IF AF Micro-NIKKOR, Sweatwater Trace Road, Z50","1 - 10","https://www.inaturalist.org/observations/160797965","Amsinckia.menziesii"
"1536","SWI4",2023-05-08,"2023","Logfia","gallica",NA,NA,"","","https://www.inaturalist.org/observations/160855265","Logfia.gallica"
"1537","SWI4",2023-05-08,"2023","",NA,NA,NA,"","","https://www.inaturalist.org/observations/160855266",""
"1538","SWI4",2023-05-08,"2023","Calochortus","splendens",NA,NA,"","1 - 10","https://www.inaturalist.org/observations/160855269","Calochortus.splendens"
"1539","SWI4",2023-05-08,"2023","Mirabilis","laevis",NA,NA,"","","https://www.inaturalist.org/observations/160855271","Mirabilis.laevis"
"1540","SWI4",2023-05-08,"2023","Artemisia","californica",NA,NA,"","","https://www.inaturalist.org/observations/160855275","Artemisia.californica"
"1541","SWI4",2023-05-08,"2023","Clarkia",NA,NA,NA,"","1 - 10","https://www.inaturalist.org/observations/160855276","Clarkia"
"1542","SWI4",2023-05-08,"2023","Daucus","pusillus",NA,NA,"","","https://www.inaturalist.org/observations/160855277","Daucus.pusillus"
"1543","SWI4",2023-05-08,"2023","Malosma","laurina",NA,NA,"","","https://www.inaturalist.org/observations/160855282","Malosma.laurina"
"1544","SWI4",2023-05-08,"2023","Avena",NA,NA,NA,"","","https://www.inaturalist.org/observations/160855283","Avena"
"1545","MTS6",2023-05-09,"2023","Zeltnera","venusta",NA,NA,"","1 - 10","https://www.inaturalist.org/observations/160855465","Zeltnera.venusta"
"1546","MTS6",2023-05-09,"2023","Cryptantha",NA,NA,NA,"","1001 - 10000","https://www.inaturalist.org/observations/160855466","Cryptantha"
"1547","MTS6",2023-05-09,"2023","Pseudognaphalium","stramineum",NA,NA,"","1 - 10","https://www.inaturalist.org/observations/160855467","Pseudognaphalium.stramineum"
"1548","MTS6",2023-05-09,"2023","Centaurea","melitensis",NA,NA,"","11 - 100","https://www.inaturalist.org/observations/160855468","Centaurea.melitensis"
"1549","MTS6",2023-05-09,"2023","Deinandra","fasciculata",NA,NA,"","101 - 1000","https://www.inaturalist.org/observations/160855469","Deinandra.fasciculata"
"1550","MTS6",2023-05-09,"2023","Salvia","mellifera",NA,NA,"",">10000","https://www.inaturalist.org/observations/160855470","Salvia.mellifera"
"1551","MTS6",2023-05-09,"2023","Calochortus","splendens",NA,NA,"","11 - 100","https://www.inaturalist.org/observations/160855471","Calochortus.splendens"
"1552","MTS6",2023-05-09,"2023","Encelia","californica",NA,NA,"","101 - 1000","https://www.inaturalist.org/observations/160855472","Encelia.californica"
"1553","MTS6",2023-05-09,"2023","Navarretia","hamata",NA,NA,"","1001 - 10000","https://www.inaturalist.org/observations/160855473","Navarretia.hamata"
"1554","MTS6",2023-05-09,"2023","Acmispon","glaber",NA,NA,"","101 - 1000","https://www.inaturalist.org/observations/160855474","Acmispon.glaber"
"1555","MTS6",2023-05-09,"2023","Camissoniopsis","hirtella",NA,NA,"","101 - 1000","https://www.inaturalist.org/observations/160855475","Camissoniopsis.hirtella"
"1556","MTS6",2023-05-09,"2023","Opuntia",NA,NA,NA,"","1 - 10","https://www.inaturalist.org/observations/160855476","Opuntia"
"1557","MTS6",2023-05-09,"2023","Malacothamnus","fasciculatus",NA,NA,"","101 - 1000","https://www.inaturalist.org/observations/160855479","Malacothamnus.fasciculatus"
"1558","MTS6",2023-05-09,"2023","Sonchus","asper",NA,NA,"","1 - 10","https://www.inaturalist.org/observations/160855480","Sonchus.asper"
"1559","MTS6",2023-05-09,"2023","Eriogonum","fasciculatum",NA,NA,"","1001 - 10000","https://www.inaturalist.org/observations/160855482","Eriogonum.fasciculatum"
"1560","MTS6",2023-05-09,"2023","Melilotus","indicus",NA,NA,"","101 - 1000","https://www.inaturalist.org/observations/160855484","Melilotus.indicus"
"1561","MTS6",2023-05-09,"2023","Lonicera","subspicata",NA,NA,"","11 - 100","https://www.inaturalist.org/observations/160855485","Lonicera.subspicata"
"1562","MTS6",2023-05-09,"2023","Sairocarpus","pusillus",NA,NA,"","11 - 100","https://www.inaturalist.org/observations/160855486","Sairocarpus.pusillus"
"1563","MTS7",2023-05-09,"2023","Calystegia","macrostegia",NA,NA,"","11 - 100","https://www.inaturalist.org/observations/160855487","Calystegia.macrostegia"
"1564","MTS7",2023-05-09,"2023","Datura","wrightii",NA,NA,"","1 - 10","https://www.inaturalist.org/observations/160855488","Datura.wrightii"
"1565","MTS7",2023-05-09,"2023","Cylindropuntia","prolifera",NA,NA,"","1 - 10","https://www.inaturalist.org/observations/160855489","Cylindropuntia.prolifera"
"1566","MTS7",2023-05-09,"2023","Diplacus","puniceus",NA,NA,"","101 - 1000","https://www.inaturalist.org/observations/160855490","Diplacus.puniceus"
"1567","MTS7",2023-05-09,"2023","Lonicera","subspicata",NA,NA,"","101 - 1000","https://www.inaturalist.org/observations/160855492","Lonicera.subspicata"
"1568","MTS7",2023-05-09,"2023","Salvia","mellifera",NA,NA,"",">10000","https://www.inaturalist.org/observations/160855493","Salvia.mellifera"
"1569","MTS7",2023-05-09,"2023","Eriodictyon","crassifolium",NA,NA,"","1001 - 10000","https://www.inaturalist.org/observations/160855494","Eriodictyon.crassifolium"
"1570","MTS7",2023-05-09,"2023","Hirschfeldia","incana",NA,NA,"",">10000","https://www.inaturalist.org/observations/160855495","Hirschfeldia.incana"
"1571","MTS7",2023-05-09,"2023","Lysimachia","arvensis",NA,NA,"","11 - 100","https://www.inaturalist.org/observations/160855496","Lysimachia.arvensis"
"1572","MTS7",2023-05-09,"2023","Eriogonum","fasciculatum",NA,NA,"","1001 - 10000","https://www.inaturalist.org/observations/160855497","Eriogonum.fasciculatum"
"1573","MTS7",2023-05-09,"2023","Eriophyllum","confertiflorum",NA,NA,"","101 - 1000","https://www.inaturalist.org/observations/160855498","Eriophyllum.confertiflorum"
"1574","MTS7",2023-05-09,"2023","Calochortus","splendens",NA,NA,"","1 - 10","https://www.inaturalist.org/observations/160855499","Calochortus.splendens"
"1575","MTS7",2023-05-09,"2023","Eriogonum","fasciculatum",NA,NA,"","1001 - 10000","https://www.inaturalist.org/observations/160855500","Eriogonum.fasciculatum"
"1576","MTS7",2023-05-09,"2023","Glebionis","coronaria",NA,NA,"","1 - 10","https://www.inaturalist.org/observations/160855501","Glebionis.coronaria"
"1577","MTS7",2023-05-09,"2023","Solanum","parishii",NA,NA,"","1001 - 10000","https://www.inaturalist.org/observations/160855502","Solanum.parishii"
"1578","MTS7",2023-05-09,"2023","Eucrypta","chrysanthemifolia",NA,NA,"","1 - 10","https://www.inaturalist.org/observations/160855503","Eucrypta.chrysanthemifolia"
"1579","MTS7",2023-05-09,"2023","Lysimachia",NA,NA,NA,"","11 - 100","https://www.inaturalist.org/observations/160855508","Lysimachia"
"1580","SWS3",2023-05-09,"2023","Salvia","apiana",NA,NA,"","101 - 1000","https://www.inaturalist.org/observations/160855509","Salvia.apiana"
"1581","SWS3",2023-05-09,"2023","Chaenactis","glabriuscula",NA,NA,"","1001 - 10000","https://www.inaturalist.org/observations/160855512","Chaenactis.glabriuscula"
"1582","SWS3",2023-05-09,"2023","Diplacus","puniceus",NA,NA,"","101 - 1000","https://www.inaturalist.org/observations/160855513","Diplacus.puniceus"
"1583","SWS3",2023-05-09,"2023","Salvia","mellifera",NA,NA,"",">10000","https://www.inaturalist.org/observations/160855514","Salvia.mellifera"
"1584","SWS3",2023-05-09,"2023","Cleomella","arborea",NA,NA,"","11 - 100","https://www.inaturalist.org/observations/160855515","Cleomella.arborea"
"1585","SWS3",2023-05-09,"2023","Chorizanthe","procumbens",NA,NA,"","101 - 1000","https://www.inaturalist.org/observations/160855517","Chorizanthe.procumbens"
"1586","SWS3",2023-05-09,"2023","Camissoniopsis",NA,NA,NA,"","101 - 1000","https://www.inaturalist.org/observations/160855518","Camissoniopsis"
"1587","SWS3",2023-05-09,"2023","Cryptantha",NA,NA,NA,"","1001 - 10000","https://www.inaturalist.org/observations/160855519","Cryptantha"
"1588","SWS3",2023-05-09,"2023","Acmispon","glaber",NA,NA,"","101 - 1000","https://www.inaturalist.org/observations/160855520","Acmispon.glaber"
"1589","SWS3",2023-05-09,"2023","Calochortus","splendens",NA,NA,"","11 - 100","https://www.inaturalist.org/observations/160855521","Calochortus.splendens"
"1590","SWS3",2023-05-09,"2023","Dipterostemon","capitatus",NA,NA,"","1 - 10","https://www.inaturalist.org/observations/160855522","Dipterostemon.capitatus"
"1591","SWS3",2023-05-09,"2023","Navarretia","hamata",NA,NA,"","1001 - 10000","https://www.inaturalist.org/observations/160855526","Navarretia.hamata"
"1592","SWS3",2023-05-09,"2023","Chorizanthe","fimbriata",NA,NA,"","101 - 1000","https://www.inaturalist.org/observations/160855527","Chorizanthe.fimbriata"
"1593","SWS3",2023-05-09,"2023","Mirabilis","laevis",NA,NA,"","11 - 100","https://www.inaturalist.org/observations/160855529","Mirabilis.laevis"
"1594","SWS3",2023-05-09,"2023","Raphanus","raphanistrum",NA,NA,"","1 - 10","https://www.inaturalist.org/observations/160855532","Raphanus.raphanistrum"
"1595","SWS3",2023-05-09,"2023","Erodium","botrys",NA,NA,"","11 - 100","https://www.inaturalist.org/observations/160855534","Erodium.botrys"
"1596","SWS3",2023-05-09,"2023","Hirschfeldia","incana",NA,NA,"","1001 - 10000","https://www.inaturalist.org/observations/160855536","Hirschfeldia.incana"
"1597","SWS3",2023-05-09,"2023","Pseudognaphalium","stramineum",NA,NA,"","1 - 10","https://www.inaturalist.org/observations/160855542","Pseudognaphalium.stramineum"
"1598","SWS3",2023-05-09,"2023","Sairocarpus","pusillus",NA,NA,"","11 - 100","https://www.inaturalist.org/observations/160855544","Sairocarpus.pusillus"
"1599","SWS3",2023-05-09,"2023","Diplacus","puniceus",NA,NA,"","11 - 100","https://www.inaturalist.org/observations/160855545","Diplacus.puniceus"
"1600","SWS3",2023-05-09,"2023","Sisyrinchium","bellum",NA,NA,"","1 - 10","https://www.inaturalist.org/observations/160855548","Sisyrinchium.bellum"
"1601","SWS3",2023-05-09,"2023","Deinandra","fasciculata",NA,NA,"","1 - 10","https://www.inaturalist.org/observations/160855551","Deinandra.fasciculata"
"1602","MTS7",2023-05-09,"2023","Diplacus","brevipes",NA,NA,"","1 - 10","https://www.inaturalist.org/observations/160855552","Diplacus.brevipes"
"1603","MTS6",2023-05-09,"2023","Yucca","schidigera",NA,NA,"","1 - 10","https://www.inaturalist.org/observations/160855554","Yucca.schidigera"
"1604","MTS1A",2023-05-10,"2023","Scrophularia","californica",NA,NA,"","","https://www.inaturalist.org/observations/160989690","Scrophularia.californica"
"1605","MTS1A",2023-05-10,"2023","Phacelia","cicutaria",NA,NA,"","","https://www.inaturalist.org/observations/160989702","Phacelia.cicutaria"
"1606","MTS1A",2023-05-10,"2023","Psilocarphus","tenellus",NA,NA,"","","https://www.inaturalist.org/observations/160989731","Psilocarphus.tenellus"
"1607","MTS1A",2023-05-10,"2023","Solanum","douglasii",NA,NA,"","","https://www.inaturalist.org/observations/160989744","Solanum.douglasii"
"1608","MTE3",2023-05-10,"2023","Solanum",NA,NA,NA,"","1 - 10","https://www.inaturalist.org/observations/161018854","Solanum"
"1609","MTE3",2023-05-10,"2023","Malacothamnus","fasciculatus",NA,NA,"","11 - 100","https://www.inaturalist.org/observations/161018855","Malacothamnus.fasciculatus"
"1610","MTE3",2023-05-10,"2023","Mirabilis","laevis",NA,NA,"","1 - 10","https://www.inaturalist.org/observations/161018856","Mirabilis.laevis"
"1611","MTE3",2023-05-10,"2023","Calystegia","macrostegia",NA,NA,"","1 - 10","https://www.inaturalist.org/observations/161018859","Calystegia.macrostegia"
"1612","MTE3",2023-05-10,"2023","Castilleja","densiflora",NA,NA,"","1 - 10","https://www.inaturalist.org/observations/161018862","Castilleja.densiflora"
"1613","MTE3",2023-05-10,"2023","Sisyrinchium","bellum",NA,NA,"","1 - 10","https://www.inaturalist.org/observations/161018863","Sisyrinchium.bellum"
"1614","MTE3",2023-05-10,"2023","Lysimachia","arvensis",NA,NA,"","11 - 100","https://www.inaturalist.org/observations/161018864","Lysimachia.arvensis"
"1615","MTE3",2023-05-10,"2023","Daucus","pusillus",NA,NA,"","101 - 1000","https://www.inaturalist.org/observations/161018866","Daucus.pusillus"
"1616","MTE3",2023-05-10,"2023","Cryptantha",NA,NA,NA,"","1001 - 10000","https://www.inaturalist.org/observations/161018868","Cryptantha"
"1617","MTE3",2023-05-10,"2023","Encelia","californica",NA,NA,"","","https://www.inaturalist.org/observations/161018871","Encelia.californica"
"1618","MTE3",2023-05-10,"2023","Hirschfeldia","incana",NA,NA,"",">10000","https://www.inaturalist.org/observations/161018872","Hirschfeldia.incana"
"1619","MTE3",2023-05-10,"2023","Eriogonum","fasciculatum",NA,NA,"","1001 - 10000","https://www.inaturalist.org/observations/161018873","Eriogonum.fasciculatum"
"1620","MTE3",2023-05-10,"2023","Dipterostemon","capitatus",NA,NA,"","11 - 100","https://www.inaturalist.org/observations/161018874","Dipterostemon.capitatus"
"1621","MTE3",2023-05-10,"2023","Salvia","mellifera",NA,NA,"",">10000","https://www.inaturalist.org/observations/161018875","Salvia.mellifera"
"1622","MTE3",2023-05-10,"2023","Bahiopsis","laciniata",NA,NA,"","1001 - 10000","https://www.inaturalist.org/observations/161018876","Bahiopsis.laciniata"
"1623","MTE3",2023-05-10,"2023","Calochortus","splendens",NA,NA,"","11 - 100","https://www.inaturalist.org/observations/161018877","Calochortus.splendens"
"1624","MTE3",2023-05-10,"2023","Cleomella","arborea",NA,NA,"","101 - 1000","https://www.inaturalist.org/observations/161018878","Cleomella.arborea"
"1625","MTE3",2023-05-10,"2023","Centaurea","melitensis",NA,NA,"","101 - 1000","https://www.inaturalist.org/observations/161018879","Centaurea.melitensis"
"1626","MTS1A",2023-05-10,"2023","Solanum","douglasii",NA,NA,"","1 - 10","https://www.inaturalist.org/observations/161018881","Solanum.douglasii"
"1627","MTS1A",2023-05-10,"2023","Lysimachia","arvensis",NA,NA,"","101 - 1000","https://www.inaturalist.org/observations/161018882","Lysimachia.arvensis"
"1628","MTS1A",2023-05-10,"2023","Pseudognaphalium","stramineum",NA,NA,"","11 - 100","https://www.inaturalist.org/observations/161018883","Pseudognaphalium.stramineum"
"1629","MTS1A",2023-05-10,"2023","Daucus","pusillus",NA,NA,"","101 - 1000","https://www.inaturalist.org/observations/161018884","Daucus.pusillus"
"1630","MTS1A",2023-05-10,"2023","Centaurea","melitensis",NA,NA,"","101 - 1000","https://www.inaturalist.org/observations/161018894","Centaurea.melitensis"
"1631","MTS1A",2023-05-10,"2023","Dipterostemon","capitatus",NA,NA,"","11 - 100","https://www.inaturalist.org/observations/161018900","Dipterostemon.capitatus"
"1632","MTS1A",2023-05-10,"2023","Phacelia","cicutaria",NA,NA,"","101 - 1000","https://www.inaturalist.org/observations/161018902","Phacelia.cicutaria"
"1633","MTS1A",2023-05-10,"2023","Eriogonum","fasciculatum",NA,NA,"","101 - 1000","https://www.inaturalist.org/observations/161018903","Eriogonum.fasciculatum"
"1634","MTS1A",2023-05-10,"2023","Bahiopsis","laciniata",NA,NA,"","1001 - 10000","https://www.inaturalist.org/observations/161018904","Bahiopsis.laciniata"
"1635","MTS1A",2023-05-10,"2023","Sairocarpus","nuttallianus",NA,NA,"","11 - 100","https://www.inaturalist.org/observations/161018908","Sairocarpus.nuttallianus"
"1636","MTS1A",2023-05-10,"2023","Carduus",NA,NA,NA,"","11 - 100","https://www.inaturalist.org/observations/161018910","Carduus"
"1637","SWS10",2023-05-10,"2023","Pseudognaphalium","stramineum",NA,NA,"","1 - 10","https://www.inaturalist.org/observations/161018912","Pseudognaphalium.stramineum"
"1638","SWS10",2023-05-10,"2023","Hedypnois","rhagadioloides",NA,NA,"","1 - 10","https://www.inaturalist.org/observations/161018913","Hedypnois.rhagadioloides"
"1639","SWS10",2023-05-10,"2023","Calystegia","macrostegia",NA,NA,"","11 - 100","https://www.inaturalist.org/observations/161018915","Calystegia.macrostegia"
"1640","SWS10",2023-05-10,"2023","Salvia","clevelandii",NA,NA,"","101 - 1000","https://www.inaturalist.org/observations/161018916","Salvia.clevelandii"
"1641","SWS10",2023-05-10,"2023","Prunus",NA,NA,NA,"","101 - 1000","https://www.inaturalist.org/observations/161018917","Prunus"
"1642","SWS10",2023-05-10,"2023","Eriogonum","fasciculatum",NA,NA,"","1001 - 10000","https://www.inaturalist.org/observations/161018920","Eriogonum.fasciculatum"
"1643","SWS10",2023-05-10,"2023","Sonchus",NA,NA,NA,"","11 - 100","https://www.inaturalist.org/observations/161018921","Sonchus"
"1644","SWS10",2023-05-10,"2023","Hirschfeldia","incana",NA,NA,"",">10000","https://www.inaturalist.org/observations/161018924","Hirschfeldia.incana"
"1645","SWS10",2023-05-10,"2023","Melilotus","indicus",NA,NA,"","1001 - 10000","https://www.inaturalist.org/observations/161018925","Melilotus.indicus"
"1646","SWS10",2023-05-10,"2023","Acmispon","glaber",NA,NA,"","11 - 100","https://www.inaturalist.org/observations/161018926","Acmispon.glaber"
"1647","SWS10",2023-05-10,"2023","Erodium","botrys",NA,NA,"","101 - 1000","https://www.inaturalist.org/observations/161018928","Erodium.botrys"
"1648","SWS10",2023-05-10,"2023","Centaurea","melitensis",NA,NA,"","101 - 1000","https://www.inaturalist.org/observations/161018929","Centaurea.melitensis"
"1649","SWS10",2023-05-10,"2023","Limonium",NA,NA,NA,"","1001 - 10000","https://www.inaturalist.org/observations/161110442","Limonium"
"1650","SWS10",2023-05-10,"2023","Salvia","clevelandii",NA,NA,"","","https://www.inaturalist.org/observations/161110605","Salvia.clevelandii"
"1651","MTE3",2023-05-10,"2023","Salvia","mellifera",NA,NA,"","","https://www.inaturalist.org/observations/161110661","Salvia.mellifera"
"1652","MTE3",2023-05-10,"2023","Cryptantha",NA,NA,NA,"","","https://www.inaturalist.org/observations/161110715","Cryptantha"
"1653","MTE3",2023-05-10,"2023","Hooveria",NA,NA,NA,"","","https://www.inaturalist.org/observations/161110806","Hooveria"
"1654","MTE3",2023-05-10,"2023","Mirabilis","laevis",NA,NA,"","","https://www.inaturalist.org/observations/161110838","Mirabilis.laevis"
"1655","MTE3",2023-05-10,"2023","Mirabilis","laevis",NA,NA,"","","https://www.inaturalist.org/observations/161110896","Mirabilis.laevis"
"1656","MTE3",2023-05-10,"2023","Cylindropuntia","prolifera",NA,NA,"","","https://www.inaturalist.org/observations/161111103","Cylindropuntia.prolifera"
"1657","MTE3",2023-05-10,"2023","Erodium","cicutarium",NA,NA,"","","https://www.inaturalist.org/observations/161111209","Erodium.cicutarium"
"1658","MTE3",2023-05-10,"2023","Dipterostemon","capitatus",NA,NA,"","","https://www.inaturalist.org/observations/161111861","Dipterostemon.capitatus"
"1659","SWS10",2023-05-10,"2023","Limonium","sinuatum",NA,NA,"","","https://www.inaturalist.org/observations/161111864","Limonium.sinuatum"
"1660","SWS10",2023-05-10,"2023","Limonium","sinuatum",NA,NA,"","","https://www.inaturalist.org/observations/161111918","Limonium.sinuatum"
"1661","SWS10",2023-05-10,"2023","Limonium","perezii",NA,NA,"","","https://www.inaturalist.org/observations/161111982","Limonium.perezii"
"1662","MTE3",2023-05-10,"2023","Cryptantha",NA,NA,NA,"","","https://www.inaturalist.org/observations/161112079","Cryptantha"
"1663","MTE3",2023-05-10,"2023","Sonchus",NA,NA,NA,"","","https://www.inaturalist.org/observations/161112122","Sonchus"
"1664","MTE3",2023-05-10,"2023","Cleomella","arborea",NA,NA,"","","https://www.inaturalist.org/observations/161112164","Cleomella.arborea"
"1665","MTE3",2023-05-10,"2023","Cleomella","arborea",NA,NA,"","","https://www.inaturalist.org/observations/161112238","Cleomella.arborea"
"1666","MTE3",2023-05-10,"2023","Centaurea","melitensis",NA,NA,"","","https://www.inaturalist.org/observations/161112239","Centaurea.melitensis"
"1667","MTE3",2023-05-10,"2023","Centaurea","melitensis",NA,NA,"","","https://www.inaturalist.org/observations/161112299","Centaurea.melitensis"
"1668","MTE3",2023-05-10,"2023","Lysimachia","arvensis",NA,NA,"","","https://www.inaturalist.org/observations/161112313","Lysimachia.arvensis"
"1669","MTE3",2023-05-10,"2023","Dipterostemon","capitatus",NA,NA,"","","https://www.inaturalist.org/observations/161112342","Dipterostemon.capitatus"
"1670","MTE3",2023-05-10,"2023","Mirabilis","laevis",NA,NA,"","","https://www.inaturalist.org/observations/161112344","Mirabilis.laevis"
"1671","MTE3",2023-05-10,"2023","Malosma","laurina",NA,NA,"","","https://www.inaturalist.org/observations/161112424","Malosma.laurina"
"1672","MTE3",2023-05-10,"2023","Cleomella","arborea",NA,NA,"","","https://www.inaturalist.org/observations/161112447","Cleomella.arborea"
"1673","MTE3",2023-05-10,"2023","Calystegia","macrostegia",NA,NA,"","","https://www.inaturalist.org/observations/161112471","Calystegia.macrostegia"
"1674","MTE3",2023-05-10,"2023","Eriogonum","fasciculatum",NA,NA,"","","https://www.inaturalist.org/observations/161112492","Eriogonum.fasciculatum"
"1675","MTE3",2023-05-10,"2023","Hypochaeris",NA,NA,NA,"","","https://www.inaturalist.org/observations/161112512","Hypochaeris"
"1676","MTE3",2023-05-10,"2023","Rhus","integrifolia",NA,NA,"","","https://www.inaturalist.org/observations/161112558","Rhus.integrifolia"
"1677","MTE3",2023-05-10,"2023","Acmispon","glaber",NA,NA,"","","https://www.inaturalist.org/observations/161112580","Acmispon.glaber"
"1678","MTE3",2023-05-10,"2023","Calochortus","splendens",NA,NA,"","","https://www.inaturalist.org/observations/161112605","Calochortus.splendens"
"1679","MTE3",2023-05-10,"2023","Calochortus","splendens",NA,NA,"","","https://www.inaturalist.org/observations/161112622","Calochortus.splendens"
"1680","MTE3",2023-05-10,"2023","Eriogonum","fasciculatum",NA,NA,"","","https://www.inaturalist.org/observations/161112721","Eriogonum.fasciculatum"
"1681","MTE3",2023-05-10,"2023","Bahiopsis","laciniata",NA,NA,"","","https://www.inaturalist.org/observations/161112729","Bahiopsis.laciniata"
"1682","MTE3",2023-05-10,"2023","Brachypodium",NA,NA,NA,"","","https://www.inaturalist.org/observations/161112768","Brachypodium"
"1683","MTE3",2023-05-10,"2023","Deinandra","fasciculata",NA,NA,"","","https://www.inaturalist.org/observations/161112805","Deinandra.fasciculata"
"1684","MTE3",2023-05-10,"2023","Acmispon","glaber",NA,NA,"","","https://www.inaturalist.org/observations/161112845","Acmispon.glaber"
"1685","MTE3",2023-05-10,"2023","Bahiopsis","laciniata",NA,NA,"","","https://www.inaturalist.org/observations/161112953","Bahiopsis.laciniata"
"1686","MTE3",2023-05-10,"2023","Artemisia","californica",NA,NA,"","","https://www.inaturalist.org/observations/161113034","Artemisia.californica"
"1687","MTE3",2023-05-10,"2023","Salvia","mellifera",NA,NA,"","","https://www.inaturalist.org/observations/161113100","Salvia.mellifera"
"1688","MTE3",2023-05-10,"2023","Salvia","mellifera",NA,NA,"","","https://www.inaturalist.org/observations/161113105","Salvia.mellifera"
"1689","MTS1A",2023-05-10,"2023","Tropaeolum","majus",NA,NA,"","","https://www.inaturalist.org/observations/161113230","Tropaeolum.majus"
"1690","MTS1A",2023-05-10,"2023","Melilotus","indicus",NA,NA,"","","https://www.inaturalist.org/observations/161113265","Melilotus.indicus"
"1691","MTS1A",2023-05-10,"2023","Tropaeolum","majus",NA,NA,"","","https://www.inaturalist.org/observations/161113349","Tropaeolum.majus"
"1692","MTS1A",2023-05-10,"2023","Pseudognaphalium","stramineum",NA,NA,"","","https://www.inaturalist.org/observations/161113404","Pseudognaphalium.stramineum"
"1693","MTS1A",2023-05-10,"2023","Glebionis","coronaria",NA,NA,"","","https://www.inaturalist.org/observations/161113465","Glebionis.coronaria"
"1694","MTS1A",2023-05-10,"2023","Eriophyllum","confertiflorum",NA,NA,"","","https://www.inaturalist.org/observations/161113500","Eriophyllum.confertiflorum"
"1695","MTS1A",2023-05-10,"2023","",NA,NA,NA,"","","https://www.inaturalist.org/observations/161113577",""
"1696","MTS1A",2023-05-10,"2023","Hypochaeris","glabra",NA,NA,"","","https://www.inaturalist.org/observations/161113610","Hypochaeris.glabra"
"1697","MTS1A",2023-05-10,"2023","Bahiopsis","laciniata",NA,NA,"","","https://www.inaturalist.org/observations/161113639","Bahiopsis.laciniata"
"1698","MTS1A",2023-05-10,"2023","Marah","macrocarpa",NA,NA,"","","https://www.inaturalist.org/observations/161113653","Marah.macrocarpa"
"1699","MTS1A",2023-05-10,"2023","Navarretia","hamata",NA,NA,"","","https://www.inaturalist.org/observations/161113668","Navarretia.hamata"
"1700","MTS1A",2023-05-10,"2023","Dipterostemon","capitatus",NA,NA,"","","https://www.inaturalist.org/observations/161113742","Dipterostemon.capitatus"
"1701","MTS1A",2023-05-10,"2023","Carduus",NA,NA,NA,"","","https://www.inaturalist.org/observations/161113779","Carduus"
"1702","MTS1A",2023-05-10,"2023","Phacelia","cicutaria",NA,NA,"","","https://www.inaturalist.org/observations/161113806","Phacelia.cicutaria"
"1703","MTS1A",2023-05-10,"2023","Sairocarpus","nuttallianus",NA,NA,"","","https://www.inaturalist.org/observations/161113845","Sairocarpus.nuttallianus"
"1704","MTS1A",2023-05-10,"2023","",NA,NA,NA,"","","https://www.inaturalist.org/observations/161113888",""
"1705","MTS1A",2023-05-10,"2023","Sairocarpus",NA,NA,NA,"","","https://www.inaturalist.org/observations/161113891","Sairocarpus"
"1706","MTS1A",2023-05-10,"2023","Phacelia","cicutaria",NA,NA,"","","https://www.inaturalist.org/observations/161113919","Phacelia.cicutaria"
"1707","MTS1A",2023-05-10,"2023","Phacelia","cicutaria",NA,NA,"","","https://www.inaturalist.org/observations/161113997","Phacelia.cicutaria"
"1708","MTS1A",2023-05-10,"2023","Sairocarpus",NA,NA,NA,"","1 - 10","https://www.inaturalist.org/observations/161114048","Sairocarpus"
"1709","MTS1A",2023-05-10,"2023","Scrophularia","californica",NA,NA,"","","https://www.inaturalist.org/observations/161114125","Scrophularia.californica"
"1710","MTS1A",2023-05-10,"2023","Sonchus","asper",NA,NA,"","","https://www.inaturalist.org/observations/161114206","Sonchus.asper"
"1711","MTS1A",2023-05-10,"2023","Eriogonum","fasciculatum",NA,NA,"","","https://www.inaturalist.org/observations/161114272","Eriogonum.fasciculatum"
"1712","MTS1A",2023-05-10,"2023","Hirschfeldia","incana",NA,NA,"","101 - 1000","https://www.inaturalist.org/observations/161114330","Hirschfeldia.incana"
"1713","MTS1A",2023-05-10,"2023","Lysimachia","arvensis",NA,NA,"","","https://www.inaturalist.org/observations/161114381","Lysimachia.arvensis"
"1714","MTS1A",2023-05-10,"2023","Hirschfeldia","incana",NA,NA,"","","https://www.inaturalist.org/observations/161114434","Hirschfeldia.incana"
"1715","MTS1A",2023-05-10,"2023","Daucus","pusillus",NA,NA,"","","https://www.inaturalist.org/observations/161114508","Daucus.pusillus"
"1716","MTS1A",2023-05-10,"2023","Pseudognaphalium",NA,NA,NA,"","","https://www.inaturalist.org/observations/161114563","Pseudognaphalium"
"1717","MTS1A",2023-05-10,"2023","Rhus","integrifolia",NA,NA,"","","https://www.inaturalist.org/observations/161114608","Rhus.integrifolia"
"1718","SWS10",2023-05-10,"2023","Erodium","botrys",NA,NA,"","","https://www.inaturalist.org/observations/161114725","Erodium.botrys"
"1719","SWS10",2023-05-10,"2023","Hedypnois",NA,NA,NA,"","","https://www.inaturalist.org/observations/161114787","Hedypnois"
"1720","SWS10",2023-05-10,"2023","Limonium",NA,NA,NA,"","","https://www.inaturalist.org/observations/161114960","Limonium"
"1721","SWS10",2023-05-10,"2023","Salix",NA,NA,NA,"","","https://www.inaturalist.org/observations/161115295","Salix"
"1722","SWS10",2023-05-10,"2023","",NA,NA,NA,"","","https://www.inaturalist.org/observations/161115528",""
"1723","SWS10",2023-05-10,"2023","Centaurea",NA,NA,NA,"","","https://www.inaturalist.org/observations/161115605","Centaurea"
"1724","SWS10",2023-05-10,"2023","Melilotus","indicus",NA,NA,"","","https://www.inaturalist.org/observations/161115659","Melilotus.indicus"
"1725","SWS10",2023-05-10,"2023","",NA,NA,NA,"","","https://www.inaturalist.org/observations/161115729",""
"1726","SWS10",2023-05-10,"2023","Schinus","terebinthifolia",NA,NA,"","","https://www.inaturalist.org/observations/161116155","Schinus.terebinthifolia"
"1727","SWS10",2023-05-10,"2023","Prunus",NA,NA,NA,"","","https://www.inaturalist.org/observations/161116359","Prunus"
"1728","SWS10",2023-05-10,"2023","Cenchrus","setaceus",NA,NA,"","","https://www.inaturalist.org/observations/161116447","Cenchrus.setaceus"
"1729","SWS10",2023-05-10,"2023","Parkinsonia","aculeata",NA,NA,"","","https://www.inaturalist.org/observations/161116533","Parkinsonia.aculeata"
"1730","SWI4",2023-05-08,"2023","",NA,NA,NA,"","","https://www.inaturalist.org/observations/161124430",""
"1731","SWI4",2023-05-08,"2023","Hypochaeris","glabra",NA,NA,"","1 - 10","https://www.inaturalist.org/observations/161124432","Hypochaeris.glabra"
"1732","SWI4",2023-05-08,"2023","Centaurea","melitensis",NA,NA,"","","https://www.inaturalist.org/observations/161124433","Centaurea.melitensis"
"1733","SWI4",2023-05-08,"2023","Silene","gallica",NA,NA,"","","https://www.inaturalist.org/observations/161124436","Silene.gallica"
"1734","SWI4",2023-05-08,"2023","Erodium","botrys",NA,NA,"","101 - 1000","https://www.inaturalist.org/observations/161124437","Erodium.botrys"
"1735","SWI4",2023-05-08,"2023","Eriogonum","fasciculatum",NA,NA,"","","https://www.inaturalist.org/observations/161124438","Eriogonum.fasciculatum"
"1736","SWI4",2023-05-08,"2023","Bromus",NA,NA,NA,"","","https://www.inaturalist.org/observations/161124439","Bromus"
"1737","SWI4",2023-05-08,"2023","Acmispon",NA,NA,NA,"","1 - 10","https://www.inaturalist.org/observations/161124440","Acmispon"
"1738","SWI4",2023-05-08,"2023","Erodium","botrys",NA,NA,"","","https://www.inaturalist.org/observations/161124441","Erodium.botrys"
"1739",NA,2023-05-11,"2023","Salvia","apiana",NA,NA,"","11 - 100","https://www.inaturalist.org/observations/161188461","Salvia.apiana"
"1740","MTE4",2023-05-11,"2023","Diplacus",NA,NA,NA,"","101 - 1000","https://www.inaturalist.org/observations/161188462","Diplacus"
"1741","MTE4",2023-05-11,"2023","Salvia","mellifera",NA,NA,"",">10000","https://www.inaturalist.org/observations/161188463","Salvia.mellifera"
"1742","MTE4",2023-05-11,"2023","Bahiopsis","laciniata",NA,NA,"","1001 - 10000","https://www.inaturalist.org/observations/161188464","Bahiopsis.laciniata"
"1743","MTE4",2023-05-11,"2023","Calochortus","splendens",NA,NA,"","11 - 100","https://www.inaturalist.org/observations/161188466","Calochortus.splendens"
"1744","MTE4",2023-05-11,"2023","Lupinus","succulentus",NA,NA,"","1 - 10","https://www.inaturalist.org/observations/161188469","Lupinus.succulentus"
"1745","MTE4",2023-05-11,"2023","Glebionis","coronaria",NA,NA,"","11 - 100","https://www.inaturalist.org/observations/161188471","Glebionis.coronaria"
"1746","MTE4",2023-05-11,"2023","Erodium","botrys",NA,NA,"","101 - 1000","https://www.inaturalist.org/observations/161188473","Erodium.botrys"
"1747","MTE4",2023-05-11,"2023","Acmispon","glaber",NA,NA,"","101 - 1000","https://www.inaturalist.org/observations/161188475","Acmispon.glaber"
"1748","MTE4",2023-05-11,"2023","Eriophyllum","confertiflorum",NA,NA,"","101 - 1000","https://www.inaturalist.org/observations/161188479","Eriophyllum.confertiflorum"
"1749","MTE4",2023-05-11,"2023","Eriogonum","fasciculatum",NA,NA,"","101 - 1000","https://www.inaturalist.org/observations/161188481","Eriogonum.fasciculatum"
"1750","MTE4",2023-05-11,"2023","Astragalus","trichopodus",NA,NA,"","1 - 10","https://www.inaturalist.org/observations/161188482","Astragalus.trichopodus"
"1751","MTE4",2023-05-11,"2023","Melilotus","indicus",NA,NA,"","101 - 1000","https://www.inaturalist.org/observations/161188483","Melilotus.indicus"
"1752","MTE4",2023-05-11,"2023","Erodium","botrys",NA,NA,"","101 - 1000","https://www.inaturalist.org/observations/161188484","Erodium.botrys"
"1753","MTE4",2023-05-11,"2023","Yucca","schidigera",NA,NA,"","1 - 10","https://www.inaturalist.org/observations/161188485","Yucca.schidigera"
"1754","MTI2",2023-05-11,"2023","Phacelia","parryi",NA,NA,"","1 - 10","https://www.inaturalist.org/observations/161188487","Phacelia.parryi"
"1755","MTI2",2023-05-11,"2023","Salvia","mellifera",NA,NA,"",">10000","https://www.inaturalist.org/observations/161188488","Salvia.mellifera"
"1756","MTI2",2023-05-11,"2023","Dipterostemon","capitatus",NA,NA,"","11 - 100","https://www.inaturalist.org/observations/161188489","Dipterostemon.capitatus"
"1757","MTI2",2023-05-11,"2023","Acmispon","glaber",NA,NA,"","101 - 1000","https://www.inaturalist.org/observations/161188491","Acmispon.glaber"
"1758","MTI2",2023-05-11,"2023","Acmispon","strigosus",NA,NA,"","1 - 10","https://www.inaturalist.org/observations/161188492","Acmispon.strigosus"
"1759","MTI2",2023-05-11,"2023","Euphorbia","polycarpa",NA,NA,"","11 - 100","https://www.inaturalist.org/observations/161188493","Euphorbia.polycarpa"
"1760","MTI2",2023-05-11,"2023","Cryptantha",NA,NA,NA,"","101 - 1000","https://www.inaturalist.org/observations/161188495","Cryptantha"
"1761","MTI2",2023-05-11,"2023","Chorizanthe","fimbriata",NA,NA,"","1 - 10","https://www.inaturalist.org/observations/161188496","Chorizanthe.fimbriata"
"1762","MTI2",2023-05-11,"2023","Eriogonum","fasciculatum",NA,NA,"","101 - 1000","https://www.inaturalist.org/observations/161188497","Eriogonum.fasciculatum"
"1763","MTI2",2023-05-11,"2023","Bahiopsis","laciniata",NA,NA,"","101 - 1000","https://www.inaturalist.org/observations/161188498","Bahiopsis.laciniata"
"1764","MTI2",2023-05-11,"2023","Phacelia","parryi",NA,NA,"","11 - 100","https://www.inaturalist.org/observations/161188499","Phacelia.parryi"
"1765","MTI2",2023-05-11,"2023","Phacelia","cicutaria",NA,NA,"","11 - 100","https://www.inaturalist.org/observations/161188500","Phacelia.cicutaria"
"1766","MTI2",2023-05-11,"2023","Oxalis","californica",NA,NA,"","11 - 100","https://www.inaturalist.org/observations/161188502","Oxalis.californica"
"1767","MTI2",2023-05-11,"2023","Calystegia","macrostegia",NA,NA,"","11 - 100","https://www.inaturalist.org/observations/161188503","Calystegia.macrostegia"
"1768","MTI2",2023-05-11,"2023","Sairocarpus","nuttallianus",NA,NA,"","11 - 100","https://www.inaturalist.org/observations/161188504","Sairocarpus.nuttallianus"
"1769","MTI2",2023-05-11,"2023","Castilleja","exserta",NA,NA,"","101 - 1000","https://www.inaturalist.org/observations/161188508","Castilleja.exserta"
"1770","MTI2",2023-05-11,"2023","Navarretia","hamata",NA,NA,"","101 - 1000","https://www.inaturalist.org/observations/161188509","Navarretia.hamata"
"1771","MTI2",2023-05-11,"2023","Camissoniopsis",NA,NA,NA,"","11 - 100","https://www.inaturalist.org/observations/161188510","Camissoniopsis"
"1772","SWEA",2023-05-08,"2023","Hirschfeldia","incana",NA,NA,"","","https://www.inaturalist.org/observations/161325732","Hirschfeldia.incana"
"1773","SWEA",2023-05-08,"2023","Centaurea","melitensis",NA,NA,"","","https://www.inaturalist.org/observations/161325734","Centaurea.melitensis"
"1774","SWEA",2023-05-08,"2023","Bromus",NA,NA,NA,"","","https://www.inaturalist.org/observations/161325735","Bromus"
"1775","SWEA",2023-05-08,"2023","Phacelia","cicutaria",NA,NA,"","","https://www.inaturalist.org/observations/161325736","Phacelia.cicutaria"
"1776","SWEA",2023-05-08,"2023","Malva","parviflora",NA,NA,"","1 - 10","https://www.inaturalist.org/observations/161325737","Malva.parviflora"
"1777","SWEA",2023-05-08,"2023","Lactuca","serriola",NA,NA,"","","https://www.inaturalist.org/observations/161325738","Lactuca.serriola"
"1778","SWEA",2023-05-08,"2023","Sonchus","asper",NA,NA,"","","https://www.inaturalist.org/observations/161333989","Sonchus.asper"
"1779","SWEA",2023-05-08,"2023","Avena","fatua",NA,NA,"","","https://www.inaturalist.org/observations/161333990","Avena.fatua"
"1780","SWEA",2023-05-08,"2023","Eriogonum","fasciculatum",NA,NA,"","","https://www.inaturalist.org/observations/161333991","Eriogonum.fasciculatum"
"1781","SWEA",2023-05-08,"2023","Eriogonum","fasciculatum",NA,NA,"","","https://www.inaturalist.org/observations/161333992","Eriogonum.fasciculatum"
"1782","SWEA",2023-05-08,"2023","Mirabilis","laevis",NA,NA,"","","https://www.inaturalist.org/observations/161333993","Mirabilis.laevis"
"1783","SWEA",2023-05-08,"2023","Malosma","laurina",NA,NA,"","","https://www.inaturalist.org/observations/161731937","Malosma.laurina"
"1784","SWEA",2023-05-08,"2023","Bahiopsis","laciniata",NA,NA,"","","https://www.inaturalist.org/observations/161731938","Bahiopsis.laciniata"
"1785","SWEA",2023-05-08,"2023","Artemisia","californica",NA,NA,"","","https://www.inaturalist.org/observations/161731939","Artemisia.californica"
"1786","SWEA",2023-05-08,"2023","Eriastrum","filifolium",NA,NA,"","","https://www.inaturalist.org/observations/161731940","Eriastrum.filifolium"
"1787","SWEA",2023-05-08,"2023","Sonchus",NA,NA,NA,"","","https://www.inaturalist.org/observations/161731941","Sonchus"
"1788","SWEA",2023-05-08,"2023","Opuntia",NA,NA,NA,"","","https://www.inaturalist.org/observations/161731942","Opuntia"
"1789","SWEA",2023-05-08,"2023","",NA,NA,NA,"","","https://www.inaturalist.org/observations/161731944",""
"1790","SWEA",2023-05-08,"2023","Acmispon",NA,NA,NA,"","11 - 100","https://www.inaturalist.org/observations/161731947","Acmispon"
"1791","SWEA",2023-05-08,"2023","Sairocarpus",NA,NA,NA,"","11 - 100","https://www.inaturalist.org/observations/161731948","Sairocarpus"
"1792","SWEA",2023-05-08,"2023","Uropappus","lindleyi",NA,NA,"","","https://www.inaturalist.org/observations/161731951","Uropappus.lindleyi"
"1793","SWEA",2023-05-08,"2023","Caulanthus","lasiophyllus",NA,NA,"","","https://www.inaturalist.org/observations/161731953","Caulanthus.lasiophyllus"
"1794","SWEA",2023-05-08,"2023","Daucus","pusillus",NA,NA,"","11 - 100","https://www.inaturalist.org/observations/161731956","Daucus.pusillus"
"1795","SWEA",2023-05-08,"2023","Amsinckia",NA,NA,NA,"","1 - 10","https://www.inaturalist.org/observations/161731957","Amsinckia"
"1796","SWS1A",2023-05-08,"2023","Eriogonum","fasciculatum",NA,NA,"","","https://www.inaturalist.org/observations/161738627","Eriogonum.fasciculatum"
"1797","SWS1A",2023-05-08,"2023","Sairocarpus",NA,NA,NA,"","","https://www.inaturalist.org/observations/161738628","Sairocarpus"
"1798","SWS1A",2023-05-08,"2023","Cryptantha",NA,NA,NA,"","","https://www.inaturalist.org/observations/161738629","Cryptantha"
"1799","SWS1A",2023-05-08,"2023","Artemisia","californica",NA,NA,"","","https://www.inaturalist.org/observations/161738634","Artemisia.californica"
"1800","SWS1A",2023-05-08,"2023","Bahiopsis","laciniata",NA,NA,"","","https://www.inaturalist.org/observations/161738635","Bahiopsis.laciniata"
"1801","SWS1A",2023-05-08,"2023","Hirschfeldia","incana",NA,NA,"",">10000","https://www.inaturalist.org/observations/161738637","Hirschfeldia.incana"
"1802","SWS1A",2023-05-08,"2023","Pseudognaphalium","stramineum",NA,NA,"","","https://www.inaturalist.org/observations/161738639","Pseudognaphalium.stramineum"
"1803",NA,2023-05-08,"2023","Dudleya","pulverulenta",NA,NA,"","","https://www.inaturalist.org/observations/161738641","Dudleya.pulverulenta"
"1804","SWS1A",2023-05-08,"2023","Sonchus",NA,NA,NA,"","","https://www.inaturalist.org/observations/161738644","Sonchus"
"1805","SWS1A",2023-05-08,"2023","Lysimachia","arvensis",NA,NA,"","","https://www.inaturalist.org/observations/161738647","Lysimachia.arvensis"
"1806","SWS1A",2023-05-08,"2023","",NA,NA,NA,"","","https://www.inaturalist.org/observations/161738648",""
"1807","SWS1A",2023-05-08,"2023","Bromus",NA,NA,NA,"","","https://www.inaturalist.org/observations/161738650","Bromus"
"1808","SWS1A",2023-05-08,"2023","Bahiopsis","laciniata",NA,NA,"","","https://www.inaturalist.org/observations/161738651","Bahiopsis.laciniata"
"1809","SWS1A",2023-05-08,"2023","Opuntia",NA,NA,NA,"","","https://www.inaturalist.org/observations/161738653","Opuntia"
"1810","SWS1A",2023-05-08,"2023","Navarretia","hamata",NA,NA,"","1001 - 10000","https://www.inaturalist.org/observations/161738656","Navarretia.hamata"
"1811","SWS1A",2023-05-08,"2023","Zeltnera","venusta",NA,NA,"","","https://www.inaturalist.org/observations/161738657","Zeltnera.venusta"
"1812","SWS1A",2023-05-08,"2023","Centaurea","melitensis",NA,NA,"","","https://www.inaturalist.org/observations/161738658","Centaurea.melitensis"
"1813","SWS1A",2023-05-08,"2023","Deinandra",NA,NA,NA,"","","https://www.inaturalist.org/observations/161738659","Deinandra"
"1814","SWS1A",2023-05-08,"2023","Sonchus",NA,NA,NA,"","","https://www.inaturalist.org/observations/161738660","Sonchus"
"1815","SWS1A",2023-05-08,"2023","Pseudognaphalium","stramineum",NA,NA,"","1 - 10","https://www.inaturalist.org/observations/161740103","Pseudognaphalium.stramineum"
"1816","SWS1A",2023-05-08,"2023","Opuntia",NA,NA,NA,"","11 - 100","https://www.inaturalist.org/observations/161740105","Opuntia"
"1817","SWS1A",2023-05-08,"2023","Diplacus","brevipes",NA,NA,"","1001 - 10000","https://www.inaturalist.org/observations/161740106","Diplacus.brevipes"
"1818","SWS1A",2023-05-08,"2023","",NA,NA,NA,"","","https://www.inaturalist.org/observations/161740107",""
"1819","SWS1A",2023-05-08,"2023","Malosma","laurina",NA,NA,"","","https://www.inaturalist.org/observations/161740108","Malosma.laurina"
"1820","SWS1A",2023-05-08,"2023","Dipterostemon","capitatus",NA,NA,"","","https://www.inaturalist.org/observations/161740109","Dipterostemon.capitatus"
"1821","SWS1A",2023-05-08,"2023","Artemisia","californica",NA,NA,"","","https://www.inaturalist.org/observations/161740110","Artemisia.californica"
"1822","SWS1A",2023-05-08,"2023","Daucus","pusillus",NA,NA,"","1 - 10","https://www.inaturalist.org/observations/161740112","Daucus.pusillus"
"1823","SWS1A",2023-05-08,"2023","Marah","macrocarpa",NA,NA,"","","https://www.inaturalist.org/observations/161740113","Marah.macrocarpa"
"1824","SWS1A",2023-05-08,"2023","",NA,NA,NA,"","","https://www.inaturalist.org/observations/161740115",""
"1825","SWS1A",2023-05-08,"2023","Deinandra","fasciculata",NA,NA,"","","https://www.inaturalist.org/observations/161740116","Deinandra.fasciculata"
"1826","SWS1A",2023-05-08,"2023","Calystegia","macrostegia",NA,NA,"","11 - 100","https://www.inaturalist.org/observations/161740117","Calystegia.macrostegia"
"1827",NA,2023-05-08,"2023","Ferocactus","viridescens",NA,NA,"","","https://www.inaturalist.org/observations/161740119","Ferocactus.viridescens"
"1828","SWS10",2023-05-10,"2023","Logfia","gallica",NA,NA,"","","https://www.inaturalist.org/observations/162247059","Logfia.gallica"
"1829","SWS10",2023-05-10,"2023","Lamarckia","aurea",NA,NA,"","","https://www.inaturalist.org/observations/162247153","Lamarckia.aurea"
"1830","SWS10",2023-05-10,"2023","Festuca",NA,NA,NA,"","","https://www.inaturalist.org/observations/162247177","Festuca"
"1831","SWS10",2023-05-10,"2023","Acmispon","glaber",NA,NA,"","","https://www.inaturalist.org/observations/162247213","Acmispon.glaber"
"1832","SWS10",2023-05-10,"2023","Erodium","botrys",NA,NA,"","","https://www.inaturalist.org/observations/162247248","Erodium.botrys"
"1833","SWS10",2023-05-10,"2023","Limonium",NA,NA,NA,"","","https://www.inaturalist.org/observations/162247319","Limonium"
"1834","SWS10",2023-05-10,"2023","Baccharis",NA,NA,NA,"","","https://www.inaturalist.org/observations/162247355","Baccharis"
"1835","SWS10",2023-05-10,"2023","Centaurea","melitensis",NA,NA,"","","https://www.inaturalist.org/observations/162247614","Centaurea.melitensis"
"1836","SWS10",2023-05-10,"2023","",NA,NA,NA,"","","https://www.inaturalist.org/observations/162247736",""
"1837","SWS10",2023-05-10,"2023","Eriogonum","fasciculatum",NA,NA,"","","https://www.inaturalist.org/observations/162247772","Eriogonum.fasciculatum"
"1838","SWS10",2023-05-10,"2023","Avena",NA,NA,NA,"","","https://www.inaturalist.org/observations/162247812","Avena"
"1839","SWS10",2023-05-10,"2023","Hirschfeldia","incana",NA,NA,"","","https://www.inaturalist.org/observations/162247869","Hirschfeldia.incana"
"1840","SWS10",2023-05-10,"2023","Limonium",NA,NA,NA,"","","https://www.inaturalist.org/observations/162247904","Limonium"
"1841","MTS7",2023-06-01,"2023","Diplacus","brevipes",NA,NA,"Chollas Parkway, Nikon 200mm f/4 ED-IF AF Micro-NIKKOR, Z50","","https://www.inaturalist.org/observations/165044234","Diplacus.brevipes"
"1842","MTS7",2023-06-01,"2023","Cylindropuntia","prolifera",NA,NA,"Chollas Parkway, Nikon 200mm f/4 ED-IF AF Micro-NIKKOR, Z50","","https://www.inaturalist.org/observations/165044820","Cylindropuntia.prolifera"
"1843","MTS7",2023-06-01,"2023","Opuntia","littoralis",NA,NA,"Chollas Parkway, Nikon 200mm f/4 ED-IF AF Micro-NIKKOR, Z50","","https://www.inaturalist.org/observations/165045040","Opuntia.littoralis"
"1844","MTS7",2023-06-01,"2023","Lysimachia","arvensis",NA,NA,"Chollas Parkway, Nikon 200mm f/4 ED-IF AF Micro-NIKKOR, Z50","","https://www.inaturalist.org/observations/165045587","Lysimachia.arvensis"
"1845","MTS7",2023-06-01,"2023","Eriophyllum","confertiflorum",NA,NA,"Chollas Parkway, Nikon 200mm f/4 ED-IF AF Micro-NIKKOR, Z50","","https://www.inaturalist.org/observations/165045739","Eriophyllum.confertiflorum"
"1846","MTS7",2023-06-01,"2023","Eriodictyon","crassifolium",NA,NA,"Chollas Parkway, Nikon 200mm f/4 ED-IF AF Micro-NIKKOR, Z50","","https://www.inaturalist.org/observations/165045941","Eriodictyon.crassifolium"
"1847","MTS7",2023-06-01,"2023","Zeltnera","venusta",NA,NA,"Chollas Parkway, Nikon 200mm f/4 ED-IF AF Micro-NIKKOR, Z50","","https://www.inaturalist.org/observations/165046317","Zeltnera.venusta"
"1848","MTS7",2023-06-01,"2023","Camissoniopsis",NA,NA,NA,"Chollas Parkway, Nikon 200mm f/4 ED-IF AF Micro-NIKKOR, Z50","","https://www.inaturalist.org/observations/165047181","Camissoniopsis"
"1849","MTS7",2023-06-01,"2023","Daucus","pusillus",NA,NA,"Chollas Parkway, Nikon 200mm f/4 ED-IF AF Micro-NIKKOR, Z50","","https://www.inaturalist.org/observations/165047183","Daucus.pusillus"
"1850","MTS7",2023-06-01,"2023","Salvia","mellifera",NA,NA,"Chollas Parkway, Nikon 200mm f/4 ED-IF AF Micro-NIKKOR, Z50","","https://www.inaturalist.org/observations/165049348","Salvia.mellifera"
"1851","MTS7",2023-06-01,"2023","Hirschfeldia","incana",NA,NA,"Chollas Parkway, Nikon 200mm f/4 ED-IF AF Micro-NIKKOR, Z50","","https://www.inaturalist.org/observations/165049493","Hirschfeldia.incana"
"1852","MTS7",2023-06-01,"2023","Lonicera","subspicata",NA,NA,"Chollas Parkway, Nikon 200mm f/4 ED-IF AF Micro-NIKKOR, Z50","","https://www.inaturalist.org/observations/165049758","Lonicera.subspicata"
"1853","MTS7",2023-06-01,"2023","Eriogonum","fasciculatum",NA,NA,"Chollas Parkway, Nikon 200mm f/4 ED-IF AF Micro-NIKKOR, Z50","","https://www.inaturalist.org/observations/165049835","Eriogonum.fasciculatum"
"1854","MTS7",2023-06-01,"2023","Diplacus","puniceus",NA,NA,"Chollas Parkway, Nikon 200mm f/4 ED-IF AF Micro-NIKKOR, Z50","","https://www.inaturalist.org/observations/165053510","Diplacus.puniceus"
"1855","MTS7",2023-06-01,"2023","Malosma","laurina",NA,NA,"Chollas Parkway, Nikon 200mm f/4 ED-IF AF Micro-NIKKOR, Z50","","https://www.inaturalist.org/observations/165054274","Malosma.laurina"
"1856","MTS7",2023-06-01,"2023","Solanum","parishii",NA,NA,"Chollas Parkway, Nikon 200mm f/4 ED-IF AF Micro-NIKKOR, Z50","","https://www.inaturalist.org/observations/165061699","Solanum.parishii"
"1857","MTS7",2023-06-01,"2023","Triodanis","biflora",NA,NA,"","1 - 10","https://www.inaturalist.org/observations/165085450","Triodanis.biflora"
"1858","SWS3",2023-06-01,"2023","Sisyrinchium","bellum",NA,NA,"","1 - 10","https://www.inaturalist.org/observations/165085451","Sisyrinchium.bellum"
"1859","MTS6",2023-06-01,"2023","Marrubium","vulgare",NA,NA,"","11 - 100","https://www.inaturalist.org/observations/165085452","Marrubium.vulgare"
"1860","MTS6",2023-06-01,"2023","Eriophyllum","confertiflorum",NA,NA,"","101 - 1000","https://www.inaturalist.org/observations/165085453","Eriophyllum.confertiflorum"
"1861","MTS6",2023-06-01,"2023","Deinandra","fasciculata",NA,NA,"",">10000","https://www.inaturalist.org/observations/165085454","Deinandra.fasciculata"
"1862","MTS6",2023-06-01,"2023","Stephanomeria","diegensis",NA,NA,"","1 - 10","https://www.inaturalist.org/observations/165085456","Stephanomeria.diegensis"
"1863","MTS6",2023-06-01,"2023","Salvia","mellifera",NA,NA,"","101 - 1000","https://www.inaturalist.org/observations/165085457","Salvia.mellifera"
"1864","MTS6",2023-06-01,"2023","Sairocarpus","pusillus",NA,NA,"","11 - 100","https://www.inaturalist.org/observations/165085458","Sairocarpus.pusillus"
"1865","MTS6",2023-06-01,"2023","Centaurea","melitensis",NA,NA,"","1001 - 10000","https://www.inaturalist.org/observations/165085460","Centaurea.melitensis"
"1866",NA,2023-06-01,"2023","Adolphia","californica",NA,NA,"","1 - 10","https://www.inaturalist.org/observations/165085461","Adolphia.californica"
"1867","MTS6",2023-06-01,"2023","Encelia","californica",NA,NA,"","1 - 10","https://www.inaturalist.org/observations/165085462","Encelia.californica"
"1868","MTS6",2023-06-01,"2023","Zeltnera","venusta",NA,NA,"","1001 - 10000","https://www.inaturalist.org/observations/165085463","Zeltnera.venusta"
"1869","MTS6",2023-06-01,"2023","Zeltnera","venusta",NA,NA,"","1001 - 10000","https://www.inaturalist.org/observations/165085464","Zeltnera.venusta"
"1870","MTS6",2023-06-01,"2023","Malacothamnus","fasciculatus",NA,NA,"","101 - 1000","https://www.inaturalist.org/observations/165085465","Malacothamnus.fasciculatus"
"1871","MTS6",2023-06-01,"2023","Deinandra","fasciculata",NA,NA,"",">10000","https://www.inaturalist.org/observations/165085466","Deinandra.fasciculata"
"1872","MTS6",2023-06-01,"2023","Eriogonum","fasciculatum",NA,NA,"","1001 - 10000","https://www.inaturalist.org/observations/165085467","Eriogonum.fasciculatum"
"1873","MTS6",2023-06-01,"2023","Opuntia","leucotricha",NA,NA,"","1 - 10","https://www.inaturalist.org/observations/165085469","Opuntia.leucotricha"
"1874","SWS3",2023-06-01,"2023","Eriogonum","fasciculatum",NA,NA,"","1001 - 10000","https://www.inaturalist.org/observations/165085472","Eriogonum.fasciculatum"
"1875","SWS3",2023-06-01,"2023","Bahiopsis","laciniata",NA,NA,"","11 - 100","https://www.inaturalist.org/observations/165085474","Bahiopsis.laciniata"
"1876",NA,2023-06-01,"2023","Ferocactus","viridescens",NA,NA,"","1 - 10","https://www.inaturalist.org/observations/165085477","Ferocactus.viridescens"
"1877","SWS3",2023-06-01,"2023","Centaurea","melitensis",NA,NA,"","1001 - 10000","https://www.inaturalist.org/observations/165085478","Centaurea.melitensis"
"1878","SWS3",2023-06-01,"2023","Osmadenia","tenella",NA,NA,"","101 - 1000","https://www.inaturalist.org/observations/165085479","Osmadenia.tenella"
"1879","SWS3",2023-06-01,"2023","Deinandra","fasciculata",NA,NA,"",">10000","https://www.inaturalist.org/observations/165085480","Deinandra.fasciculata"
"1880","SWS3",2023-06-01,"2023","Chorizanthe","procumbens",NA,NA,"","11 - 100","https://www.inaturalist.org/observations/165085481","Chorizanthe.procumbens"
"1881","SWS3",2023-06-01,"2023","Stephanomeria","diegensis",NA,NA,"","1 - 10","https://www.inaturalist.org/observations/165085484","Stephanomeria.diegensis"
"1882","SWS3",2023-06-01,"2023","Chaenactis","glabriuscula",NA,NA,"","11 - 100","https://www.inaturalist.org/observations/165085486","Chaenactis.glabriuscula"
"1883","SWS3",2023-06-01,"2023","Navarretia","hamata",NA,NA,"","101 - 1000","https://www.inaturalist.org/observations/165085487","Navarretia.hamata"
"1884","SWS3",2023-06-01,"2023","Zeltnera","venusta",NA,NA,"","101 - 1000","https://www.inaturalist.org/observations/165085488","Zeltnera.venusta"
"1885","SWS3",2023-06-01,"2023","Calochortus","splendens",NA,NA,"","1 - 10","https://www.inaturalist.org/observations/165085490","Calochortus.splendens"
"1886","SWS3",2023-06-01,"2023","Chorizanthe","fimbriata",NA,NA,"","1001 - 10000","https://www.inaturalist.org/observations/165085493","Chorizanthe.fimbriata"
"1887","SWS3",2023-06-01,"2023","Salvia","mellifera",NA,NA,"","1001 - 10000","https://www.inaturalist.org/observations/165085494","Salvia.mellifera"
"1888","SWS3",2023-06-01,"2023","Camissoniopsis","bistorta",NA,NA,"","11 - 100","https://www.inaturalist.org/observations/165085495","Camissoniopsis.bistorta"
"1889","SWS3",2023-06-01,"2023","Salvia","apiana",NA,NA,"","101 - 1000","https://www.inaturalist.org/observations/165085496","Salvia.apiana"
"1890","SWS3",2023-06-01,"2023","Opuntia",NA,NA,NA,"","11 - 100","https://www.inaturalist.org/observations/165085498","Opuntia"
"1891","MTS7",2023-06-01,"2023","Scrophularia","californica",NA,NA,"","1 - 10","https://www.inaturalist.org/observations/165085502","Scrophularia.californica"
"1892","MTS7",2023-06-01,"2023","Eucrypta","chrysanthemifolia",NA,NA,"","11 - 100","https://www.inaturalist.org/observations/165085503","Eucrypta.chrysanthemifolia"
"1893","MTS7",2023-06-01,"2023","Sairocarpus","nuttallianus",NA,NA,"","11 - 100","https://www.inaturalist.org/observations/165085508","Sairocarpus.nuttallianus"
"1894","MTS7",2023-06-01,"2023","Solanum","parishii",NA,NA,"","1 - 10","https://www.inaturalist.org/observations/165085514","Solanum.parishii"
"1895","MTS7",2023-06-01,"2023","Glebionis","coronaria",NA,NA,"","11 - 100","https://www.inaturalist.org/observations/165085515","Glebionis.coronaria"
"1896","MTS7",2023-06-01,"2023","Marrubium","vulgare",NA,NA,"","11 - 100","https://www.inaturalist.org/observations/165085516","Marrubium.vulgare"
"1897","MTS7",2023-06-01,"2023","Calystegia","macrostegia",NA,NA,"","1 - 10","https://www.inaturalist.org/observations/165085517","Calystegia.macrostegia"
"1898","MTS7",2023-06-01,"2023","Bahiopsis","laciniata",NA,NA,"","101 - 1000","https://www.inaturalist.org/observations/165085518","Bahiopsis.laciniata"
"1899","MTS7",2023-06-01,"2023","Acmispon","glaber",NA,NA,"","11 - 100","https://www.inaturalist.org/observations/165085519","Acmispon.glaber"
"1900","MTS7",2023-06-01,"2023","Cylindropuntia","prolifera",NA,NA,"","11 - 100","https://www.inaturalist.org/observations/165085520","Cylindropuntia.prolifera"
"1901","MTS7",2023-06-01,"2023","Diplacus","puniceus",NA,NA,"","11 - 100","https://www.inaturalist.org/observations/165085525","Diplacus.puniceus"
"1902","MTS7",2023-06-01,"2023","Malosma","laurina",NA,NA,"","11 - 100","https://www.inaturalist.org/observations/165085526","Malosma.laurina"
"1903","MTS7",2023-06-01,"2023","Eriophyllum","confertiflorum",NA,NA,"","101 - 1000","https://www.inaturalist.org/observations/165085528","Eriophyllum.confertiflorum"
"1904","MTS7",2023-06-01,"2023","Opuntia",NA,NA,NA,"","11 - 100","https://www.inaturalist.org/observations/165085529","Opuntia"
"1905","MTS7",2023-06-01,"2023","Salvia","mellifera",NA,NA,"","101 - 1000","https://www.inaturalist.org/observations/165085532","Salvia.mellifera"
"1906","MTS7",2023-06-01,"2023","Eriodictyon","crassifolium",NA,NA,"","101 - 1000","https://www.inaturalist.org/observations/165085533","Eriodictyon.crassifolium"
"1907","MTS7",2023-06-01,"2023","Navarretia","hamata",NA,NA,"","101 - 1000","https://www.inaturalist.org/observations/165085535","Navarretia.hamata"
"1908","MTS7",2023-06-01,"2023","Lythrum","hyssopifolia",NA,NA,"","11 - 100","https://www.inaturalist.org/observations/165085536","Lythrum.hyssopifolia"
"1909","MTS7",2023-06-01,"2023","Lysimachia","arvensis",NA,NA,"","101 - 1000","https://www.inaturalist.org/observations/165085537","Lysimachia.arvensis"
"1910","MTS7",2023-06-01,"2023","Zeltnera","venusta",NA,NA,"","101 - 1000","https://www.inaturalist.org/observations/165085538","Zeltnera.venusta"
"1911","MTS7",2023-06-01,"2023","Eriogonum","fasciculatum",NA,NA,"","1001 - 10000","https://www.inaturalist.org/observations/165085539","Eriogonum.fasciculatum"
"1912","MTS7",2023-06-01,"2023","Hirschfeldia","incana",NA,NA,"","1001 - 10000","https://www.inaturalist.org/observations/165085540","Hirschfeldia.incana"
"1913","MTS7",2023-06-01,"2023","Lonicera","subspicata",NA,NA,"","1001 - 10000","https://www.inaturalist.org/observations/165085545","Lonicera.subspicata"
"1914","ECR5",2023-06-02,"2023","Eriodictyon","crassifolium",NA,NA,"","101 - 1000","https://www.inaturalist.org/observations/165250977","Eriodictyon.crassifolium"
"1915","ECR5",2023-06-02,"2023","Centaurea","melitensis",NA,NA,"","101 - 1000","https://www.inaturalist.org/observations/165250978","Centaurea.melitensis"
"1916","ECR5",2023-06-02,"2023","Sairocarpus","nuttallianus",NA,NA,"","11 - 100","https://www.inaturalist.org/observations/165250980","Sairocarpus.nuttallianus"
"1917","ECR5",2023-06-02,"2023","Eriodictyon","crassifolium",NA,NA,"","101 - 1000","https://www.inaturalist.org/observations/165250981","Eriodictyon.crassifolium"
"1918","ECR5",2023-06-02,"2023","Deinandra","fasciculata",NA,NA,"",">10000","https://www.inaturalist.org/observations/165250982","Deinandra.fasciculata"
"1919","ECR5",2023-06-02,"2023","Eriogonum","fasciculatum",NA,NA,"",">10000","https://www.inaturalist.org/observations/165250984","Eriogonum.fasciculatum"
"1920",NA,2023-06-02,"2023","Calochortus","weedii",NA,NA,"","1 - 10","https://www.inaturalist.org/observations/165250986","Calochortus.weedii"
"1921","ECR5",2023-06-02,"2023","Navarretia",NA,NA,NA,"","101 - 1000","https://www.inaturalist.org/observations/165250987","Navarretia"
"1922","MTS2",2023-06-02,"2023","Calystegia","macrostegia",NA,NA,"","1 - 10","https://www.inaturalist.org/observations/165250988","Calystegia.macrostegia"
"1923","MTS2",2023-06-02,"2023","Cirsium","vulgare",NA,NA,"","1 - 10","https://www.inaturalist.org/observations/165250990","Cirsium.vulgare"
"1924","MTS2",2023-06-02,"2023","Cryptantha",NA,NA,NA,"","101 - 1000","https://www.inaturalist.org/observations/165250991","Cryptantha"
"1925","MTS2",2023-06-02,"2023","Camissoniopsis",NA,NA,NA,"","11 - 100","https://www.inaturalist.org/observations/165250993","Camissoniopsis"
"1926","MTS2",2023-06-02,"2023","Raphanus","raphanistrum",NA,NA,"","101 - 1000","https://www.inaturalist.org/observations/165250994","Raphanus.raphanistrum"
"1927","MTS2",2023-06-02,"2023","Hirschfeldia","incana",NA,NA,"","101 - 1000","https://www.inaturalist.org/observations/165250995","Hirschfeldia.incana"
"1928","MTS2",2023-06-02,"2023","Opuntia",NA,NA,NA,"","11 - 100","https://www.inaturalist.org/observations/165250997","Opuntia"
"1929","MTS2",2023-06-02,"2023","Anthemis","cotula",NA,NA,"","1001 - 10000","https://www.inaturalist.org/observations/165250998","Anthemis.cotula"
"1930","MTS2",2023-06-02,"2023","Carduus","pycnocephalus",NA,NA,"","11 - 100","https://www.inaturalist.org/observations/165250999","Carduus.pycnocephalus"
"1931","MTS2",2023-06-02,"2023","Erodium","cicutarium",NA,NA,"","101 - 1000","https://www.inaturalist.org/observations/165251001","Erodium.cicutarium"
"1932",NA,2023-06-02,"2023","Salvia","apiana",NA,NA,"","1001 - 10000","https://www.inaturalist.org/observations/165251003","Salvia.apiana"
"1933","MTS2",2023-06-02,"2023","Salvia","mellifera",NA,NA,"",">10000","https://www.inaturalist.org/observations/165251004","Salvia.mellifera"
"1934","MTS2",2023-06-02,"2023","Diplacus","puniceus",NA,NA,"","11 - 100","https://www.inaturalist.org/observations/165251007","Diplacus.puniceus"
"1935","MTS2",2023-06-02,"2023","Adenostoma","fasciculatum",NA,NA,"","1001 - 10000","https://www.inaturalist.org/observations/165251008","Adenostoma.fasciculatum"
"1936","MTS2",2023-06-02,"2023","Lasthenia",NA,NA,NA,"","11 - 100","https://www.inaturalist.org/observations/165251009","Lasthenia"
"1937","MTS2",2023-06-02,"2023","Eriophyllum","confertiflorum",NA,NA,"","101 - 1000","https://www.inaturalist.org/observations/165251011","Eriophyllum.confertiflorum"
"1938","MTS2",2023-06-02,"2023","Zeltnera","venusta",NA,NA,"",">10000","https://www.inaturalist.org/observations/165251012","Zeltnera.venusta"
"1939","MTS2",2023-06-02,"2023","Eriogonum","fasciculatum",NA,NA,"","1001 - 10000","https://www.inaturalist.org/observations/165251013","Eriogonum.fasciculatum"
"1940","MTS2",2023-06-02,"2023","Chorizanthe","procumbens",NA,NA,"","101 - 1000","https://www.inaturalist.org/observations/165251016","Chorizanthe.procumbens"
"1941","MTS2",2023-06-02,"2023","Chaenactis","glabriuscula",NA,NA,"",">10000","https://www.inaturalist.org/observations/165251017","Chaenactis.glabriuscula"
"1942","MTS2",2023-06-02,"2023","Pseudognaphalium","stramineum",NA,NA,"","11 - 100","https://www.inaturalist.org/observations/165251018","Pseudognaphalium.stramineum"
"1943","MTS2",2023-06-02,"2023","Navarretia",NA,NA,NA,"","101 - 1000","https://www.inaturalist.org/observations/165251020","Navarretia"
"1944","MTS2",2023-06-02,"2023","Zeltnera","venusta",NA,NA,"",">10000","https://www.inaturalist.org/observations/165251021","Zeltnera.venusta"
"1945","ECR5",2023-06-02,"2023","Salvia","mellifera",NA,NA,"","1001 - 10000","https://www.inaturalist.org/observations/165251032","Salvia.mellifera"
"1946","ECR5",2023-06-02,"2023","Chorizanthe","fimbriata",NA,NA,"","1001 - 10000","https://www.inaturalist.org/observations/165251033","Chorizanthe.fimbriata"
"1947","ECR5",2023-06-02,"2023","Acmispon","glaber",NA,NA,"","11 - 100","https://www.inaturalist.org/observations/165251034","Acmispon.glaber"
"1948","ECR5",2023-06-02,"2023","Crocanthemum",NA,NA,NA,"","11 - 100","https://www.inaturalist.org/observations/165251038","Crocanthemum"
"1949","ECR5",2023-06-02,"2023","Adenostoma","fasciculatum",NA,NA,"",">10000","https://www.inaturalist.org/observations/165251041","Adenostoma.fasciculatum"
"1950","ECR4",2023-06-02,"2023","Chorizanthe","fimbriata",NA,NA,"","1001 - 10000","https://www.inaturalist.org/observations/165251881","Chorizanthe.fimbriata"
"1951","ECR4",2023-06-02,"2023","Chorizanthe","procumbens",NA,NA,"","101 - 1000","https://www.inaturalist.org/observations/165251882","Chorizanthe.procumbens"
"1952","ECR4",2023-06-02,"2023","Salvia","mellifera",NA,NA,"","101 - 1000","https://www.inaturalist.org/observations/165251883","Salvia.mellifera"
"1953","ECR4",2023-06-02,"2023","Deinandra","fasciculata",NA,NA,"",">10000","https://www.inaturalist.org/observations/165251884","Deinandra.fasciculata"
"1954","ECR4",2023-06-02,"2023","Eriogonum","fasciculatum",NA,NA,"","1001 - 10000","https://www.inaturalist.org/observations/165251885","Eriogonum.fasciculatum"
"1955","ECR4",2023-06-02,"2023","Calystegia","macrostegia",NA,NA,"","1 - 10","https://www.inaturalist.org/observations/165251886","Calystegia.macrostegia"
"1956","ECR4",2023-06-02,"2023","Porophyllum","gracile",NA,NA,"","1 - 10","https://www.inaturalist.org/observations/165251887","Porophyllum.gracile"
"1957","ECR4",2023-06-02,"2023","Calochortus","splendens",NA,NA,"","101 - 1000","https://www.inaturalist.org/observations/165251888","Calochortus.splendens"
"1958","ECR4",2023-06-02,"2023","Dipterostemon","capitatus",NA,NA,"","1 - 10","https://www.inaturalist.org/observations/165251889","Dipterostemon.capitatus"
"1959","ECR4",2023-06-02,"2023","Hypochaeris",NA,NA,NA,"","1 - 10","https://www.inaturalist.org/observations/165251894","Hypochaeris"
"1960","ECR4",2023-06-02,"2023","Lysimachia","arvensis",NA,NA,"","11 - 100","https://www.inaturalist.org/observations/165251895","Lysimachia.arvensis"
"1961","ECR4",2023-06-02,"2023","Adenostoma","fasciculatum",NA,NA,"","1001 - 10000","https://www.inaturalist.org/observations/165251896","Adenostoma.fasciculatum"
"1962","ECR4",2023-06-02,"2023","Cistus","ladanifer",NA,NA,"","1 - 10","https://www.inaturalist.org/observations/165251897","Cistus.ladanifer"
"1963","ECR4",2023-06-02,"2023","Acmispon","glaber",NA,NA,"","11 - 100","https://www.inaturalist.org/observations/165251901","Acmispon.glaber"
"1964","ECR4",2023-06-02,"2023","Eriophyllum","confertiflorum",NA,NA,"","101 - 1000","https://www.inaturalist.org/observations/165251902","Eriophyllum.confertiflorum"
"1965","ECR4",2023-06-02,"2023","Zeltnera","venusta",NA,NA,"","101 - 1000","https://www.inaturalist.org/observations/165251904","Zeltnera.venusta"
"1966","SWS1A",2023-06-03,"2023","Eriogonum","fasciculatum",NA,NA,"",">10000","https://www.inaturalist.org/observations/165435003","Eriogonum.fasciculatum"
"1967","SWS1A",2023-06-03,"2023","Zeltnera","venusta",NA,NA,"","1001 - 10000","https://www.inaturalist.org/observations/165435005","Zeltnera.venusta"
"1968","SWS1A",2023-06-03,"2023","Bahiopsis","laciniata",NA,NA,"","101 - 1000","https://www.inaturalist.org/observations/165435007","Bahiopsis.laciniata"
"1969","SWS1A",2023-06-03,"2023","Centaurea","melitensis",NA,NA,"","1001 - 10000","https://www.inaturalist.org/observations/165435010","Centaurea.melitensis"
"1970","SWS1A",2023-06-03,"2023","Sairocarpus","pusillus",NA,NA,"","11 - 100","https://www.inaturalist.org/observations/165435011","Sairocarpus.pusillus"
"1971","SWS1A",2023-06-03,"2023","Deinandra","fasciculata",NA,NA,"","101 - 1000","https://www.inaturalist.org/observations/165435014","Deinandra.fasciculata"
"1972",NA,2023-06-03,"2023","Dudleya","pulverulenta",NA,NA,"","","https://www.inaturalist.org/observations/165435015","Dudleya.pulverulenta"
"1973","SWS1A",2023-06-03,"2023","Diplacus","brevipes",NA,NA,"","1 - 10","https://www.inaturalist.org/observations/165435017","Diplacus.brevipes"
"1974","SWS1A",2023-06-03,"2023","Hirschfeldia","incana",NA,NA,"","1001 - 10000","https://www.inaturalist.org/observations/165435020","Hirschfeldia.incana"
"1975","SWS1A",2023-06-03,"2023","Navarretia","hamata",NA,NA,"","1 - 10","https://www.inaturalist.org/observations/165435023","Navarretia.hamata"
"1976",NA,2023-06-03,"2023","Ferocactus","viridescens",NA,NA,"","1 - 10","https://www.inaturalist.org/observations/165435027","Ferocactus.viridescens"
"1977","SWS1A",2023-06-03,"2023","Calystegia","macrostegia",NA,NA,"","1 - 10","https://www.inaturalist.org/observations/165435029","Calystegia.macrostegia"
"1978",NA,2023-06-03,"2023","Ferocactus","viridescens",NA,NA,"","1 - 10","https://www.inaturalist.org/observations/165435036","Ferocactus.viridescens"
"1979","SWS1A",2023-06-03,"2023","Opuntia",NA,NA,NA,"","1 - 10","https://www.inaturalist.org/observations/165435042","Opuntia"
"1980","SWEA",2023-06-03,"2023","Eriogonum","fasciculatum",NA,NA,"",">10000","https://www.inaturalist.org/observations/165435044","Eriogonum.fasciculatum"
"1981","SWEA",2023-06-03,"2023","Cryptantha",NA,NA,NA,"","101 - 1000","https://www.inaturalist.org/observations/165435049","Cryptantha"
"1982","SWEA",2023-06-03,"2023","Bahiopsis","laciniata",NA,NA,"","1001 - 10000","https://www.inaturalist.org/observations/165435051","Bahiopsis.laciniata"
"1983","SWEA",2023-06-03,"2023","Stephanomeria",NA,NA,NA,"","1 - 10","https://www.inaturalist.org/observations/165435052","Stephanomeria"
"1984","SWEA",2023-06-03,"2023","Sairocarpus","nuttallianus",NA,NA,"","1 - 10","https://www.inaturalist.org/observations/165435053","Sairocarpus.nuttallianus"
"1985","SWEA",2023-06-03,"2023","Hirschfeldia","incana",NA,NA,"","101 - 1000","https://www.inaturalist.org/observations/165435055","Hirschfeldia.incana"
"1986","SWEA",2023-06-03,"2023","Phacelia","cicutaria",NA,NA,"","101 - 1000","https://www.inaturalist.org/observations/165435056","Phacelia.cicutaria"
"1987","SWI4",2023-06-03,"2023","Zeltnera","venusta",NA,NA,"","101 - 1000","https://www.inaturalist.org/observations/165435059","Zeltnera.venusta"
"1988","SWI4",2023-06-03,"2023","Centaurea","melitensis",NA,NA,"","1001 - 10000","https://www.inaturalist.org/observations/165435060","Centaurea.melitensis"
"1989","SWI4",2023-06-03,"2023","Hirschfeldia","incana",NA,NA,"","1001 - 10000","https://www.inaturalist.org/observations/165435066","Hirschfeldia.incana"
"1990","SWI4",2023-06-03,"2023","Bahiopsis","laciniata",NA,NA,"","1001 - 10000","https://www.inaturalist.org/observations/165435067","Bahiopsis.laciniata"
"1991","SWI4",2023-06-03,"2023","Oxalis","californica",NA,NA,"","11 - 100","https://www.inaturalist.org/observations/165435072","Oxalis.californica"
"1992","SWI4",2023-06-03,"2023","Diplacus","puniceus",NA,NA,"","1001 - 10000","https://www.inaturalist.org/observations/165435073","Diplacus.puniceus"
"1993","SWI4",2023-06-03,"2023","Deinandra","fasciculata",NA,NA,"","1001 - 10000","https://www.inaturalist.org/observations/165435087","Deinandra.fasciculata"
"1994","SWI4",2023-06-03,"2023","Phacelia","cicutaria",NA,NA,"","1 - 10","https://www.inaturalist.org/observations/165435088","Phacelia.cicutaria"
"1995","SWI4",2023-06-03,"2023","Calochortus","splendens",NA,NA,"","1 - 10","https://www.inaturalist.org/observations/165435090","Calochortus.splendens"
"1996","SWEA",2023-06-03,"2023","Euphorbia","polycarpa",NA,NA,"","1 - 10","https://www.inaturalist.org/observations/165435098","Euphorbia.polycarpa"
"1997","SWI4",2023-06-03,"2023","Zeltnera","venusta",NA,NA,"Nikon 200mm f/4 ED-IF AF Micro-NIKKOR, San Diego National Wildlife Refuge Sweetwater River Area, Z50","","https://www.inaturalist.org/observations/165443120","Zeltnera.venusta"
"1998","MTE4",2023-06-04,"2023","Opuntia","littoralis",NA,NA,"MTRP, Mission Trails Regional Park, Nikon 200mm f/4 ED-IF AF Micro-NIKKOR, Z50","","https://www.inaturalist.org/observations/165634356","Opuntia.littoralis"
"1999","MTE4",2023-06-04,"2023","Bloomeria","crocea",NA,NA,"MTRP, Mission Trails Regional Park, Nikon 200mm f/4 ED-IF AF Micro-NIKKOR, Z50","","https://www.inaturalist.org/observations/165634515","Bloomeria.crocea"
"2000","MTE4",2023-06-04,"2023","Calochortus","splendens",NA,NA,"MTRP, Mission Trails Regional Park, Nikon 200mm f/4 ED-IF AF Micro-NIKKOR, Z50","","https://www.inaturalist.org/observations/165635039","Calochortus.splendens"
"2001","MTE4",2023-06-04,"2023","Salvia","mellifera",NA,NA,"MTRP, Mission Trails Regional Park, Nikon 200mm f/4 ED-IF AF Micro-NIKKOR, Z50","","https://www.inaturalist.org/observations/165635288","Salvia.mellifera"
"2002","MTE4",2023-06-04,"2023","Lupinus","succulentus",NA,NA,"MTRP, Mission Trails Regional Park, Nikon 200mm f/4 ED-IF AF Micro-NIKKOR, Z50","1 - 10","https://www.inaturalist.org/observations/165635550","Lupinus.succulentus"
"2003","MTE4",2023-06-04,"2023","Eriogonum","fasciculatum",NA,NA,"MTRP, Mission Trails Regional Park, Nikon 200mm f/4 ED-IF AF Micro-NIKKOR, Z50","","https://www.inaturalist.org/observations/165640585","Eriogonum.fasciculatum"
"2004","MTE3",2023-06-04,"2023","Cleomella","arborea",NA,NA,"","11 - 100","https://www.inaturalist.org/observations/165660104","Cleomella.arborea"
"2005","MTE3",2023-06-04,"2023","Bahiopsis","laciniata",NA,NA,"","101 - 1000","https://www.inaturalist.org/observations/165660105","Bahiopsis.laciniata"
"2006","MTE3",2023-06-04,"2023","Salvia","mellifera",NA,NA,"","101 - 1000","https://www.inaturalist.org/observations/165660106","Salvia.mellifera"
"2007","MTE3",2023-06-04,"2023","Centaurea","melitensis",NA,NA,"","101 - 1000","https://www.inaturalist.org/observations/165660111","Centaurea.melitensis"
"2008","MTE3",2023-06-04,"2023","Eriogonum","fasciculatum",NA,NA,"","1001 - 10000","https://www.inaturalist.org/observations/165660112","Eriogonum.fasciculatum"
"2009","MTE3",2023-06-04,"2023","Zeltnera","venusta",NA,NA,"","11 - 100","https://www.inaturalist.org/observations/165660113","Zeltnera.venusta"
"2010","MTE3",2023-06-04,"2023","Cylindropuntia","prolifera",NA,NA,"","1 - 10","https://www.inaturalist.org/observations/165660114","Cylindropuntia.prolifera"
"2011","MTE3",2023-06-04,"2023","Eriogonum","fasciculatum",NA,NA,"","1001 - 10000","https://www.inaturalist.org/observations/165660115","Eriogonum.fasciculatum"
"2012","MTE3",2023-06-04,"2023","Cryptantha",NA,NA,NA,"","11 - 100","https://www.inaturalist.org/observations/165660116","Cryptantha"
"2013","MTE3",2023-06-04,"2023","Navarretia","hamata",NA,NA,"","101 - 1000","https://www.inaturalist.org/observations/165660117","Navarretia.hamata"
"2014","MTE3",2023-06-04,"2023","Lysimachia","arvensis",NA,NA,"","1 - 10","https://www.inaturalist.org/observations/165660118","Lysimachia.arvensis"
"2015","MTE3",2023-06-04,"2023","Acmispon","glaber",NA,NA,"","11 - 100","https://www.inaturalist.org/observations/165660119","Acmispon.glaber"
"2016","MTE4",2023-06-04,"2023","Eriogonum","fasciculatum",NA,NA,"","1001 - 10000","https://www.inaturalist.org/observations/165660121","Eriogonum.fasciculatum"
"2017","MTE4",2023-06-04,"2023","Bahiopsis","laciniata",NA,NA,"","101 - 1000","https://www.inaturalist.org/observations/165660122","Bahiopsis.laciniata"
"2018","MTE4",2023-06-04,"2023","Eriophyllum","confertiflorum",NA,NA,"","11 - 100","https://www.inaturalist.org/observations/165660125","Eriophyllum.confertiflorum"
"2019","MTE4",2023-06-04,"2023","Bloomeria","crocea",NA,NA,"","1 - 10","https://www.inaturalist.org/observations/165660126","Bloomeria.crocea"
"2020","MTE4",2023-06-04,"2023","Deinandra","fasciculata",NA,NA,"","101 - 1000","https://www.inaturalist.org/observations/165660127","Deinandra.fasciculata"
"2021","MTE4",2023-06-04,"2023","Diplacus","puniceus",NA,NA,"","101 - 1000","https://www.inaturalist.org/observations/165660129","Diplacus.puniceus"
"2022","MTE4",2023-06-04,"2023","Centaurea","melitensis",NA,NA,"","11 - 100","https://www.inaturalist.org/observations/165660130","Centaurea.melitensis"
"2023","MTE4",2023-06-04,"2023","Salvia","apiana",NA,NA,"","101 - 1000","https://www.inaturalist.org/observations/165660133","Salvia.apiana"
"2024","MTE4",2023-06-04,"2023","Opuntia",NA,NA,NA,"","11 - 100","https://www.inaturalist.org/observations/165660134","Opuntia"
"2025","MTE4",2023-06-04,"2023","Acmispon","glaber",NA,NA,"","11 - 100","https://www.inaturalist.org/observations/165660135","Acmispon.glaber"
"2026","MTE4",2023-06-04,"2023","Erodium","botrys",NA,NA,"","11 - 100","https://www.inaturalist.org/observations/165660137","Erodium.botrys"
"2027","MTI2",2023-06-04,"2023","Bahiopsis","laciniata",NA,NA,"","101 - 1000","https://www.inaturalist.org/observations/165660140","Bahiopsis.laciniata"
"2028","MTI2",2023-06-04,"2023","Zeltnera","venusta",NA,NA,"","11 - 100","https://www.inaturalist.org/observations/165660143","Zeltnera.venusta"
"2029","MTI2",2023-06-04,"2023","Eschscholzia","californica",NA,NA,"","1 - 10","https://www.inaturalist.org/observations/165660144","Eschscholzia.californica"
"2030","MTI2",2023-06-04,"2023","Malosma","laurina",NA,NA,"","11 - 100","https://www.inaturalist.org/observations/165660146","Malosma.laurina"
"2031","MTI2",2023-06-04,"2023","Acmispon","glaber",NA,NA,"","101 - 1000","https://www.inaturalist.org/observations/165660147","Acmispon.glaber"
"2032","MTI2",2023-06-04,"2023","Chorizanthe","fimbriata",NA,NA,"","1001 - 10000","https://www.inaturalist.org/observations/165660149","Chorizanthe.fimbriata"
"2033","MTI2",2023-06-04,"2023","Osmadenia","tenella",NA,NA,"","11 - 100","https://www.inaturalist.org/observations/165660150","Osmadenia.tenella"
"2034","MTI2",2023-06-04,"2023","Acmispon","strigosus",NA,NA,"","1 - 10","https://www.inaturalist.org/observations/165660151","Acmispon.strigosus"
"2035","MTI2",2023-06-04,"2023","Navarretia","hamata",NA,NA,"","1 - 10","https://www.inaturalist.org/observations/165660155","Navarretia.hamata"
"2036","MTI2",2023-06-04,"2023","Dipterostemon","capitatus",NA,NA,"","1 - 10","https://www.inaturalist.org/observations/165660156","Dipterostemon.capitatus"
"2037","MTI2",2023-06-04,"2023","Porophyllum","gracile",NA,NA,"","1 - 10","https://www.inaturalist.org/observations/165660157","Porophyllum.gracile"
"2038","MTI2",2023-06-04,"2023","Euphorbia","polycarpa",NA,NA,"","101 - 1000","https://www.inaturalist.org/observations/165660160","Euphorbia.polycarpa"
"2039","MTE4",2023-06-04,"2023","Glebionis","coronaria",NA,NA,"","11 - 100","https://www.inaturalist.org/observations/165660165","Glebionis.coronaria"
"2040","MTS2",2023-06-02,"2023","Cryptantha",NA,NA,NA,"","","https://www.inaturalist.org/observations/165839681","Cryptantha"
"2041","MTS2",2023-06-02,"2023","Lysimachia","arvensis",NA,NA,"","","https://www.inaturalist.org/observations/165839718","Lysimachia.arvensis"
"2042","MTS2",2023-06-02,"2023","Stylocline","gnaphaloides",NA,NA,"","","https://www.inaturalist.org/observations/165839770","Stylocline.gnaphaloides"
"2043","MTS2",2023-06-02,"2023","Quercus",NA,NA,NA,"","","https://www.inaturalist.org/observations/165840046","Quercus"
"2044","MTS2",2023-06-02,"2023","Chaenactis","glabriuscula",NA,NA,"","","https://www.inaturalist.org/observations/165840154","Chaenactis.glabriuscula"
"2045","MTS2",2023-06-02,"2023","Lysimachia","arvensis",NA,NA,"","","https://www.inaturalist.org/observations/165840230","Lysimachia.arvensis"
"2046","MTS2",2023-06-02,"2023","Avena",NA,NA,NA,"","","https://www.inaturalist.org/observations/165840274","Avena"
"2047","MTS2",2023-06-02,"2023","Stephanomeria",NA,NA,NA,"","","https://www.inaturalist.org/observations/165840363","Stephanomeria"
"2048","MTS2",2023-06-02,"2023","",NA,NA,NA,"","","https://www.inaturalist.org/observations/165840434",""
"2049","MTS2",2023-06-02,"2023","Cryptantha",NA,NA,NA,"","","https://www.inaturalist.org/observations/165842592","Cryptantha"
"2050","MTS2",2023-06-02,"2023","Erodium","botrys",NA,NA,"","","https://www.inaturalist.org/observations/165842619","Erodium.botrys"
"2051","MTS2",2023-06-02,"2023","Sonchus",NA,NA,NA,"","","https://www.inaturalist.org/observations/165842681","Sonchus"
"2052","MTS2",2023-06-02,"2023","Helminthotheca",NA,NA,NA,"","","https://www.inaturalist.org/observations/165842714","Helminthotheca"
"2053","MTS2",2023-06-02,"2023","Baccharis",NA,NA,NA,"","","https://www.inaturalist.org/observations/165843077","Baccharis"
"2054","MTS2",2023-06-02,"2023","Isocoma","menziesii",NA,NA,"","","https://www.inaturalist.org/observations/165843154","Isocoma.menziesii"
"2055","MTS2",2023-06-02,"2023","Hirschfeldia","incana",NA,NA,"","","https://www.inaturalist.org/observations/165843205","Hirschfeldia.incana"
"2056","MTS2",2023-06-02,"2023","Isocoma",NA,NA,NA,"","","https://www.inaturalist.org/observations/165843353","Isocoma"
"2057","MTS2",2023-06-02,"2023","Yucca","schidigera",NA,NA,"","","https://www.inaturalist.org/observations/165843388","Yucca.schidigera"
"2058","MTS2",2023-06-02,"2023","Zeltnera","venusta",NA,NA,"","","https://www.inaturalist.org/observations/165843448","Zeltnera.venusta"
"2059","MTS1A",2023-06-08,"2023","Eriogonum","fasciculatum",NA,NA,"",">10000","https://www.inaturalist.org/observations/166367747","Eriogonum.fasciculatum"
"2060","MTS1A",2023-06-08,"2023","Bahiopsis","laciniata",NA,NA,"","1001 - 10000","https://www.inaturalist.org/observations/166367748","Bahiopsis.laciniata"
"2061","MTS1A",2023-06-08,"2023","Helminthotheca","echioides",NA,NA,"","1 - 10","https://www.inaturalist.org/observations/166367754","Helminthotheca.echioides"
"2062","MTS1A",2023-06-08,"2023","Deinandra","fasciculata",NA,NA,"",">10000","https://www.inaturalist.org/observations/166367755","Deinandra.fasciculata"
"2063","MTS1A",2023-06-08,"2023","Lysimachia","arvensis",NA,NA,"","11 - 100","https://www.inaturalist.org/observations/166367756","Lysimachia.arvensis"
"2064","MTS1A",2023-06-08,"2023","Sairocarpus","nuttallianus",NA,NA,"","11 - 100","https://www.inaturalist.org/observations/166367757","Sairocarpus.nuttallianus"
"2065","MTS1A",2023-06-08,"2023","Hirschfeldia","incana",NA,NA,"","1001 - 10000","https://www.inaturalist.org/observations/166367758","Hirschfeldia.incana"
"2066","MTS1A",2023-06-08,"2023","Navarretia","hamata",NA,NA,"","1001 - 10000","https://www.inaturalist.org/observations/166367760","Navarretia.hamata"
"2067","SWS10",2023-06-08,"2023","Limonium",NA,NA,NA,"","1001 - 10000","https://www.inaturalist.org/observations/166367764","Limonium"
"2068","SWS10",2023-06-08,"2023","Limonium","sinuatum",NA,NA,"","1001 - 10000","https://www.inaturalist.org/observations/166367765","Limonium.sinuatum"
"2069","SWS10",2023-06-08,"2023","Acmispon","glaber",NA,NA,"","11 - 100","https://www.inaturalist.org/observations/166367767","Acmispon.glaber"
"2070","SWS10",2023-06-08,"2023","Calystegia","macrostegia",NA,NA,"","1 - 10","https://www.inaturalist.org/observations/166367768","Calystegia.macrostegia"
"2071","SWS10",2023-06-08,"2023","Hirschfeldia","incana",NA,NA,"","1001 - 10000","https://www.inaturalist.org/observations/166367769","Hirschfeldia.incana"
"2072","SWS10",2023-06-08,"2023","Centaurea","melitensis",NA,NA,"","101 - 1000","https://www.inaturalist.org/observations/166367770","Centaurea.melitensis"
"2073","SWS10",2023-06-08,"2023","Parkinsonia","aculeata",NA,NA,"","11 - 100","https://www.inaturalist.org/observations/166367772","Parkinsonia.aculeata"
"2074","SWS10",2023-06-08,"2023","Erodium","botrys",NA,NA,"","101 - 1000","https://www.inaturalist.org/observations/166367773","Erodium.botrys"
"2075","SWS10",2023-06-08,"2023","Salvia","clevelandii",NA,NA,"","11 - 100","https://www.inaturalist.org/observations/166367776","Salvia.clevelandii"
"2076","MTS1A",2023-06-08,"2023","Scrophularia","californica",NA,NA,"","101 - 1000","https://www.inaturalist.org/observations/166367779","Scrophularia.californica"
"2077","MTS1A",2023-06-08,"2023","Zeltnera","venusta",NA,NA,"",">10000","https://www.inaturalist.org/observations/166367781","Zeltnera.venusta"
"2078","MTS2",2023-07-04,"2023","Deinandra","fasciculata",NA,NA,"",">10000","https://www.inaturalist.org/observations/171130956","Deinandra.fasciculata"
"2079","MTS2",2023-07-04,"2023","Centaurea","melitensis",NA,NA,"","11 - 100","https://www.inaturalist.org/observations/171130959","Centaurea.melitensis"
"2080","MTS2",2023-07-04,"2023","Cirsium","vulgare",NA,NA,"","1 - 10","https://www.inaturalist.org/observations/171130960","Cirsium.vulgare"
"2081","MTS2",2023-07-04,"2023","Zeltnera","venusta",NA,NA,"","1 - 10","https://www.inaturalist.org/observations/171130963","Zeltnera.venusta"
"2082","MTS2",2023-07-04,"2023","Helminthotheca","echioides",NA,NA,"","11 - 100","https://www.inaturalist.org/observations/171130964","Helminthotheca.echioides"
"2083","MTS2",2023-07-04,"2023","Diplacus","puniceus",NA,NA,"","1 - 10","https://www.inaturalist.org/observations/171130965","Diplacus.puniceus"
"2084","MTS2",2023-07-04,"2023","Stephanomeria",NA,NA,NA,"","101 - 1000","https://www.inaturalist.org/observations/171130967","Stephanomeria"
"2085",NA,2023-07-04,"2023","Salvia","apiana",NA,NA,"","101 - 1000","https://www.inaturalist.org/observations/171130969","Salvia.apiana"
"2086","MTS2",2023-07-04,"2023","Hirschfeldia","incana",NA,NA,"","101 - 1000","https://www.inaturalist.org/observations/171130972","Hirschfeldia.incana"
"2087","MTS2",2023-07-04,"2023","Camissoniopsis",NA,NA,NA,"","1 - 10","https://www.inaturalist.org/observations/171130973","Camissoniopsis"
"2088","MTS2",2023-07-04,"2023","Croton","setiger",NA,NA,"","11 - 100","https://www.inaturalist.org/observations/171130975","Croton.setiger"
"2089","MTS2",2023-07-04,"2023","Lythrum","hyssopifolia",NA,NA,"","11 - 100","https://www.inaturalist.org/observations/171130976","Lythrum.hyssopifolia"
"2090","MTS2",2023-07-04,"2023","Erodium","botrys",NA,NA,"","11 - 100","https://www.inaturalist.org/observations/171130977","Erodium.botrys"
"2091","MTS2",2023-07-04,"2023","Cryptantha",NA,NA,NA,"","11 - 100","https://www.inaturalist.org/observations/171130981","Cryptantha"
"2092","MTS2",2023-07-04,"2023","Chaenactis","glabriuscula",NA,NA,"","1001 - 10000","https://www.inaturalist.org/observations/171130983","Chaenactis.glabriuscula"
"2093","MTS2",2023-07-04,"2023","Osmadenia","tenella",NA,NA,"","11 - 100","https://www.inaturalist.org/observations/171130984","Osmadenia.tenella"
"2094","MTS2",2023-07-04,"2023","Stephanomeria",NA,NA,NA,"","101 - 1000","https://www.inaturalist.org/observations/171130986","Stephanomeria"
"2095",NA,2023-07-04,"2023","Dudleya","pulverulenta",NA,NA,"","1 - 10","https://www.inaturalist.org/observations/171130987","Dudleya.pulverulenta"
"2096","ECR4",2023-07-04,"2023","Malosma","laurina",NA,NA,"","1001 - 10000","https://www.inaturalist.org/observations/171131784","Malosma.laurina"
"2097","ECR4",2023-07-04,"2023","Eriogonum","fasciculatum",NA,NA,"","1001 - 10000","https://www.inaturalist.org/observations/171131785","Eriogonum.fasciculatum"
"2098","ECR4",2023-07-04,"2023","Stephanomeria","diegensis",NA,NA,"","101 - 1000","https://www.inaturalist.org/observations/171131786","Stephanomeria.diegensis"
"2099","ECR4",2023-07-04,"2023","Cistus","ladanifer",NA,NA,"","1 - 10","https://www.inaturalist.org/observations/171131790","Cistus.ladanifer"
"2100","ECR4",2023-07-04,"2023","Adenostoma","fasciculatum",NA,NA,"","101 - 1000","https://www.inaturalist.org/observations/171131791","Adenostoma.fasciculatum"
"2101","ECR4",2023-07-04,"2023","Deinandra","fasciculata",NA,NA,"","1001 - 10000","https://www.inaturalist.org/observations/171131792","Deinandra.fasciculata"
"2102","ECR4",2023-07-04,"2023","Stephanomeria",NA,NA,NA,"","101 - 1000","https://www.inaturalist.org/observations/171131793","Stephanomeria"
"2103","ECR5",2023-07-04,"2023","Eriodictyon","crassifolium",NA,NA,"","1 - 10","https://www.inaturalist.org/observations/171131797","Eriodictyon.crassifolium"
"2104","ECR5",2023-07-04,"2023","Malosma","laurina",NA,NA,"","1001 - 10000","https://www.inaturalist.org/observations/171131798","Malosma.laurina"
"2105","ECR5",2023-07-04,"2023","Hooveria","parviflora",NA,NA,"","1001 - 10000","https://www.inaturalist.org/observations/171131799","Hooveria.parviflora"
"2106","ECR5",2023-07-04,"2023","Adenostoma","fasciculatum",NA,NA,"","1001 - 10000","https://www.inaturalist.org/observations/171131802","Adenostoma.fasciculatum"
"2107","ECR5",2023-07-04,"2023","Zeltnera","venusta",NA,NA,"","1 - 10","https://www.inaturalist.org/observations/171131803","Zeltnera.venusta"
"2108","ECR5",2023-07-04,"2023","Chorizanthe","fimbriata",NA,NA,"","101 - 1000","https://www.inaturalist.org/observations/171131806","Chorizanthe.fimbriata"
"2109",NA,2023-07-04,"2023","Calochortus","weedii",NA,NA,"","","https://www.inaturalist.org/observations/171131807","Calochortus.weedii"
"2110","ECR4",2023-07-04,"2023","Chorizanthe","fimbriata",NA,NA,"Elliott Chaparral Reserve, Nikon 200mm f/4 ED-IF AF Micro-NIKKOR, Z50","","https://www.inaturalist.org/observations/171132307","Chorizanthe.fimbriata"
"2111","ECR5",2023-07-04,"2023","Eriodictyon","crassifolium",NA,NA,"Elliott Chaparral Reserve, Nikon 200mm f/4 ED-IF AF Micro-NIKKOR, Z50","","https://www.inaturalist.org/observations/171135918","Eriodictyon.crassifolium"
"2112","MTE3",2023-07-05,"2023","Cylindropuntia","prolifera",NA,NA,"","1 - 10","https://www.inaturalist.org/observations/171288141","Cylindropuntia.prolifera"
"2113","MTE3",2023-07-05,"2023","Deinandra","fasciculata",NA,NA,"",">10000","https://www.inaturalist.org/observations/171288143","Deinandra.fasciculata"
"2114","MTE3",2023-07-05,"2023","Malosma","laurina",NA,NA,"","11 - 100","https://www.inaturalist.org/observations/171288146","Malosma.laurina"
"2115","MTE3",2023-07-05,"2023","Navarretia","hamata",NA,NA,"","101 - 1000","https://www.inaturalist.org/observations/171288147","Navarretia.hamata"
"2116","MTE3",2023-07-05,"2023","Eriogonum","fasciculatum",NA,NA,"","1001 - 10000","https://www.inaturalist.org/observations/171288149","Eriogonum.fasciculatum"
"2117","MTE3",2023-07-05,"2023","Zeltnera","venusta",NA,NA,"","1 - 10","https://www.inaturalist.org/observations/171288150","Zeltnera.venusta"
"2118","MTE3",2023-07-05,"2023","Hooveria","parviflora",NA,NA,"","1001 - 10000","https://www.inaturalist.org/observations/171288152","Hooveria.parviflora"
"2119","MTE3",2023-07-05,"2023","Stephanomeria",NA,NA,NA,"","11 - 100","https://www.inaturalist.org/observations/171288153","Stephanomeria"
"2120","SWEA",2023-07-06,"2023","Stephanomeria","diegensis",NA,NA,"Nikon 200mm f/4 ED-IF AF Micro-NIKKOR, San Diego National Wildlife Refuge, Z50","","https://www.inaturalist.org/observations/171465883","Stephanomeria.diegensis"
"2121","SWEA",2023-07-06,"2023","Bahiopsis","laciniata",NA,NA,"Nikon 200mm f/4 ED-IF AF Micro-NIKKOR, San Diego National Wildlife Refuge, Z50","","https://www.inaturalist.org/observations/171467012","Bahiopsis.laciniata"
"2122","SWEA",2023-07-06,"2023","Malosma","laurina",NA,NA,"Nikon 200mm f/4 ED-IF AF Micro-NIKKOR, San Diego National Wildlife Refuge, Z50","","https://www.inaturalist.org/observations/171467636","Malosma.laurina"
"2123","SWEA",2023-07-06,"2023","",NA,NA,NA,"Nikon 200mm f/4 ED-IF AF Micro-NIKKOR, San Diego National Wildlife Refuge, Z50","","https://www.inaturalist.org/observations/171471042",""
"2124","SWEA",2023-07-06,"2023","Euphorbia","maculata",NA,NA,"Nikon 200mm f/4 ED-IF AF Micro-NIKKOR, San Diego National Wildlife Refuge, Z50","","https://www.inaturalist.org/observations/171472111","Euphorbia.maculata"
"2125","SWEA",2023-07-06,"2023","Eriogonum","fasciculatum",NA,NA,"","1001 - 10000","https://www.inaturalist.org/observations/171502388","Eriogonum.fasciculatum"
"2126","SWEA",2023-07-06,"2023","Hirschfeldia","incana",NA,NA,"","11 - 100","https://www.inaturalist.org/observations/171502389","Hirschfeldia.incana"
"2127","SWEA",2023-07-06,"2023","Bahiopsis","laciniata",NA,NA,"","1 - 10","https://www.inaturalist.org/observations/171502390","Bahiopsis.laciniata"
"2128","SWEA",2023-07-06,"2023","Stephanomeria","diegensis",NA,NA,"","101 - 1000","https://www.inaturalist.org/observations/171502393","Stephanomeria.diegensis"
"2129","SWEA",2023-07-06,"2023","Helminthotheca","echioides",NA,NA,"","1 - 10","https://www.inaturalist.org/observations/171502394","Helminthotheca.echioides"
"2130","SWEA",2023-07-06,"2023","Malosma","laurina",NA,NA,"","101 - 1000","https://www.inaturalist.org/observations/171502395","Malosma.laurina"
"2131","SWI4",2023-07-06,"2023","Croton","setiger",NA,NA,"","11 - 100","https://www.inaturalist.org/observations/171502398","Croton.setiger"
"2132","SWEA",2023-07-06,"2023","Euphorbia","polycarpa",NA,NA,"","1 - 10","https://www.inaturalist.org/observations/171502399","Euphorbia.polycarpa"
"2133","SWI4",2023-07-06,"2023","Deinandra","fasciculata",NA,NA,"","101 - 1000","https://www.inaturalist.org/observations/171502402","Deinandra.fasciculata"
"2134","SWI4",2023-07-06,"2023","Acmispon","micranthus",NA,NA,"","1 - 10","https://www.inaturalist.org/observations/171502403","Acmispon.micranthus"
"2135","SWI4",2023-07-06,"2023","Stephanomeria",NA,NA,NA,"","101 - 1000","https://www.inaturalist.org/observations/171502405","Stephanomeria"
"2136","SWI4",2023-07-06,"2023","Sairocarpus","nuttallianus",NA,NA,"","11 - 100","https://www.inaturalist.org/observations/171502406","Sairocarpus.nuttallianus"
"2137","SWI4",2023-07-06,"2023","Oncosiphon","pilulifer",NA,NA,"","101 - 1000","https://www.inaturalist.org/observations/171502407","Oncosiphon.pilulifer"
"2138","SWI4",2023-07-06,"2023","Centaurea","melitensis",NA,NA,"","11 - 100","https://www.inaturalist.org/observations/171502408","Centaurea.melitensis"
"2139","SWI4",2023-07-06,"2023","Sairocarpus","nuttallianus",NA,NA,"","11 - 100","https://www.inaturalist.org/observations/171502409","Sairocarpus.nuttallianus"
"2140","SWI4",2023-07-06,"2023","Diplacus",NA,NA,NA,"","101 - 1000","https://www.inaturalist.org/observations/171502411","Diplacus"
"2141","SWI4",2023-07-06,"2023","Bahiopsis","laciniata",NA,NA,"","11 - 100","https://www.inaturalist.org/observations/171502412","Bahiopsis.laciniata"
"2142","SWI4",2023-07-06,"2023","Eriogonum","fasciculatum",NA,NA,"","1001 - 10000","https://www.inaturalist.org/observations/171502413","Eriogonum.fasciculatum"
"2143","SWS1A",2023-07-06,"2023","Stephanomeria",NA,NA,NA,"","11 - 100","https://www.inaturalist.org/observations/171502415","Stephanomeria"
"2144",NA,2023-07-06,"2023","Dudleya","pulverulenta",NA,NA,"","11 - 100","https://www.inaturalist.org/observations/171502417","Dudleya.pulverulenta"
"2145","SWS1A",2023-07-06,"2023","Hirschfeldia","incana",NA,NA,"","101 - 1000","https://www.inaturalist.org/observations/171502418","Hirschfeldia.incana"
"2146",NA,2023-07-06,"2023","Ferocactus","viridescens",NA,NA,"","1 - 10","https://www.inaturalist.org/observations/171502419","Ferocactus.viridescens"
"2147","SWI4",2023-07-06,"2023","Acourtia","microcephala",NA,NA,"","11 - 100","https://www.inaturalist.org/observations/171502422","Acourtia.microcephala"
"2148","SWS3",2023-07-07,"2023","Stephanomeria","diegensis",NA,NA,"","101 - 1000","https://www.inaturalist.org/observations/171671091","Stephanomeria.diegensis"
"2149","SWS3",2023-07-07,"2023","Croton","setiger",NA,NA,"","11 - 100","https://www.inaturalist.org/observations/171671092","Croton.setiger"
"2150","SWS3",2023-07-07,"2023","Chaenactis","glabriuscula",NA,NA,"","1 - 10","https://www.inaturalist.org/observations/171671093","Chaenactis.glabriuscula"
"2151","SWS3",2023-07-07,"2023","Malosma","laurina",NA,NA,"","1001 - 10000","https://www.inaturalist.org/observations/171671094","Malosma.laurina"
"2152","SWS3",2023-07-07,"2023","Chorizanthe","fimbriata",NA,NA,"","1 - 10","https://www.inaturalist.org/observations/171671097","Chorizanthe.fimbriata"
"2153","SWS3",2023-07-07,"2023","Cleomella","arborea",NA,NA,"","1 - 10","https://www.inaturalist.org/observations/171671098","Cleomella.arborea"
"2154","SWS3",2023-07-07,"2023","Eriogonum","fasciculatum",NA,NA,"",">10000","https://www.inaturalist.org/observations/171671099","Eriogonum.fasciculatum"
"2155","SWS3",2023-07-07,"2023","Gutierrezia","californica",NA,NA,"","1001 - 10000","https://www.inaturalist.org/observations/171671102","Gutierrezia.californica"
"2156","SWS3",2023-07-07,"2023","Osmadenia","tenella",NA,NA,"","101 - 1000","https://www.inaturalist.org/observations/171671103","Osmadenia.tenella"
"2157","MTS7",2023-07-07,"2023","Malosma","laurina",NA,NA,"","","https://www.inaturalist.org/observations/171671107","Malosma.laurina"
"2158","MTS7",2023-07-07,"2023","Bahiopsis","laciniata",NA,NA,"","11 - 100","https://www.inaturalist.org/observations/171671109","Bahiopsis.laciniata"
"2159","MTS7",2023-07-07,"2023","Hooveria","parviflora",NA,NA,"","1 - 10","https://www.inaturalist.org/observations/171671111","Hooveria.parviflora"
"2160","MTS7",2023-07-07,"2023","Eriodictyon","crassifolium",NA,NA,"","1 - 10","https://www.inaturalist.org/observations/171671113","Eriodictyon.crassifolium"
"2161","MTS7",2023-07-07,"2023","Zeltnera","venusta",NA,NA,"","11 - 100","https://www.inaturalist.org/observations/171671114","Zeltnera.venusta"
"2162","MTS7",2023-07-07,"2023","Opuntia",NA,NA,NA,"","1 - 10","https://www.inaturalist.org/observations/171671118","Opuntia"
"2163","MTS7",2023-07-07,"2023","Centaurea","melitensis",NA,NA,"","11 - 100","https://www.inaturalist.org/observations/171671119","Centaurea.melitensis"
"2164","MTS7",2023-07-07,"2023","Heteromeles","arbutifolia",NA,NA,"","11 - 100","https://www.inaturalist.org/observations/171671120","Heteromeles.arbutifolia"
"2165","MTS7",2023-07-07,"2023","Eriogonum","fasciculatum",NA,NA,"","1001 - 10000","https://www.inaturalist.org/observations/171671125","Eriogonum.fasciculatum"
"2166","MTS7",2023-07-07,"2023","Sairocarpus","nuttallianus",NA,NA,"","11 - 100","https://www.inaturalist.org/observations/171671127","Sairocarpus.nuttallianus"
"2167","MTS7",2023-07-07,"2023","Lonicera","subspicata",NA,NA,"","101 - 1000","https://www.inaturalist.org/observations/171671128","Lonicera.subspicata"
"2168","MTS7",2023-07-07,"2023","Calystegia","macrostegia",NA,NA,"","11 - 100","https://www.inaturalist.org/observations/171671129","Calystegia.macrostegia"
"2169","MTS7",2023-07-07,"2023","Glebionis","coronaria",NA,NA,"","11 - 100","https://www.inaturalist.org/observations/171671131","Glebionis.coronaria"
"2170","MTS7",2023-07-07,"2023","Eriogonum","fasciculatum",NA,NA,"","1001 - 10000","https://www.inaturalist.org/observations/171671132","Eriogonum.fasciculatum"
"2171","MTS7",2023-07-07,"2023","Malosma","laurina",NA,NA,"","1001 - 10000","https://www.inaturalist.org/observations/171671135","Malosma.laurina"
"2172","MTS1A",2023-07-07,"2023","Hooveria","parviflora",NA,NA,"","1 - 10","https://www.inaturalist.org/observations/171671138","Hooveria.parviflora"
"2173","MTS1A",2023-07-07,"2023","Navarretia","hamata",NA,NA,"","1 - 10","https://www.inaturalist.org/observations/171671139","Navarretia.hamata"
"2174","MTS1A",2023-07-07,"2023","Stephanomeria","diegensis",NA,NA,"","11 - 100","https://www.inaturalist.org/observations/171671142","Stephanomeria.diegensis"
"2175","MTS1A",2023-07-07,"2023","Hirschfeldia","incana",NA,NA,"","101 - 1000","https://www.inaturalist.org/observations/171671143","Hirschfeldia.incana"
"2176","MTS1A",2023-07-07,"2023","Diplacus",NA,NA,NA,"","11 - 100","https://www.inaturalist.org/observations/171671145","Diplacus"
"2177","MTS1A",2023-07-07,"2023","Helminthotheca","echioides",NA,NA,"","1 - 10","https://www.inaturalist.org/observations/171671147","Helminthotheca.echioides"
"2178","MTS1A",2023-07-07,"2023","Centaurea","melitensis",NA,NA,"","11 - 100","https://www.inaturalist.org/observations/171671150","Centaurea.melitensis"
"2179","MTS1A",2023-07-07,"2023","Deinandra","fasciculata",NA,NA,"",">10000","https://www.inaturalist.org/observations/171671152","Deinandra.fasciculata"
"2180","MTS1A",2023-07-07,"2023","Bahiopsis","laciniata",NA,NA,"","11 - 100","https://www.inaturalist.org/observations/171671153","Bahiopsis.laciniata"
"2181",NA,2023-07-07,"2023","Ferocactus","viridescens",NA,NA,"","1 - 10","https://www.inaturalist.org/observations/171671159","Ferocactus.viridescens"
"2182","MTS6",2023-07-08,"2023","Malacothamnus","fasciculatus",NA,NA,"","11 - 100","https://www.inaturalist.org/observations/171866439","Malacothamnus.fasciculatus"
"2183","MTS6",2023-07-08,"2023","Heteromeles","arbutifolia",NA,NA,"","101 - 1000","https://www.inaturalist.org/observations/171866444","Heteromeles.arbutifolia"
"2184","MTS6",2023-07-08,"2023","Stephanomeria","diegensis",NA,NA,"","11 - 100","https://www.inaturalist.org/observations/171866445","Stephanomeria.diegensis"
"2185","MTS6",2023-07-08,"2023","Zeltnera","venusta",NA,NA,"","1 - 10","https://www.inaturalist.org/observations/171866448","Zeltnera.venusta"
"2186","MTS6",2023-07-08,"2023","Eriogonum","fasciculatum",NA,NA,"","1001 - 10000","https://www.inaturalist.org/observations/171866449","Eriogonum.fasciculatum"
"2187","MTS6",2023-07-08,"2023","Deinandra","fasciculata",NA,NA,"","1001 - 10000","https://www.inaturalist.org/observations/171866452","Deinandra.fasciculata"
"2188",NA,2023-07-08,"2023","Dudleya","pulverulenta",NA,NA,"","1 - 10","https://www.inaturalist.org/observations/171866453","Dudleya.pulverulenta"
"2189","SWS10",2023-07-08,"2023","Malosma","laurina",NA,NA,"","1001 - 10000","https://www.inaturalist.org/observations/171866455","Malosma.laurina"
"2190","SWS10",2023-07-08,"2023","Parkinsonia","aculeata",NA,NA,"","1001 - 10000","https://www.inaturalist.org/observations/171866458","Parkinsonia.aculeata"
"2191","SWS10",2023-07-08,"2023","Centaurea","melitensis",NA,NA,"","11 - 100","https://www.inaturalist.org/observations/171866459","Centaurea.melitensis"
"2192","SWS10",2023-07-08,"2023","Hirschfeldia","incana",NA,NA,"","11 - 100","https://www.inaturalist.org/observations/171866461","Hirschfeldia.incana"
"2193","SWS10",2023-07-08,"2023","Eriogonum","fasciculatum",NA,NA,"","101 - 1000","https://www.inaturalist.org/observations/171866466","Eriogonum.fasciculatum"
"2194","SWS10",2023-07-08,"2023","Limonium","sinuatum",NA,NA,"","101 - 1000","https://www.inaturalist.org/observations/171866467","Limonium.sinuatum"
"2195","SWS10",2023-07-08,"2023","Sonchus","oleraceus",NA,NA,"","1 - 10","https://www.inaturalist.org/observations/171866470","Sonchus.oleraceus"
"2196","MTI2",2023-07-09,"2023","Calystegia","macrostegia",NA,NA,"","1 - 10","https://www.inaturalist.org/observations/172114018","Calystegia.macrostegia"
"2197","MTI2",2023-07-09,"2023","Cuscuta","subinclusa",NA,NA,"","1 - 10","https://www.inaturalist.org/observations/172114020","Cuscuta.subinclusa"
"2198","MTI2",2023-07-09,"2023","Chorizanthe","fimbriata",NA,NA,"","1 - 10","https://www.inaturalist.org/observations/172114022","Chorizanthe.fimbriata"
"2199","MTE4",2023-07-09,"2023","Glebionis","coronaria",NA,NA,"","1 - 10","https://www.inaturalist.org/observations/172114023","Glebionis.coronaria"
"2200","MTE4",2023-07-09,"2023","Malosma","laurina",NA,NA,"","1001 - 10000","https://www.inaturalist.org/observations/172114026","Malosma.laurina"
"2201","MTE4",2023-07-09,"2023","Bahiopsis","laciniata",NA,NA,"","11 - 100","https://www.inaturalist.org/observations/172114029","Bahiopsis.laciniata"
"2202","MTE4",2023-07-09,"2023","Stephanomeria",NA,NA,NA,"","11 - 100","https://www.inaturalist.org/observations/172114030","Stephanomeria"
"2203","MTE4",2023-07-09,"2023","Rhus","integrifolia",NA,NA,"","","https://www.inaturalist.org/observations/172114031","Rhus.integrifolia"
"2204","MTE4",2023-07-09,"2023","Opuntia",NA,NA,NA,"","11 - 100","https://www.inaturalist.org/observations/172114033","Opuntia"
"2205","MTE4",2023-07-09,"2023","Hirschfeldia","incana",NA,NA,"","11 - 100","https://www.inaturalist.org/observations/172114035","Hirschfeldia.incana"
"2206","MTE4",2023-07-09,"2023","Centaurea","melitensis",NA,NA,"","1 - 10","https://www.inaturalist.org/observations/172114036","Centaurea.melitensis"
"2207","MTE4",2023-07-09,"2023","Deinandra","fasciculata",NA,NA,"","1001 - 10000","https://www.inaturalist.org/observations/172114037","Deinandra.fasciculata"
"2208","MTE4",2023-07-09,"2023","Salvia","apiana",NA,NA,"","11 - 100","https://www.inaturalist.org/observations/172114038","Salvia.apiana"
"2209","MTI2",2023-07-09,"2023","Porophyllum","gracile",NA,NA,"","1 - 10","https://www.inaturalist.org/observations/172114040","Porophyllum.gracile"
"2210","MTI2",2023-07-09,"2023","Euphorbia","polycarpa",NA,NA,"","1 - 10","https://www.inaturalist.org/observations/172114041","Euphorbia.polycarpa"
"2211","MTI2",2023-07-09,"2023","Bahiopsis","laciniata",NA,NA,"","11 - 100","https://www.inaturalist.org/observations/172114042","Bahiopsis.laciniata"
"2212","MTI2",2023-07-09,"2023","Eriogonum","fasciculatum",NA,NA,"","1001 - 10000","https://www.inaturalist.org/observations/172114043","Eriogonum.fasciculatum"
"2213","MTI2",2023-07-09,"2023","Sairocarpus","nuttallianus",NA,NA,"","1 - 10","https://www.inaturalist.org/observations/172114045","Sairocarpus.nuttallianus"
"2214","MTI2",2023-07-09,"2023","Stephanomeria","diegensis",NA,NA,"","11 - 100","https://www.inaturalist.org/observations/172114046","Stephanomeria.diegensis"
"2215","MTI2",2023-07-09,"2023","Malosma","laurina",NA,NA,"","101 - 1000","https://www.inaturalist.org/observations/172114049","Malosma.laurina"
"2216","ECR5",2023-07-31,"2023","Malosma","laurina",NA,NA,"","101 - 1000","https://www.inaturalist.org/observations/176038077","Malosma.laurina"
"2217","ECR5",2023-07-31,"2023","Eriogonum","fasciculatum",NA,NA,"","1001 - 10000","https://www.inaturalist.org/observations/176038080","Eriogonum.fasciculatum"
"2218","ECR5",2023-07-31,"2023","Adenostoma","fasciculatum",NA,NA,"","1 - 10","https://www.inaturalist.org/observations/176038084","Adenostoma.fasciculatum"
"2219","ECR5",2023-07-31,"2023","Hooveria","parviflora",NA,NA,"","1 - 10","https://www.inaturalist.org/observations/176038085","Hooveria.parviflora"
"2220","ECR5",2023-07-31,"2023","Deinandra","fasciculata",NA,NA,"","101 - 1000","https://www.inaturalist.org/observations/176038086","Deinandra.fasciculata"
"2221","ECR5",2023-07-31,"2023","Stephanomeria","diegensis",NA,NA,"","11 - 100","https://www.inaturalist.org/observations/176038090","Stephanomeria.diegensis"
"2222","ECR4",2023-07-31,"2023","Deinandra","fasciculata",NA,NA,"","1001 - 10000","https://www.inaturalist.org/observations/176038092","Deinandra.fasciculata"
"2223","ECR4",2023-07-31,"2023","Cistus","ladanifer",NA,NA,"","1 - 10","https://www.inaturalist.org/observations/176038093","Cistus.ladanifer"
"2224","ECR4",2023-07-31,"2023","Eriogonum","fasciculatum",NA,NA,"","1001 - 10000","https://www.inaturalist.org/observations/176038094","Eriogonum.fasciculatum"
"2225","ECR4",2023-07-31,"2023","Stephanomeria",NA,NA,NA,"","1 - 10","https://www.inaturalist.org/observations/176038097","Stephanomeria"
"2226","MTS2",2023-07-31,"2023","Opuntia",NA,NA,NA,"","1 - 10","https://www.inaturalist.org/observations/176038109","Opuntia"
"2227","MTS2",2023-07-31,"2023","Eriogonum","fasciculatum",NA,NA,"","101 - 1000","https://www.inaturalist.org/observations/176038111","Eriogonum.fasciculatum"
"2228","MTS2",2023-07-31,"2023","Croton","setiger",NA,NA,"","11 - 100","https://www.inaturalist.org/observations/176038114","Croton.setiger"
"2229","MTS2",2023-07-31,"2023","Chaenactis","glabriuscula",NA,NA,"","11 - 100","https://www.inaturalist.org/observations/176038115","Chaenactis.glabriuscula"
"2230","MTS2",2023-07-31,"2023","Hirschfeldia","incana",NA,NA,"","1001 - 10000","https://www.inaturalist.org/observations/176038116","Hirschfeldia.incana"
"2231","MTS2",2023-07-31,"2023","Stephanomeria","diegensis",NA,NA,"","1 - 10","https://www.inaturalist.org/observations/176038117","Stephanomeria.diegensis"
"2232","MTS2",2023-07-31,"2023","Malosma","laurina",NA,NA,"","1001 - 10000","https://www.inaturalist.org/observations/176038119","Malosma.laurina"
"2233",NA,2023-07-31,"2023","Dudleya","pulverulenta",NA,NA,"","11 - 100","https://www.inaturalist.org/observations/176038121","Dudleya.pulverulenta"
"2234","SWEA",2023-08-01,"2023","Stephanomeria","diegensis",NA,NA,"Nikon 200mm f/4 ED-IF AF Micro-NIKKOR, San Diego National Wildlife Refuge, Z50","","https://www.inaturalist.org/observations/176194570","Stephanomeria.diegensis"
"2235","SWEA",2023-08-01,"2023","Malosma","laurina",NA,NA,"Nikon 200mm f/4 ED-IF AF Micro-NIKKOR, San Diego National Wildlife Refuge, Z50","","https://www.inaturalist.org/observations/176195926","Malosma.laurina"
"2236","SWEA",2023-08-01,"2023","Erigeron","bonariensis",NA,NA,"Nikon 200mm f/4 ED-IF AF Micro-NIKKOR, San Diego National Wildlife Refuge, Z50","","https://www.inaturalist.org/observations/176198493","Erigeron.bonariensis"
"2237","SWI4",2023-08-01,"2023","Eriogonum","fasciculatum",NA,NA,"","1001 - 10000","https://www.inaturalist.org/observations/176227696","Eriogonum.fasciculatum"
"2238","SWI4",2023-08-01,"2023","Gutierrezia","californica",NA,NA,"","","https://www.inaturalist.org/observations/176227704","Gutierrezia.californica"
"2239","SWEA",2023-08-01,"2023","Malosma","laurina",NA,NA,"","101 - 1000","https://www.inaturalist.org/observations/176227705","Malosma.laurina"
"2240","SWEA",2023-08-01,"2023","Stephanomeria","diegensis",NA,NA,"","11 - 100","https://www.inaturalist.org/observations/176227706","Stephanomeria.diegensis"
"2241","SWEA",2023-08-01,"2023","Hirschfeldia","incana",NA,NA,"","11 - 100","https://www.inaturalist.org/observations/176227708","Hirschfeldia.incana"
"2242","SWEA",2023-08-01,"2023","Eriogonum","fasciculatum",NA,NA,"","","https://www.inaturalist.org/observations/176227709","Eriogonum.fasciculatum"
"2243","SWS1A",2023-08-01,"2023","Deinandra","fasciculata",NA,NA,"","101 - 1000","https://www.inaturalist.org/observations/176227714","Deinandra.fasciculata"
"2244","SWS1A",2023-08-01,"2023","Opuntia",NA,NA,NA,"","1 - 10","https://www.inaturalist.org/observations/176227716","Opuntia"
"2245",NA,2023-08-01,"2023","Ferocactus","viridescens",NA,NA,"","","https://www.inaturalist.org/observations/176227718","Ferocactus.viridescens"
"2246","SWS3",2023-08-02,"2023","Gutierrezia","californica",NA,NA,"","1001 - 10000","https://www.inaturalist.org/observations/176389980","Gutierrezia.californica"
"2247","SWS3",2023-08-02,"2023","Stephanomeria","diegensis",NA,NA,"","101 - 1000","https://www.inaturalist.org/observations/176389983","Stephanomeria.diegensis"
"2248","SWS3",2023-08-02,"2023","Malosma","laurina",NA,NA,"","101 - 1000","https://www.inaturalist.org/observations/176389984","Malosma.laurina"
"2249","SWS3",2023-08-02,"2023","Isocoma","menziesii",NA,NA,"","101 - 1000","https://www.inaturalist.org/observations/176389987","Isocoma.menziesii"
"2250","SWS3",2023-08-02,"2023","Euphorbia","polycarpa",NA,NA,"","1 - 10","https://www.inaturalist.org/observations/176389988","Euphorbia.polycarpa"
"2251","SWS3",2023-08-02,"2023","Eriogonum","fasciculatum",NA,NA,"","","https://www.inaturalist.org/observations/176389994","Eriogonum.fasciculatum"
"2252","SWS3",2023-08-02,"2023","Hooveria","parviflora",NA,NA,"","11 - 100","https://www.inaturalist.org/observations/176389999","Hooveria.parviflora"
"2253","MTS7",2023-08-02,"2023","Sairocarpus","nuttallianus",NA,NA,"","1 - 10","https://www.inaturalist.org/observations/176390001","Sairocarpus.nuttallianus"
"2254","MTS7",2023-08-02,"2023","Hirschfeldia","incana",NA,NA,"","101 - 1000","https://www.inaturalist.org/observations/176390005","Hirschfeldia.incana"
"2255","MTS7",2023-08-02,"2023","Hooveria","parviflora",NA,NA,"","1 - 10","https://www.inaturalist.org/observations/176390006","Hooveria.parviflora"
"2256","MTS7",2023-08-02,"2023","Bahiopsis","laciniata",NA,NA,"","11 - 100","https://www.inaturalist.org/observations/176390010","Bahiopsis.laciniata"
"2257","MTS7",2023-08-02,"2023","Heteromeles","arbutifolia",NA,NA,"","11 - 100","https://www.inaturalist.org/observations/176390012","Heteromeles.arbutifolia"
"2258","MTS6",2023-08-02,"2023","Malacothamnus","fasciculatus",NA,NA,"","1 - 10","https://www.inaturalist.org/observations/176390020","Malacothamnus.fasciculatus"
"2259","MTS6",2023-08-02,"2023","Eriogonum","fasciculatum",NA,NA,"","101 - 1000","https://www.inaturalist.org/observations/176390026","Eriogonum.fasciculatum"
"2260","MTS6",2023-08-02,"2023","Stephanomeria","diegensis",NA,NA,"","101 - 1000","https://www.inaturalist.org/observations/176390027","Stephanomeria.diegensis"
"2261","MTS6",2023-08-02,"2023","Dudleya","pulverulenta",NA,NA,"","1 - 10","https://www.inaturalist.org/observations/176390028","Dudleya.pulverulenta"
"2262","MTI2",2023-08-04,"2023","Eriogonum","fasciculatum",NA,NA,"","1001 - 10000","https://www.inaturalist.org/observations/176719357","Eriogonum.fasciculatum"
"2263","MTI2",2023-08-04,"2023","Euphorbia","polycarpa",NA,NA,"","1 - 10","https://www.inaturalist.org/observations/176719358","Euphorbia.polycarpa"
"2264","MTI2",2023-08-04,"2023","Bahiopsis","laciniata",NA,NA,"","11 - 100","https://www.inaturalist.org/observations/176719362","Bahiopsis.laciniata"
"2265","MTI2",2023-08-04,"2023","Osmadenia","tenella",NA,NA,"","11 - 100","https://www.inaturalist.org/observations/176719363","Osmadenia.tenella"
"2266","MTI2",2023-08-04,"2023","Stephanomeria","diegensis",NA,NA,"","1 - 10","https://www.inaturalist.org/observations/176719365","Stephanomeria.diegensis"
"2267","MTE4",2023-08-04,"2023","Hirschfeldia","incana",NA,NA,"","1 - 10","https://www.inaturalist.org/observations/176719373","Hirschfeldia.incana"
"2268","MTE4",2023-08-04,"2023","Gutierrezia","californica",NA,NA,"","1 - 10","https://www.inaturalist.org/observations/176719376","Gutierrezia.californica"
"2269","MTE4",2023-08-04,"2023","Malosma","laurina",NA,NA,"","11 - 100","https://www.inaturalist.org/observations/176719377","Malosma.laurina"
"2270","MTE3",2023-08-04,"2023","Isocoma","menziesii",NA,NA,"","","https://www.inaturalist.org/observations/176719380","Isocoma.menziesii"
"2271","MTE3",2023-08-04,"2023","Cleomella","arborea",NA,NA,"","1 - 10","https://www.inaturalist.org/observations/176719383","Cleomella.arborea"
"2272","MTS1A",2023-08-03,"2023","Gutierrezia","californica",NA,NA,"","11 - 100","https://www.inaturalist.org/observations/176719394","Gutierrezia.californica"
"2273","MTS1A",2023-08-03,"2023","Helminthotheca","echioides",NA,NA,"","1 - 10","https://www.inaturalist.org/observations/176719396","Helminthotheca.echioides"
"2274","MTS1A",2023-08-03,"2023","Stephanomeria","diegensis",NA,NA,"","1 - 10","https://www.inaturalist.org/observations/176719397","Stephanomeria.diegensis"
"2275","MTS1A",2023-08-03,"2023","Malosma","laurina",NA,NA,"","11 - 100","https://www.inaturalist.org/observations/176719398","Malosma.laurina"
"2276",NA,2023-08-03,"2023","Holocarpha","virgata",NA,NA,"","1 - 10","https://www.inaturalist.org/observations/176719401","Holocarpha.virgata"
"2277","SWS10",2023-08-03,"2023","Limonium","sinuatum",NA,NA,"","101 - 1000","https://www.inaturalist.org/observations/176719405","Limonium.sinuatum"
"2278","SWS10",2023-08-03,"2023","Hirschfeldia","incana",NA,NA,"","101 - 1000","https://www.inaturalist.org/observations/176719407","Hirschfeldia.incana"
"2279","SWS10",2023-08-03,"2023","Parkinsonia","aculeata",NA,NA,"",">10000","https://www.inaturalist.org/observations/176719408","Parkinsonia.aculeata"
"2280","SWS10",2023-08-03,"2023","Eriogonum","fasciculatum",NA,NA,"","1001 - 10000","https://www.inaturalist.org/observations/176719409","Eriogonum.fasciculatum"
"2281","SWS3",2024-03-19,"2024","",NA,NA,NA,"","101 - 1000","https://www.inaturalist.org/observations/203144526",""
"2282","SWS3",2024-03-19,"2024","Gutierrezia",NA,NA,NA,"","1001 - 10000","https://www.inaturalist.org/observations/203144596","Gutierrezia"
"2283","SWS3",2024-03-19,"2024","Sisyrinchium","bellum",NA,NA,"","11 - 100","https://www.inaturalist.org/observations/203144653","Sisyrinchium.bellum"
"2284","SWS3",2024-03-19,"2024","Pseudognaphalium","biolettii",NA,NA,"","11 - 100","https://www.inaturalist.org/observations/203144696","Pseudognaphalium.biolettii"
"2285","SWS3",2024-03-19,"2024","Camissoniopsis",NA,NA,NA,"","101 - 1000","https://www.inaturalist.org/observations/203144762","Camissoniopsis"
"2286","SWS3",2024-03-19,"2024","Rhus","integrifolia",NA,NA,"","11 - 100","https://www.inaturalist.org/observations/203144776","Rhus.integrifolia"
"2287",NA,2024-03-19,"2024","Adolphia","californica",NA,NA,"","","https://www.inaturalist.org/observations/203144995","Adolphia.californica"
"2288","SWS3",2024-03-19,"2024","Erodium","botrys",NA,NA,"","101 - 1000","https://www.inaturalist.org/observations/203145014","Erodium.botrys"
"2289","SWS3",2024-03-19,"2024","Linanthus","dianthiflorus",NA,NA,"","","https://www.inaturalist.org/observations/203145057","Linanthus.dianthiflorus"
"2290","SWS3",2024-03-19,"2024","Cleomella","arborea",NA,NA,"","11 - 100","https://www.inaturalist.org/observations/203145114","Cleomella.arborea"
"2291","SWS3",2024-03-19,"2024","Camissoniopsis",NA,NA,NA,"","101 - 1000","https://www.inaturalist.org/observations/203145178","Camissoniopsis"
"2292","SWS3",2024-03-19,"2024","Diplacus","puniceus",NA,NA,"","11 - 100","https://www.inaturalist.org/observations/203145221","Diplacus.puniceus"
"2293","SWS3",2024-03-19,"2024","Acmispon","glaber",NA,NA,"","11 - 100","https://www.inaturalist.org/observations/203145265","Acmispon.glaber"
"2294","SWS3",2024-03-19,"2024","Salvia","mellifera",NA,NA,"","101 - 1000","https://www.inaturalist.org/observations/203145296","Salvia.mellifera"
"2295","SWS3",2024-03-19,"2024","Hypochaeris",NA,NA,NA,"","101 - 1000","https://www.inaturalist.org/observations/203145335","Hypochaeris"
"2296","SWS3",2024-03-19,"2024","Erodium","cicutarium",NA,NA,"","1001 - 10000","https://www.inaturalist.org/observations/203145389","Erodium.cicutarium"
"2297","MTS7",2024-03-19,"2024","Lysimachia",NA,NA,NA,"","101 - 1000","https://www.inaturalist.org/observations/203145456","Lysimachia"
"2298","SWS3",2024-03-19,"2024","Gutierrezia",NA,NA,NA,"","101 - 1000","https://www.inaturalist.org/observations/203145515","Gutierrezia"
"2299","MTS7",2024-03-19,"2024","Diplacus","puniceus",NA,NA,"","11 - 100","https://www.inaturalist.org/observations/203145556","Diplacus.puniceus"
"2300","MTS7",2024-03-19,"2024","Rhus","integrifolia",NA,NA,"","11 - 100","https://www.inaturalist.org/observations/203145590","Rhus.integrifolia"
"2301","MTS7",2024-03-19,"2024","Eriogonum","fasciculatum",NA,NA,"","101 - 1000","https://www.inaturalist.org/observations/203145653","Eriogonum.fasciculatum"
"2302","MTS7",2024-03-19,"2024","Pseudognaphalium","biolettii",NA,NA,"","11 - 100","https://www.inaturalist.org/observations/203145674","Pseudognaphalium.biolettii"
"2303","MTS7",2024-03-19,"2024","Sonchus","asper",NA,NA,"","11 - 100","https://www.inaturalist.org/observations/203145714","Sonchus.asper"
"2304","MTS7",2024-03-19,"2024","Salvia","mellifera",NA,NA,"","101 - 1000","https://www.inaturalist.org/observations/203145757","Salvia.mellifera"
"2305","MTS7",2024-03-19,"2024","Eriophyllum","confertiflorum",NA,NA,"","11 - 100","https://www.inaturalist.org/observations/203145778","Eriophyllum.confertiflorum"
"2306","MTS7",2024-03-19,"2024","Eriodictyon","crassifolium",NA,NA,"","101 - 1000","https://www.inaturalist.org/observations/203145859","Eriodictyon.crassifolium"
"2307","MTS7",2024-03-19,"2024","Rhamnus","crocea",NA,NA,"","101 - 1000","https://www.inaturalist.org/observations/203145952","Rhamnus.crocea"
"2308","MTS7",2024-03-19,"2024","Bahiopsis","laciniata",NA,NA,"","101 - 1000","https://www.inaturalist.org/observations/203145984","Bahiopsis.laciniata"
"2309","MTS7",2024-03-19,"2024","Acmispon","glaber",NA,NA,"","101 - 1000","https://www.inaturalist.org/observations/203146067","Acmispon.glaber"
"2310","MTS7",2024-03-19,"2024","Eriogonum","fasciculatum",NA,NA,"","101 - 1000","https://www.inaturalist.org/observations/203146127","Eriogonum.fasciculatum"
"2311","MTS7",2024-03-19,"2024","Marah","macrocarpa",NA,NA,"","101 - 1000","https://www.inaturalist.org/observations/203146193","Marah.macrocarpa"
"2312","MTS7",2024-03-19,"2024","Pseudognaphalium","californicum",NA,NA,"","101 - 1000","https://www.inaturalist.org/observations/203146234","Pseudognaphalium.californicum"
"2313","MTS7",2024-03-19,"2024","Hirschfeldia","incana",NA,NA,"",">10000","https://www.inaturalist.org/observations/203146304","Hirschfeldia.incana"
"2314","MTS6",2024-03-19,"2024","Eriophyllum","confertiflorum",NA,NA,"","101 - 1000","https://www.inaturalist.org/observations/203157432","Eriophyllum.confertiflorum"
"2315","MTS6",2024-03-19,"2024","Camissoniopsis",NA,NA,NA,"","101 - 1000","https://www.inaturalist.org/observations/203157491","Camissoniopsis"
"2316","MTS6",2024-03-19,"2024","",NA,NA,NA,"","11 - 100","https://www.inaturalist.org/observations/203157546",""
"2317",NA,2024-03-19,"2024","Ferocactus","viridescens",NA,NA,"","","https://www.inaturalist.org/observations/203157905","Ferocactus.viridescens"
"2318","MTS6",2024-03-19,"2024","Lysimachia","arvensis",NA,NA,"","","https://www.inaturalist.org/observations/203157957","Lysimachia.arvensis"
"2319","MTS6",2024-03-19,"2024","Camissoniopsis",NA,NA,NA,"","101 - 1000","https://www.inaturalist.org/observations/203157972","Camissoniopsis"
"2320","MTS6",2024-03-19,"2024","Cryptantha",NA,NA,NA,"","101 - 1000","https://www.inaturalist.org/observations/203158008","Cryptantha"
"2321","MTS6",2024-03-19,"2024","Rhus","integrifolia",NA,NA,"","11 - 100","https://www.inaturalist.org/observations/203158217","Rhus.integrifolia"
"2322","MTS6",2024-03-19,"2024","Oxalis","pes-caprae",NA,NA,"","11 - 100","https://www.inaturalist.org/observations/203158277","Oxalis.pes-caprae"
"2323","MTS6",2024-03-19,"2024","Salvia","mellifera",NA,NA,"","11 - 100","https://www.inaturalist.org/observations/203158400","Salvia.mellifera"
"2324","SWS3",2024-03-19,"2024","Silene","gallica",NA,NA,"","1 - 10","https://www.inaturalist.org/observations/203186387","Silene.gallica"
"2325","MTS6",2024-03-19,"2024","Ceanothus","verrucosus",NA,NA,"","101 - 1000","https://www.inaturalist.org/observations/203186609","Ceanothus.verrucosus"
"2326","MTS6",2024-03-19,"2024","Eriogonum","fasciculatum",NA,NA,"","101 - 1000","https://www.inaturalist.org/observations/203186678","Eriogonum.fasciculatum"
"2327","SWI4",2024-03-20,"2024","Eriogonum","fasciculatum",NA,NA,"","11 - 100","https://www.inaturalist.org/observations/203316188","Eriogonum.fasciculatum"
"2328","SWI4",2024-03-20,"2024","Silene","gallica",NA,NA,"","1 - 10","https://www.inaturalist.org/observations/203316189","Silene.gallica"
"2329","SWI4",2024-03-20,"2024","Erodium","botrys",NA,NA,"","1001 - 10000","https://www.inaturalist.org/observations/203316190","Erodium.botrys"
"2330","SWI4",2024-03-20,"2024","Hypochaeris","glabra",NA,NA,"","1001 - 10000","https://www.inaturalist.org/observations/203316191","Hypochaeris.glabra"
"2331","SWI4",2024-03-20,"2024","Plagiobothrys",NA,NA,NA,"","11 - 100","https://www.inaturalist.org/observations/203316194","Plagiobothrys"
"2332","SWI4",2024-03-20,"2024","Hirschfeldia","incana",NA,NA,"","1001 - 10000","https://www.inaturalist.org/observations/203316195","Hirschfeldia.incana"
"2333","SWI4",2024-03-20,"2024","Diplacus","puniceus",NA,NA,"","11 - 100","https://www.inaturalist.org/observations/203316197","Diplacus.puniceus"
"2334","SWI4",2024-03-20,"2024","Sonchus","asper",NA,NA,"","1 - 10","https://www.inaturalist.org/observations/203316198","Sonchus.asper"
"2335","SWI4",2024-03-20,"2024","Oxalis","californica",NA,NA,"","11 - 100","https://www.inaturalist.org/observations/203316199","Oxalis.californica"
"2336","SWI4",2024-03-20,"2024","",NA,NA,NA,"","11 - 100","https://www.inaturalist.org/observations/203316202",""
"2337","SWI4",2024-03-20,"2024","Erodium","cicutarium",NA,NA,"","1001 - 10000","https://www.inaturalist.org/observations/203316203","Erodium.cicutarium"
"2338","SWEA",2024-03-20,"2024","Bahiopsis","laciniata",NA,NA,"","11 - 100","https://www.inaturalist.org/observations/203316216","Bahiopsis.laciniata"
"2339","SWEA",2024-03-20,"2024","Dipterostemon","capitatus",NA,NA,"","1 - 10","https://www.inaturalist.org/observations/203316218","Dipterostemon.capitatus"
"2340","SWEA",2024-03-20,"2024","Plagiobothrys",NA,NA,NA,"","101 - 1000","https://www.inaturalist.org/observations/203316219","Plagiobothrys"
"2341","SWEA",2024-03-20,"2024","Silene","gallica",NA,NA,"","11 - 100","https://www.inaturalist.org/observations/203316220","Silene.gallica"
"2342","SWS1A",2024-03-20,"2024","Linanthus","dianthiflorus",NA,NA,"","11 - 100","https://www.inaturalist.org/observations/203316223","Linanthus.dianthiflorus"
"2343","SWS1A",2024-03-20,"2024","Dipterostemon","capitatus",NA,NA,"","1 - 10","https://www.inaturalist.org/observations/203316224","Dipterostemon.capitatus"
"2344","SWS1A",2024-03-20,"2024","Camissoniopsis",NA,NA,NA,"","101 - 1000","https://www.inaturalist.org/observations/203316225","Camissoniopsis"
"2345","SWS1A",2024-03-20,"2024","Eriogonum","fasciculatum",NA,NA,"","101 - 1000","https://www.inaturalist.org/observations/203316226","Eriogonum.fasciculatum"
"2346","SWS1A",2024-03-20,"2024","Hirschfeldia","incana",NA,NA,"",">10000","https://www.inaturalist.org/observations/203316227","Hirschfeldia.incana"
"2347","SWS1A",2024-03-20,"2024","Astragalus","trichopodus",NA,NA,"","11 - 100","https://www.inaturalist.org/observations/203316228","Astragalus.trichopodus"
"2348","SWS1A",2024-03-20,"2024","Marah","macrocarpa",NA,NA,"","11 - 100","https://www.inaturalist.org/observations/203316229","Marah.macrocarpa"
"2349","SWS1A",2024-03-20,"2024","Acmispon","glaber",NA,NA,"","11 - 100","https://www.inaturalist.org/observations/203316230","Acmispon.glaber"
"2350","SWS1A",2024-03-20,"2024","Gilia","angelensis",NA,NA,"","1 - 10","https://www.inaturalist.org/observations/203316231","Gilia.angelensis"
"2351","SWS1A",2024-03-20,"2024","Mirabilis","laevis",NA,NA,"","11 - 100","https://www.inaturalist.org/observations/203316232","Mirabilis.laevis"
"2352","SWS1A",2024-03-20,"2024","Acmispon","glaber",NA,NA,"","11 - 100","https://www.inaturalist.org/observations/203316235","Acmispon.glaber"
"2353","SWS1A",2024-03-20,"2024","Cryptantha",NA,NA,NA,"","101 - 1000","https://www.inaturalist.org/observations/203316236","Cryptantha"
"2354","SWEA",2024-03-20,"2024","Mirabilis","laevis",NA,NA,"","11 - 100","https://www.inaturalist.org/observations/203316239","Mirabilis.laevis"
"2355","SWEA",2024-03-20,"2024","Euphorbia","polycarpa",NA,NA,"","101 - 1000","https://www.inaturalist.org/observations/203316240","Euphorbia.polycarpa"
"2356","MTS1A",2024-03-21,"2024","Lathyrus","vestitus",NA,NA,"","11 - 100","https://www.inaturalist.org/observations/203431792","Lathyrus.vestitus"
"2357","MTS1A",2024-03-21,"2024","Sairocarpus","nuttallianus",NA,NA,"","11 - 100","https://www.inaturalist.org/observations/203431793","Sairocarpus.nuttallianus"
"2358","MTS1A",2024-03-21,"2024","Pseudognaphalium","californicum",NA,NA,"","11 - 100","https://www.inaturalist.org/observations/203431795","Pseudognaphalium.californicum"
"2359","MTS1A",2024-03-21,"2024","Bahiopsis","laciniata",NA,NA,"","11 - 100","https://www.inaturalist.org/observations/203431797","Bahiopsis.laciniata"
"2360","MTS1A",2024-03-21,"2024","Lysimachia","arvensis",NA,NA,"","11 - 100","https://www.inaturalist.org/observations/203431798","Lysimachia.arvensis"
"2361","MTS1A",2024-03-21,"2024","Eriogonum","fasciculatum",NA,NA,"","11 - 100","https://www.inaturalist.org/observations/203431800","Eriogonum.fasciculatum"
"2362","MTS1A",2024-03-21,"2024","Marah","macrocarpa",NA,NA,"","11 - 100","https://www.inaturalist.org/observations/203431801","Marah.macrocarpa"
"2363","MTS1A",2024-03-21,"2024","Phacelia","cicutaria",NA,NA,"","1 - 10","https://www.inaturalist.org/observations/203431802","Phacelia.cicutaria"
"2364","MTS1A",2024-03-21,"2024","Rhus","integrifolia",NA,NA,"",">10000","https://www.inaturalist.org/observations/203431807","Rhus.integrifolia"
"2365","MTS1A",2024-03-21,"2024","Dipterostemon","capitatus",NA,NA,"","11 - 100","https://www.inaturalist.org/observations/203431808","Dipterostemon.capitatus"
"2366","SWS10",2024-03-21,"2024","Calystegia","macrostegia",NA,NA,"","1 - 10","https://www.inaturalist.org/observations/203431814","Calystegia.macrostegia"
"2367","SWS10",2024-03-21,"2024","Medicago","polymorpha",NA,NA,"","101 - 1000","https://www.inaturalist.org/observations/203431815","Medicago.polymorpha"
"2368","SWS10",2024-03-21,"2024","Erodium","botrys",NA,NA,"","101 - 1000","https://www.inaturalist.org/observations/203431816","Erodium.botrys"
"2369","SWS10",2024-03-21,"2024","Lysimachia","loeflingii",NA,NA,"","101 - 1000","https://www.inaturalist.org/observations/203431817","Lysimachia.loeflingii"
"2370","SWS10",2024-03-21,"2024","Hedypnois","rhagadioloides",NA,NA,"","11 - 100","https://www.inaturalist.org/observations/203431820","Hedypnois.rhagadioloides"
"2371","SWS10",2024-03-21,"2024","Erodium","moschatum",NA,NA,"","101 - 1000","https://www.inaturalist.org/observations/203431821","Erodium.moschatum"
"2372","SWS10",2024-03-21,"2024","Erodium","botrys",NA,NA,"","1001 - 10000","https://www.inaturalist.org/observations/203431824","Erodium.botrys"
"2373","SWS10",2024-03-21,"2024","Eriogonum","fasciculatum",NA,NA,"","11 - 100","https://www.inaturalist.org/observations/203431826","Eriogonum.fasciculatum"
"2374","SWS10",2024-03-21,"2024","Acmispon","glaber",NA,NA,"","11 - 100","https://www.inaturalist.org/observations/203431828","Acmispon.glaber"
"2375","SWS10",2024-03-21,"2024","Hirschfeldia","incana",NA,NA,"","1001 - 10000","https://www.inaturalist.org/observations/203431830","Hirschfeldia.incana"
"2376","SWS10",2024-03-21,"2024","Quercus","agrifolia",NA,NA,"","101 - 1000","https://www.inaturalist.org/observations/203431833","Quercus.agrifolia"
"2377","SWS10",2024-03-21,"2024","Sonchus",NA,NA,NA,"","11 - 100","https://www.inaturalist.org/observations/203431834","Sonchus"
"2378","SWS10",2024-03-21,"2024","Limonium","sinuatum",NA,NA,"","101 - 1000","https://www.inaturalist.org/observations/203431836","Limonium.sinuatum"
"2379","MTS1A",2024-03-21,"2024","Diplacus","puniceus",NA,NA,"",">10000","https://www.inaturalist.org/observations/203431838","Diplacus.puniceus"
"2380","MTS1A",2024-03-21,"2024","Hirschfeldia","incana",NA,NA,"","1001 - 10000","https://www.inaturalist.org/observations/203432640","Hirschfeldia.incana"
"2381","MTI2",2024-03-22,"2024","Camissoniopsis",NA,NA,NA,"","11 - 100","https://www.inaturalist.org/observations/203554429","Camissoniopsis"
"2382","MTI2",2024-03-22,"2024","Euphorbia","polycarpa",NA,NA,"","11 - 100","https://www.inaturalist.org/observations/203554430","Euphorbia.polycarpa"
"2383","MTI2",2024-03-22,"2024","Acmispon","glaber",NA,NA,"","","https://www.inaturalist.org/observations/203554433","Acmispon.glaber"
"2384","MTI2",2024-03-22,"2024","",NA,NA,NA,"","","https://www.inaturalist.org/observations/203554434",""
"2385","MTI2",2024-03-22,"2024","Phacelia","parryi",NA,NA,"","","https://www.inaturalist.org/observations/203554435","Phacelia.parryi"
"2386","MTI2",2024-03-22,"2024","Eriodictyon","crassifolium",NA,NA,"","","https://www.inaturalist.org/observations/203554438","Eriodictyon.crassifolium"
"2387","MTI2",2024-03-22,"2024","Erodium","cicutarium",NA,NA,"","","https://www.inaturalist.org/observations/203554439","Erodium.cicutarium"
"2388","MTE4",2024-03-22,"2024","Salvia","mellifera",NA,NA,"","1001 - 10000","https://www.inaturalist.org/observations/203554441","Salvia.mellifera"
"2389","MTE4",2024-03-22,"2024","Astragalus","trichopodus",NA,NA,"","101 - 1000","https://www.inaturalist.org/observations/203554443","Astragalus.trichopodus"
"2390","MTE4",2024-03-22,"2024","Diplacus","puniceus",NA,NA,"","11 - 100","https://www.inaturalist.org/observations/203554448","Diplacus.puniceus"
"2391","MTE4",2024-03-22,"2024","Hedypnois","rhagadioloides",NA,NA,"","1 - 10","https://www.inaturalist.org/observations/203554452","Hedypnois.rhagadioloides"
"2392","MTE4",2024-03-22,"2024","Eriogonum","fasciculatum",NA,NA,"","11 - 100","https://www.inaturalist.org/observations/203554455","Eriogonum.fasciculatum"
"2393","MTE4",2024-03-22,"2024","Rhus","integrifolia",NA,NA,"","1001 - 10000","https://www.inaturalist.org/observations/203554456","Rhus.integrifolia"
"2394","MTE4",2024-03-22,"2024","Galium",NA,NA,NA,"","101 - 1000","https://www.inaturalist.org/observations/203554464","Galium"
"2395","MTE4",2024-03-22,"2024","Lysimachia","loeflingii",NA,NA,"","1 - 10","https://www.inaturalist.org/observations/203554469","Lysimachia.loeflingii"
"2396","MTE4",2024-03-22,"2024","Medicago","polymorpha",NA,NA,"","101 - 1000","https://www.inaturalist.org/observations/203554471","Medicago.polymorpha"
"2397","MTE4",2024-03-22,"2024","Erodium","botrys",NA,NA,"","1001 - 10000","https://www.inaturalist.org/observations/203554473","Erodium.botrys"
"2398","MTE4",2024-03-22,"2024","Erodium","cicutarium",NA,NA,"","1001 - 10000","https://www.inaturalist.org/observations/203554474","Erodium.cicutarium"
"2399","MTE3",2024-03-22,"2024","Salvia","mellifera",NA,NA,"","1001 - 10000","https://www.inaturalist.org/observations/203554480","Salvia.mellifera"
"2400","MTE3",2024-03-22,"2024","Rhamnus","crocea",NA,NA,"","101 - 1000","https://www.inaturalist.org/observations/203554481","Rhamnus.crocea"
"2401","MTE3",2024-03-22,"2024","Salvia","mellifera",NA,NA,"","101 - 1000","https://www.inaturalist.org/observations/203554482","Salvia.mellifera"
"2402","MTE3",2024-03-22,"2024","Dipterostemon","capitatus",NA,NA,"","11 - 100","https://www.inaturalist.org/observations/203554483","Dipterostemon.capitatus"
"2403","MTE3",2024-03-22,"2024","Solanum","parishii",NA,NA,"","11 - 100","https://www.inaturalist.org/observations/203554484","Solanum.parishii"
"2404","MTE3",2024-03-22,"2024","Gazania",NA,NA,NA,"","1 - 10","https://www.inaturalist.org/observations/203554485","Gazania"
"2405","MTE3",2024-03-22,"2024","Rhus","integrifolia",NA,NA,"","1001 - 10000","https://www.inaturalist.org/observations/203554486","Rhus.integrifolia"
"2406","MTE3",2024-03-22,"2024","Mirabilis","laevis",NA,NA,"","1 - 10","https://www.inaturalist.org/observations/203554487","Mirabilis.laevis"
"2407","MTE3",2024-03-22,"2024","Cleomella","arborea",NA,NA,"","1 - 10","https://www.inaturalist.org/observations/203554490","Cleomella.arborea"
"2408","ECR4",2024-03-25,"2024","Cistus","ladanifer",NA,NA,"Elliott Chaparral Reserve","","https://www.inaturalist.org/observations/203966466","Cistus.ladanifer"
"2409","ECR4",2024-03-25,"2024","Calystegia","macrostegia",NA,NA,"Elliott Chaparral Reserve","","https://www.inaturalist.org/observations/203967089","Calystegia.macrostegia"
"2410","ECR5",2024-03-25,"2024","Eriodictyon","crassifolium",NA,NA,"Elliott Chaparral Reserve","","https://www.inaturalist.org/observations/203981513","Eriodictyon.crassifolium"
"2411","MTS2",2024-03-25,"2024","Cryptantha",NA,NA,NA,"","1001 - 10000","https://www.inaturalist.org/observations/203981765","Cryptantha"
"2412","ECR5",2024-03-25,"2024","Salvia","mellifera",NA,NA,"","1 - 10","https://www.inaturalist.org/observations/203981907","Salvia.mellifera"
"2413","ECR5",2024-03-25,"2024","Camissoniopsis",NA,NA,NA,"","1 - 10","https://www.inaturalist.org/observations/203981935","Camissoniopsis"
"2414","ECR5",2024-03-25,"2024","Nuttallanthus","texanus",NA,NA,"","1 - 10","https://www.inaturalist.org/observations/203982274","Nuttallanthus.texanus"
"2415","ECR5",2024-03-25,"2024","Castilleja","densiflora",NA,NA,"","1 - 10","https://www.inaturalist.org/observations/203982279","Castilleja.densiflora"
"2416","ECR5",2024-03-25,"2024","Marah","macrocarpa",NA,NA,"","11 - 100","https://www.inaturalist.org/observations/203982343","Marah.macrocarpa"
"2417","ECR5",2024-03-25,"2024","Cryptantha",NA,NA,NA,"","101 - 1000","https://www.inaturalist.org/observations/203982359","Cryptantha"
"2418","ECR5",2024-03-25,"2024","Acmispon","strigosus",NA,NA,"","11 - 100","https://www.inaturalist.org/observations/203982580","Acmispon.strigosus"
"2419","ECR5",2024-03-25,"2024","Eriogonum","fasciculatum",NA,NA,"","1 - 10","https://www.inaturalist.org/observations/203982634","Eriogonum.fasciculatum"
"2420","ECR5",2024-03-25,"2024","Xylococcus","bicolor",NA,NA,"","11 - 100","https://www.inaturalist.org/observations/203982728","Xylococcus.bicolor"
"2421","ECR5",2024-03-25,"2024","Acmispon","glaber",NA,NA,"","101 - 1000","https://www.inaturalist.org/observations/203982786","Acmispon.glaber"
"2422","ECR5",2024-03-25,"2024","Ceanothus","tomentosus",NA,NA,"","11 - 100","https://www.inaturalist.org/observations/203982800","Ceanothus.tomentosus"
"2423","ECR5",2024-03-25,"2024","Hesperoyucca","whipplei",NA,NA,"","1 - 10","https://www.inaturalist.org/observations/203982852","Hesperoyucca.whipplei"
"2424","ECR4",2024-03-25,"2024","Pseudognaphalium","californicum",NA,NA,"","11 - 100","https://www.inaturalist.org/observations/203983004","Pseudognaphalium.californicum"
"2425","ECR4",2024-03-25,"2024","Hedypnois","rhagadioloides",NA,NA,"","11 - 100","https://www.inaturalist.org/observations/203983085","Hedypnois.rhagadioloides"
"2426","ECR4",2024-03-25,"2024","Mirabilis","laevis",NA,NA,"","11 - 100","https://www.inaturalist.org/observations/203983165","Mirabilis.laevis"
"2427","ECR4",2024-03-25,"2024","Calystegia","macrostegia",NA,NA,"","1 - 10","https://www.inaturalist.org/observations/203983174","Calystegia.macrostegia"
"2428","ECR4",2024-03-25,"2024","Acmispon","glaber",NA,NA,"","11 - 100","https://www.inaturalist.org/observations/203983312","Acmispon.glaber"
"2429","ECR4",2024-03-25,"2024","Acmispon","strigosus",NA,NA,"","11 - 100","https://www.inaturalist.org/observations/203983332","Acmispon.strigosus"
"2430","ECR4",2024-03-25,"2024","Cneoridium","dumosum",NA,NA,"","11 - 100","https://www.inaturalist.org/observations/203983379","Cneoridium.dumosum"
"2431","ECR4",2024-03-25,"2024","Galium",NA,NA,NA,"","11 - 100","https://www.inaturalist.org/observations/203983422","Galium"
"2432","ECR4",2024-03-25,"2024","Rhus","integrifolia",NA,NA,"","101 - 1000","https://www.inaturalist.org/observations/203983437","Rhus.integrifolia"
"2433","ECR4",2024-03-25,"2024","Diplacus","puniceus",NA,NA,"","101 - 1000","https://www.inaturalist.org/observations/203983531","Diplacus.puniceus"
"2434","ECR4",2024-03-25,"2024","Solanum","parishii",NA,NA,"","1001 - 10000","https://www.inaturalist.org/observations/203983570","Solanum.parishii"
"2435","ECR4",2024-03-25,"2024","Eriogonum","fasciculatum",NA,NA,"","11 - 100","https://www.inaturalist.org/observations/203983600","Eriogonum.fasciculatum"
"2436","ECR4",2024-03-25,"2024","Hypochaeris",NA,NA,NA,"","11 - 100","https://www.inaturalist.org/observations/203983784","Hypochaeris"
"2437","ECR4",2024-03-25,"2024","Dipterostemon","capitatus",NA,NA,"","11 - 100","https://www.inaturalist.org/observations/203983813","Dipterostemon.capitatus"
"2438","ECR4",2024-03-25,"2024","",NA,NA,NA,"","1 - 10","https://www.inaturalist.org/observations/203983858",""
"2439","MTS2",2024-03-25,"2024","Erodium","botrys",NA,NA,"",">10000","https://www.inaturalist.org/observations/203984035","Erodium.botrys"
"2440","MTS2",2024-03-25,"2024","Pseudognaphalium","californicum",NA,NA,"","11 - 100","https://www.inaturalist.org/observations/203984051","Pseudognaphalium.californicum"
"2441","MTS2",2024-03-25,"2024","",NA,NA,NA,"","1001 - 10000","https://www.inaturalist.org/observations/203984083",""
"2442","MTS2",2024-03-25,"2024","Camissoniopsis",NA,NA,NA,"","1001 - 10000","https://www.inaturalist.org/observations/203984105","Camissoniopsis"
"2443","MTS2",2024-03-25,"2024","Lysimachia","arvensis",NA,NA,"","1 - 10","https://www.inaturalist.org/observations/203984152","Lysimachia.arvensis"
"2444","MTS2",2024-03-25,"2024","Sanicula","arguta",NA,NA,"","1 - 10","https://www.inaturalist.org/observations/203984207","Sanicula.arguta"
"2445","MTS2",2024-03-25,"2024","Dipterostemon","capitatus",NA,NA,"","11 - 100","https://www.inaturalist.org/observations/203984218","Dipterostemon.capitatus"
"2446","MTS2",2024-03-25,"2024","Pseudognaphalium","californicum",NA,NA,"","11 - 100","https://www.inaturalist.org/observations/203984241","Pseudognaphalium.californicum"
"2447","MTS2",2024-03-25,"2024","Acmispon","glaber",NA,NA,"","101 - 1000","https://www.inaturalist.org/observations/203984250","Acmispon.glaber"
"2448","MTS2",2024-03-25,"2024","Solanum","nigrum",NA,NA,"","1 - 10","https://www.inaturalist.org/observations/203984281","Solanum.nigrum"
"2449","MTS2",2024-03-25,"2024","Salvia","mellifera",NA,NA,"","11 - 100","https://www.inaturalist.org/observations/203984333","Salvia.mellifera"
"2450","MTS2",2024-03-25,"2024","Rhus","integrifolia",NA,NA,"","1001 - 10000","https://www.inaturalist.org/observations/203984389","Rhus.integrifolia"
"2451","MTS2",2024-03-25,"2024","Marah","macrocarpa",NA,NA,"","11 - 100","https://www.inaturalist.org/observations/203984407","Marah.macrocarpa"
"2452","MTS2",2024-03-25,"2024","",NA,NA,NA,"","1001 - 10000","https://www.inaturalist.org/observations/203984431",""
"2453","MTS2",2024-03-25,"2024","Heterotheca","grandiflora",NA,NA,"","11 - 100","https://www.inaturalist.org/observations/203984468","Heterotheca.grandiflora"
"2454","MTS2",2024-03-25,"2024","Sonchus","oleraceus",NA,NA,"","11 - 100","https://www.inaturalist.org/observations/203984494","Sonchus.oleraceus"
"2455","MTS2",2024-03-25,"2024","Erodium","botrys",NA,NA,"",">10000","https://www.inaturalist.org/observations/203984515","Erodium.botrys"
"2456","MTS2",2024-03-25,"2024","Raphanus","raphanistrum",NA,NA,"","1 - 10","https://www.inaturalist.org/observations/203984602","Raphanus.raphanistrum"
"2457","MTS2",2024-03-25,"2024","Erodium","cicutarium",NA,NA,"","1001 - 10000","https://www.inaturalist.org/observations/203984688","Erodium.cicutarium"
"2458","MTS2",2024-03-25,"2024","Hirschfeldia","incana",NA,NA,"","1001 - 10000","https://www.inaturalist.org/observations/203984696","Hirschfeldia.incana"
"2459","MTS2",2024-03-25,"2024","Camissoniopsis",NA,NA,NA,"","1001 - 10000","https://www.inaturalist.org/observations/203984720","Camissoniopsis"
"2460","MTS2",2024-03-25,"2024","Diplacus","puniceus",NA,NA,"","101 - 1000","https://www.inaturalist.org/observations/203984762","Diplacus.puniceus"
"2461","MTS2",2024-03-25,"2024","Sonchus","asper",NA,NA,"","11 - 100","https://www.inaturalist.org/observations/203984774","Sonchus.asper"
"2462","MTS2",2024-03-25,"2024","Solanum","parishii",NA,NA,"","101 - 1000","https://www.inaturalist.org/observations/203984787","Solanum.parishii"
"2463","ECR5",2024-03-25,"2024","Camissoniopsis",NA,NA,NA,"Elliott Chaparral Reserve","","https://www.inaturalist.org/observations/203985198","Camissoniopsis"
"2464","ECR4",2024-03-25,"2024","Hypochaeris","glabra",NA,NA,"Elliott Chaparral Reserve","","https://www.inaturalist.org/observations/204022452","Hypochaeris.glabra"
"2465","ECR4",2024-03-25,"2024","Solanum","parishii",NA,NA,"Elliott Chaparral Reserve","","https://www.inaturalist.org/observations/204023304","Solanum.parishii"
"2466","ECR4",2024-03-25,"2024","Rhus","integrifolia",NA,NA,"Elliott Chaparral Reserve","","https://www.inaturalist.org/observations/204023703","Rhus.integrifolia"
"2467","ECR4",2024-03-25,"2024","Diplacus","puniceus",NA,NA,"Elliott Chaparral Reserve","","https://www.inaturalist.org/observations/204023705","Diplacus.puniceus"
"2468","ECR4",2024-03-25,"2024","Galium",NA,NA,NA,"Elliott Chaparral Reserve","","https://www.inaturalist.org/observations/204024182","Galium"
"2469","ECR4",2024-03-25,"2024","Cneoridium","dumosum",NA,NA,"Elliott Chaparral Reserve","","https://www.inaturalist.org/observations/204025008","Cneoridium.dumosum"
"2470","ECR4",2024-03-25,"2024","Dipterostemon","capitatus",NA,NA,"Elliott Chaparral Reserve","","https://www.inaturalist.org/observations/204025294","Dipterostemon.capitatus"
"2471","ECR4",2024-03-25,"2024","Mirabilis","laevis",NA,NA,"Elliott Chaparral Reserve","","https://www.inaturalist.org/observations/204025399","Mirabilis.laevis"
"2472","ECR4",2024-03-25,"2024","Acmispon","glaber",NA,NA,"Elliott Chaparral Reserve","","https://www.inaturalist.org/observations/204025566","Acmispon.glaber"
"2473","ECR5",2024-03-25,"2024","Marah","macrocarpa",NA,NA,"Elliott Chaparral Reserve","","https://www.inaturalist.org/observations/204028923","Marah.macrocarpa"
"2474","ECR5",2024-03-25,"2024","Cryptantha",NA,NA,NA,"Elliott Chaparral Reserve","","https://www.inaturalist.org/observations/204029684","Cryptantha"
"2475","ECR5",2024-03-25,"2024","Acmispon","glaber",NA,NA,"Elliott Chaparral Reserve","","https://www.inaturalist.org/observations/204034367","Acmispon.glaber"
"2476","ECR5",2024-03-25,"2024","Dipterostemon","capitatus",NA,NA,"Elliott Chaparral Reserve","","https://www.inaturalist.org/observations/204034796","Dipterostemon.capitatus"
"2477","ECR5",2024-03-25,"2024","Eriogonum","fasciculatum",NA,NA,"Elliott Chaparral Reserve","","https://www.inaturalist.org/observations/204034797","Eriogonum.fasciculatum"
"2478","ECR5",2024-03-25,"2024","Castilleja","densiflora",NA,NA,"Elliott Chaparral Reserve","","https://www.inaturalist.org/observations/204035238","Castilleja.densiflora"
"2479","ECR5",2024-03-25,"2024","Ceanothus","tomentosus",NA,NA,"Elliott Chaparral Reserve","","https://www.inaturalist.org/observations/204042014","Ceanothus.tomentosus"
"2480","ECR5",2024-03-25,"2024","Acmispon","glaber",NA,NA,"Elliott Chaparral Reserve","","https://www.inaturalist.org/observations/204042806","Acmispon.glaber"
"2481","ECR5",2024-03-25,"2024","Salvia","mellifera",NA,NA,"Elliott Chaparral Reserve","","https://www.inaturalist.org/observations/204043209","Salvia.mellifera"
"2482","ECR5",2024-03-25,"2024","Acmispon","strigosus",NA,NA,"Elliott Chaparral Reserve","","https://www.inaturalist.org/observations/204043921","Acmispon.strigosus"
"2483","MTE4",2024-04-14,"2024","Lupinus","succulentus",NA,NA,"","","https://www.inaturalist.org/observations/207325903","Lupinus.succulentus"
"2484","MTE3",2024-04-14,"2024","Acmispon","glaber",NA,NA,"","101 - 1000","https://www.inaturalist.org/observations/207331959","Acmispon.glaber"
"2485","MTE3",2024-04-14,"2024","Encelia","californica",NA,NA,"","11 - 100","https://www.inaturalist.org/observations/207331960","Encelia.californica"
"2486","MTE3",2024-04-14,"2024","Mirabilis","laevis",NA,NA,"","11 - 100","https://www.inaturalist.org/observations/207331964","Mirabilis.laevis"
"2487","MTE3",2024-04-14,"2024","Astragalus","trichopodus",NA,NA,"","11 - 100","https://www.inaturalist.org/observations/207331965","Astragalus.trichopodus"
"2488","MTE3",2024-04-14,"2024","Solanum","parishii",NA,NA,"","101 - 1000","https://www.inaturalist.org/observations/207331966","Solanum.parishii"
"2489","MTE3",2024-04-14,"2024","Cleomella","arborea",NA,NA,"","1 - 10","https://www.inaturalist.org/observations/207331972","Cleomella.arborea"
"2490","MTE3",2024-04-14,"2024","Hypochaeris","glabra",NA,NA,"","11 - 100","https://www.inaturalist.org/observations/207331975","Hypochaeris.glabra"
"2491","MTE3",2024-04-14,"2024","Dipterostemon","capitatus",NA,NA,"","11 - 100","https://www.inaturalist.org/observations/207331979","Dipterostemon.capitatus"
"2492","MTE3",2024-04-14,"2024","Salvia","mellifera",NA,NA,"",">10000","https://www.inaturalist.org/observations/207331987","Salvia.mellifera"
"2493","MTE3",2024-04-14,"2024","Erodium","cicutarium",NA,NA,"","11 - 100","https://www.inaturalist.org/observations/207331988","Erodium.cicutarium"
"2494","MTE3",2024-04-14,"2024","Acmispon","glaber",NA,NA,"",">10000","https://www.inaturalist.org/observations/207331994","Acmispon.glaber"
"2495","MTE3",2024-04-14,"2024","Eriogonum","fasciculatum",NA,NA,"","11 - 100","https://www.inaturalist.org/observations/207331996","Eriogonum.fasciculatum"
"2496","MTE4",2024-04-14,"2024","Salvia","mellifera",NA,NA,"",">10000","https://www.inaturalist.org/observations/207331998","Salvia.mellifera"
"2497","MTE4",2024-04-14,"2024","Lupinus","succulentus",NA,NA,"","1 - 10","https://www.inaturalist.org/observations/207331999","Lupinus.succulentus"
"2498","MTE4",2024-04-14,"2024","Astragalus","trichopodus",NA,NA,"","101 - 1000","https://www.inaturalist.org/observations/207332002","Astragalus.trichopodus"
"2499","MTE4",2024-04-14,"2024","Acmispon","glaber",NA,NA,"","1001 - 10000","https://www.inaturalist.org/observations/207332006","Acmispon.glaber"
"2500","MTE4",2024-04-14,"2024","Dipterostemon","capitatus",NA,NA,"","1 - 10","https://www.inaturalist.org/observations/207332015","Dipterostemon.capitatus"
"2501","MTE4",2024-04-14,"2024","Diplacus","puniceus",NA,NA,"","101 - 1000","https://www.inaturalist.org/observations/207332019","Diplacus.puniceus"
"2502","MTE4",2024-04-14,"2024","Erodium","botrys",NA,NA,"","11 - 100","https://www.inaturalist.org/observations/207332025","Erodium.botrys"
"2503","MTE4",2024-04-14,"2024","Melilotus","indicus",NA,NA,"","1001 - 10000","https://www.inaturalist.org/observations/207332028","Melilotus.indicus"
"2504","MTE4",2024-04-14,"2024","Bahiopsis","laciniata",NA,NA,"","11 - 100","https://www.inaturalist.org/observations/207332033","Bahiopsis.laciniata"
"2505","MTE4",2024-04-14,"2024","Eriogonum","fasciculatum",NA,NA,"","11 - 100","https://www.inaturalist.org/observations/207332035","Eriogonum.fasciculatum"
"2506","MTE4",2024-04-14,"2024","Eriophyllum","confertiflorum",NA,NA,"","1 - 10","https://www.inaturalist.org/observations/207332041","Eriophyllum.confertiflorum"
"2507","MTE4",2024-04-14,"2024","Deinandra","fasciculata",NA,NA,"","11 - 100","https://www.inaturalist.org/observations/207332042","Deinandra.fasciculata"
"2508","MTE4",2024-04-14,"2024","Sonchus",NA,NA,NA,"","11 - 100","https://www.inaturalist.org/observations/207332046","Sonchus"
"2509","MTI2",2024-04-14,"2024","Cryptantha",NA,NA,NA,"","101 - 1000","https://www.inaturalist.org/observations/207332066","Cryptantha"
"2510","MTI2",2024-04-14,"2024","Castilleja","exserta",NA,NA,"","1 - 10","https://www.inaturalist.org/observations/207332069","Castilleja.exserta"
"2511","MTI2",2024-04-14,"2024","Acmispon","strigosus",NA,NA,"","11 - 100","https://www.inaturalist.org/observations/207332071","Acmispon.strigosus"
"2512","MTI2",2024-04-14,"2024","Camissoniopsis",NA,NA,NA,"","1 - 10","https://www.inaturalist.org/observations/207332072","Camissoniopsis"
"2513","MTI2",2024-04-14,"2024","Salvia","mellifera",NA,NA,"","1001 - 10000","https://www.inaturalist.org/observations/207332076","Salvia.mellifera"
"2514","MTI2",2024-04-14,"2024","Bahiopsis","laciniata",NA,NA,"","11 - 100","https://www.inaturalist.org/observations/207332078","Bahiopsis.laciniata"
"2515","MTI2",2024-04-14,"2024","Acmispon","glaber",NA,NA,"","1001 - 10000","https://www.inaturalist.org/observations/207332080","Acmispon.glaber"
"2516","MTI2",2024-04-14,"2024","Mirabilis","laevis",NA,NA,"","11 - 100","https://www.inaturalist.org/observations/207332082","Mirabilis.laevis"
"2517","MTI2",2024-04-14,"2024","Eriogonum","fasciculatum",NA,NA,"","11 - 100","https://www.inaturalist.org/observations/207332083","Eriogonum.fasciculatum"
"2518","MTI2",2024-04-14,"2024","Plantago","erecta",NA,NA,"","11 - 100","https://www.inaturalist.org/observations/207332087","Plantago.erecta"
"2519","MTI2",2024-04-14,"2024","Oxalis","californica",NA,NA,"","1 - 10","https://www.inaturalist.org/observations/207332088","Oxalis.californica"
"2520","MTE4",2024-04-14,"2024","Melilotus","indicus",NA,NA,"","","https://www.inaturalist.org/observations/207412919","Melilotus.indicus"
"2521","MTE4",2024-04-14,"2024","Astragalus","trichopodus",NA,NA,"","","https://www.inaturalist.org/observations/207414040","Astragalus.trichopodus"
"2522","MTE4",2024-04-14,"2024","Dipterostemon","capitatus",NA,NA,"","","https://www.inaturalist.org/observations/207414560","Dipterostemon.capitatus"
"2523","MTE4",2024-04-14,"2024","Salvia","mellifera",NA,NA,"","","https://www.inaturalist.org/observations/207415852","Salvia.mellifera"
"2524","MTE4",2024-04-14,"2024","Yucca","schidigera",NA,NA,"","","https://www.inaturalist.org/observations/207416697","Yucca.schidigera"
"2525","MTS7",2024-04-15,"2024","Marrubium","vulgare",NA,NA,"","","https://www.inaturalist.org/observations/207495939","Marrubium.vulgare"
"2526","MTS7",2024-04-15,"2024","Pseudognaphalium","stramineum",NA,NA,"","","https://www.inaturalist.org/observations/207495984","Pseudognaphalium.stramineum"
"2527","MTS7",2024-04-15,"2024","Pseudognaphalium","californicum",NA,NA,"","","https://www.inaturalist.org/observations/207495996","Pseudognaphalium.californicum"
"2528","MTS7",2024-04-15,"2024","Lysimachia","arvensis",NA,NA,"","","https://www.inaturalist.org/observations/207516441","Lysimachia.arvensis"
"2529","MTS7",2024-04-15,"2024","Solanum","xanti",NA,NA,"","","https://www.inaturalist.org/observations/207518062","Solanum.xanti"
"2530","MTS7",2024-04-15,"2024","Hirschfeldia","incana",NA,NA,"","","https://www.inaturalist.org/observations/207518063","Hirschfeldia.incana"
"2531","MTS7",2024-04-15,"2024","Eriodictyon","crassifolium",NA,NA,"","","https://www.inaturalist.org/observations/207518064","Eriodictyon.crassifolium"
"2532","MTS7",2024-04-15,"2024","Acmispon","glaber",NA,NA,"","","https://www.inaturalist.org/observations/207518065","Acmispon.glaber"
"2533","MTS7",2024-04-15,"2024","Salvia","mellifera",NA,NA,"","","https://www.inaturalist.org/observations/207518444","Salvia.mellifera"
"2534","MTS7",2024-04-15,"2024","Bahiopsis","laciniata",NA,NA,"","","https://www.inaturalist.org/observations/207518447","Bahiopsis.laciniata"
"2535","MTS6",2024-04-15,"2024","Camissoniopsis",NA,NA,NA,"","101 - 1000","https://www.inaturalist.org/observations/207518550","Camissoniopsis"
"2536","MTS6",2024-04-15,"2024","Eriophyllum","confertiflorum",NA,NA,"",">10000","https://www.inaturalist.org/observations/207518553","Eriophyllum.confertiflorum"
"2537","MTS6",2024-04-15,"2024","Encelia","californica",NA,NA,"","1001 - 10000","https://www.inaturalist.org/observations/207518554","Encelia.californica"
"2538",NA,2024-04-15,"2024","Adolphia","californica",NA,NA,"","","https://www.inaturalist.org/observations/207518555","Adolphia.californica"
"2539","MTS6",2024-04-15,"2024","Salvia","mellifera",NA,NA,"",">10000","https://www.inaturalist.org/observations/207518557","Salvia.mellifera"
"2540","MTS6",2024-04-15,"2024","Acmispon","glaber",NA,NA,"","1001 - 10000","https://www.inaturalist.org/observations/207518559","Acmispon.glaber"
"2541","MTS6",2024-04-15,"2024","Camissoniopsis",NA,NA,NA,"","1001 - 10000","https://www.inaturalist.org/observations/207518561","Camissoniopsis"
"2542","MTS6",2024-04-15,"2024","Cryptantha",NA,NA,NA,"","101 - 1000","https://www.inaturalist.org/observations/207518563","Cryptantha"
"2543","MTS6",2024-04-15,"2024","Camissoniopsis",NA,NA,NA,"","11 - 100","https://www.inaturalist.org/observations/207518566","Camissoniopsis"
"2544","MTS6",2024-04-15,"2024","Eriogonum","fasciculatum",NA,NA,"","11 - 100","https://www.inaturalist.org/observations/207518567","Eriogonum.fasciculatum"
"2545","MTS6",2024-04-15,"2024","Opuntia",NA,NA,NA,"","1 - 10","https://www.inaturalist.org/observations/207518568","Opuntia"
"2546","MTS6",2024-04-15,"2024","Lysimachia","arvensis",NA,NA,"","101 - 1000","https://www.inaturalist.org/observations/207518569","Lysimachia.arvensis"
"2547","MTS6",2024-04-15,"2024","Nuttallanthus","texanus",NA,NA,"","1 - 10","https://www.inaturalist.org/observations/207518571","Nuttallanthus.texanus"
"2548","SWS3",2024-04-15,"2024","Hedypnois","rhagadioloides",NA,NA,"","11 - 100","https://www.inaturalist.org/observations/207518573","Hedypnois.rhagadioloides"
"2549","SWS3",2024-04-15,"2024","Gutierrezia",NA,NA,NA,"",">10000","https://www.inaturalist.org/observations/207518575","Gutierrezia"
"2550","SWS3",2024-04-15,"2024","Camissoniopsis",NA,NA,NA,"","101 - 1000","https://www.inaturalist.org/observations/207518577","Camissoniopsis"
"2551","SWS3",2024-04-15,"2024","Glebionis","coronaria",NA,NA,"","101 - 1000","https://www.inaturalist.org/observations/207518578","Glebionis.coronaria"
"2552","SWS3",2024-04-15,"2024","Cleomella","arborea",NA,NA,"","11 - 100","https://www.inaturalist.org/observations/207518579","Cleomella.arborea"
"2553",NA,2024-04-15,"2024","Adolphia","californica",NA,NA,"","","https://www.inaturalist.org/observations/207518583","Adolphia.californica"
"2554","SWS3",2024-04-15,"2024","Diplacus","puniceus",NA,NA,"","101 - 1000","https://www.inaturalist.org/observations/207518584","Diplacus.puniceus"
"2555","SWS3",2024-04-15,"2024","Sonchus","asper",NA,NA,"","11 - 100","https://www.inaturalist.org/observations/207518585","Sonchus.asper"
"2556","SWS3",2024-04-15,"2024","Sisyrinchium","bellum",NA,NA,"","11 - 100","https://www.inaturalist.org/observations/207518586","Sisyrinchium.bellum"
"2557","SWS3",2024-04-15,"2024","Raphanus",NA,NA,NA,"","11 - 100","https://www.inaturalist.org/observations/207518590","Raphanus"
"2558","SWS3",2024-04-15,"2024","Mirabilis","laevis",NA,NA,"","11 - 100","https://www.inaturalist.org/observations/207518592","Mirabilis.laevis"
"2559","SWS3",2024-04-15,"2024","Solanum","parishii",NA,NA,"","101 - 1000","https://www.inaturalist.org/observations/207518594","Solanum.parishii"
"2560","SWS3",2024-04-15,"2024","Acmispon","glaber",NA,NA,"","1001 - 10000","https://www.inaturalist.org/observations/207518597","Acmispon.glaber"
"2561","SWS3",2024-04-15,"2024","Erodium","botrys",NA,NA,"","1001 - 10000","https://www.inaturalist.org/observations/207518598","Erodium.botrys"
"2562","SWS3",2024-04-15,"2024","Eriophyllum","confertiflorum",NA,NA,"",">10000","https://www.inaturalist.org/observations/207518599","Eriophyllum.confertiflorum"
"2563","MTS7",2024-04-15,"2024","Diplacus","puniceus",NA,NA,"","101 - 1000","https://www.inaturalist.org/observations/207518603","Diplacus.puniceus"
"2564","MTS7",2024-04-15,"2024","Melilotus","indicus",NA,NA,"","1001 - 10000","https://www.inaturalist.org/observations/207518604","Melilotus.indicus"
"2565","MTS7",2024-04-15,"2024","Eriodictyon","crassifolium",NA,NA,"","1001 - 10000","https://www.inaturalist.org/observations/207518605","Eriodictyon.crassifolium"
"2566","MTS7",2024-04-15,"2024","Solanum","parishii",NA,NA,"","1001 - 10000","https://www.inaturalist.org/observations/207518609","Solanum.parishii"
"2567","MTS7",2024-04-15,"2024","Opuntia","ficus-indica",NA,NA,"","1 - 10","https://www.inaturalist.org/observations/207518610","Opuntia.ficus-indica"
"2568","MTS7",2024-04-15,"2024","Salvia","mellifera",NA,NA,"",">10000","https://www.inaturalist.org/observations/207518611","Salvia.mellifera"
"2569","MTS7",2024-04-15,"2024","Camissoniopsis",NA,NA,NA,"","101 - 1000","https://www.inaturalist.org/observations/207518613","Camissoniopsis"
"2570","MTS7",2024-04-15,"2024","Marrubium","vulgare",NA,NA,"","101 - 1000","https://www.inaturalist.org/observations/207518615","Marrubium.vulgare"
"2571","MTS7",2024-04-15,"2024","Acmispon","glaber",NA,NA,"",">10000","https://www.inaturalist.org/observations/207518616","Acmispon.glaber"
"2572","MTS7",2024-04-15,"2024","Lonicera","subspicata",NA,NA,"","11 - 100","https://www.inaturalist.org/observations/207518621","Lonicera.subspicata"
"2573","MTS7",2024-04-15,"2024","Pseudognaphalium","stramineum",NA,NA,"","1 - 10","https://www.inaturalist.org/observations/207518623","Pseudognaphalium.stramineum"
"2574","MTS7",2024-04-15,"2024","Hirschfeldia","incana",NA,NA,"","1001 - 10000","https://www.inaturalist.org/observations/207518624","Hirschfeldia.incana"
"2575","MTS7",2024-04-15,"2024","Rhamnus","crocea",NA,NA,"","11 - 100","https://www.inaturalist.org/observations/207518625","Rhamnus.crocea"
"2576","MTS7",2024-04-15,"2024","Glebionis","coronaria",NA,NA,"","11 - 100","https://www.inaturalist.org/observations/207518626","Glebionis.coronaria"
"2577","MTS6",2024-04-15,"2024","Marrubium","vulgare",NA,NA,"","11 - 100","https://www.inaturalist.org/observations/207518628","Marrubium.vulgare"
"2578","MTS7",2024-04-15,"2024","Eriophyllum","confertiflorum",NA,NA,"","","https://www.inaturalist.org/observations/207518910","Eriophyllum.confertiflorum"
"2579","MTS7",2024-04-15,"2024","Encelia","californica",NA,NA,"","","https://www.inaturalist.org/observations/207520656","Encelia.californica"
"2580","MTS7",2024-04-15,"2024","Diplacus","puniceus",NA,NA,"","","https://www.inaturalist.org/observations/207701914","Diplacus.puniceus"
"2581","MTS7",2024-04-15,"2024","Rhamnus","crocea",NA,NA,"","","https://www.inaturalist.org/observations/207702257","Rhamnus.crocea"
"2582","MTS7",2024-04-15,"2024","Camissoniopsis",NA,NA,NA,"","","https://www.inaturalist.org/observations/207702625","Camissoniopsis"
"2583","MTS1A",2024-04-16,"2024","Mirabilis","laevis",NA,NA,"","101 - 1000","https://www.inaturalist.org/observations/207704276","Mirabilis.laevis"
"2584","MTS1A",2024-04-16,"2024","Lathyrus","vestitus",NA,NA,"","1 - 10","https://www.inaturalist.org/observations/207704278","Lathyrus.vestitus"
"2585","MTS1A",2024-04-16,"2024","Dipterostemon","capitatus",NA,NA,"","1 - 10","https://www.inaturalist.org/observations/207704288","Dipterostemon.capitatus"
"2586","MTS1A",2024-04-16,"2024","Lysimachia","arvensis",NA,NA,"","11 - 100","https://www.inaturalist.org/observations/207704290","Lysimachia.arvensis"
"2587","MTS1A",2024-04-16,"2024","Solanum","douglasii",NA,NA,"","1 - 10","https://www.inaturalist.org/observations/207704291","Solanum.douglasii"
"2588","MTS1A",2024-04-16,"2024","Clematis","pauciflora",NA,NA,"","101 - 1000","https://www.inaturalist.org/observations/207704296","Clematis.pauciflora"
"2589","MTS1A",2024-04-16,"2024","Phacelia","cicutaria",NA,NA,"","101 - 1000","https://www.inaturalist.org/observations/207704297","Phacelia.cicutaria"
"2590","MTS1A",2024-04-16,"2024","Sairocarpus","nuttallianus",NA,NA,"","11 - 100","https://www.inaturalist.org/observations/207704298","Sairocarpus.nuttallianus"
"2591","SWS10",2024-04-16,"2024","Medicago","polymorpha",NA,NA,"","101 - 1000","https://www.inaturalist.org/observations/207704313","Medicago.polymorpha"
"2592","SWS10",2024-04-16,"2024","Eriogonum","fasciculatum",NA,NA,"","1 - 10","https://www.inaturalist.org/observations/207704314","Eriogonum.fasciculatum"
"2593","SWS10",2024-04-16,"2024","Hirschfeldia","incana",NA,NA,"","101 - 1000","https://www.inaturalist.org/observations/207704315","Hirschfeldia.incana"
"2594","SWS10",2024-04-16,"2024","Calystegia","macrostegia",NA,NA,"","11 - 100","https://www.inaturalist.org/observations/207704322","Calystegia.macrostegia"
"2595","SWS10",2024-04-16,"2024","Hypochaeris","radicata",NA,NA,"","1001 - 10000","https://www.inaturalist.org/observations/207704324","Hypochaeris.radicata"
"2596","SWS10",2024-04-16,"2024","Melilotus","indicus",NA,NA,"","1001 - 10000","https://www.inaturalist.org/observations/207704327","Melilotus.indicus"
"2597","SWS10",2024-04-16,"2024","Erodium","botrys",NA,NA,"","101 - 1000","https://www.inaturalist.org/observations/207704328","Erodium.botrys"
"2598","SWS10",2024-04-16,"2024","Limonium","sinuatum",NA,NA,"","1001 - 10000","https://www.inaturalist.org/observations/207704333","Limonium.sinuatum"
"2599","SWS10",2024-04-16,"2024","Sonchus","asper",NA,NA,"","101 - 1000","https://www.inaturalist.org/observations/207704335","Sonchus.asper"
"2600","SWS10",2024-04-16,"2024","Hedypnois","rhagadioloides",NA,NA,"","1001 - 10000","https://www.inaturalist.org/observations/207704337","Hedypnois.rhagadioloides"
"2601","MTS1A",2024-04-16,"2024","Scrophularia","californica",NA,NA,"","101 - 1000","https://www.inaturalist.org/observations/207704346","Scrophularia.californica"
"2602","MTS1A",2024-04-16,"2024","Hirschfeldia","incana",NA,NA,"",">10000","https://www.inaturalist.org/observations/207704348","Hirschfeldia.incana"
"2603","SWEA",2024-04-17,"2024","Euphorbia","polycarpa",NA,NA,"","","https://www.inaturalist.org/observations/207832177","Euphorbia.polycarpa"
"2604","SWEA",2024-04-17,"2024","Centaurea","melitensis",NA,NA,"","","https://www.inaturalist.org/observations/207847156","Centaurea.melitensis"
"2605","SWI4",2024-04-17,"2024","Eriogonum","fasciculatum",NA,NA,"","","https://www.inaturalist.org/observations/207870614","Eriogonum.fasciculatum"
"2606","SWI4",2024-04-17,"2024","Amsinckia",NA,NA,NA,"","11 - 100","https://www.inaturalist.org/observations/207870620","Amsinckia"
"2607","SWI4",2024-04-17,"2024","Muilla","maritima",NA,NA,"","11 - 100","https://www.inaturalist.org/observations/207870621","Muilla.maritima"
"2608","SWI4",2024-04-17,"2024","Gilia",NA,NA,NA,"","11 - 100","https://www.inaturalist.org/observations/207870622","Gilia"
"2609","SWI4",2024-04-17,"2024","Camissoniopsis",NA,NA,NA,"","11 - 100","https://www.inaturalist.org/observations/207870623","Camissoniopsis"
"2610","SWI4",2024-04-17,"2024","Camissoniopsis",NA,NA,NA,"","101 - 1000","https://www.inaturalist.org/observations/207870624","Camissoniopsis"
"2611","SWI4",2024-04-17,"2024","",NA,NA,NA,"","1 - 10","https://www.inaturalist.org/observations/207870625",""
"2612","SWI4",2024-04-17,"2024","Calandrinia","menziesii",NA,NA,"","11 - 100","https://www.inaturalist.org/observations/207870627","Calandrinia.menziesii"
"2613","SWI4",2024-04-17,"2024","Acmispon","micranthus",NA,NA,"","11 - 100","https://www.inaturalist.org/observations/207870633","Acmispon.micranthus"
"2614","SWI4",2024-04-17,"2024","Acmispon","strigosus",NA,NA,"","101 - 1000","https://www.inaturalist.org/observations/207870635","Acmispon.strigosus"
"2615","SWI4",2024-04-17,"2024","Erodium","botrys",NA,NA,"",">10000","https://www.inaturalist.org/observations/207870636","Erodium.botrys"
"2616","SWI4",2024-04-17,"2024","Silene","gallica",NA,NA,"","101 - 1000","https://www.inaturalist.org/observations/207870637","Silene.gallica"
"2617","SWEA",2024-04-17,"2024","Acmispon","micranthus",NA,NA,"","101 - 1000","https://www.inaturalist.org/observations/207870641","Acmispon.micranthus"
"2618","SWEA",2024-04-17,"2024","Cryptantha",NA,NA,NA,"","101 - 1000","https://www.inaturalist.org/observations/207870644","Cryptantha"
"2619","SWEA",2024-04-17,"2024","Euphorbia","polycarpa",NA,NA,"","101 - 1000","https://www.inaturalist.org/observations/207870645","Euphorbia.polycarpa"
"2620","SWEA",2024-04-17,"2024","Phacelia","cicutaria",NA,NA,"","101 - 1000","https://www.inaturalist.org/observations/207870647","Phacelia.cicutaria"
"2621","SWEA",2024-04-17,"2024","Mirabilis","laevis",NA,NA,"","11 - 100","https://www.inaturalist.org/observations/207870648","Mirabilis.laevis"
"2622","SWEA",2024-04-17,"2024","Sonchus","asper",NA,NA,"","1 - 10","https://www.inaturalist.org/observations/207870649","Sonchus.asper"
"2623","SWEA",2024-04-17,"2024","Eriogonum","fasciculatum",NA,NA,"","101 - 1000","https://www.inaturalist.org/observations/207870651","Eriogonum.fasciculatum"
"2624","SWEA",2024-04-17,"2024","Hirschfeldia","incana",NA,NA,"",">10000","https://www.inaturalist.org/observations/207870653","Hirschfeldia.incana"
"2625","SWEA",2024-04-17,"2024","Bahiopsis","laciniata",NA,NA,"",">10000","https://www.inaturalist.org/observations/207870654","Bahiopsis.laciniata"
"2626","SWS1A",2024-04-17,"2024","Camissoniopsis",NA,NA,NA,"","1001 - 10000","https://www.inaturalist.org/observations/207870659","Camissoniopsis"
"2627",NA,2024-04-17,"2024","Ferocactus","viridescens",NA,NA,"","","https://www.inaturalist.org/observations/207870660","Ferocactus.viridescens"
"2628","SWS1A",2024-04-17,"2024","Linanthus","dianthiflorus",NA,NA,"","11 - 100","https://www.inaturalist.org/observations/207870661","Linanthus.dianthiflorus"
"2629","SWS1A",2024-04-17,"2024","Eriophyllum","confertiflorum",NA,NA,"","11 - 100","https://www.inaturalist.org/observations/207870663","Eriophyllum.confertiflorum"
"2630","SWS1A",2024-04-17,"2024","Dipterostemon","capitatus",NA,NA,"","1 - 10","https://www.inaturalist.org/observations/207870664","Dipterostemon.capitatus"
"2631","SWS1A",2024-04-17,"2024","Phacelia","cicutaria",NA,NA,"","11 - 100","https://www.inaturalist.org/observations/207870665","Phacelia.cicutaria"
"2632","SWS1A",2024-04-17,"2024","Diplacus","brevipes",NA,NA,"","11 - 100","https://www.inaturalist.org/observations/207870667","Diplacus.brevipes"
"2633","SWS1A",2024-04-17,"2024","Hirschfeldia","incana",NA,NA,"",">10000","https://www.inaturalist.org/observations/207870668","Hirschfeldia.incana"
"2634","SWS1A",2024-04-17,"2024","Lysimachia","arvensis",NA,NA,"","1001 - 10000","https://www.inaturalist.org/observations/207870672","Lysimachia.arvensis"
"2635","SWS1A",2024-04-17,"2024","Cryptantha",NA,NA,NA,"","101 - 1000","https://www.inaturalist.org/observations/207870673","Cryptantha"
"2636","SWS1A",2024-04-17,"2024","Camissoniopsis","lewisii",NA,NA,"","1001 - 10000","https://www.inaturalist.org/observations/207870674","Camissoniopsis.lewisii"
"2637","SWS1A",2024-04-17,"2024","Eriogonum","fasciculatum",NA,NA,"","1001 - 10000","https://www.inaturalist.org/observations/207870677","Eriogonum.fasciculatum"
"2638","SWS1A",2024-04-17,"2024","Bahiopsis","laciniata",NA,NA,"","1001 - 10000","https://www.inaturalist.org/observations/207870678","Bahiopsis.laciniata"
"2639",NA,2024-04-17,"2024","Ferocactus","viridescens",NA,NA,"","1 - 10","https://www.inaturalist.org/observations/207870679","Ferocactus.viridescens"
"2640","ECR4",2024-04-18,"2024","Cneoridium","dumosum",NA,NA,"","","https://www.inaturalist.org/observations/208017819","Cneoridium.dumosum"
"2641","ECR4",2024-04-18,"2024","Erodium","botrys",NA,NA,"","11 - 100","https://www.inaturalist.org/observations/208033664","Erodium.botrys"
"2642","ECR4",2024-04-18,"2024","Eriogonum","fasciculatum",NA,NA,"","11 - 100","https://www.inaturalist.org/observations/208033667","Eriogonum.fasciculatum"
"2643","ECR4",2024-04-18,"2024","Mirabilis","laevis",NA,NA,"","101 - 1000","https://www.inaturalist.org/observations/208033669","Mirabilis.laevis"
"2644","ECR4",2024-04-18,"2024","Solanum","parishii",NA,NA,"","101 - 1000","https://www.inaturalist.org/observations/208033671","Solanum.parishii"
"2645","ECR4",2024-04-18,"2024","Calystegia","macrostegia",NA,NA,"","11 - 100","https://www.inaturalist.org/observations/208033674","Calystegia.macrostegia"
"2646","ECR4",2024-04-18,"2024","Salvia","mellifera",NA,NA,"","101 - 1000","https://www.inaturalist.org/observations/208033677","Salvia.mellifera"
"2647","ECR4",2024-04-18,"2024","Silene","gallica",NA,NA,"","1 - 10","https://www.inaturalist.org/observations/208033679","Silene.gallica"
"2648","ECR4",2024-04-18,"2024","Calochortus","splendens",NA,NA,"","","https://www.inaturalist.org/observations/208033680","Calochortus.splendens"
"2649","ECR4",2024-04-18,"2024","Dipterostemon","capitatus",NA,NA,"","","https://www.inaturalist.org/observations/208033681","Dipterostemon.capitatus"
"2650","ECR4",2024-04-18,"2024","Acmispon","strigosus",NA,NA,"","11 - 100","https://www.inaturalist.org/observations/208033683","Acmispon.strigosus"
"2651","ECR4",2024-04-18,"2024","Cryptantha",NA,NA,NA,"","11 - 100","https://www.inaturalist.org/observations/208033685","Cryptantha"
"2652","ECR4",2024-04-18,"2024","Acmispon","glaber",NA,NA,"","1001 - 10000","https://www.inaturalist.org/observations/208033686","Acmispon.glaber"
"2653","ECR4",2024-04-18,"2024","Castilleja",NA,NA,NA,"","11 - 100","https://www.inaturalist.org/observations/208033688","Castilleja"
"2654","ECR5",2024-04-18,"2024","Spergularia",NA,NA,NA,"","101 - 1000","https://www.inaturalist.org/observations/208033689","Spergularia"
"2655","ECR5",2024-04-18,"2024","Hypochaeris",NA,NA,NA,"","11 - 100","https://www.inaturalist.org/observations/208033691","Hypochaeris"
"2656","ECR5",2024-04-18,"2024","Acmispon","strigosus",NA,NA,"","","https://www.inaturalist.org/observations/208033692","Acmispon.strigosus"
"2657","ECR5",2024-04-18,"2024","Scutellaria","tuberosa",NA,NA,"","1 - 10","https://www.inaturalist.org/observations/208033694","Scutellaria.tuberosa"
"2658","ECR5",2024-04-18,"2024","Crocanthemum",NA,NA,NA,"","1 - 10","https://www.inaturalist.org/observations/208033696","Crocanthemum"
"2659","ECR5",2024-04-18,"2024","Cryptantha",NA,NA,NA,"","101 - 1000","https://www.inaturalist.org/observations/208033697","Cryptantha"
"2660","ECR5",2024-04-18,"2024","Cneoridium","dumosum",NA,NA,"","1 - 10","https://www.inaturalist.org/observations/208033700","Cneoridium.dumosum"
"2661","ECR5",2024-04-18,"2024","Castilleja","densiflora",NA,NA,"","11 - 100","https://www.inaturalist.org/observations/208033701","Castilleja.densiflora"
"2662","ECR5",2024-04-18,"2024","Acmispon","strigosus",NA,NA,"","101 - 1000","https://www.inaturalist.org/observations/208033702","Acmispon.strigosus"
"2663","ECR5",2024-04-18,"2024","Eriodictyon","crassifolium",NA,NA,"","1001 - 10000","https://www.inaturalist.org/observations/208033707","Eriodictyon.crassifolium"
"2664","MTS2",2024-04-18,"2024","Acmispon","glaber",NA,NA,"","101 - 1000","https://www.inaturalist.org/observations/208033709","Acmispon.glaber"
"2665","ECR5",2024-04-18,"2024","Acmispon","glaber",NA,NA,"","1001 - 10000","https://www.inaturalist.org/observations/208033711","Acmispon.glaber"
"2666","MTS2",2024-04-18,"2024","Diplacus","puniceus",NA,NA,"","11 - 100","https://www.inaturalist.org/observations/208033717","Diplacus.puniceus"
"2667","MTS2",2024-04-18,"2024","Eriophyllum","confertiflorum",NA,NA,"","11 - 100","https://www.inaturalist.org/observations/208033719","Eriophyllum.confertiflorum"
"2668","MTS2",2024-04-18,"2024","Hypochaeris","glabra",NA,NA,"","11 - 100","https://www.inaturalist.org/observations/208033720","Hypochaeris.glabra"
"2669","MTS2",2024-04-18,"2024","Raphanus",NA,NA,NA,"","101 - 1000","https://www.inaturalist.org/observations/208033725","Raphanus"
"2670","MTS2",2024-04-18,"2024","Calystegia","macrostegia",NA,NA,"","11 - 100","https://www.inaturalist.org/observations/208033726","Calystegia.macrostegia"
"2671","MTS2",2024-04-18,"2024","Acacia","longifolia",NA,NA,"","1001 - 10000","https://www.inaturalist.org/observations/208033727","Acacia.longifolia"
"2672","MTS2",2024-04-18,"2024","Solanum","parishii",NA,NA,"","101 - 1000","https://www.inaturalist.org/observations/208033729","Solanum.parishii"
"2673","MTS2",2024-04-18,"2024","Mirabilis","laevis",NA,NA,"","101 - 1000","https://www.inaturalist.org/observations/208033730","Mirabilis.laevis"
"2674","MTS2",2024-04-18,"2024","Erodium","botrys",NA,NA,"","","https://www.inaturalist.org/observations/208033731","Erodium.botrys"
"2675","MTS2",2024-04-18,"2024","Carpobrotus","edulis",NA,NA,"","1 - 10","https://www.inaturalist.org/observations/208033733","Carpobrotus.edulis"
"2676","MTS2",2024-04-18,"2024","Heterotheca","grandiflora",NA,NA,"","11 - 100","https://www.inaturalist.org/observations/208033734","Heterotheca.grandiflora"
"2677","MTS2",2024-04-18,"2024","Camissoniopsis",NA,NA,NA,"","1001 - 10000","https://www.inaturalist.org/observations/208033735","Camissoniopsis"
"2678","MTS2",2024-04-18,"2024","Salvia","mellifera",NA,NA,"","1001 - 10000","https://www.inaturalist.org/observations/208033736","Salvia.mellifera"
"2679",NA,2024-04-18,"2024","Quercus","dumosa",NA,NA,"","101 - 1000","https://www.inaturalist.org/observations/208033737","Quercus.dumosa"
"2680","MTS2",2024-04-18,"2024","Sonchus","asper",NA,NA,"","11 - 100","https://www.inaturalist.org/observations/208033739","Sonchus.asper"
"2681","ECR5",2024-04-18,"2024","Spergularia",NA,NA,NA,"Elliott Chaparral Reserve","","https://www.inaturalist.org/observations/208035807","Spergularia"
"2682","ECR5",2024-04-18,"2024","Hesperoyucca","whipplei",NA,NA,"","","https://www.inaturalist.org/observations/208037825","Hesperoyucca.whipplei"
"2683","ECR5",2024-04-18,"2024","Acmispon","glaber",NA,NA,"Elliott Chaparral Reserve","","https://www.inaturalist.org/observations/208040325","Acmispon.glaber"
"2684","ECR4",2024-04-18,"2024","Eriogonum","fasciculatum",NA,NA,"Elliott Chaparral Reserve","","https://www.inaturalist.org/observations/208041299","Eriogonum.fasciculatum"
"2685","ECR4",2024-04-18,"2024","Castilleja","densiflora",NA,NA,"Elliott Chaparral Reserve","","https://www.inaturalist.org/observations/208041681","Castilleja.densiflora"
"2686","MTS7",2024-05-06,"2024","Solanum","parishii",NA,NA,"","","https://www.inaturalist.org/observations/214130680","Solanum.parishii"
"2687","MTS7",2024-05-06,"2024","Salvia","mellifera",NA,NA,"","","https://www.inaturalist.org/observations/214130681","Salvia.mellifera"
"2688","MTS7",2024-05-06,"2024","Cylindropuntia","prolifera",NA,NA,"","1 - 10","https://www.inaturalist.org/observations/214130682","Cylindropuntia.prolifera"
"2689","MTS7",2024-05-06,"2024","Calystegia","macrostegia",NA,NA,"","11 - 100","https://www.inaturalist.org/observations/214130684","Calystegia.macrostegia"
"2690","MTS7",2024-05-06,"2024","Diplacus","puniceus",NA,NA,"","","https://www.inaturalist.org/observations/214130686","Diplacus.puniceus"
"2691","MTS7",2024-05-06,"2024","Hirschfeldia","incana",NA,NA,"","","https://www.inaturalist.org/observations/214130688","Hirschfeldia.incana"
"2692","MTS7",2024-05-06,"2024","Melilotus","indicus",NA,NA,"","1 - 10","https://www.inaturalist.org/observations/214130689","Melilotus.indicus"
"2693","MTS7",2024-05-06,"2024","Camissoniopsis",NA,NA,NA,"","1 - 10","https://www.inaturalist.org/observations/214130690","Camissoniopsis"
"2694","MTS7",2024-05-06,"2024","Lysimachia",NA,NA,NA,"","1 - 10","https://www.inaturalist.org/observations/214130691","Lysimachia"
"2695","MTS7",2024-05-06,"2024","Lysimachia","arvensis",NA,NA,"","1 - 10","https://www.inaturalist.org/observations/214130692","Lysimachia.arvensis"
"2696","MTS7",2024-05-06,"2024","Eriophyllum","confertiflorum",NA,NA,"","1001 - 10000","https://www.inaturalist.org/observations/214130695","Eriophyllum.confertiflorum"
"2697","MTS7",2024-05-06,"2024","Sairocarpus","nuttallianus",NA,NA,"","11 - 100","https://www.inaturalist.org/observations/214130696","Sairocarpus.nuttallianus"
"2698","MTS7",2024-05-06,"2024","Zeltnera","venusta",NA,NA,"","1 - 10","https://www.inaturalist.org/observations/214130703","Zeltnera.venusta"
"2699","MTS7",2024-05-06,"2024","Galium","angustifolium",NA,NA,"","11 - 100","https://www.inaturalist.org/observations/214130704","Galium.angustifolium"
"2700","MTS7",2024-05-06,"2024","Centaurea","melitensis",NA,NA,"","11 - 100","https://www.inaturalist.org/observations/214130713","Centaurea.melitensis"
"2701","MTS7",2024-05-06,"2024","Gnaphalium",NA,NA,NA,"","101 - 1000","https://www.inaturalist.org/observations/214130718","Gnaphalium"
"2702","MTS7",2024-05-06,"2024","Scrophularia","californica",NA,NA,"","1 - 10","https://www.inaturalist.org/observations/214130719","Scrophularia.californica"
"2703","SWS3",2024-05-06,"2024","Calochortus","splendens",NA,NA,"","11 - 100","https://www.inaturalist.org/observations/214130721","Calochortus.splendens"
"2704","SWS3",2024-05-06,"2024","Sisyrinchium","bellum",NA,NA,"","1 - 10","https://www.inaturalist.org/observations/214130723","Sisyrinchium.bellum"
"2705","SWS3",2024-05-06,"2024","Raphanus","raphanistrum",NA,NA,"","11 - 100","https://www.inaturalist.org/observations/214130725","Raphanus.raphanistrum"
"2706","SWS3",2024-05-06,"2024","Salvia","mellifera",NA,NA,"","1001 - 10000","https://www.inaturalist.org/observations/214130726","Salvia.mellifera"
"2707","SWS3",2024-05-06,"2024","Navarretia","hamata",NA,NA,"","101 - 1000","https://www.inaturalist.org/observations/214130727","Navarretia.hamata"
"2708","SWS3",2024-05-06,"2024","Chorizanthe","procumbens",NA,NA,"","101 - 1000","https://www.inaturalist.org/observations/214130728","Chorizanthe.procumbens"
"2709","SWS3",2024-05-06,"2024","Gutierrezia",NA,NA,NA,"","101 - 1000","https://www.inaturalist.org/observations/214130729","Gutierrezia"
"2710","SWS3",2024-05-06,"2024","Salvia",NA,NA,NA,"","1001 - 10000","https://www.inaturalist.org/observations/214130732","Salvia"
"2711","SWS3",2024-05-06,"2024","Euphorbia","polycarpa",NA,NA,"","11 - 100","https://www.inaturalist.org/observations/214130736","Euphorbia.polycarpa"
"2712","SWS3",2024-05-06,"2024","Chaenactis","glabriuscula",NA,NA,"","11 - 100","https://www.inaturalist.org/observations/214130737","Chaenactis.glabriuscula"
"2713","SWS3",2024-05-06,"2024","Eriogonum","fasciculatum",NA,NA,"","","https://www.inaturalist.org/observations/214130742","Eriogonum.fasciculatum"
"2714","SWS3",2024-05-06,"2024","Diplacus","puniceus",NA,NA,"","11 - 100","https://www.inaturalist.org/observations/214130744","Diplacus.puniceus"
"2715","SWS3",2024-05-06,"2024","Deinandra","fasciculata",NA,NA,"","11 - 100","https://www.inaturalist.org/observations/214130746","Deinandra.fasciculata"
"2716","SWS3",2024-05-06,"2024","Acmispon","glaber",NA,NA,"","11 - 100","https://www.inaturalist.org/observations/214130747","Acmispon.glaber"
"2717","SWS3",2024-05-06,"2024","Erodium","botrys",NA,NA,"","11 - 100","https://www.inaturalist.org/observations/214130748","Erodium.botrys"
"2718","SWS3",2024-05-06,"2024","Chaenactis","glabriuscula",NA,NA,"","11 - 100","https://www.inaturalist.org/observations/214130750","Chaenactis.glabriuscula"
"2719","SWS3",2024-05-06,"2024","Hirschfeldia","incana",NA,NA,"","101 - 1000","https://www.inaturalist.org/observations/214130751","Hirschfeldia.incana"
"2720","SWS3",2024-05-06,"2024","Cleomella","arborea",NA,NA,"","101 - 1000","https://www.inaturalist.org/observations/214130752","Cleomella.arborea"
"2721","SWS3",2024-05-06,"2024","Osmadenia","tenella",NA,NA,"","11 - 100","https://www.inaturalist.org/observations/214130753","Osmadenia.tenella"
"2722","SWS3",2024-05-06,"2024","Lysimachia","arvensis",NA,NA,"","11 - 100","https://www.inaturalist.org/observations/214130754","Lysimachia.arvensis"
"2723","SWS3",2024-05-06,"2024","Hedypnois","rhagadioloides",NA,NA,"","1 - 10","https://www.inaturalist.org/observations/214130755","Hedypnois.rhagadioloides"
"2724","MTS6",2024-05-06,"2024","Encelia","californica",NA,NA,"","101 - 1000","https://www.inaturalist.org/observations/214130756","Encelia.californica"
"2725","MTS6",2024-05-06,"2024","Calochortus","splendens",NA,NA,"","11 - 100","https://www.inaturalist.org/observations/214130757","Calochortus.splendens"
"2726","MTS6",2024-05-06,"2024","Malacothamnus","fasciculatus",NA,NA,"","101 - 1000","https://www.inaturalist.org/observations/214130758","Malacothamnus.fasciculatus"
"2727","MTS6",2024-05-06,"2024","Navarretia","hamata",NA,NA,"","101 - 1000","https://www.inaturalist.org/observations/214130760","Navarretia.hamata"
"2728","MTS6",2024-05-06,"2024","Zeltnera","venusta",NA,NA,"","1 - 10","https://www.inaturalist.org/observations/214130762","Zeltnera.venusta"
"2729","MTS6",2024-05-06,"2024","Centaurea","melitensis",NA,NA,"","11 - 100","https://www.inaturalist.org/observations/214130765","Centaurea.melitensis"
"2730","MTS6",2024-05-06,"2024","Eriogonum","fasciculatum",NA,NA,"","1001 - 10000","https://www.inaturalist.org/observations/214130766","Eriogonum.fasciculatum"
"2731","MTS6",2024-05-06,"2024","Camissoniopsis",NA,NA,NA,"","11 - 100","https://www.inaturalist.org/observations/214130767","Camissoniopsis"
"2732","MTS6",2024-05-06,"2024","Acmispon","glaber",NA,NA,"","101 - 1000","https://www.inaturalist.org/observations/214130769","Acmispon.glaber"
"2733","MTS6",2024-05-06,"2024","Navarretia",NA,NA,NA,"","1001 - 10000","https://www.inaturalist.org/observations/214130770","Navarretia"
"2734","MTS6",2024-05-06,"2024","Cryptantha",NA,NA,NA,"","11 - 100","https://www.inaturalist.org/observations/214130771","Cryptantha"
"2735","MTS6",2024-05-06,"2024","Salvia","mellifera",NA,NA,"","1001 - 10000","https://www.inaturalist.org/observations/214130774","Salvia.mellifera"
"2736","MTS7",2024-05-06,"2024","Pseudognaphalium",NA,NA,NA,"",">10000","https://www.inaturalist.org/observations/214130775","Pseudognaphalium"
"2737","MTS7",2024-05-06,"2024","Glebionis","coronaria",NA,NA,"","1 - 10","https://www.inaturalist.org/observations/214130776","Glebionis.coronaria"
"2738","MTS7",2024-05-06,"2024","Marrubium","vulgare",NA,NA,"","11 - 100","https://www.inaturalist.org/observations/214130778","Marrubium.vulgare"
"2739","MTS7",2024-05-06,"2024","Opuntia","ficus-indica",NA,NA,"","1 - 10","https://www.inaturalist.org/observations/214130779","Opuntia.ficus-indica"
"2740","MTI2",2024-05-07,"2024","Eriodictyon","crassifolium",NA,NA,"","11 - 100","https://www.inaturalist.org/observations/214331124","Eriodictyon.crassifolium"
"2741","MTE3",2024-05-07,"2024","Euphorbia","polycarpa",NA,NA,"","101 - 1000","https://www.inaturalist.org/observations/214331129","Euphorbia.polycarpa"
"2742","MTE3",2024-05-07,"2024","Navarretia","hamata",NA,NA,"","101 - 1000","https://www.inaturalist.org/observations/214331134","Navarretia.hamata"
"2743","MTE3",2024-05-07,"2024","Lysimachia","arvensis",NA,NA,"","11 - 100","https://www.inaturalist.org/observations/214331135","Lysimachia.arvensis"
"2744","MTE3",2024-05-07,"2024","Dipterostemon","capitatus",NA,NA,"","1 - 10","https://www.inaturalist.org/observations/214331137","Dipterostemon.capitatus"
"2745","MTE3",2024-05-07,"2024","Malacothamnus","fasciculatus",NA,NA,"","101 - 1000","https://www.inaturalist.org/observations/214331138","Malacothamnus.fasciculatus"
"2746","MTE3",2024-05-07,"2024","Bahiopsis","laciniata",NA,NA,"","1001 - 10000","https://www.inaturalist.org/observations/214331139","Bahiopsis.laciniata"
"2747","MTE4",2024-05-07,"2024","Encelia","californica",NA,NA,"","11 - 100","https://www.inaturalist.org/observations/214331140","Encelia.californica"
"2748",NA,2024-05-07,"2024","Ferocactus","viridescens",NA,NA,"","1 - 10","https://www.inaturalist.org/observations/214331141","Ferocactus.viridescens"
"2749","MTE3",2024-05-07,"2024","Cleomella","arborea",NA,NA,"","11 - 100","https://www.inaturalist.org/observations/214331142","Cleomella.arborea"
"2750","MTE3",2024-05-07,"2024","Bahiopsis","laciniata",NA,NA,"","1001 - 10000","https://www.inaturalist.org/observations/214331144","Bahiopsis.laciniata"
"2751","MTE3",2024-05-07,"2024","Eriogonum","fasciculatum",NA,NA,"","101 - 1000","https://www.inaturalist.org/observations/214331145","Eriogonum.fasciculatum"
"2752","MTE3",2024-05-07,"2024","Calochortus","splendens",NA,NA,"","11 - 100","https://www.inaturalist.org/observations/214331146","Calochortus.splendens"
"2753","MTE4",2024-05-07,"2024","Eriogonum","fasciculatum",NA,NA,"","101 - 1000","https://www.inaturalist.org/observations/214331150","Eriogonum.fasciculatum"
"2754","MTE4",2024-05-07,"2024","Diplacus","puniceus",NA,NA,"","101 - 1000","https://www.inaturalist.org/observations/214331154","Diplacus.puniceus"
"2755","MTE4",2024-05-07,"2024","Melilotus","indicus",NA,NA,"","101 - 1000","https://www.inaturalist.org/observations/214331158","Melilotus.indicus"
"2756","MTE4",2024-05-07,"2024","Acmispon","glaber",NA,NA,"","101 - 1000","https://www.inaturalist.org/observations/214331159","Acmispon.glaber"
"2757","MTE4",2024-05-07,"2024","Lupinus","succulentus",NA,NA,"","1 - 10","https://www.inaturalist.org/observations/214331161","Lupinus.succulentus"
"2758","MTE4",2024-05-07,"2024","Eriophyllum","confertiflorum",NA,NA,"","101 - 1000","https://www.inaturalist.org/observations/214331162","Eriophyllum.confertiflorum"
"2759","MTE4",2024-05-07,"2024","Salvia","mellifera",NA,NA,"",">10000","https://www.inaturalist.org/observations/214331163","Salvia.mellifera"
"2760","MTE4",2024-05-07,"2024","Calochortus","splendens",NA,NA,"","11 - 100","https://www.inaturalist.org/observations/214331165","Calochortus.splendens"
"2761","MTI2",2024-05-07,"2024","Calystegia","macrostegia",NA,NA,"","1 - 10","https://www.inaturalist.org/observations/214331168","Calystegia.macrostegia"
"2762","MTI2",2024-05-07,"2024","Euphorbia","polycarpa",NA,NA,"","101 - 1000","https://www.inaturalist.org/observations/214331171","Euphorbia.polycarpa"
"2763","MTI2",2024-05-07,"2024","Castilleja","exserta",NA,NA,"","11 - 100","https://www.inaturalist.org/observations/214331172","Castilleja.exserta"
"2764","MTI2",2024-05-07,"2024","Porophyllum","gracile",NA,NA,"","1 - 10","https://www.inaturalist.org/observations/214331173","Porophyllum.gracile"
"2765","MTI2",2024-05-07,"2024","Cryptantha",NA,NA,NA,"","11 - 100","https://www.inaturalist.org/observations/214331174","Cryptantha"
"2766","MTI2",2024-05-07,"2024","Erodium","cicutarium",NA,NA,"","1 - 10","https://www.inaturalist.org/observations/214331175","Erodium.cicutarium"
"2767","MTI2",2024-05-07,"2024","Eriogonum","fasciculatum",NA,NA,"","101 - 1000","https://www.inaturalist.org/observations/214331176","Eriogonum.fasciculatum"
"2768","MTI2",2024-05-07,"2024","Muhlenbergia","microsperma",NA,NA,"","","https://www.inaturalist.org/observations/214331177","Muhlenbergia.microsperma"
"2769","MTI2",2024-05-07,"2024","Acmispon","glaber",NA,NA,"","101 - 1000","https://www.inaturalist.org/observations/214331178","Acmispon.glaber"
"2770","MTI2",2024-05-07,"2024","Hypochaeris",NA,NA,NA,"","1 - 10","https://www.inaturalist.org/observations/214331179","Hypochaeris"
"2771","MTI2",2024-05-07,"2024","Navarretia","hamata",NA,NA,"","1001 - 10000","https://www.inaturalist.org/observations/214331180","Navarretia.hamata"
"2772","MTI2",2024-05-07,"2024","Bahiopsis","laciniata",NA,NA,"","1001 - 10000","https://www.inaturalist.org/observations/214331181","Bahiopsis.laciniata"
"2773","MTI2",2024-05-07,"2024","Acmispon","strigosus",NA,NA,"","11 - 100","https://www.inaturalist.org/observations/214331182","Acmispon.strigosus"
"2774","MTI2",2024-05-07,"2024","Chorizanthe","fimbriata",NA,NA,"","101 - 1000","https://www.inaturalist.org/observations/214331184","Chorizanthe.fimbriata"
"2775","MTI2",2024-05-07,"2024","Salvia","mellifera",NA,NA,"",">10000","https://www.inaturalist.org/observations/214331185","Salvia.mellifera"
"2776","SWEA",2024-05-08,"2024","Mirabilis","laevis",NA,NA,"","","https://www.inaturalist.org/observations/214465572","Mirabilis.laevis"
"2777","SWEA",2024-05-08,"2024","Linanthus","dianthiflorus",NA,NA,"Sweatwater Trace Road","1 - 10","https://www.inaturalist.org/observations/214474578","Linanthus.dianthiflorus"
"2778","SWEA",2024-05-08,"2024","Bahiopsis","laciniata",NA,NA,"Sweatwater Trace Road","","https://www.inaturalist.org/observations/214491522","Bahiopsis.laciniata"
"2779","SWEA",2024-05-08,"2024","Euphorbia","polycarpa",NA,NA,"Sweatwater Trace Road","","https://www.inaturalist.org/observations/214511891","Euphorbia.polycarpa"
"2780","SWS1A",2024-05-08,"2024","Dipterostemon","capitatus",NA,NA,"","1 - 10","https://www.inaturalist.org/observations/214527424","Dipterostemon.capitatus"
"2781","SWS1A",2024-05-08,"2024","Sairocarpus","pusillus",NA,NA,"","11 - 100","https://www.inaturalist.org/observations/214527426","Sairocarpus.pusillus"
"2782","SWS1A",2024-05-08,"2024","Calystegia","macrostegia",NA,NA,"","11 - 100","https://www.inaturalist.org/observations/214527427","Calystegia.macrostegia"
"2783","SWS1A",2024-05-08,"2024","Acmispon","glaber",NA,NA,"","11 - 100","https://www.inaturalist.org/observations/214527428","Acmispon.glaber"
"2784","SWS1A",2024-05-08,"2024","Eriophyllum","confertiflorum",NA,NA,"","101 - 1000","https://www.inaturalist.org/observations/214527430","Eriophyllum.confertiflorum"
"2785","SWS1A",2024-05-08,"2024","Centaurea","melitensis",NA,NA,"","101 - 1000","https://www.inaturalist.org/observations/214527431","Centaurea.melitensis"
"2786","SWS1A",2024-05-08,"2024","Bahiopsis","laciniata",NA,NA,"","1001 - 10000","https://www.inaturalist.org/observations/214527433","Bahiopsis.laciniata"
"2787","SWS1A",2024-05-08,"2024","Diplacus","brevipes",NA,NA,"","1001 - 10000","https://www.inaturalist.org/observations/214527434","Diplacus.brevipes"
"2788","SWS1A",2024-05-08,"2024","Lysimachia","arvensis",NA,NA,"","11 - 100","https://www.inaturalist.org/observations/214527438","Lysimachia.arvensis"
"2789","SWS1A",2024-05-08,"2024","Opuntia",NA,NA,NA,"","11 - 100","https://www.inaturalist.org/observations/214527439","Opuntia"
"2790","SWS1A",2024-05-08,"2024","Navarretia","hamata",NA,NA,"","1001 - 10000","https://www.inaturalist.org/observations/214527441","Navarretia.hamata"
"2791","SWS1A",2024-05-08,"2024","Deinandra","fasciculata",NA,NA,"","1 - 10","https://www.inaturalist.org/observations/214527442","Deinandra.fasciculata"
"2792","SWS1A",2024-05-08,"2024","Calochortus","splendens",NA,NA,"","1 - 10","https://www.inaturalist.org/observations/214527443","Calochortus.splendens"
"2793","SWS1A",2024-05-08,"2024","Zeltnera","venusta",NA,NA,"","11 - 100","https://www.inaturalist.org/observations/214527449","Zeltnera.venusta"
"2794",NA,2024-05-08,"2024","Ferocactus","viridescens",NA,NA,"","1 - 10","https://www.inaturalist.org/observations/214527450","Ferocactus.viridescens"
"2795","SWEA",2024-05-08,"2024","Mirabilis","laevis",NA,NA,"","11 - 100","https://www.inaturalist.org/observations/214527451","Mirabilis.laevis"
"2796","SWEA",2024-05-08,"2024","Phacelia","cicutaria",NA,NA,"","1 - 10","https://www.inaturalist.org/observations/214527457","Phacelia.cicutaria"
"2797","SWEA",2024-05-08,"2024","Cryptantha",NA,NA,NA,"","11 - 100","https://www.inaturalist.org/observations/214527462","Cryptantha"
"2798","SWEA",2024-05-08,"2024","Hirschfeldia","incana",NA,NA,"","1001 - 10000","https://www.inaturalist.org/observations/214527464","Hirschfeldia.incana"
"2799","SWEA",2024-05-08,"2024","Eriogonum","fasciculatum",NA,NA,"",">10000","https://www.inaturalist.org/observations/214527475","Eriogonum.fasciculatum"
"2800","SWEA",2024-05-08,"2024","Bahiopsis","laciniata",NA,NA,"",">10000","https://www.inaturalist.org/observations/214527476","Bahiopsis.laciniata"
"2801","SWI4",2024-05-08,"2024","Silene","gallica",NA,NA,"","11 - 100","https://www.inaturalist.org/observations/214527480","Silene.gallica"
"2802","SWI4",2024-05-08,"2024","Dipterostemon","capitatus",NA,NA,"","101 - 1000","https://www.inaturalist.org/observations/214527481","Dipterostemon.capitatus"
"2803","SWI4",2024-05-08,"2024","Amsinckia",NA,NA,NA,"","1 - 10","https://www.inaturalist.org/observations/214527485","Amsinckia"
"2804","SWI4",2024-05-08,"2024","Sonchus",NA,NA,NA,"","11 - 100","https://www.inaturalist.org/observations/214527486","Sonchus"
"2805","SWI4",2024-05-08,"2024","Phacelia","cicutaria",NA,NA,"","101 - 1000","https://www.inaturalist.org/observations/214527488","Phacelia.cicutaria"
"2806","SWI4",2024-05-08,"2024","Scrophularia","californica",NA,NA,"","11 - 100","https://www.inaturalist.org/observations/214527489","Scrophularia.californica"
"2807","SWI4",2024-05-08,"2024","Solanum","douglasii",NA,NA,"","11 - 100","https://www.inaturalist.org/observations/214527490","Solanum.douglasii"
"2808","SWI4",2024-05-08,"2024","Bahiopsis","laciniata",NA,NA,"","1001 - 10000","https://www.inaturalist.org/observations/214527491","Bahiopsis.laciniata"
"2809","SWI4",2024-05-08,"2024","Sairocarpus",NA,NA,NA,"","1 - 10","https://www.inaturalist.org/observations/214527492","Sairocarpus"
"2810","SWI4",2024-05-08,"2024","Diplacus","puniceus",NA,NA,"","101 - 1000","https://www.inaturalist.org/observations/214527493","Diplacus.puniceus"
"2811","SWI4",2024-05-08,"2024","Pseudognaphalium","californicum",NA,NA,"","11 - 100","https://www.inaturalist.org/observations/214527494","Pseudognaphalium.californicum"
"2812","SWI4",2024-05-08,"2024","Acmispon","micranthus",NA,NA,"","11 - 100","https://www.inaturalist.org/observations/214527495","Acmispon.micranthus"
"2813","SWI4",2024-05-08,"2024","Erodium","botrys",NA,NA,"","1001 - 10000","https://www.inaturalist.org/observations/214527496","Erodium.botrys"
"2814","SWI4",2024-05-08,"2024","Hirschfeldia","incana",NA,NA,"","1001 - 10000","https://www.inaturalist.org/observations/214527498","Hirschfeldia.incana"
"2815","SWI4",2024-05-08,"2024","Hypochaeris","glabra",NA,NA,"","101 - 1000","https://www.inaturalist.org/observations/214527500","Hypochaeris.glabra"
"2816","SWI4",2024-05-08,"2024","Eriogonum","fasciculatum",NA,NA,"","1001 - 10000","https://www.inaturalist.org/observations/214527501","Eriogonum.fasciculatum"
"2817","MTS1A",2024-05-09,"2024","Carduus","pycnocephalus",NA,NA,"","1 - 10","https://www.inaturalist.org/observations/214722003","Carduus.pycnocephalus"
"2818","MTS1A",2024-05-09,"2024","Mirabilis","laevis",NA,NA,"","11 - 100","https://www.inaturalist.org/observations/214722008","Mirabilis.laevis"
"2819","MTS1A",2024-05-09,"2024","Eriogonum","fasciculatum",NA,NA,"","101 - 1000","https://www.inaturalist.org/observations/214722010","Eriogonum.fasciculatum"
"2820","MTS1A",2024-05-09,"2024","Pseudognaphalium","californicum",NA,NA,"","101 - 1000","https://www.inaturalist.org/observations/214722012","Pseudognaphalium.californicum"
"2821","MTS1A",2024-05-09,"2024","Bahiopsis","laciniata",NA,NA,"","1001 - 10000","https://www.inaturalist.org/observations/214722013","Bahiopsis.laciniata"
"2822","MTS1A",2024-05-09,"2024","Eucrypta","chrysanthemifolia",NA,NA,"","1 - 10","https://www.inaturalist.org/observations/214722016","Eucrypta.chrysanthemifolia"
"2823","MTS1A",2024-05-09,"2024","Navarretia","hamata",NA,NA,"","1001 - 10000","https://www.inaturalist.org/observations/214722018","Navarretia.hamata"
"2824","MTS1A",2024-05-09,"2024","Scrophularia","californica",NA,NA,"","1001 - 10000","https://www.inaturalist.org/observations/214722020","Scrophularia.californica"
"2825","MTS1A",2024-05-09,"2024","Helminthotheca","echioides",NA,NA,"","11 - 100","https://www.inaturalist.org/observations/214722022","Helminthotheca.echioides"
"2826","MTS1A",2024-05-09,"2024","Diplacus","puniceus",NA,NA,"",">10000","https://www.inaturalist.org/observations/214722023","Diplacus.puniceus"
"2827","MTS1A",2024-05-09,"2024","Dipterostemon","capitatus",NA,NA,"","1 - 10","https://www.inaturalist.org/observations/214722026","Dipterostemon.capitatus"
"2828","SWS10",2024-05-09,"2024","Salvia","clevelandii",NA,NA,"","11 - 100","https://www.inaturalist.org/observations/214722032","Salvia.clevelandii"
"2829","SWS10",2024-05-09,"2024","Hirschfeldia","incana",NA,NA,"","1001 - 10000","https://www.inaturalist.org/observations/214722034","Hirschfeldia.incana"
"2830","SWS10",2024-05-09,"2024","Erodium","botrys",NA,NA,"","1001 - 10000","https://www.inaturalist.org/observations/214722035","Erodium.botrys"
"2831","SWS10",2024-05-09,"2024","Melilotus","indicus",NA,NA,"","1001 - 10000","https://www.inaturalist.org/observations/214722038","Melilotus.indicus"
"2832","SWS10",2024-05-09,"2024","Prunus","ilicifolia",NA,NA,"","1001 - 10000","https://www.inaturalist.org/observations/214722039","Prunus.ilicifolia"
"2833","SWS10",2024-05-09,"2024","Eriogonum","fasciculatum",NA,NA,"","1001 - 10000","https://www.inaturalist.org/observations/214722042","Eriogonum.fasciculatum"
"2834","SWS10",2024-05-09,"2024","Hypochaeris","glabra",NA,NA,"","1001 - 10000","https://www.inaturalist.org/observations/214722043","Hypochaeris.glabra"
"2835","SWS10",2024-05-09,"2024","Calystegia","macrostegia",NA,NA,"","1 - 10","https://www.inaturalist.org/observations/214722044","Calystegia.macrostegia"
"2836","SWS10",2024-05-09,"2024","Acmispon","glaber",NA,NA,"","101 - 1000","https://www.inaturalist.org/observations/214722046","Acmispon.glaber"
"2837","ECR4",2024-05-10,"2024","Cistus","ladanifer",NA,NA,"","","https://www.inaturalist.org/observations/214893601","Cistus.ladanifer"
"2838","ECR4",2024-05-10,"2024","Silene","gallica",NA,NA,"","","https://www.inaturalist.org/observations/214893627","Silene.gallica"
"2839","ECR5",2024-05-10,"2024","Crocanthemum","scoparium",NA,NA,"","","https://www.inaturalist.org/observations/214893672","Crocanthemum.scoparium"
"2840","ECR4",2024-05-10,"2024","Erodium","botrys",NA,NA,"Elliott Chaparral Reserve","","https://www.inaturalist.org/observations/214903728","Erodium.botrys"
"2841","ECR4",2024-05-10,"2024","Dipterostemon","capitatus",NA,NA,"Elliott Chaparral Reserve","","https://www.inaturalist.org/observations/214903879","Dipterostemon.capitatus"
"2842","ECR4",2024-05-10,"2024","",NA,NA,NA,"Elliott Chaparral Reserve","1 - 10","https://www.inaturalist.org/observations/214904137",""
"2843","ECR4",2024-05-10,"2024","Diplacus","puniceus",NA,NA,"Elliott Chaparral Reserve","","https://www.inaturalist.org/observations/214904570","Diplacus.puniceus"
"2844","ECR4",2024-05-10,"2024","Eriophyllum","confertiflorum",NA,NA,"Elliott Chaparral Reserve","101 - 1000","https://www.inaturalist.org/observations/214904744","Eriophyllum.confertiflorum"
"2845","ECR4",2024-05-10,"2024","Solanum","parishii",NA,NA,"Elliott Chaparral Reserve","","https://www.inaturalist.org/observations/214905318","Solanum.parishii"
"2846","ECR4",2024-05-10,"2024","Calystegia","macrostegia",NA,NA,"Elliott Chaparral Reserve","11 - 100","https://www.inaturalist.org/observations/214907581","Calystegia.macrostegia"
"2847","ECR4",2024-05-10,"2024","Lysimachia","arvensis",NA,NA,"Elliott Chaparral Reserve","","https://www.inaturalist.org/observations/214907715","Lysimachia.arvensis"
"2848","ECR5",2024-05-10,"2024","Zeltnera","venusta",NA,NA,"Elliott Chaparral Reserve","","https://www.inaturalist.org/observations/214928845","Zeltnera.venusta"
"2849","ECR5",2024-05-10,"2024","Navarretia","hamata",NA,NA,"Elliott Chaparral Reserve","","https://www.inaturalist.org/observations/214933241","Navarretia.hamata"
"2850","MTS2",2024-05-10,"2024","Adenostoma","fasciculatum",NA,NA,"","","https://www.inaturalist.org/observations/215068211","Adenostoma.fasciculatum"
"2851","MTS2",2024-05-10,"2024","Salvia","mellifera",NA,NA,"","","https://www.inaturalist.org/observations/215068220","Salvia.mellifera"
"2852","MTS2",2024-05-10,"2024","Erodium","botrys",NA,NA,"","","https://www.inaturalist.org/observations/215068225","Erodium.botrys"
"2853","MTS2",2024-05-10,"2024","Pseudognaphalium","californicum",NA,NA,"","","https://www.inaturalist.org/observations/215068231","Pseudognaphalium.californicum"
"2854","MTS2",2024-05-10,"2024","Toxicodendron","diversilobum",NA,NA,"","","https://www.inaturalist.org/observations/215068232","Toxicodendron.diversilobum"
"2855","MTS2",2024-05-10,"2024","Pseudognaphalium","stramineum",NA,NA,"","","https://www.inaturalist.org/observations/215068233","Pseudognaphalium.stramineum"
"2856","MTS2",2024-05-10,"2024","Acmispon","glaber",NA,NA,"","","https://www.inaturalist.org/observations/215068236","Acmispon.glaber"
"2857","MTS2",2024-05-10,"2024","Carduus","pycnocephalus",NA,NA,"","","https://www.inaturalist.org/observations/215068240","Carduus.pycnocephalus"
"2858","MTS2",2024-05-10,"2024","Marrubium","vulgare",NA,NA,"","","https://www.inaturalist.org/observations/215068242","Marrubium.vulgare"
"2859","MTS2",2024-05-10,"2024","Salvia","apiana",NA,NA,"","","https://www.inaturalist.org/observations/215068243","Salvia.apiana"
"2860","MTS2",2024-05-10,"2024","Chaenactis","glabriuscula",NA,NA,"","","https://www.inaturalist.org/observations/215068244","Chaenactis.glabriuscula"
"2861","MTS2",2024-05-10,"2024","Zeltnera","venusta",NA,NA,"","","https://www.inaturalist.org/observations/215068248","Zeltnera.venusta"
"2862","MTS2",2024-05-10,"2024","Salvia",NA,NA,NA,"","","https://www.inaturalist.org/observations/215068249","Salvia"
"2863","MTS2",2024-05-10,"2024","Lonicera","subspicata",NA,NA,"","","https://www.inaturalist.org/observations/215068250","Lonicera.subspicata"
"2864","MTS2",2024-05-10,"2024","Chorizanthe","procumbens",NA,NA,"","","https://www.inaturalist.org/observations/215068252","Chorizanthe.procumbens"
"2865","MTS2",2024-05-10,"2024","Sonchus",NA,NA,NA,"","","https://www.inaturalist.org/observations/215068256","Sonchus"
"2866","MTS2",2024-05-10,"2024","Erodium","botrys",NA,NA,"","","https://www.inaturalist.org/observations/215068259","Erodium.botrys"
"2867","MTS2",2024-05-10,"2024","Heterotheca","grandiflora",NA,NA,"","","https://www.inaturalist.org/observations/215068260","Heterotheca.grandiflora"
"2868","MTS2",2024-05-10,"2024","Cryptantha",NA,NA,NA,"","","https://www.inaturalist.org/observations/215068261","Cryptantha"
"2869","MTS2",2024-05-10,"2024","Hirschfeldia","incana",NA,NA,"","","https://www.inaturalist.org/observations/215068264","Hirschfeldia.incana"
"2870","MTS2",2024-05-10,"2024","Juncus",NA,NA,NA,"","","https://www.inaturalist.org/observations/215068265","Juncus"
"2871","MTS2",2024-05-10,"2024","Chorizanthe","procumbens",NA,NA,"","","https://www.inaturalist.org/observations/215068267","Chorizanthe.procumbens"
"2872","ECR5",2024-05-10,"2024","Lysimachia","arvensis",NA,NA,"","1 - 10","https://www.inaturalist.org/observations/215068274","Lysimachia.arvensis"
"2873","ECR5",2024-05-10,"2024","Acmispon","glaber",NA,NA,"","1001 - 10000","https://www.inaturalist.org/observations/215068276","Acmispon.glaber"
"2874","ECR5",2024-05-10,"2024","Chorizanthe","fimbriata",NA,NA,"","101 - 1000","https://www.inaturalist.org/observations/215068280","Chorizanthe.fimbriata"
"2875","ECR5",2024-05-10,"2024","Calochortus","splendens",NA,NA,"","1 - 10","https://www.inaturalist.org/observations/215068281","Calochortus.splendens"
"2876","ECR5",2024-05-10,"2024","Cryptantha",NA,NA,NA,"","101 - 1000","https://www.inaturalist.org/observations/215068287","Cryptantha"
"2877","ECR5",2024-05-10,"2024","Sairocarpus",NA,NA,NA,"","1 - 10","https://www.inaturalist.org/observations/215068288","Sairocarpus"
"2878","ECR5",2024-05-10,"2024","Crocanthemum","scoparium",NA,NA,"","11 - 100","https://www.inaturalist.org/observations/215068291","Crocanthemum.scoparium"
"2879","ECR5",2024-05-10,"2024","Adenostoma","fasciculatum",NA,NA,"","101 - 1000","https://www.inaturalist.org/observations/215068299","Adenostoma.fasciculatum"
"2880","ECR5",2024-05-10,"2024","Navarretia","hamata",NA,NA,"","101 - 1000","https://www.inaturalist.org/observations/215068303","Navarretia.hamata"
"2881","ECR5",2024-05-10,"2024","Eriodictyon","crassifolium",NA,NA,"","101 - 1000","https://www.inaturalist.org/observations/215068304","Eriodictyon.crassifolium"
"2882","ECR5",2024-05-10,"2024","Daucus","pusillus",NA,NA,"","11 - 100","https://www.inaturalist.org/observations/215068305","Daucus.pusillus"
"2883","ECR5",2024-05-10,"2024","Eriogonum","fasciculatum",NA,NA,"","101 - 1000","https://www.inaturalist.org/observations/215068309","Eriogonum.fasciculatum"
"2884","ECR5",2024-05-10,"2024","Zeltnera","venusta",NA,NA,"","11 - 100","https://www.inaturalist.org/observations/215068313","Zeltnera.venusta"
"2885","ECR4",2024-05-10,"2024","Porophyllum","gracile",NA,NA,"","1 - 10","https://www.inaturalist.org/observations/215068314","Porophyllum.gracile"
"2886","ECR4",2024-05-10,"2024","Diplacus","puniceus",NA,NA,"","11 - 100","https://www.inaturalist.org/observations/215068323","Diplacus.puniceus"
"2887","ECR4",2024-05-10,"2024","Solanum","parishii",NA,NA,"","11 - 100","https://www.inaturalist.org/observations/215068324","Solanum.parishii"
"2888","ECR4",2024-05-10,"2024","Castilleja","densiflora",NA,NA,"","1 - 10","https://www.inaturalist.org/observations/215068327","Castilleja.densiflora"
"2889","ECR4",2024-05-10,"2024","Lysimachia","arvensis",NA,NA,"","11 - 100","https://www.inaturalist.org/observations/215068328","Lysimachia.arvensis"
"2890","ECR4",2024-05-10,"2024","Silene","gallica",NA,NA,"","1 - 10","https://www.inaturalist.org/observations/215068329","Silene.gallica"
"2891","ECR4",2024-05-10,"2024","Hypochaeris","glabra",NA,NA,"","11 - 100","https://www.inaturalist.org/observations/215068335","Hypochaeris.glabra"
"2892","ECR4",2024-05-10,"2024","Chorizanthe","procumbens",NA,NA,"","11 - 100","https://www.inaturalist.org/observations/215068336","Chorizanthe.procumbens"
"2893","ECR4",2024-05-10,"2024","Chorizanthe","fimbriata",NA,NA,"","101 - 1000","https://www.inaturalist.org/observations/215068340","Chorizanthe.fimbriata"
"2894","ECR4",2024-05-10,"2024","Cistus","ladanifer",NA,NA,"","1 - 10","https://www.inaturalist.org/observations/215068346","Cistus.ladanifer"
"2895","ECR4",2024-05-10,"2024","Dipterostemon","capitatus",NA,NA,"","","https://www.inaturalist.org/observations/215068348","Dipterostemon.capitatus"
"2896","ECR4",2024-05-10,"2024","Pseudognaphalium","biolettii",NA,NA,"","11 - 100","https://www.inaturalist.org/observations/215068363","Pseudognaphalium.biolettii"
"2897","ECR4",2024-05-10,"2024","Crocanthemum","scoparium",NA,NA,"","1 - 10","https://www.inaturalist.org/observations/215068365","Crocanthemum.scoparium"
"2898","ECR4",2024-05-10,"2024","Erodium","botrys",NA,NA,"","11 - 100","https://www.inaturalist.org/observations/215068366","Erodium.botrys"
"2899","ECR4",2024-05-10,"2024","Acmispon","glaber",NA,NA,"","101 - 1000","https://www.inaturalist.org/observations/215068371","Acmispon.glaber"
"2900","ECR4",2024-05-10,"2024","Salvia","mellifera",NA,NA,"Elliott Chaparral Reserve","","https://www.inaturalist.org/observations/215130995","Salvia.mellifera"
"2901","ECR5",2024-05-10,"2024","Salvia","mellifera",NA,NA,"Elliott Chaparral Reserve","","https://www.inaturalist.org/observations/215131729","Salvia.mellifera"
"2902","MTS7",2024-05-30,"2024","Eriodictyon","crassifolium",NA,NA,"","11 - 100","https://www.inaturalist.org/observations/219471865","Eriodictyon.crassifolium"
"2903","SWS3",2024-05-30,"2024","Centaurea","melitensis",NA,NA,"","","https://www.inaturalist.org/observations/219471870","Centaurea.melitensis"
"2904","SWS3",2024-05-30,"2024","Croton","setiger",NA,NA,"","11 - 100","https://www.inaturalist.org/observations/219471871","Croton.setiger"
"2905","SWS3",2024-05-30,"2024","Acmispon","glaber",NA,NA,"","","https://www.inaturalist.org/observations/219471873","Acmispon.glaber"
"2906","SWS3",2024-05-30,"2024","Chaenactis","glabriuscula",NA,NA,"","","https://www.inaturalist.org/observations/219471874","Chaenactis.glabriuscula"
"2907","SWS3",2024-05-30,"2024","Salvia",NA,NA,NA,"","","https://www.inaturalist.org/observations/219471875","Salvia"
"2908",NA,2024-05-30,"2024","Ferocactus","viridescens",NA,NA,"","1 - 10","https://www.inaturalist.org/observations/219471877","Ferocactus.viridescens"
"2909","SWS3",2024-05-30,"2024","Diplacus","puniceus",NA,NA,"","11 - 100","https://www.inaturalist.org/observations/219471880","Diplacus.puniceus"
"2910","SWS3",2024-05-30,"2024","Navarretia","hamata",NA,NA,"","1001 - 10000","https://www.inaturalist.org/observations/219471881","Navarretia.hamata"
"2911","SWS3",2024-05-30,"2024","Osmadenia","tenella",NA,NA,"","101 - 1000","https://www.inaturalist.org/observations/219471883","Osmadenia.tenella"
"2912","SWS3",2024-05-30,"2024","Gutierrezia","californica",NA,NA,"","11 - 100","https://www.inaturalist.org/observations/219471886","Gutierrezia.californica"
"2913","SWS3",2024-05-30,"2024","Salvia","apiana",NA,NA,"","1001 - 10000","https://www.inaturalist.org/observations/219471888","Salvia.apiana"
"2914","MTS7",2024-05-30,"2024","Opuntia",NA,NA,NA,"","11 - 100","https://www.inaturalist.org/observations/219471889","Opuntia"
"2915","MTS7",2024-05-30,"2024","Zeltnera","venusta",NA,NA,"","1001 - 10000","https://www.inaturalist.org/observations/219471890","Zeltnera.venusta"
"2916","MTS7",2024-05-30,"2024","Lysimachia","arvensis",NA,NA,"","101 - 1000","https://www.inaturalist.org/observations/219471892","Lysimachia.arvensis"
"2917","MTS7",2024-05-30,"2024","Deinandra","fasciculata",NA,NA,"","1001 - 10000","https://www.inaturalist.org/observations/219471894","Deinandra.fasciculata"
"2918","MTS7",2024-05-30,"2024","Navarretia","hamata",NA,NA,"","1001 - 10000","https://www.inaturalist.org/observations/219471896","Navarretia.hamata"
"2919","MTS7",2024-05-30,"2024","Sairocarpus","nuttallianus",NA,NA,"","11 - 100","https://www.inaturalist.org/observations/219471900","Sairocarpus.nuttallianus"
"2920","MTS7",2024-05-30,"2024","Centaurea","melitensis",NA,NA,"","1001 - 10000","https://www.inaturalist.org/observations/219471902","Centaurea.melitensis"
"2921","MTS7",2024-05-30,"2024","Acmispon","glaber",NA,NA,"","101 - 1000","https://www.inaturalist.org/observations/219471903","Acmispon.glaber"
"2922","MTS7",2024-05-30,"2024","Lonicera","subspicata",NA,NA,"","101 - 1000","https://www.inaturalist.org/observations/219471906","Lonicera.subspicata"
"2923","MTS7",2024-05-30,"2024","Salvia","mellifera",NA,NA,"","101 - 1000","https://www.inaturalist.org/observations/219471908","Salvia.mellifera"
"2924","MTS7",2024-05-30,"2024","Pseudognaphalium","biolettii",NA,NA,"","101 - 1000","https://www.inaturalist.org/observations/219471911","Pseudognaphalium.biolettii"
"2925","MTS7",2024-05-30,"2024","Solanum","parishii",NA,NA,"","1 - 10","https://www.inaturalist.org/observations/219471912","Solanum.parishii"
"2926","MTS7",2024-05-30,"2024","Marrubium","vulgare",NA,NA,"",">10000","https://www.inaturalist.org/observations/219471917","Marrubium.vulgare"
"2927","MTS7",2024-05-30,"2024","Eriogonum","fasciculatum",NA,NA,"",">10000","https://www.inaturalist.org/observations/219471925","Eriogonum.fasciculatum"
"2928","MTS7",2024-05-30,"2024","Bahiopsis","laciniata",NA,NA,"","1001 - 10000","https://www.inaturalist.org/observations/219471931","Bahiopsis.laciniata"
"2929","MTS6",2024-05-30,"2024","Eriophyllum","confertiflorum",NA,NA,"","1001 - 10000","https://www.inaturalist.org/observations/219471934","Eriophyllum.confertiflorum"
"2930","MTS6",2024-05-30,"2024","Opuntia",NA,NA,NA,"","11 - 100","https://www.inaturalist.org/observations/219471936","Opuntia"
"2931","MTS6",2024-05-30,"2024","Zeltnera","venusta",NA,NA,"","1001 - 10000","https://www.inaturalist.org/observations/219471943","Zeltnera.venusta"
"2932","MTS6",2024-05-30,"2024","Salvia","mellifera",NA,NA,"","11 - 100","https://www.inaturalist.org/observations/219471947","Salvia.mellifera"
"2933","MTS6",2024-05-30,"2024","Eriogonum","fasciculatum",NA,NA,"",">10000","https://www.inaturalist.org/observations/219471951","Eriogonum.fasciculatum"
"2934","MTS6",2024-05-30,"2024","Centaurea","melitensis",NA,NA,"","1001 - 10000","https://www.inaturalist.org/observations/219471952","Centaurea.melitensis"
"2935","SWS3",2024-05-30,"2024","Eriogonum","fasciculatum",NA,NA,"","1001 - 10000","https://www.inaturalist.org/observations/219472155","Eriogonum.fasciculatum"
"2936","MTE3",2024-06-01,"2024","Eriogonum","fasciculatum",NA,NA,"",">10000","https://www.inaturalist.org/observations/219928171","Eriogonum.fasciculatum"
"2937","MTE3",2024-06-01,"2024","Salvia","mellifera",NA,NA,"","1001 - 10000","https://www.inaturalist.org/observations/219928172","Salvia.mellifera"
"2938","MTE3",2024-06-01,"2024","Zeltnera","venusta",NA,NA,"","101 - 1000","https://www.inaturalist.org/observations/219928175","Zeltnera.venusta"
"2939","MTE3",2024-06-01,"2024","Calochortus","splendens",NA,NA,"","1 - 10","https://www.inaturalist.org/observations/219928176","Calochortus.splendens"
"2940","MTE3",2024-06-01,"2024","Bahiopsis","laciniata",NA,NA,"",">10000","https://www.inaturalist.org/observations/219928178","Bahiopsis.laciniata"
"2941","MTE3",2024-06-01,"2024","Cleomella","arborea",NA,NA,"","11 - 100","https://www.inaturalist.org/observations/219928179","Cleomella.arborea"
"2942","MTE3",2024-06-01,"2024","Encelia","californica",NA,NA,"","1 - 10","https://www.inaturalist.org/observations/219928180","Encelia.californica"
"2943","MTE3",2024-06-01,"2024","Malacothamnus","fasciculatus",NA,NA,"","101 - 1000","https://www.inaturalist.org/observations/219928184","Malacothamnus.fasciculatus"
"2944","MTE3",2024-06-01,"2024","Deinandra","fasciculata",NA,NA,"","11 - 100","https://www.inaturalist.org/observations/219928186","Deinandra.fasciculata"
"2945","MTE3",2024-06-01,"2024","Acmispon","glaber",NA,NA,"","1 - 10","https://www.inaturalist.org/observations/219928188","Acmispon.glaber"
"2946","MTE3",2024-06-01,"2024","Centaurea","melitensis",NA,NA,"","11 - 100","https://www.inaturalist.org/observations/219928189","Centaurea.melitensis"
"2947","MTE3",2024-06-01,"2024","Cylindropuntia","prolifera",NA,NA,"","1 - 10","https://www.inaturalist.org/observations/219928193","Cylindropuntia.prolifera"
"2948","MTE3",2024-06-01,"2024","Hirschfeldia","incana",NA,NA,"","11 - 100","https://www.inaturalist.org/observations/219928202","Hirschfeldia.incana"
"2949","MTE3",2024-06-01,"2024","Zeltnera","venusta",NA,NA,"","11 - 100","https://www.inaturalist.org/observations/219928204","Zeltnera.venusta"
"2950","MTE3",2024-06-01,"2024","Navarretia","hamata",NA,NA,"","101 - 1000","https://www.inaturalist.org/observations/219928205","Navarretia.hamata"
"2951","MTE3",2024-06-01,"2024","Calystegia","macrostegia",NA,NA,"","11 - 100","https://www.inaturalist.org/observations/219928206","Calystegia.macrostegia"
"2952","MTE4",2024-06-01,"2024","Stephanomeria",NA,NA,NA,"","1 - 10","https://www.inaturalist.org/observations/219928213","Stephanomeria"
"2953","MTE4",2024-06-01,"2024","Bahiopsis","laciniata",NA,NA,"","1001 - 10000","https://www.inaturalist.org/observations/219928215","Bahiopsis.laciniata"
"2954","MTE4",2024-06-01,"2024","Eriogonum","fasciculatum",NA,NA,"",">10000","https://www.inaturalist.org/observations/219928217","Eriogonum.fasciculatum"
"2955","MTE4",2024-06-01,"2024","Salvia",NA,NA,NA,"","11 - 100","https://www.inaturalist.org/observations/219928218","Salvia"
"2956","MTE4",2024-06-01,"2024","Diplacus","puniceus",NA,NA,"","11 - 100","https://www.inaturalist.org/observations/219928219","Diplacus.puniceus"
"2957","MTE4",2024-06-01,"2024","Salvia","apiana",NA,NA,"","101 - 1000","https://www.inaturalist.org/observations/219928220","Salvia.apiana"
"2958","MTE4",2024-06-01,"2024","Eriophyllum","confertiflorum",NA,NA,"","11 - 100","https://www.inaturalist.org/observations/219928221","Eriophyllum.confertiflorum"
"2959","MTE4",2024-06-01,"2024","Eriogonum","fasciculatum",NA,NA,"",">10000","https://www.inaturalist.org/observations/219928223","Eriogonum.fasciculatum"
"2960","MTE4",2024-06-01,"2024","Opuntia",NA,NA,NA,"","11 - 100","https://www.inaturalist.org/observations/219928225","Opuntia"
"2961","MTE4",2024-06-01,"2024","Deinandra","fasciculata",NA,NA,"","11 - 100","https://www.inaturalist.org/observations/219928227","Deinandra.fasciculata"
"2962","MTE4",2024-06-01,"2024","Glebionis","coronaria",NA,NA,"","1 - 10","https://www.inaturalist.org/observations/219928232","Glebionis.coronaria"
"2963","MTE4",2024-06-01,"2024","Erodium","botrys",NA,NA,"","1 - 10","https://www.inaturalist.org/observations/219928233","Erodium.botrys"
"2964","MTI2",2024-06-01,"2024","Eriophyllum","confertiflorum",NA,NA,"","11 - 100","https://www.inaturalist.org/observations/219928236","Eriophyllum.confertiflorum"
"2965","MTI2",2024-06-01,"2024","Salvia","mellifera",NA,NA,"","101 - 1000","https://www.inaturalist.org/observations/219928237","Salvia.mellifera"
"2966","MTI2",2024-06-01,"2024","Chorizanthe","fimbriata",NA,NA,"",">10000","https://www.inaturalist.org/observations/219928239","Chorizanthe.fimbriata"
"2967","MTI2",2024-06-01,"2024","Eriogonum","fasciculatum",NA,NA,"",">10000","https://www.inaturalist.org/observations/219928240","Eriogonum.fasciculatum"
"2968",NA,2024-06-01,"2024","Calochortus","weedii",NA,NA,"","1 - 10","https://www.inaturalist.org/observations/219928242","Calochortus.weedii"
"2969","MTI2",2024-06-01,"2024","Galium","angustifolium",NA,NA,"","","https://www.inaturalist.org/observations/219928244","Galium.angustifolium"
"2970","MTI2",2024-06-01,"2024","Euphorbia","polycarpa",NA,NA,"","11 - 100","https://www.inaturalist.org/observations/219928245","Euphorbia.polycarpa"
"2971","MTI2",2024-06-01,"2024","Bahiopsis","laciniata",NA,NA,"",">10000","https://www.inaturalist.org/observations/219928246","Bahiopsis.laciniata"
"2972","MTI2",2024-06-01,"2024","Centaurea","melitensis",NA,NA,"","101 - 1000","https://www.inaturalist.org/observations/219930086","Centaurea.melitensis"
"2973","SWS1A",2024-06-02,"2024","Centaurea","melitensis",NA,NA,"","1001 - 10000","https://www.inaturalist.org/observations/220169784","Centaurea.melitensis"
"2974","SWS1A",2024-06-02,"2024","Hirschfeldia","incana",NA,NA,"","1001 - 10000","https://www.inaturalist.org/observations/220169787","Hirschfeldia.incana"
"2975","SWS1A",2024-06-02,"2024","Pseudognaphalium","californicum",NA,NA,"","11 - 100","https://www.inaturalist.org/observations/220169788","Pseudognaphalium.californicum"
"2976","SWS1A",2024-06-02,"2024","Stephanomeria",NA,NA,NA,"","11 - 100","https://www.inaturalist.org/observations/220169795","Stephanomeria"
"2977","SWS1A",2024-06-02,"2024","Opuntia",NA,NA,NA,"","11 - 100","https://www.inaturalist.org/observations/220169796","Opuntia"
"2978","SWS1A",2024-06-02,"2024","Bahiopsis","laciniata",NA,NA,"","101 - 1000","https://www.inaturalist.org/observations/220169797","Bahiopsis.laciniata"
"2979","SWS1A",2024-06-02,"2024","Eriogonum","fasciculatum",NA,NA,"",">10000","https://www.inaturalist.org/observations/220169798","Eriogonum.fasciculatum"
"2980","SWS1A",2024-06-02,"2024","Deinandra","fasciculata",NA,NA,"","11 - 100","https://www.inaturalist.org/observations/220169802","Deinandra.fasciculata"
"2981","SWS1A",2024-06-02,"2024","Navarretia","hamata",NA,NA,"","11 - 100","https://www.inaturalist.org/observations/220169803","Navarretia.hamata"
"2982","SWS1A",2024-06-02,"2024","Zeltnera","venusta",NA,NA,"","101 - 1000","https://www.inaturalist.org/observations/220169804","Zeltnera.venusta"
"2983","SWS1A",2024-06-02,"2024","Dudleya","pulverulenta",NA,NA,"","11 - 100","https://www.inaturalist.org/observations/220169810","Dudleya.pulverulenta"
"2984","SWEA",2024-06-02,"2024","Stephanomeria",NA,NA,NA,"","11 - 100","https://www.inaturalist.org/observations/220169818","Stephanomeria"
"2985","SWEA",2024-06-02,"2024","Centaurea","melitensis",NA,NA,"",">10000","https://www.inaturalist.org/observations/220169821","Centaurea.melitensis"
"2986","SWEA",2024-06-02,"2024","Hirschfeldia","incana",NA,NA,"","101 - 1000","https://www.inaturalist.org/observations/220169822","Hirschfeldia.incana"
"2987","SWEA",2024-06-02,"2024","Bahiopsis","laciniata",NA,NA,"","1001 - 10000","https://www.inaturalist.org/observations/220169823","Bahiopsis.laciniata"
"2988","SWEA",2024-06-02,"2024","Eriogonum","fasciculatum",NA,NA,"",">10000","https://www.inaturalist.org/observations/220169824","Eriogonum.fasciculatum"
"2989","SWI4",2024-06-02,"2024","Mirabilis","laevis",NA,NA,"","11 - 100","https://www.inaturalist.org/observations/220169831","Mirabilis.laevis"
"2990","SWI4",2024-06-02,"2024","Eriogonum","fasciculatum",NA,NA,"",">10000","https://www.inaturalist.org/observations/220169841","Eriogonum.fasciculatum"
"2991","SWI4",2024-06-02,"2024","Gutierrezia",NA,NA,NA,"","11 - 100","https://www.inaturalist.org/observations/220169844","Gutierrezia"
"2992","SWI4",2024-06-02,"2024","Zeltnera","venusta",NA,NA,"","11 - 100","https://www.inaturalist.org/observations/220169845","Zeltnera.venusta"
"2993","SWI4",2024-06-02,"2024","Croton","setiger",NA,NA,"","11 - 100","https://www.inaturalist.org/observations/220169849","Croton.setiger"
"2994","SWI4",2024-06-02,"2024","Diplacus",NA,NA,NA,"","101 - 1000","https://www.inaturalist.org/observations/220169850","Diplacus"
"2995","SWI4",2024-06-02,"2024","Phacelia","cicutaria",NA,NA,"","1001 - 10000","https://www.inaturalist.org/observations/220169851","Phacelia.cicutaria"
"2996","SWI4",2024-06-02,"2024","Sairocarpus","nuttallianus",NA,NA,"","11 - 100","https://www.inaturalist.org/observations/220169853","Sairocarpus.nuttallianus"
"2997","SWI4",2024-06-02,"2024","Pseudognaphalium","californicum",NA,NA,"","11 - 100","https://www.inaturalist.org/observations/220169855","Pseudognaphalium.californicum"
"2998","SWI4",2024-06-02,"2024","Bahiopsis","laciniata",NA,NA,"","1001 - 10000","https://www.inaturalist.org/observations/220169856","Bahiopsis.laciniata"
"2999","SWI4",2024-06-02,"2024","Hirschfeldia","incana",NA,NA,"","101 - 1000","https://www.inaturalist.org/observations/220169857","Hirschfeldia.incana"
"3000","SWI4",2024-06-02,"2024","Centaurea","melitensis",NA,NA,"","1001 - 10000","https://www.inaturalist.org/observations/220169858","Centaurea.melitensis"
"3001","SWI4",2024-06-02,"2024","Eriogonum","fasciculatum",NA,NA,"",">10000","https://www.inaturalist.org/observations/220169862","Eriogonum.fasciculatum"
"3002","MTS1A",2024-06-03,"2024","Sairocarpus","nuttallianus",NA,NA,"","11 - 100","https://www.inaturalist.org/observations/220383515","Sairocarpus.nuttallianus"
"3003","MTS1A",2024-06-03,"2024","Scrophularia","californica",NA,NA,"","101 - 1000","https://www.inaturalist.org/observations/220383525","Scrophularia.californica"
"3004","MTS1A",2024-06-03,"2024","Hirschfeldia","incana",NA,NA,"","11 - 100","https://www.inaturalist.org/observations/220383526","Hirschfeldia.incana"
"3005","MTS1A",2024-06-03,"2024","Bahiopsis","laciniata",NA,NA,"","101 - 1000","https://www.inaturalist.org/observations/220383527","Bahiopsis.laciniata"
"3006","MTS1A",2024-06-03,"2024","Centaurea","melitensis",NA,NA,"","101 - 1000","https://www.inaturalist.org/observations/220383532","Centaurea.melitensis"
"3007","MTS1A",2024-06-03,"2024","Pseudognaphalium","californicum",NA,NA,"","101 - 1000","https://www.inaturalist.org/observations/220383533","Pseudognaphalium.californicum"
"3008","MTS1A",2024-06-03,"2024","Diplacus","puniceus",NA,NA,"","1001 - 10000","https://www.inaturalist.org/observations/220383534","Diplacus.puniceus"
"3009","MTS1A",2024-06-03,"2024","Zeltnera","venusta",NA,NA,"","1001 - 10000","https://www.inaturalist.org/observations/220383535","Zeltnera.venusta"
"3010","MTS1A",2024-06-03,"2024","Navarretia","hamata",NA,NA,"","101 - 1000","https://www.inaturalist.org/observations/220383537","Navarretia.hamata"
"3011","MTS1A",2024-06-03,"2024","Deinandra","fasciculata",NA,NA,"","1001 - 10000","https://www.inaturalist.org/observations/220383540","Deinandra.fasciculata"
"3012","SWS10",2024-06-03,"2024","Parkinsonia","aculeata",NA,NA,"","11 - 100","https://www.inaturalist.org/observations/220383543","Parkinsonia.aculeata"
"3013","SWS10",2024-06-03,"2024","Acmispon","glaber",NA,NA,"","1 - 10","https://www.inaturalist.org/observations/220383547","Acmispon.glaber"
"3014",NA,2024-06-03,"2024","Iva","hayesiana",NA,NA,"","11 - 100","https://www.inaturalist.org/observations/220383551","Iva.hayesiana"
"3015","SWS10",2024-06-03,"2024","Salvia","clevelandii",NA,NA,"","101 - 1000","https://www.inaturalist.org/observations/220383552","Salvia.clevelandii"
"3016","SWS10",2024-06-03,"2024","Eriogonum","fasciculatum",NA,NA,"","1001 - 10000","https://www.inaturalist.org/observations/220383553","Eriogonum.fasciculatum"
"3017","SWS10",2024-06-03,"2024","Hirschfeldia","incana",NA,NA,"","101 - 1000","https://www.inaturalist.org/observations/220383555","Hirschfeldia.incana"
"3018","SWS10",2024-06-03,"2024","Centaurea","melitensis",NA,NA,"","1001 - 10000","https://www.inaturalist.org/observations/220383557","Centaurea.melitensis"
"3019","ECR4",2024-06-04,"2024","Porophyllum","gracile",NA,NA,"","","https://www.inaturalist.org/observations/220582886","Porophyllum.gracile"
"3020","ECR4",2024-06-04,"2024","Dudleya","lanceolata",NA,NA,"","","https://www.inaturalist.org/observations/220582970","Dudleya.lanceolata"
"3021",NA,2024-06-04,"2024","Calochortus","weedii",NA,NA,"","","https://www.inaturalist.org/observations/220583010","Calochortus.weedii"
"3022","ECR4",2024-06-04,"2024","Malosma","laurina",NA,NA,"","","https://www.inaturalist.org/observations/220583027","Malosma.laurina"
"3023","ECR4",2024-06-04,"2024","Calystegia","macrostegia",NA,NA,"","","https://www.inaturalist.org/observations/220583049","Calystegia.macrostegia"
"3024","ECR4",2024-06-04,"2024","Calochortus","splendens",NA,NA,"","","https://www.inaturalist.org/observations/220583066","Calochortus.splendens"
"3025","MTS2",2024-06-04,"2024","Sairocarpus","nuttallianus",NA,NA,"","1 - 10","https://www.inaturalist.org/observations/220605983","Sairocarpus.nuttallianus"
"3026","MTS2",2024-06-04,"2024","Marrubium","vulgare",NA,NA,"","11 - 100","https://www.inaturalist.org/observations/220605984","Marrubium.vulgare"
"3027","ECR4",2024-06-04,"2024","Stephanomeria",NA,NA,NA,"","11 - 100","https://www.inaturalist.org/observations/220605986","Stephanomeria"
"3028","ECR5",2024-06-04,"2024","Salvia","mellifera",NA,NA,"","101 - 1000","https://www.inaturalist.org/observations/220605992","Salvia.mellifera"
"3029","ECR5",2024-06-04,"2024","Navarretia","hamata",NA,NA,"","101 - 1000","https://www.inaturalist.org/observations/220605993","Navarretia.hamata"
"3030","ECR5",2024-06-04,"2024","Eriogonum","fasciculatum",NA,NA,"","1001 - 10000","https://www.inaturalist.org/observations/220605998","Eriogonum.fasciculatum"
"3031","ECR5",2024-06-04,"2024","Adenostoma","fasciculatum",NA,NA,"",">10000","https://www.inaturalist.org/observations/220605999","Adenostoma.fasciculatum"
"3032","ECR5",2024-06-04,"2024","Zeltnera","venusta",NA,NA,"","101 - 1000","https://www.inaturalist.org/observations/220606000","Zeltnera.venusta"
"3033","ECR4",2024-06-04,"2024","Chorizanthe","procumbens",NA,NA,"","1001 - 10000","https://www.inaturalist.org/observations/220606003","Chorizanthe.procumbens"
"3034","ECR4",2024-06-04,"2024","Deinandra","fasciculata",NA,NA,"","11 - 100","https://www.inaturalist.org/observations/220606006","Deinandra.fasciculata"
"3035","ECR4",2024-06-04,"2024","Dudleya","lanceolata",NA,NA,"","1 - 10","https://www.inaturalist.org/observations/220606011","Dudleya.lanceolata"
"3036","ECR4",2024-06-04,"2024","Calystegia","macrostegia",NA,NA,"","1 - 10","https://www.inaturalist.org/observations/220606012","Calystegia.macrostegia"
"3037","ECR4",2024-06-04,"2024","Malosma","laurina",NA,NA,"","11 - 100","https://www.inaturalist.org/observations/220606014","Malosma.laurina"
"3038","ECR4",2024-06-04,"2024","Cordylanthus","rigidus",NA,NA,"","101 - 1000","https://www.inaturalist.org/observations/220606018","Cordylanthus.rigidus"
"3039","ECR4",2024-06-04,"2024","Chorizanthe","fimbriata",NA,NA,"","1001 - 10000","https://www.inaturalist.org/observations/220606020","Chorizanthe.fimbriata"
"3040","ECR4",2024-06-04,"2024","Crocanthemum","scoparium",NA,NA,"","1 - 10","https://www.inaturalist.org/observations/220606027","Crocanthemum.scoparium"
"3041","ECR4",2024-06-04,"2024","Calochortus","splendens",NA,NA,"","1 - 10","https://www.inaturalist.org/observations/220606029","Calochortus.splendens"
"3042","ECR4",2024-06-04,"2024","Pseudognaphalium","californicum",NA,NA,"","101 - 1000","https://www.inaturalist.org/observations/220606033","Pseudognaphalium.californicum"
"3043","ECR4",2024-06-04,"2024","Acmispon","glaber",NA,NA,"","11 - 100","https://www.inaturalist.org/observations/220606034","Acmispon.glaber"
"3044","ECR4",2024-06-04,"2024","Eriogonum","fasciculatum",NA,NA,"","1001 - 10000","https://www.inaturalist.org/observations/220606039","Eriogonum.fasciculatum"
"3045","MTS2",2024-06-04,"2024","Eriophyllum","confertiflorum",NA,NA,"","11 - 100","https://www.inaturalist.org/observations/220606047","Eriophyllum.confertiflorum"
"3046","MTS2",2024-06-04,"2024","Adenostoma","fasciculatum",NA,NA,"","101 - 1000","https://www.inaturalist.org/observations/220606052","Adenostoma.fasciculatum"
"3047","MTS2",2024-06-04,"2024","Heterotheca","grandiflora",NA,NA,"","11 - 100","https://www.inaturalist.org/observations/220606053","Heterotheca.grandiflora"
"3048","MTS2",2024-06-04,"2024","Salvia","mellifera",NA,NA,"","11 - 100","https://www.inaturalist.org/observations/220606075","Salvia.mellifera"
"3049","MTS2",2024-06-04,"2024","Dudleya","pulverulenta",NA,NA,"","11 - 100","https://www.inaturalist.org/observations/220606079","Dudleya.pulverulenta"
"3050","MTS2",2024-06-04,"2024","Deinandra","fasciculata",NA,NA,"","101 - 1000","https://www.inaturalist.org/observations/220606085","Deinandra.fasciculata"
"3051","MTS2",2024-06-04,"2024","Sonchus","oleraceus",NA,NA,"","11 - 100","https://www.inaturalist.org/observations/220606086","Sonchus.oleraceus"
"3052","MTS2",2024-06-04,"2024","Erodium","botrys",NA,NA,"","11 - 100","https://www.inaturalist.org/observations/220606091","Erodium.botrys"
"3053","MTS2",2024-06-04,"2024","Croton","setiger",NA,NA,"","11 - 100","https://www.inaturalist.org/observations/220606092","Croton.setiger"
"3054","MTS2",2024-06-04,"2024","Osmadenia","tenella",NA,NA,"","1 - 10","https://www.inaturalist.org/observations/220606095","Osmadenia.tenella"
"3055","MTS2",2024-06-04,"2024","Lonicera","subspicata",NA,NA,"","11 - 100","https://www.inaturalist.org/observations/220606098","Lonicera.subspicata"
"3056","MTS2",2024-06-04,"2024","Adenostoma","fasciculatum",NA,NA,"","11 - 100","https://www.inaturalist.org/observations/220606099","Adenostoma.fasciculatum"
"3057","MTS2",2024-06-04,"2024","Chorizanthe","procumbens",NA,NA,"","101 - 1000","https://www.inaturalist.org/observations/220606101","Chorizanthe.procumbens"
"3058","MTS2",2024-06-04,"2024","Pseudognaphalium","californicum",NA,NA,"","101 - 1000","https://www.inaturalist.org/observations/220606102","Pseudognaphalium.californicum"
"3059","MTS2",2024-06-04,"2024","Zeltnera","venusta",NA,NA,"","101 - 1000","https://www.inaturalist.org/observations/220606103","Zeltnera.venusta"
"3060","MTS2",2024-06-04,"2024","Chaenactis","glabriuscula",NA,NA,"","101 - 1000","https://www.inaturalist.org/observations/220606107","Chaenactis.glabriuscula"
"3061","MTS2",2024-06-04,"2024","Salvia","apiana",NA,NA,"","101 - 1000","https://www.inaturalist.org/observations/220606108","Salvia.apiana"
"3062","MTS2",2024-06-04,"2024","Salvia",NA,NA,NA,"","11 - 100","https://www.inaturalist.org/observations/220606109","Salvia"
"3063","MTS2",2024-06-04,"2024","Cryptantha",NA,NA,NA,"","11 - 100","https://www.inaturalist.org/observations/220606113","Cryptantha"
"3064","MTS2",2024-06-04,"2024","Camissoniopsis",NA,NA,NA,"","11 - 100","https://www.inaturalist.org/observations/220606114","Camissoniopsis"
"3065","ECR5",2024-06-04,"2024","Navarretia",NA,NA,NA,"Elliott Chaparral Reserve","","https://www.inaturalist.org/observations/220773154","Navarretia"
"3066","ECR4",2024-06-04,"2024","Deinandra","fasciculata",NA,NA,"Elliott Chaparral Reserve","","https://www.inaturalist.org/observations/220777846","Deinandra.fasciculata"
"3067","MTS6",2024-06-26,"2024","Cleomella","arborea",NA,NA,"","11 - 100","https://www.inaturalist.org/observations/225445183","Cleomella.arborea"
"3068","MTS6",2024-06-26,"2024","Malosma","laurina",NA,NA,"","11 - 100","https://www.inaturalist.org/observations/225445187","Malosma.laurina"
"3069","MTS6",2024-06-26,"2024","Deinandra","fasciculata",NA,NA,"","1001 - 10000","https://www.inaturalist.org/observations/225445190","Deinandra.fasciculata"
"3070","MTS6",2024-06-26,"2024","Eriogonum","fasciculatum",NA,NA,"","1001 - 10000","https://www.inaturalist.org/observations/225445191","Eriogonum.fasciculatum"
"3071","MTS7",2024-06-26,"2024","Deinandra","fasciculata",NA,NA,"","","https://www.inaturalist.org/observations/225445204","Deinandra.fasciculata"
"3072","MTS7",2024-06-26,"2024","Calystegia","macrostegia",NA,NA,"","11 - 100","https://www.inaturalist.org/observations/225445209","Calystegia.macrostegia"
"3073","MTS7",2024-06-26,"2024","Lonicera","subspicata",NA,NA,"","","https://www.inaturalist.org/observations/225445210","Lonicera.subspicata"
"3074","MTS7",2024-06-26,"2024","Eriogonum","fasciculatum",NA,NA,"","","https://www.inaturalist.org/observations/225445211","Eriogonum.fasciculatum"
"3075","MTS7",2024-06-26,"2024","Malosma","laurina",NA,NA,"","11 - 100","https://www.inaturalist.org/observations/225445216","Malosma.laurina"
"3076","SWS3",2024-06-26,"2024","Osmadenia","tenella",NA,NA,"","11 - 100","https://www.inaturalist.org/observations/225445219","Osmadenia.tenella"
"3077","SWS3",2024-06-26,"2024","Cleomella","arborea",NA,NA,"","11 - 100","https://www.inaturalist.org/observations/225448227","Cleomella.arborea"
"3078","SWS3",2024-06-26,"2024","Eriogonum","fasciculatum",NA,NA,"","1001 - 10000","https://www.inaturalist.org/observations/225448254","Eriogonum.fasciculatum"
"3079","SWS3",2024-06-26,"2024","Stephanomeria",NA,NA,NA,"","11 - 100","https://www.inaturalist.org/observations/225448314","Stephanomeria"
"3080","SWS3",2024-06-26,"2024","Salvia","apiana",NA,NA,"","101 - 1000","https://www.inaturalist.org/observations/225448446","Salvia.apiana"
"3081","SWS3",2024-06-26,"2024","Deinandra","fasciculata",NA,NA,"","1001 - 10000","https://www.inaturalist.org/observations/225448482","Deinandra.fasciculata"
"3082","SWS3",2024-06-26,"2024","Croton","setiger",NA,NA,"","11 - 100","https://www.inaturalist.org/observations/225448492","Croton.setiger"
"3083","SWS3",2024-06-26,"2024","Malosma","laurina",NA,NA,"","101 - 1000","https://www.inaturalist.org/observations/225448521","Malosma.laurina"
"3084","MTE3",2024-06-27,"2024","Torilis","arvensis",NA,NA,"","","https://www.inaturalist.org/observations/225656637","Torilis.arvensis"
"3085","MTE3",2024-06-27,"2024","Malosma","laurina",NA,NA,"","1001 - 10000","https://www.inaturalist.org/observations/225656638","Malosma.laurina"
"3086","MTE3",2024-06-27,"2024","Hooveria","parviflora",NA,NA,"","1 - 10","https://www.inaturalist.org/observations/225656639","Hooveria.parviflora"
"3087","MTE3",2024-06-27,"2024","Cleomella","arborea",NA,NA,"","11 - 100","https://www.inaturalist.org/observations/225656642","Cleomella.arborea"
"3088","MTE3",2024-06-27,"2024","Eriogonum","fasciculatum",NA,NA,"","101 - 1000","https://www.inaturalist.org/observations/225656645","Eriogonum.fasciculatum"
"3089","MTE3",2024-06-27,"2024","Deinandra","fasciculata",NA,NA,"",">10000","https://www.inaturalist.org/observations/225656646","Deinandra.fasciculata"
"3090","MTE4",2024-06-27,"2024","Centaurea","melitensis",NA,NA,"","11 - 100","https://www.inaturalist.org/observations/225656648","Centaurea.melitensis"
"3091","MTE4",2024-06-27,"2024","Stephanomeria",NA,NA,NA,"","11 - 100","https://www.inaturalist.org/observations/225656650","Stephanomeria"
"3092","MTE4",2024-06-27,"2024","Eriogonum","fasciculatum",NA,NA,"","1001 - 10000","https://www.inaturalist.org/observations/225656651","Eriogonum.fasciculatum"
"3093","MTE4",2024-06-27,"2024","Hirschfeldia","incana",NA,NA,"","11 - 100","https://www.inaturalist.org/observations/225656652","Hirschfeldia.incana"
"3094","MTE4",2024-06-27,"2024","Salvia","apiana",NA,NA,"","101 - 1000","https://www.inaturalist.org/observations/225656653","Salvia.apiana"
"3095","MTE4",2024-06-27,"2024","Malosma","laurina",NA,NA,"","1001 - 10000","https://www.inaturalist.org/observations/225656654","Malosma.laurina"
"3096","MTE4",2024-06-27,"2024","Bahiopsis","laciniata",NA,NA,"","101 - 1000","https://www.inaturalist.org/observations/225656655","Bahiopsis.laciniata"
"3097","MTI2",2024-06-27,"2024","Salvia","mellifera",NA,NA,"","1 - 10","https://www.inaturalist.org/observations/225656660","Salvia.mellifera"
"3098","MTI2",2024-06-27,"2024","Chorizanthe","fimbriata",NA,NA,"","1 - 10","https://www.inaturalist.org/observations/225656663","Chorizanthe.fimbriata"
"3099","MTI2",2024-06-27,"2024","Osmadenia","tenella",NA,NA,"","1001 - 10000","https://www.inaturalist.org/observations/225656665","Osmadenia.tenella"
"3100","MTI2",2024-06-27,"2024","Gutierrezia",NA,NA,NA,"","1001 - 10000","https://www.inaturalist.org/observations/225656667","Gutierrezia"
"3101","MTI2",2024-06-27,"2024","Malosma","laurina",NA,NA,"","1001 - 10000","https://www.inaturalist.org/observations/225656668","Malosma.laurina"
"3102","MTI2",2024-06-27,"2024","Cuscuta","subinclusa",NA,NA,"","101 - 1000","https://www.inaturalist.org/observations/225656669","Cuscuta.subinclusa"
"3103","MTI2",2024-06-27,"2024","Bahiopsis","laciniata",NA,NA,"","11 - 100","https://www.inaturalist.org/observations/225656670","Bahiopsis.laciniata"
"3104","MTI2",2024-06-27,"2024","Stephanomeria",NA,NA,NA,"","1 - 10","https://www.inaturalist.org/observations/225656671","Stephanomeria"
"3105","MTI2",2024-06-27,"2024","Eriogonum","fasciculatum",NA,NA,"","1001 - 10000","https://www.inaturalist.org/observations/225656672","Eriogonum.fasciculatum"
"3106","SWS1A",2024-06-28,"2024","Dudleya","pulverulenta",NA,NA,"","1 - 10","https://www.inaturalist.org/observations/225842413","Dudleya.pulverulenta"
"3107","SWS1A",2024-06-28,"2024","Eriogonum","fasciculatum",NA,NA,"",">10000","https://www.inaturalist.org/observations/225842414","Eriogonum.fasciculatum"
"3108","SWS1A",2024-06-28,"2024","Deinandra","fasciculata",NA,NA,"","101 - 1000","https://www.inaturalist.org/observations/225842415","Deinandra.fasciculata"
"3109","SWS1A",2024-06-28,"2024","Malosma","laurina",NA,NA,"","1001 - 10000","https://www.inaturalist.org/observations/225842418","Malosma.laurina"
"3110","SWI4",2024-06-28,"2024","Eriogonum","fasciculatum",NA,NA,"",">10000","https://www.inaturalist.org/observations/225842425","Eriogonum.fasciculatum"
"3111","SWI4",2024-06-28,"2024","Malosma","laurina",NA,NA,"","1001 - 10000","https://www.inaturalist.org/observations/225842430","Malosma.laurina"
"3112","SWI4",2024-06-28,"2024","Acourtia","microcephala",NA,NA,"","11 - 100","https://www.inaturalist.org/observations/225842431","Acourtia.microcephala"
"3113","SWI4",2024-06-28,"2024","Deinandra","fasciculata",NA,NA,"","101 - 1000","https://www.inaturalist.org/observations/225842435","Deinandra.fasciculata"
"3114","SWI4",2024-06-28,"2024","Bahiopsis","laciniata",NA,NA,"","101 - 1000","https://www.inaturalist.org/observations/225842436","Bahiopsis.laciniata"
"3115","MTS1A",2024-07-01,"2024","Eriogonum","fasciculatum",NA,NA,"","101 - 1000","https://www.inaturalist.org/observations/226625479","Eriogonum.fasciculatum"
"3116","MTS1A",2024-07-01,"2024","Stephanomeria",NA,NA,NA,"","1 - 10","https://www.inaturalist.org/observations/226625601","Stephanomeria"
"3117","MTS1A",2024-07-01,"2024","Zeltnera","venusta",NA,NA,"","101 - 1000","https://www.inaturalist.org/observations/226625654","Zeltnera.venusta"
"3118","MTS1A",2024-07-01,"2024","Malosma","laurina",NA,NA,"","1001 - 10000","https://www.inaturalist.org/observations/226625670","Malosma.laurina"
"3119","MTS1A",2024-07-01,"2024","Deinandra","fasciculata",NA,NA,"",">10000","https://www.inaturalist.org/observations/226625688","Deinandra.fasciculata"
"3120","SWS10",2024-07-01,"2024","Limonium","sinuatum",NA,NA,"","1001 - 10000","https://www.inaturalist.org/observations/226625785","Limonium.sinuatum"
"3121","SWS10",2024-07-01,"2024","Malosma","laurina",NA,NA,"","1001 - 10000","https://www.inaturalist.org/observations/226625908","Malosma.laurina"
"3122","SWS10",2024-07-01,"2024","Parkinsonia","aculeata",NA,NA,"",">10000","https://www.inaturalist.org/observations/226625943","Parkinsonia.aculeata"
"3123","ECR5",2024-07-02,"2024","Malosma","laurina",NA,NA,"Elliott Chaparral Reserve","","https://www.inaturalist.org/observations/226798710","Malosma.laurina"
"3124","ECR4",2024-07-02,"2024","Diplacus",NA,NA,NA,"Elliott Chaparral Reserve","","https://www.inaturalist.org/observations/226798712","Diplacus"
"3125","ECR4",2024-07-02,"2024","Acmispon","glaber",NA,NA,"Elliott Chaparral Reserve","","https://www.inaturalist.org/observations/226798713","Acmispon.glaber"
"3126","ECR4",2024-07-02,"2024","Deinandra","fasciculata",NA,NA,"Elliott Chaparral Reserve","","https://www.inaturalist.org/observations/226798715","Deinandra.fasciculata"
"3127","ECR4",2024-07-02,"2024","Cordylanthus","rigidus",NA,NA,"","","https://www.inaturalist.org/observations/226805425","Cordylanthus.rigidus"
"3128","MTS2",2024-07-02,"2024","Chaenactis","glabriuscula",NA,NA,"","","https://www.inaturalist.org/observations/226805671","Chaenactis.glabriuscula"
"3129","MTS2",2024-07-02,"2024","Diplacus",NA,NA,NA,"","","https://www.inaturalist.org/observations/226805722","Diplacus"
"3130","MTS2",2024-07-02,"2024","Osmadenia","tenella",NA,NA,"","","https://www.inaturalist.org/observations/226806098","Osmadenia.tenella"
"3131","MTS2",2024-07-02,"2024","Isocoma","menziesii",NA,NA,"","","https://www.inaturalist.org/observations/226806134","Isocoma.menziesii"
"3132","MTS2",2024-07-02,"2024","Dudleya","pulverulenta",NA,NA,"","","https://www.inaturalist.org/observations/226806185","Dudleya.pulverulenta"
"3133","MTS2",2024-07-02,"2024","Salvia","apiana",NA,NA,"","","https://www.inaturalist.org/observations/226806235","Salvia.apiana"
"3134","ECR4",2024-07-02,"2024","Adenostoma","fasciculatum",NA,NA,"","","https://www.inaturalist.org/observations/226806312","Adenostoma.fasciculatum"
"3135","ECR4",2024-07-02,"2024","Stephanomeria","diegensis",NA,NA,"","","https://www.inaturalist.org/observations/226806414","Stephanomeria.diegensis"
"3136","ECR4",2024-07-02,"2024","Eriogonum","fasciculatum",NA,NA,"","","https://www.inaturalist.org/observations/226806454","Eriogonum.fasciculatum"
"3137","ECR4",2024-07-02,"2024","Malosma","laurina",NA,NA,"","","https://www.inaturalist.org/observations/226806475","Malosma.laurina"
"3138","ECR4",2024-07-02,"2024","Deinandra","fasciculata",NA,NA,"","","https://www.inaturalist.org/observations/226806501","Deinandra.fasciculata"
"3139","ECR5",2024-07-02,"2024","Adenostoma","fasciculatum",NA,NA,"","","https://www.inaturalist.org/observations/226806555","Adenostoma.fasciculatum"
"3140","ECR5",2024-07-02,"2024","Hooveria","parviflora",NA,NA,"","","https://www.inaturalist.org/observations/226806605","Hooveria.parviflora"
"3141","MTS7",2024-07-29,"2024","Malosma","laurina",NA,NA,"","101 - 1000","https://www.inaturalist.org/observations/232612821","Malosma.laurina"
"3142","MTS7",2024-07-29,"2024","Bahiopsis","laciniata",NA,NA,"","11 - 100","https://www.inaturalist.org/observations/232612955","Bahiopsis.laciniata"
"3143","MTS7",2024-07-29,"2024","Heliotropium","curassavicum",NA,NA,"","1 - 10","https://www.inaturalist.org/observations/232612992","Heliotropium.curassavicum"
"3144","MTS7",2024-07-29,"2024","Deinandra","fasciculata",NA,NA,"","101 - 1000","https://www.inaturalist.org/observations/232613041","Deinandra.fasciculata"
"3145","MTS7",2024-07-29,"2024","Eriogonum","fasciculatum",NA,NA,"","11 - 100","https://www.inaturalist.org/observations/232613101","Eriogonum.fasciculatum"
"3146","SWS3",2024-07-29,"2024","Croton","setiger",NA,NA,"","101 - 1000","https://www.inaturalist.org/observations/232613150","Croton.setiger"
"3147","MTS6",2024-07-29,"2024","Lonicera","subspicata",NA,NA,"","1 - 10","https://www.inaturalist.org/observations/232613590","Lonicera.subspicata"
"3148","MTS6",2024-07-29,"2024","Eriogonum","fasciculatum",NA,NA,"","11 - 100","https://www.inaturalist.org/observations/232613695","Eriogonum.fasciculatum"
"3149","MTS6",2024-07-29,"2024","Heteromeles","arbutifolia",NA,NA,"","11 - 100","https://www.inaturalist.org/observations/232613722","Heteromeles.arbutifolia"
"3150","MTS6",2024-07-29,"2024","Deinandra","fasciculata",NA,NA,"","101 - 1000","https://www.inaturalist.org/observations/232613798","Deinandra.fasciculata"
"3151","MTS6",2024-07-29,"2024","Eriogonum","fasciculatum",NA,NA,"","","https://www.inaturalist.org/observations/232613831","Eriogonum.fasciculatum"
"3152","MTS6",2024-07-29,"2024","Isocoma","menziesii",NA,NA,"","11 - 100","https://www.inaturalist.org/observations/232613870","Isocoma.menziesii"
"3153","MTS6",2024-07-29,"2024","Heteromeles","arbutifolia",NA,NA,"","101 - 1000","https://www.inaturalist.org/observations/232613917","Heteromeles.arbutifolia"
"3154","MTE4",2024-07-30,"2024","Bahiopsis","laciniata",NA,NA,"","1 - 10","https://www.inaturalist.org/observations/232822135","Bahiopsis.laciniata"
"3155","MTE4",2024-07-30,"2024","Gutierrezia","californica",NA,NA,"","11 - 100","https://www.inaturalist.org/observations/232822412","Gutierrezia.californica"
"3156","MTE4",2024-07-30,"2024","Diplacus","puniceus",NA,NA,"","1 - 10","https://www.inaturalist.org/observations/232822435","Diplacus.puniceus"
"3157","MTE4",2024-07-30,"2024","Deinandra","fasciculata",NA,NA,"","1001 - 10000","https://www.inaturalist.org/observations/232822510","Deinandra.fasciculata"
"3158","MTI2",2024-07-30,"2024","Heteromeles","arbutifolia",NA,NA,"","101 - 1000","https://www.inaturalist.org/observations/232826055","Heteromeles.arbutifolia"
"3159","MTI2",2024-07-30,"2024","Eriogonum","fasciculatum",NA,NA,"","11 - 100","https://www.inaturalist.org/observations/232826396","Eriogonum.fasciculatum"
"3160","MTI2",2024-07-30,"2024","Euphorbia","polycarpa",NA,NA,"","1 - 10","https://www.inaturalist.org/observations/232826421","Euphorbia.polycarpa"
"3161","MTI2",2024-07-30,"2024","Calystegia","macrostegia",NA,NA,"","1 - 10","https://www.inaturalist.org/observations/232826453","Calystegia.macrostegia"
"3162","MTS1A",2024-07-31,"2024","Gutierrezia",NA,NA,NA,"","","https://www.inaturalist.org/observations/232968729","Gutierrezia"
"3163","MTS1A",2024-07-31,"2024","Stephanomeria",NA,NA,NA,"","","https://www.inaturalist.org/observations/232968943","Stephanomeria"
"3164","MTS1A",2024-07-31,"2024","Helminthotheca","echioides",NA,NA,"","","https://www.inaturalist.org/observations/232968994","Helminthotheca.echioides"
"3165","MTS1A",2024-07-31,"2024","Diplacus",NA,NA,NA,"","","https://www.inaturalist.org/observations/233040055","Diplacus"
"3166","MTS1A",2024-07-31,"2024","Deinandra","fasciculata",NA,NA,"","","https://www.inaturalist.org/observations/233040095","Deinandra.fasciculata"
"3167","SWS10",2024-07-31,"2024","Limonium",NA,NA,NA,"","","https://www.inaturalist.org/observations/233040105","Limonium"
"3168","ECR4",2024-08-01,"2024","Diplacus",NA,NA,NA,"Elliott Chaparral Reserve","","https://www.inaturalist.org/observations/233182814","Diplacus"
"3169","MTS2",2024-08-01,"2024","Corethrogyne","filaginifolia",NA,NA,"","1 - 10","https://www.inaturalist.org/observations/233229204","Corethrogyne.filaginifolia"
"3170","MTS2",2024-08-01,"2024","Heterotheca","grandiflora",NA,NA,"","11 - 100","https://www.inaturalist.org/observations/233229224","Heterotheca.grandiflora"
"3171","MTS2",2024-08-01,"2024","Croton","setiger",NA,NA,"","","https://www.inaturalist.org/observations/233229246","Croton.setiger"
"3172","MTS2",2024-08-01,"2024","",NA,NA,NA,"","","https://www.inaturalist.org/observations/233229270",""
"3173","ECR4",2024-08-01,"2024","Stephanomeria",NA,NA,NA,"","1 - 10","https://www.inaturalist.org/observations/233229383","Stephanomeria"
"3174","ECR4",2024-08-01,"2024","Adenostoma","fasciculatum",NA,NA,"","","https://www.inaturalist.org/observations/233229538","Adenostoma.fasciculatum"
"3175","ECR4",2024-08-01,"2024","Isocoma","menziesii",NA,NA,"","11 - 100","https://www.inaturalist.org/observations/233229568","Isocoma.menziesii"
"3176","ECR4",2024-08-01,"2024","Eriogonum","fasciculatum",NA,NA,"","","https://www.inaturalist.org/observations/233229616","Eriogonum.fasciculatum"
"3177","ECR4",2024-08-01,"2024","Croton","setiger",NA,NA,"","101 - 1000","https://www.inaturalist.org/observations/233229629","Croton.setiger"
"3178","ECR4",2024-08-01,"2024","Lysimachia","arvensis",NA,NA,"","1 - 10","https://www.inaturalist.org/observations/233229636","Lysimachia.arvensis"
"3179","ECR4",2024-08-01,"2024","Deinandra","fasciculata",NA,NA,"","11 - 100","https://www.inaturalist.org/observations/233229760","Deinandra.fasciculata"
"3180","ECR4",2024-08-01,"2024","Eriogonum","fasciculatum",NA,NA,"","11 - 100","https://www.inaturalist.org/observations/233229766","Eriogonum.fasciculatum"
"3181","ECR4",2024-08-01,"2024","Adenostoma","fasciculatum",NA,NA,"","1 - 10","https://www.inaturalist.org/observations/233229775","Adenostoma.fasciculatum"
"3182","SWI4",2024-08-02,"2024","Gutierrezia","californica",NA,NA,"","11 - 100","https://www.inaturalist.org/observations/233398853","Gutierrezia.californica"
"3183","SWI4",2024-08-02,"2024","Croton","setiger",NA,NA,"","11 - 100","https://www.inaturalist.org/observations/233399231","Croton.setiger"
"3184","SWI4",2024-08-02,"2024","Eriogonum","fasciculatum",NA,NA,"","11 - 100","https://www.inaturalist.org/observations/233399271","Eriogonum.fasciculatum"
"3185","SWEA",2024-08-02,"2024","Eriogonum","fasciculatum",NA,NA,"","11 - 100","https://www.inaturalist.org/observations/233399301","Eriogonum.fasciculatum"
"3186","SWEA",2024-08-02,"2024","Malosma","laurina",NA,NA,"","11 - 100","https://www.inaturalist.org/observations/233399441","Malosma.laurina"
"3187","SWS1A",2024-08-02,"2024","Eriogonum","fasciculatum",NA,NA,"","11 - 100","https://www.inaturalist.org/observations/233399627","Eriogonum.fasciculatum"
"3188","ECR4",2015-03-25,"2015","Acmispon","glaber","100",NA,NA,NA,NA,"Acmispon.glaber"
"3189","ECR4",2015-03-25,"2015","Antirrhinum","nuttallianum","200",NA,NA,NA,NA,"Antirrhinum.nuttallianum"
"3190","ECR4",2015-03-25,"2015","Calochortus","splendens","20",NA,NA,NA,NA,"Calochortus.splendens"
"3191","ECR4",2015-03-25,"2015","Cryptantha","intermedia","200",NA,NA,NA,NA,"Cryptantha.intermedia"
"3192","ECR4",2015-03-25,"2015","Dichelostemma","capitatum","150",NA,NA,NA,NA,"Dichelostemma.capitatum"
"3193","ECR4",2015-03-25,"2015","Eriogonum","fasciculatum","30",NA,NA,NA,NA,"Eriogonum.fasciculatum"
"3194","ECR4",2015-03-25,"2015","Salvia","mellifera","10",NA,NA,NA,NA,"Salvia.mellifera"
"3195","ECR4",2015-03-25,"2015","Solanum","parishii","100",NA,NA,NA,NA,"Solanum.parishii"
"3196","ECR4",2015-04-10,"2015","Calochortus","splendens","50",NA,NA,NA,NA,"Calochortus.splendens"
"3197","ECR4",2015-04-10,"2015","Eriogonum","fasciculatum","100",NA,NA,NA,NA,"Eriogonum.fasciculatum"
"3198","ECR4",2015-04-10,"2015","Salvia","mellifera","10",NA,NA,NA,NA,"Salvia.mellifera"
"3199","ECR4",2015-04-17,"2015","Calochortus","splendens","30",NA,NA,NA,NA,"Calochortus.splendens"
"3200","ECR4",2015-04-17,"2015","Eriogonum","fasciculatum","100",NA,NA,NA,NA,"Eriogonum.fasciculatum"
"3201","ECR4",2015-04-17,"2015","Salvia","mellifera","5",NA,NA,NA,NA,"Salvia.mellifera"
"3202","ECR4",2015-04-30,"2015","Eriogonum","fasciculatum","100",NA,NA,NA,NA,"Eriogonum.fasciculatum"
"3203","ECR4",2015-05-19,"2015","Chlorogalum","parviflorum","15",NA,NA,NA,NA,"Chlorogalum.parviflorum"
"3204","ECR4",2015-05-19,"2015","Eriogonum","fasciculatum","40",NA,NA,NA,NA,"Eriogonum.fasciculatum"
"3205","ECR4",2015-05-19,"2015","Stephanomeria","virgata","20",NA,NA,NA,NA,"Stephanomeria.virgata"
"3206","ECR4",2015-06-04,"2015","Deinandra","fasciculata","500",NA,NA,NA,NA,"Deinandra.fasciculata"
"3207","ECR4",2015-06-04,"2015","Eriogonum","fasciculatum","40",NA,NA,NA,NA,"Eriogonum.fasciculatum"
"3208","ECR4",2015-06-04,"2015","Stephanomeria","virgata","50",NA,NA,NA,NA,"Stephanomeria.virgata"
"3209","ECR4",2015-06-24,"2015","Eriogonum","fasciculatum","40",NA,NA,NA,NA,"Eriogonum.fasciculatum"
"3210","ECR4",2015-07-12,"2015","Malosma","laurina","3",NA,NA,NA,NA,"Malosma.laurina"
"3211","ECR5",2015-03-25,"2015","Acmispon","glaber","10",NA,NA,NA,NA,"Acmispon.glaber"
"3212","ECR5",2015-03-25,"2015","Cryptantha","intermedia","> 1000",NA,NA,NA,NA,"Cryptantha.intermedia"
"3213","ECR5",2015-03-25,"2015","Eriogonum","fasciculatum","30",NA,NA,NA,NA,"Eriogonum.fasciculatum"
"3214","ECR5",2015-03-25,"2015","Salvia","mellifera","80",NA,NA,NA,NA,"Salvia.mellifera"
"3215","ECR5",2015-04-10,"2015","Acmispon","glaber","10",NA,NA,NA,NA,"Acmispon.glaber"
"3216","ECR5",2015-04-10,"2015","Antirrhinum","nuttallianum","40",NA,NA,NA,NA,"Antirrhinum.nuttallianum"
"3217","ECR5",2015-04-10,"2015","Cryptantha","intermedia","50",NA,NA,NA,NA,"Cryptantha.intermedia"
"3218","ECR5",2015-04-10,"2015","Eriogonum","fasciculatum","50",NA,NA,NA,NA,"Eriogonum.fasciculatum"
"3219","ECR5",2015-04-10,"2015","Helianthemum","scoparium","10",NA,NA,NA,NA,"Helianthemum.scoparium"
"3220","ECR5",2015-04-10,"2015","Salvia","mellifera","150",NA,NA,NA,NA,"Salvia.mellifera"
"3221","ECR5",2015-04-17,"2015","Eriogonum","fasciculatum","80",NA,NA,NA,NA,"Eriogonum.fasciculatum"
"3222","ECR5",2015-04-17,"2015","Salvia","mellifera","50",NA,NA,NA,NA,"Salvia.mellifera"
"3223","ECR5",2015-04-30,"2015","Chlorogalum","parviflorum","40",NA,NA,NA,NA,"Chlorogalum.parviflorum"
"3224","ECR5",2015-04-30,"2015","Chorizanthe","fimbriata","30",NA,NA,NA,NA,"Chorizanthe.fimbriata"
"3225","ECR5",2015-04-30,"2015","Eriogonum","fasciculatum","50",NA,NA,NA,NA,"Eriogonum.fasciculatum"
"3226","ECR5",2015-04-30,"2015","Salvia","mellifera","10",NA,NA,NA,NA,"Salvia.mellifera"
"3227","ECR5",2015-05-19,"2015","Chlorogalum","parviflorum","80",NA,NA,NA,NA,"Chlorogalum.parviflorum"
"3228","ECR5",2015-05-19,"2015","Eriogonum","fasciculatum","30",NA,NA,NA,NA,"Eriogonum.fasciculatum"
"3229","ECR5",2015-06-04,"2015","Chlorogalum","parviflorum","40",NA,NA,NA,NA,"Chlorogalum.parviflorum"
"3230","ECR5",2015-06-04,"2015","Eriogonum","fasciculatum","30",NA,NA,NA,NA,"Eriogonum.fasciculatum"
"3231","ECR5",2015-06-04,"2015","Salvia","mellifera","20",NA,NA,NA,NA,"Salvia.mellifera"
"3232","ECR5",2015-06-24,"2015","Acmispon","glaber","10",NA,NA,NA,NA,"Acmispon.glaber"
"3233","ECR5",2015-06-24,"2015","Eriogonum","fasciculatum","80",NA,NA,NA,NA,"Eriogonum.fasciculatum"
"3234","ECR5",2015-06-24,"2015","Salvia","mellifera","20",NA,NA,NA,NA,"Salvia.mellifera"
"3235","ECR5",2015-07-12,"2015","Malosma","laurina","4",NA,NA,NA,NA,"Malosma.laurina"
"3236","MTE3",2015-03-24,"2015","Acmispon","glaber","130",NA,NA,NA,NA,"Acmispon.glaber"
"3237","MTE3",2015-03-24,"2015","Bahiopsis","laciniata","30",NA,NA,NA,NA,"Bahiopsis.laciniata"
"3238","MTE3",2015-03-24,"2015","Eriogonum","fasciculatum","5",NA,NA,NA,NA,"Eriogonum.fasciculatum"
"3239","MTE3",2015-03-24,"2015","Malacothamnus","fasciculatus","10",NA,NA,NA,NA,"Malacothamnus.fasciculatus"
"3240","MTE3",2015-03-24,"2015","Peritoma","arborea","15",NA,NA,NA,NA,"Peritoma.arborea"
"3241","MTE3",2015-03-24,"2015","Salvia","mellifera","100",NA,NA,NA,NA,"Salvia.mellifera"
"3242","MTE3",2015-04-09,"2015","Bahiopsis","laciniata","5",NA,NA,NA,NA,"Bahiopsis.laciniata"
"3243","MTE3",2015-04-09,"2015","Centaurea","melitensis","25",NA,NA,NA,NA,"Centaurea.melitensis"
"3244","MTE3",2015-04-09,"2015","Eriogonum","fasciculatum","50",NA,NA,NA,NA,"Eriogonum.fasciculatum"
"3245","MTE3",2015-04-09,"2015","Malacothamnus","fasciculatus","10",NA,NA,NA,NA,"Malacothamnus.fasciculatus"
"3246","MTE3",2015-04-16,"2015","Centaurea","melitensis","80",NA,NA,NA,NA,"Centaurea.melitensis"
"3247","MTE3",2015-04-16,"2015","Eriogonum","fasciculatum","50",NA,NA,NA,NA,"Eriogonum.fasciculatum"
"3248","MTE3",2015-04-29,"2015","Centaurea","melitensis","80",NA,NA,NA,NA,"Centaurea.melitensis"
"3249","MTE3",2015-04-29,"2015","Eriogonum","fasciculatum","30",NA,NA,NA,NA,"Eriogonum.fasciculatum"
"3250","MTE3",2015-04-29,"2015","Isocoma","menziesii","10",NA,NA,NA,NA,"Isocoma.menziesii"
"3251","MTE3",2015-05-13,"2015","Eriogonum","fasciculatum","20",NA,NA,NA,NA,"Eriogonum.fasciculatum"
"3252","MTE3",2015-05-13,"2015","Isocoma","menziesii","15",NA,NA,NA,NA,"Isocoma.menziesii"
"3253","MTE3",2015-06-03,"2015","Deinandra","fasciculata","200",NA,NA,NA,NA,"Deinandra.fasciculata"
"3254","MTE3",2015-06-03,"2015","Gutierrezia","sarothrae","15",NA,NA,NA,NA,"Gutierrezia.sarothrae"
"3255","MTE3",2015-06-03,"2015","Isocoma","menziesii","20",NA,NA,NA,NA,"Isocoma.menziesii"
"3256","MTE3",2015-06-23,"2015","Chlorogalum","parviflorum","10",NA,NA,NA,NA,"Chlorogalum.parviflorum"
"3257","MTE3",2015-06-23,"2015","Gutierrezia","sarothrae","15",NA,NA,NA,NA,"Gutierrezia.sarothrae"
"3258","MTE3",2015-06-23,"2015","Isocoma","menziesii","100",NA,NA,NA,NA,"Isocoma.menziesii"
"3259","MTE3",2015-06-23,"2015","Malosma","laurina","5",NA,NA,NA,NA,"Malosma.laurina"
"3260","MTE4",2015-03-24,"2015","Acmispon","glaber","25",NA,NA,NA,NA,"Acmispon.glaber"
"3261","MTE4",2015-03-24,"2015","Astragalus","trichopodus","5",NA,NA,NA,NA,"Astragalus.trichopodus"
"3262","MTE4",2015-03-24,"2015","Bahiopsis","laciniata","250",NA,NA,NA,NA,"Bahiopsis.laciniata"
"3263","MTE4",2015-03-24,"2015","Calystegia","macrostegia","3",NA,NA,NA,NA,"Calystegia.macrostegia"
"3264","MTE4",2015-03-24,"2015","Erodium","","200",NA,NA,NA,NA,"Erodium"
"3265","MTE4",2015-03-24,"2015","Salvia","mellifera","40",NA,NA,NA,NA,"Salvia.mellifera"
"3266","MTE4",2015-04-09,"2015","Bahiopsis","laciniata","50",NA,NA,NA,NA,"Bahiopsis.laciniata"
"3267","MTE4",2015-04-09,"2015","Eriogonum","fasciculatum","40",NA,NA,NA,NA,"Eriogonum.fasciculatum"
"3268","MTE4",2015-04-09,"2015","Eriophyllum","confertiflorum","30",NA,NA,NA,NA,"Eriophyllum.confertiflorum"
"3269","MTE4",2015-04-09,"2015","Salvia","apiana","5",NA,NA,NA,NA,"Salvia.apiana"
"3270","MTE4",2015-04-16,"2015","Bahiopsis","laciniata","20",NA,NA,NA,NA,"Bahiopsis.laciniata"
"3271","MTE4",2015-04-16,"2015","Eriogonum","fasciculatum","40",NA,NA,NA,NA,"Eriogonum.fasciculatum"
"3272","MTE4",2015-04-16,"2015","Eriophyllum","confertiflorum","40",NA,NA,NA,NA,"Eriophyllum.confertiflorum"
"3273","MTE4",2015-04-29,"2015","Bahiopsis","laciniata","10",NA,NA,NA,NA,"Bahiopsis.laciniata"
"3274","MTE4",2015-04-29,"2015","Eriogonum","fasciculatum","40",NA,NA,NA,NA,"Eriogonum.fasciculatum"
"3275","MTE4",2015-05-13,"2015","Eriogonum","fasciculatum","20",NA,NA,NA,NA,"Eriogonum.fasciculatum"
"3276","MTE4",2015-05-13,"2015","Gutierrezia","sarothrae","7",NA,NA,NA,NA,"Gutierrezia.sarothrae"
"3277","MTE4",2015-06-03,"2015","Deinandra","fasciculata","80",NA,NA,NA,NA,"Deinandra.fasciculata"
"3278","MTE4",2015-06-03,"2015","Eriogonum","fasciculatum","10",NA,NA,NA,NA,"Eriogonum.fasciculatum"
"3279","MTE4",2015-06-03,"2015","Gutierrezia","sarothrae","10",NA,NA,NA,NA,"Gutierrezia.sarothrae"
"3280","MTE4",2015-06-03,"2015","Salvia","mellifera","10",NA,NA,NA,NA,"Salvia.mellifera"
"3281","MTE4",2015-06-23,"2015","Astragalus","trichopodus","10",NA,NA,NA,NA,"Astragalus.trichopodus"
"3282","MTE4",2015-06-23,"2015","Eriophyllum","confertiflorum","200",NA,NA,NA,NA,"Eriophyllum.confertiflorum"
"3283","MTE4",2015-06-23,"2015","Gutierrezia","sarothrae","25",NA,NA,NA,NA,"Gutierrezia.sarothrae"
"3284","MTE4",2015-06-23,"2015","Salvia","mellifera","50",NA,NA,NA,NA,"Salvia.mellifera"
"3285","MTE4",2015-07-10,"2015","Malosma","laurina","7",NA,NA,NA,NA,"Malosma.laurina"
"3286","MTS1A",2015-03-24,"2015","Bahiopsis","laciniata","20",NA,NA,NA,NA,"Bahiopsis.laciniata"
"3287","MTS1A",2015-03-24,"2015","Hirschfeldia","incana","200",NA,NA,NA,NA,"Hirschfeldia.incana"
"3288","MTS1A",2015-03-24,"2015","Eriogonum","fasciculatum","10",NA,NA,NA,NA,"Eriogonum.fasciculatum"
"3289","MTS1A",2015-03-24,"2015","Mirabilis","laevis","10",NA,NA,NA,NA,"Mirabilis.laevis"
"3290","MTS1A",2015-03-24,"2015","Phacelia","cicutaria","150",NA,NA,NA,NA,"Phacelia.cicutaria"
"3291","MTS1A",2015-03-24,"2015","Scrophularia","californica","80",NA,NA,NA,NA,"Scrophularia.californica"
"3292","MTS1A",2015-04-09,"2015","Antirrhinum","nuttallianum","30",NA,NA,NA,NA,"Antirrhinum.nuttallianum"
"3293","MTS1A",2015-04-09,"2015","Bahiopsis","laciniata","15",NA,NA,NA,NA,"Bahiopsis.laciniata"
"3294","MTS1A",2015-04-09,"2015","Hirschfeldia","incana","200",NA,NA,NA,NA,"Hirschfeldia.incana"
"3295","MTS1A",2015-04-09,"2015","Eriogonum","fasciculatum","70",NA,NA,NA,NA,"Eriogonum.fasciculatum"
"3296","MTS1A",2015-04-09,"2015","Phacelia","cicutaria","20",NA,NA,NA,NA,"Phacelia.cicutaria"
"3297","MTS1A",2015-04-09,"2015","Scrophularia","californica","80",NA,NA,NA,NA,"Scrophularia.californica"
"3298","MTS1A",2015-04-16,"2015","Bahiopsis","laciniata","10",NA,NA,NA,NA,"Bahiopsis.laciniata"
"3299","MTS1A",2015-04-16,"2015","Hirschfeldia","incana","50",NA,NA,NA,NA,"Hirschfeldia.incana"
"3300","MTS1A",2015-04-16,"2015","Eriogonum","fasciculatum","80",NA,NA,NA,NA,"Eriogonum.fasciculatum"
"3301","MTS1A",2015-04-16,"2015","Navarretia","hamata","500",NA,NA,NA,NA,"Navarretia.hamata"
"3302","MTS1A",2015-04-16,"2015","Scrophularia","californica","60",NA,NA,NA,NA,"Scrophularia.californica"
"3303","MTS1A",2015-04-29,"2015","Centaurea","melitensis","200",NA,NA,NA,NA,"Centaurea.melitensis"
"3304","MTS1A",2015-04-29,"2015","Eriogonum","fasciculatum","80",NA,NA,NA,NA,"Eriogonum.fasciculatum"
"3305","MTS1A",2015-04-29,"2015","Zeltnera","venusta","150",NA,NA,NA,NA,"Zeltnera.venusta"
"3306","MTS1A",2015-05-13,"2015","Eriogonum","fasciculatum","100",NA,NA,NA,NA,"Eriogonum.fasciculatum"
"3307","MTS1A",2015-05-13,"2015","Zeltnera","venusta","300",NA,NA,NA,NA,"Zeltnera.venusta"
"3308","MTS1A",2015-06-03,"2015","Anagallis","arvensis","100",NA,NA,NA,NA,"Anagallis.arvensis"
"3309","MTS1A",2015-06-03,"2015","Deinandra","fasciculata","400",NA,NA,NA,NA,"Deinandra.fasciculata"
"3310","MTS1A",2015-06-03,"2015","Eriogonum","fasciculatum","100",NA,NA,NA,NA,"Eriogonum.fasciculatum"
"3311","MTS1A",2015-06-23,"2015","Clematis","pauciflora","10",NA,NA,NA,NA,"Clematis.pauciflora"
"3312","MTS1A",2015-06-23,"2015","Eriogonum","fasciculatum","70",NA,NA,NA,NA,"Eriogonum.fasciculatum"
"3313","MTS1A",2015-06-23,"2015","Stephanomeria","virgata","50",NA,NA,NA,NA,"Stephanomeria.virgata"
"3314","MTS1A",2015-07-10,"2015","Malosma","laurina","10",NA,NA,NA,NA,"Malosma.laurina"
"3315","MTS2",2015-03-25,"2015","Acmispon","glaber","10",NA,NA,NA,NA,"Acmispon.glaber"
"3316","MTS2",2015-03-25,"2015","adenostoma","fasciculatum","3",NA,NA,NA,NA,"adenostoma.fasciculatum"
"3317","MTS2",2015-03-25,"2015","Hirschfeldia","incana","> 1000",NA,NA,NA,NA,"Hirschfeldia.incana"
"3318","MTS2",2015-03-25,"2015","Camissoniopsis","bistorta","300",NA,NA,NA,NA,"Camissoniopsis.bistorta"
"3319","MTS2",2015-03-25,"2015","Chaenactis","glabriuscula","500",NA,NA,NA,NA,"Chaenactis.glabriuscula"
"3320","MTS2",2015-03-25,"2015","Cryptantha","intermedia","> 1000",NA,NA,NA,NA,"Cryptantha.intermedia"
"3321","MTS2",2015-03-25,"2015","Navarretia","hamata","200",NA,NA,NA,NA,"Navarretia.hamata"
"3322","MTS2",2015-03-25,"2015","Salvia","mellifera","50",NA,NA,NA,NA,"Salvia.mellifera"
"3323","MTS2",2015-03-25,"2015","Solanum","parishii","10",NA,NA,NA,NA,"Solanum.parishii"
"3324","MTS2",2015-04-10,"2015","Acmispon","glaber","5",NA,NA,NA,NA,"Acmispon.glaber"
"3325","MTS2",2015-04-10,"2015","adenostoma","fasciculatum","5",NA,NA,NA,NA,"adenostoma.fasciculatum"
"3326","MTS2",2015-04-10,"2015","Hirschfeldia","incana","400",NA,NA,NA,NA,"Hirschfeldia.incana"
"3327","MTS2",2015-04-10,"2015","Chaenactis","glabriuscula","1000",NA,NA,NA,NA,"Chaenactis.glabriuscula"
"3328","MTS2",2015-04-10,"2015","Cryptantha","intermedia","100",NA,NA,NA,NA,"Cryptantha.intermedia"
"3329","MTS2",2015-04-10,"2015","Eriogonum","fasciculatum","5",NA,NA,NA,NA,"Eriogonum.fasciculatum"
"3330","MTS2",2015-04-10,"2015","Salvia","apiana","15",NA,NA,NA,NA,"Salvia.apiana"
"3331","MTS2",2015-04-10,"2015","Salvia","mellifera","50",NA,NA,NA,NA,"Salvia.mellifera"
"3332","MTS2",2015-04-17,"2015","Hirschfeldia","incana","200",NA,NA,NA,NA,"Hirschfeldia.incana"
"3333","MTS2",2015-04-17,"2015","Chaenactis","glabriuscula","400",NA,NA,NA,NA,"Chaenactis.glabriuscula"
"3334","MTS2",2015-04-17,"2015","Cryptantha","intermedia","100",NA,NA,NA,NA,"Cryptantha.intermedia"
"3335","MTS2",2015-04-17,"2015","Eriogonum","fasciculatum","10",NA,NA,NA,NA,"Eriogonum.fasciculatum"
"3336","MTS2",2015-04-17,"2015","Salvia","apiana","25",NA,NA,NA,NA,"Salvia.apiana"
"3337","MTS2",2015-04-17,"2015","Salvia","mellifera","25",NA,NA,NA,NA,"Salvia.mellifera"
"3338","MTS2",2015-04-30,"2015","Chaenactis","glabriuscula","100",NA,NA,NA,NA,"Chaenactis.glabriuscula"
"3339","MTS2",2015-04-30,"2015","Eriastrum","filifolium","60",NA,NA,NA,NA,"Eriastrum.filifolium"
"3340","MTS2",2015-04-30,"2015","Eriogonum","fasciculatum","20",NA,NA,NA,NA,"Eriogonum.fasciculatum"
"3341","MTS2",2015-04-30,"2015","Salvia","mellifera","10",NA,NA,NA,NA,"Salvia.mellifera"
"3342","MTS2",2015-05-19,"2015","Eriogonum","fasciculatum","15",NA,NA,NA,NA,"Eriogonum.fasciculatum"
"3343","MTS2",2015-05-19,"2015","Stephanomeria","virgata","250",NA,NA,NA,NA,"Stephanomeria.virgata"
"3344","MTS2",2015-06-04,"2015","Eriogonum","fasciculatum","20",NA,NA,NA,NA,"Eriogonum.fasciculatum"
"3345","MTS2",2015-06-24,"2015","Eriogonum","fasciculatum","20",NA,NA,NA,NA,"Eriogonum.fasciculatum"
"3346","MTS2",2015-06-24,"2015","Isocoma","menziesii","15",NA,NA,NA,NA,"Isocoma.menziesii"
"3347","MTS2",2015-06-24,"2015","Stephanomeria","virgata","100",NA,NA,NA,NA,"Stephanomeria.virgata"
"3348","MTS2",2015-07-10,"2015","Malosma","laurina","1",NA,NA,NA,NA,"Malosma.laurina"
"3349","MTS6",2015-03-23,"2015","Calochortus","splendens","15",NA,NA,NA,NA,"Calochortus.splendens"
"3350","MTS6",2015-03-23,"2015","Camissoniopsis","intermedia","20",NA,NA,NA,NA,"Camissoniopsis.intermedia"
"3351","MTS6",2015-03-23,"2015","Cryptantha","intermedia","> 1000",NA,NA,NA,NA,"Cryptantha.intermedia"
"3352","MTS6",2015-03-23,"2015","Deinandra","fasciculata","> 1000",NA,NA,NA,NA,"Deinandra.fasciculata"
"3353","MTS6",2015-03-23,"2015","Encelia","californica","15",NA,NA,NA,NA,"Encelia.californica"
"3354","MTS6",2015-03-23,"2015","Eriophyllum","confertiflorum","10",NA,NA,NA,NA,"Eriophyllum.confertiflorum"
"3355","MTS6",2015-03-23,"2015","Salvia","mellifera","100",NA,NA,NA,NA,"Salvia.mellifera"
"3356","MTS6",2015-04-08,"2015","Calochortus","splendens","15",NA,NA,NA,NA,"Calochortus.splendens"
"3357","MTS6",2015-04-08,"2015","Encelia","californica","10",NA,NA,NA,NA,"Encelia.californica"
"3358","MTS6",2015-04-08,"2015","Eriogonum","fasciculatum","125",NA,NA,NA,NA,"Eriogonum.fasciculatum"
"3359","MTS6",2015-04-08,"2015","Eriophyllum","confertiflorum","15",NA,NA,NA,NA,"Eriophyllum.confertiflorum"
"3360","MTS6",2015-04-08,"2015","Salvia","mellifera","40",NA,NA,NA,NA,"Salvia.mellifera"
"3361","MTS6",2015-04-15,"2015","Eriogonum","fasciculatum","125",NA,NA,NA,NA,"Eriogonum.fasciculatum"
"3362","MTS6",2015-04-15,"2015","Salvia","mellifera","30",NA,NA,NA,NA,"Salvia.mellifera"
"3363","MTS6",2015-04-28,"2015","Centaurea","melitensis","50",NA,NA,NA,NA,"Centaurea.melitensis"
"3364","MTS6",2015-04-28,"2015","Eriogonum","fasciculatum","350",NA,NA,NA,NA,"Eriogonum.fasciculatum"
"3365","MTS6",2015-05-11,"2015","Eriogonum","fasciculatum","300",NA,NA,NA,NA,"Eriogonum.fasciculatum"
"3366","MTS6",2015-06-01,"2015","Cordylanthus","rigidus","60",NA,NA,NA,NA,"Cordylanthus.rigidus"
"3367","MTS6",2015-06-01,"2015","Eriogonum","fasciculatum","250",NA,NA,NA,NA,"Eriogonum.fasciculatum"
"3368","MTS6",2015-06-19,"2015","Adolphia","californica","15",NA,NA,NA,NA,"Adolphia.californica"
"3369","MTS6",2015-06-19,"2015","Encelia","californica","60",NA,NA,NA,NA,"Encelia.californica"
"3370","MTS6",2015-06-19,"2015","Eriogonum","fasciculatum","150",NA,NA,NA,NA,"Eriogonum.fasciculatum"
"3371","MTS6",2015-06-19,"2015","Isocoma","menziesii","5",NA,NA,NA,NA,"Isocoma.menziesii"
"3372","MTS6",2015-06-19,"2015","Salvia","mellifera","15",NA,NA,NA,NA,"Salvia.mellifera"
"3373","MTS6",2015-07-10,"2015","Malosma","laurina","4",NA,NA,NA,NA,"Malosma.laurina"
"3374","SCR",2015-03-30,"2015","Acmispon","glaber","7",NA,NA,NA,NA,"Acmispon.glaber"
"3375","SCR",2015-03-30,"2015","Hirschfeldia","incana","50",NA,NA,NA,NA,"Hirschfeldia.incana"
"3376","SCR",2015-03-30,"2015","Deinandra","fasciculata","210",NA,NA,NA,NA,"Deinandra.fasciculata"
"3377","SCR",2015-03-30,"2015","Erodium","","320",NA,NA,NA,NA,"Erodium"
"3378","SCR",2015-04-20,"2015","Hirschfeldia","incana","200",NA,NA,NA,NA,"Hirschfeldia.incana"
"3379","SCR",2015-04-20,"2015","Centaurea","melitensis","20",NA,NA,NA,NA,"Centaurea.melitensis"
"3380","SCR",2015-04-20,"2015","Eriogonum","fasciculatum","15",NA,NA,NA,NA,"Eriogonum.fasciculatum"
"3381","SCR",2015-04-20,"2015","Mesembryanthemum","nodiflorum","200",NA,NA,NA,NA,"Mesembryanthemum.nodiflorum"
"3382","SCR",2015-05-01,"2015","Eriogonum","fasciculatum","15",NA,NA,NA,NA,"Eriogonum.fasciculatum"
"3383","SCR",2015-05-01,"2015","Mesembryanthemum","nodiflorum","100",NA,NA,NA,NA,"Mesembryanthemum.nodiflorum"
"3384","SWEA",2015-03-20,"2015","Bahiopsis","laciniata","50",NA,NA,NA,NA,"Bahiopsis.laciniata"
"3385","SWEA",2015-03-20,"2015","Hirschfeldia","incana","500",NA,NA,NA,NA,"Hirschfeldia.incana"
"3386","SWEA",2015-03-20,"2015","Chamaesyce","","3",NA,NA,NA,NA,"Chamaesyce"
"3387","SWEA",2015-03-20,"2015","Cryptantha","intermedia","500",NA,NA,NA,NA,"Cryptantha.intermedia"
"3388","SWEA",2015-03-20,"2015","Dichelostemma","capitatum","5",NA,NA,NA,NA,"Dichelostemma.capitatum"
"3389","SWEA",2015-03-20,"2015","Eriogonum","fasciculatum","10",NA,NA,NA,NA,"Eriogonum.fasciculatum"
"3390","SWEA",2015-03-20,"2015","Erodium","","100",NA,NA,NA,NA,"Erodium"
"3391","SWEA",2015-03-20,"2015","Phacelia","cicutaria","100",NA,NA,NA,NA,"Phacelia.cicutaria"
"3392","SWEA",2015-03-20,"2015","Sisymbrium","cf. irio","40",NA,NA,NA,NA,"Sisymbrium.cf. irio"
"3393","SWEA",2015-03-26,"2015","Bahiopsis","laciniata","100",NA,NA,NA,NA,"Bahiopsis.laciniata"
"3394","SWEA",2015-03-26,"2015","Hirschfeldia","incana","500",NA,NA,NA,NA,"Hirschfeldia.incana"
"3395","SWEA",2015-03-26,"2015","Cryptantha","intermedia","200",NA,NA,NA,NA,"Cryptantha.intermedia"
"3396","SWEA",2015-03-26,"2015","Eriogonum","fasciculatum","50",NA,NA,NA,NA,"Eriogonum.fasciculatum"
"3397","SWEA",2015-03-26,"2015","Phacelia","cicutaria","30",NA,NA,NA,NA,"Phacelia.cicutaria"
"3398","SWEA",2015-04-14,"2015","Bahiopsis","laciniata","10",NA,NA,NA,NA,"Bahiopsis.laciniata"
"3399","SWEA",2015-04-14,"2015","Centaurea","melitensis","100",NA,NA,NA,NA,"Centaurea.melitensis"
"3400","SWEA",2015-04-14,"2015","Eriogonum","fasciculatum","200",NA,NA,NA,NA,"Eriogonum.fasciculatum"
"3401","SWEA",2015-04-27,"2015","Centaurea","melitensis","200",NA,NA,NA,NA,"Centaurea.melitensis"
"3402","SWEA",2015-04-27,"2015","Eriogonum","fasciculatum","300",NA,NA,NA,NA,"Eriogonum.fasciculatum"
"3403","SWEA",2015-05-12,"2015","Eriogonum","fasciculatum","100",NA,NA,NA,NA,"Eriogonum.fasciculatum"
"3404","SWEA",2015-06-02,"2015","Eriogonum","fasciculatum","30",NA,NA,NA,NA,"Eriogonum.fasciculatum"
"3405","SWEA",2015-06-02,"2015","Malosma","laurina","6",NA,NA,NA,NA,"Malosma.laurina"
"3406","SWEA",2015-06-02,"2015","Stephanomeria","virgata","20",NA,NA,NA,NA,"Stephanomeria.virgata"
"3407","SWEA",2015-06-17,"2015","Chlorogalum","parviflorum","10",NA,NA,NA,NA,"Chlorogalum.parviflorum"
"3408","SWEA",2015-06-17,"2015","Eriogonum","fasciculatum","30",NA,NA,NA,NA,"Eriogonum.fasciculatum"
"3409","SWEA",2015-06-17,"2015","Malosma","laurina","3",NA,NA,NA,NA,"Malosma.laurina"
"3410","SWI4",2015-03-20,"2015","Acmispon","maritimus","> 1000",NA,NA,NA,NA,"Acmispon.maritimus"
"3411","SWI4",2015-03-20,"2015","Bahiopsis","laciniata","15",NA,NA,NA,NA,"Bahiopsis.laciniata"
"3412","SWI4",2015-03-20,"2015","Hirschfeldia","incana","50",NA,NA,NA,NA,"Hirschfeldia.incana"
"3413","SWI4",2015-03-20,"2015","Camissoniopsis","intermedia","30",NA,NA,NA,NA,"Camissoniopsis.intermedia"
"3414","SWI4",2015-03-20,"2015","Cryptantha","intermedia","50",NA,NA,NA,NA,"Cryptantha.intermedia"
"3415","SWI4",2015-03-20,"2015","Cryptantha","sp. 1 (tiny)","> 1000",NA,NA,NA,NA,"Cryptantha.sp. 1 (tiny)"
"3416","SWI4",2015-03-20,"2015","Dichelostemma","capitatum","50",NA,NA,NA,NA,"Dichelostemma.capitatum"
"3417","SWI4",2015-03-20,"2015","Erodium","","40",NA,NA,NA,NA,"Erodium"
"3418","SWI4",2015-03-20,"2015","Gilia","angelensis","> 1000",NA,NA,NA,NA,"Gilia.angelensis"
"3419","SWI4",2015-03-20,"2015","Mirabilis","laevis","5",NA,NA,NA,NA,"Mirabilis.laevis"
"3420","SWI4",2015-03-20,"2015","Phacelia","cicutaria","50",NA,NA,NA,NA,"Phacelia.cicutaria"
"3421","SWI4",2015-03-26,"2015","Bahiopsis","laciniata","15",NA,NA,NA,NA,"Bahiopsis.laciniata"
"3422","SWI4",2015-03-26,"2015","Hirschfeldia","incana","200",NA,NA,NA,NA,"Hirschfeldia.incana"
"3423","SWI4",2015-03-26,"2015","Cryptantha","intermedia","50",NA,NA,NA,NA,"Cryptantha.intermedia"
"3424","SWI4",2015-03-26,"2015","Gilia","angelensis","200",NA,NA,NA,NA,"Gilia.angelensis"
"3425","SWI4",2015-03-26,"2015","Mirabilis","laevis","15",NA,NA,NA,NA,"Mirabilis.laevis"
"3426","SWI4",2015-03-26,"2015","Phacelia","cicutaria","50",NA,NA,NA,NA,"Phacelia.cicutaria"
"3427","SWI4",2015-04-14,"2015","Bahiopsis","laciniata","5",NA,NA,NA,NA,"Bahiopsis.laciniata"
"3428","SWI4",2015-04-14,"2015","Eriogonum","fasciculatum","200",NA,NA,NA,NA,"Eriogonum.fasciculatum"
"3429","SWI4",2015-04-14,"2015","Scrophularia","californica","20",NA,NA,NA,NA,"Scrophularia.californica"
"3430","SWI4",2015-04-27,"2015","Centaurea","melitensis","80",NA,NA,NA,NA,"Centaurea.melitensis"
"3431","SWI4",2015-04-27,"2015","Eriogonum","fasciculatum","200",NA,NA,NA,NA,"Eriogonum.fasciculatum"
"3432","SWI4",2015-04-27,"2015","Malacothamnus","fasciculatus","7",NA,NA,NA,NA,"Malacothamnus.fasciculatus"
"3433","SWI4",2015-05-12,"2015","Acourtia","microcephala","5",NA,NA,NA,NA,"Acourtia.microcephala"
"3434","SWI4",2015-05-12,"2015","Eriogonum","fasciculatum","200",NA,NA,NA,NA,"Eriogonum.fasciculatum"
"3435","SWI4",2015-05-12,"2015","Malacothamnus","fasciculatus","10",NA,NA,NA,NA,"Malacothamnus.fasciculatus"
"3436","SWI4",2015-05-12,"2015","Malosma","laurina","7",NA,NA,NA,NA,"Malosma.laurina"
"3437","SWI4",2015-06-02,"2015","Eriogonum","fasciculatum","150",NA,NA,NA,NA,"Eriogonum.fasciculatum"
"3438","SWI4",2015-06-02,"2015","Malosma","laurina","10",NA,NA,NA,NA,"Malosma.laurina"
"3439","SWI4",2015-06-17,"2015","Eriogonum","fasciculatum","100",NA,NA,NA,NA,"Eriogonum.fasciculatum"
"3440","SWI4",2015-06-17,"2015","Malosma","laurina","5",NA,NA,NA,NA,"Malosma.laurina"
"3441","SWS1",2015-03-23,"2015","Acmispon","glaber","30",NA,NA,NA,NA,"Acmispon.glaber"
"3442","SWS1",2015-03-23,"2015","Bahiopsis","laciniata","200",NA,NA,NA,NA,"Bahiopsis.laciniata"
"3443","SWS1",2015-03-23,"2015","Hirschfeldia","incana","0",NA,NA,NA,NA,"Hirschfeldia.incana"
"3444","SWS1",2015-03-23,"2015","Calystegia","macrostegia","10",NA,NA,NA,NA,"Calystegia.macrostegia"
"3445","SWS1",2015-03-23,"2015","Chrysanthemum","coronarium","45",NA,NA,NA,NA,"Chrysanthemum.coronarium"
"3446","SWS1",2015-03-23,"2015","Eriogonum","fasciculatum","60",NA,NA,NA,NA,"Eriogonum.fasciculatum"
"3447","SWS1",2015-03-23,"2015","Mirabilis","laevis","15",NA,NA,NA,NA,"Mirabilis.laevis"
"3448","SWS1",2015-03-23,"2015","Navarretia","hamata","100",NA,NA,NA,NA,"Navarretia.hamata"
"3449","SWS1",2015-03-23,"2015","Phacelia","cicutaria","25",NA,NA,NA,NA,"Phacelia.cicutaria"
"3450","SWS1",2015-04-08,"2015","Bahiopsis","laciniata","25",NA,NA,NA,NA,"Bahiopsis.laciniata"
"3451","SWS1",2015-04-08,"2015","Hirschfeldia","incana","500",NA,NA,NA,NA,"Hirschfeldia.incana"
"3452","SWS1",2015-04-08,"2015","Eriogonum","fasciculatum","100",NA,NA,NA,NA,"Eriogonum.fasciculatum"
"3453","SWS1",2015-04-08,"2015","Ferocactus","viridescens","5",NA,NA,NA,NA,"Ferocactus.viridescens"
"3454","SWS1",2015-04-15,"2015","Bahiopsis","laciniata","20",NA,NA,NA,NA,"Bahiopsis.laciniata"
"3455","SWS1",2015-04-15,"2015","Hirschfeldia","incana","200",NA,NA,NA,NA,"Hirschfeldia.incana"
"3456","SWS1",2015-04-15,"2015","Centaurea","melitensis","200",NA,NA,NA,NA,"Centaurea.melitensis"
"3457","SWS1",2015-04-15,"2015","Eriogonum","fasciculatum","200",NA,NA,NA,NA,"Eriogonum.fasciculatum"
"3458","SWS1",2015-04-28,"2015","Bahiopsis","laciniata","10",NA,NA,NA,NA,"Bahiopsis.laciniata"
"3459","SWS1",2015-04-28,"2015","Eriogonum","fasciculatum","200",NA,NA,NA,NA,"Eriogonum.fasciculatum"
"3460","SWS1",2015-05-11,"2015","Eriogonum","fasciculatum","150",NA,NA,NA,NA,"Eriogonum.fasciculatum"
"3461","SWS1",2015-06-01,"2015","Eriogonum","fasciculatum","150",NA,NA,NA,NA,"Eriogonum.fasciculatum"
"3462","SWS1",2015-06-01,"2015","Gutierrezia","sarothrae","20",NA,NA,NA,NA,"Gutierrezia.sarothrae"
"3463","SWS1",2015-06-19,"2015","Eriogonum","fasciculatum","100",NA,NA,NA,NA,"Eriogonum.fasciculatum"
"3464","SWS1",2015-06-19,"2015","Gutierrezia","sarothrae","35",NA,NA,NA,NA,"Gutierrezia.sarothrae"
"3465","SWS1",2015-06-19,"2015","Malosma","laurina","5",NA,NA,NA,NA,"Malosma.laurina"
"3466","SWS10",2015-03-20,"2015","Acmispon","glaber","10",NA,NA,NA,NA,"Acmispon.glaber"
"3467","SWS10",2015-03-20,"2015","Hirschfeldia","incana","35",NA,NA,NA,NA,"Hirschfeldia.incana"
"3468","SWS10",2015-03-20,"2015","Calystegia","macrostegia","1",NA,NA,NA,NA,"Calystegia.macrostegia"
"3469","SWS10",2015-03-20,"2015","Erodium","","> 500",NA,NA,NA,NA,"Erodium"
"3470","SWS10",2015-03-20,"2015","Limonium","sinuatum","50",NA,NA,NA,NA,"Limonium.sinuatum"
"3471","SWS10",2015-03-20,"2015","Melilotus","indicus","> 1000",NA,NA,NA,NA,"Melilotus.indicus"
"3472","SWS10",2015-03-20,"2015","Raphanus","sativus","30",NA,NA,NA,NA,"Raphanus.sativus"
"3473","SWS10",2015-03-26,"2015","Acmispon","glaber","15",NA,NA,NA,NA,"Acmispon.glaber"
"3474","SWS10",2015-03-26,"2015","Hirschfeldia","incana","50",NA,NA,NA,NA,"Hirschfeldia.incana"
"3475","SWS10",2015-03-26,"2015","Calystegia","macrostegia","1",NA,NA,NA,NA,"Calystegia.macrostegia"
"3476","SWS10",2015-03-26,"2015","Limonium","sinuatum","250",NA,NA,NA,NA,"Limonium.sinuatum"
"3477","SWS10",2015-04-14,"2015","Centaurea","melitensis","250",NA,NA,NA,NA,"Centaurea.melitensis"
"3478","SWS10",2015-04-14,"2015","Eriogonum","fasciculatum","50",NA,NA,NA,NA,"Eriogonum.fasciculatum"
"3479","SWS10",2015-04-14,"2015","Limonium","sinuatum","250",NA,NA,NA,NA,"Limonium.sinuatum"
"3480","SWS10",2015-04-14,"2015","Parkinsonia","aculeata","7",NA,NA,NA,NA,"Parkinsonia.aculeata"
"3481","SWS10",2015-04-27,"2015","Eriogonum","fasciculatum","150",NA,NA,NA,NA,"Eriogonum.fasciculatum"
"3482","SWS10",2015-04-27,"2015","Limonium","sinuatum","300",NA,NA,NA,NA,"Limonium.sinuatum"
"3483","SWS10",2015-04-27,"2015","Parkinsonia","aculeata","12",NA,NA,NA,NA,"Parkinsonia.aculeata"
"3484","SWS10",2015-04-27,"2015","Salvia","clevelandii","3",NA,NA,NA,NA,"Salvia.clevelandii"
"3485","SWS10",2015-05-12,"2015","Eriogonum","fasciculatum","120",NA,NA,NA,NA,"Eriogonum.fasciculatum"
"3486","SWS10",2015-05-12,"2015","Limonium","sinuatum","200",NA,NA,NA,NA,"Limonium.sinuatum"
"3487","SWS10",2015-05-12,"2015","Parkinsonia","aculeata","12",NA,NA,NA,NA,"Parkinsonia.aculeata"
"3488","SWS10",2015-06-02,"2015","Eriogonum","fasciculatum","80",NA,NA,NA,NA,"Eriogonum.fasciculatum"
"3489","SWS10",2015-06-02,"2015","Malosma","laurina","1",NA,NA,NA,NA,"Malosma.laurina"
"3490","SWS10",2015-06-02,"2015","Parkinsonia","aculeata","5",NA,NA,NA,NA,"Parkinsonia.aculeata"
"3491","SWS10",2015-06-02,"2015","Salvia","clevelandii","10",NA,NA,NA,NA,"Salvia.clevelandii"
"3492","SWS10",2015-06-17,"2015","Eriogonum","fasciculatum","120",NA,NA,NA,NA,"Eriogonum.fasciculatum"
"3493","SWS10",2015-06-17,"2015","Malosma","laurina","3",NA,NA,NA,NA,"Malosma.laurina"
"3494","SWS10",2015-06-17,"2015","Parkinsonia","aculeata","7",NA,NA,NA,NA,"Parkinsonia.aculeata"
"3495","SWS3",2015-03-23,"2015","Acmispon","glaber","20",NA,NA,NA,NA,"Acmispon.glaber"
"3496","SWS3",2015-03-23,"2015","Antirrhinum","nuttallianum","60",NA,NA,NA,NA,"Antirrhinum.nuttallianum"
"3497","SWS3",2015-03-23,"2015","Bahiopsis","laciniata","2",NA,NA,NA,NA,"Bahiopsis.laciniata"
"3498","SWS3",2015-03-23,"2015","Hirschfeldia","incana","120",NA,NA,NA,NA,"Hirschfeldia.incana"
"3499","SWS3",2015-03-23,"2015","Camissoniopsis","bistorta","150",NA,NA,NA,NA,"Camissoniopsis.bistorta"
"3500","SWS3",2015-03-23,"2015","Cryptantha","intermedia","0",NA,NA,NA,NA,"Cryptantha.intermedia"
"3501","SWS3",2015-03-23,"2015","Linanthus","dianthiflorus","40",NA,NA,NA,NA,"Linanthus.dianthiflorus"
"3502","SWS3",2015-03-23,"2015","Navarretia","hamata","500",NA,NA,NA,NA,"Navarretia.hamata"
"3503","SWS3",2015-03-23,"2015","Peritoma","arborea","10",NA,NA,NA,NA,"Peritoma.arborea"
"3504","SWS3",2015-03-23,"2015","Salvia","apiana","15",NA,NA,NA,NA,"Salvia.apiana"
"3505","SWS3",2015-03-23,"2015","Salvia","mellifera","40",NA,NA,NA,NA,"Salvia.mellifera"
"3506","SWS3",2015-04-08,"2015","Hirschfeldia","incana","250",NA,NA,NA,NA,"Hirschfeldia.incana"
"3507","SWS3",2015-04-08,"2015","Chaenactis","glabriuscula","500",NA,NA,NA,NA,"Chaenactis.glabriuscula"
"3508","SWS3",2015-04-08,"2015","Cryptantha","intermedia","100",NA,NA,NA,NA,"Cryptantha.intermedia"
"3509","SWS3",2015-04-08,"2015","Eriogonum","fasciculatum","100",NA,NA,NA,NA,"Eriogonum.fasciculatum"
"3510","SWS3",2015-04-08,"2015","Erodium","","150",NA,NA,NA,NA,"Erodium"
"3511","SWS3",2015-04-08,"2015","Salvia","apiana","60",NA,NA,NA,NA,"Salvia.apiana"
"3512","SWS3",2015-04-08,"2015","Salvia","mellifera","40",NA,NA,NA,NA,"Salvia.mellifera"
"3513","SWS3",2015-04-15,"2015","Chaenactis","glabriuscula","1000",NA,NA,NA,NA,"Chaenactis.glabriuscula"
"3514","SWS3",2015-04-15,"2015","Eriogonum","fasciculatum","100",NA,NA,NA,NA,"Eriogonum.fasciculatum"
"3515","SWS3",2015-04-15,"2015","Osmadenia","tenella","200",NA,NA,NA,NA,"Osmadenia.tenella"
"3516","SWS3",2015-04-15,"2015","Salvia","apiana","60",NA,NA,NA,NA,"Salvia.apiana"
"3517","SWS3",2015-04-15,"2015","Salvia","mellifera","30",NA,NA,NA,NA,"Salvia.mellifera"
"3518","SWS3",2015-04-28,"2015","Centaurea","melitensis","50",NA,NA,NA,NA,"Centaurea.melitensis"
"3519","SWS3",2015-04-28,"2015","Chaenactis","glabriuscula","200",NA,NA,NA,NA,"Chaenactis.glabriuscula"
"3520","SWS3",2015-04-28,"2015","Chorizanthe","fimbriata","150",NA,NA,NA,NA,"Chorizanthe.fimbriata"
"3521","SWS3",2015-04-28,"2015","Eriogonum","fasciculatum","100",NA,NA,NA,NA,"Eriogonum.fasciculatum"
"3522","SWS3",2015-04-28,"2015","Salvia","apiana","10",NA,NA,NA,NA,"Salvia.apiana"
"3523","SWS3",2015-04-28,"2015","Salvia","mellifera","10",NA,NA,NA,NA,"Salvia.mellifera"
"3524","SWS3",2015-05-11,"2015","Eriogonum","fasciculatum","100",NA,NA,NA,NA,"Eriogonum.fasciculatum"
"3525","SWS3",2015-05-11,"2015","Gutierrezia","sarothrae","70",NA,NA,NA,NA,"Gutierrezia.sarothrae"
"3526","SWS3",2015-05-11,"2015","Osmadenia","tenella","60",NA,NA,NA,NA,"Osmadenia.tenella"
"3527","SWS3",2015-05-11,"2015","Stephanomeria","virgata","80",NA,NA,NA,NA,"Stephanomeria.virgata"
"3528","SWS3",2015-06-01,"2015","Deinandra","fasciculata","500",NA,NA,NA,NA,"Deinandra.fasciculata"
"3529","SWS3",2015-06-01,"2015","Eriogonum","fasciculatum","50",NA,NA,NA,NA,"Eriogonum.fasciculatum"
"3530","SWS3",2015-06-01,"2015","Gutierrezia","sarothrae","250",NA,NA,NA,NA,"Gutierrezia.sarothrae"
"3531","SWS3",2015-06-01,"2015","Stephanomeria","virgata","300",NA,NA,NA,NA,"Stephanomeria.virgata"
"3532","SWS3",2015-06-19,"2015","Eriogonum","fasciculatum","30",NA,NA,NA,NA,"Eriogonum.fasciculatum"
"3533","SWS3",2015-06-19,"2015","Gutierrezia","sarothrae","300",NA,NA,NA,NA,"Gutierrezia.sarothrae"
"3534","SWS3",2015-06-19,"2015","Malosma","laurina","5",NA,NA,NA,NA,"Malosma.laurina"
"3535","SWS3",2015-06-19,"2015","Salvia","mellifera","20",NA,NA,NA,NA,"Salvia.mellifera"
"3536","SWS3",2015-06-19,"2015","Solanum","parishii","10",NA,NA,NA,NA,"Solanum.parishii"
"3537","SWS3",2015-06-19,"2015","Stephanomeria","virgata","150",NA,NA,NA,NA,"Stephanomeria.virgata"
"3538","SWS3",2015-07-10,"2015","Malosma","laurina","9",NA,NA,NA,NA,"Malosma.laurina"
"3539","SWEA",2016-03-24,"2016","Bahiopsis","laciniata",NA,18088.88889,NA,NA,NA,"Bahiopsis.laciniata"
"3540","SWEA",2016-03-24,"2016","Cryptantha","intermedia",NA,4029.62963,NA,NA,NA,"Cryptantha.intermedia"
"3541","SWEA",2016-03-24,"2016","Erodium","",NA,376.4444444,NA,NA,NA,"Erodium"
"3542","SWEA",2016-03-24,"2016","Hirschfeldia","incana",NA,29463,NA,NA,NA,"Hirschfeldia.incana"
"3543","SWEA",2016-03-24,"2016","Phacelia","cicutaria",NA,3823.111111,NA,NA,NA,"Phacelia.cicutaria"
"3544","SWEA",2016-03-24,"2016","Eriogonum","fasciculatum",NA,69576.2298,NA,NA,NA,"Eriogonum.fasciculatum"
"3545","SWEA",2016-03-24,"2016","Sisymbrium","irio",NA,8588.148148,NA,NA,NA,"Sisymbrium.irio"
"3546","SWI4",2016-03-24,"2016","Bahiopsis","laciniata",NA,3438.5,NA,NA,NA,"Bahiopsis.laciniata"
"3547","SWI4",2016-03-24,"2016","Phacelia","cicutaria",NA,1646.666667,NA,NA,NA,"Phacelia.cicutaria"
"3548","SWI4",2016-03-24,"2016","Calandrinia","menziesii",NA,723.3333333,NA,NA,NA,"Calandrinia.menziesii"
"3549","SWI4",2016-03-24,"2016","Scrophularia","californica",NA,668.6666667,NA,NA,NA,"Scrophularia.californica"
"3550","SWI4",2016-03-24,"2016","Erodium","",NA,328.6666667,NA,NA,NA,"Erodium"
"3551","SWI4",2016-03-24,"2016","Gilia","angelensis",NA,1980,NA,NA,NA,"Gilia.angelensis"
"3552","SWI4",2016-03-24,"2016","Cryptantha","intermedia",NA,10200,NA,NA,NA,"Cryptantha.intermedia"
"3553","SWI4",2016-03-24,"2016","Hirschfeldia","incana",NA,14373.33333,NA,NA,NA,"Hirschfeldia.incana"
"3554","SWS3",2016-03-31,"2016","Salvia","mellifera",NA,836896.6667,NA,NA,NA,"Salvia.mellifera"
"3555","SWS3",2016-03-31,"2016","Eriophyllum","confertiflorum",NA,8160,NA,NA,NA,"Eriophyllum.confertiflorum"
"3556","SWS3",2016-03-31,"2016","Acmispon","glaber",NA,50624,NA,NA,NA,"Acmispon.glaber"
"3557","SWS3",2016-03-31,"2016","Chaenactis","glabriuscula",NA,700,NA,NA,NA,"Chaenactis.glabriuscula"
"3558","SWS3",2016-03-31,"2016","Salvia","apiana",NA,7283.333333,NA,NA,NA,"Salvia.apiana"
"3559","SWS3",2016-03-31,"2016","Hirschfeldia","incana",NA,14663.33333,NA,NA,NA,"Hirschfeldia.incana"
"3560","SWS3",2016-03-31,"2016","Cryptantha","intermedia",NA,84565.55556,NA,NA,NA,"Cryptantha.intermedia"
"3561","SWS3",2016-03-31,"2016","Peritoma","arborea",NA,749.6666667,NA,NA,NA,"Peritoma.arborea"
"3562","SWS3",2016-03-31,"2016","Solanum","parishii",NA,365.5,NA,NA,NA,"Solanum.parishii"
"3563","SWS3",2016-03-31,"2016","Erodium","",NA,1116.5,NA,NA,NA,"Erodium"
"3564","SWS3",2016-03-31,"2016","Bahiopsis","laciniata",NA,480,NA,NA,NA,"Bahiopsis.laciniata"
"3565","SWS1",2016-03-31,"2016","Calystegia","macrostegia",NA,52,NA,NA,NA,"Calystegia.macrostegia"
"3566","SWS1",2016-03-31,"2016","Acmispon","glaber",NA,7310,NA,NA,NA,"Acmispon.glaber"
"3567","SWS1",2016-03-31,"2016","Hirschfeldia","incana",NA,63765.33333,NA,NA,NA,"Hirschfeldia.incana"
"3568","SWS1",2016-03-31,"2016","Centaurea","melitensis",NA,5319.333333,NA,NA,NA,"Centaurea.melitensis"
"3569","SWS1",2016-03-31,"2016","Bahiopsis","laciniata",NA,324000,NA,NA,NA,"Bahiopsis.laciniata"
"3570","SWS1",2016-03-31,"2016","Phacelia","cicutaria",NA,1788,NA,NA,NA,"Phacelia.cicutaria"
"3571","SWS1",2016-03-31,"2016","Eriogonum","fasciculatum",NA,303217.7778,NA,NA,NA,"Eriogonum.fasciculatum"
"3572","SWS1",2016-03-31,"2016","Astragalus","trichopodus",NA,45500,NA,NA,NA,"Astragalus.trichopodus"
"3573","SWS10",2016-04-01,"2016","Limonium","sinuatum",NA,59493.33333,NA,NA,NA,"Limonium.sinuatum"
"3574","SWS10",2016-04-01,"2016","Erodium","",NA,2938,NA,NA,NA,"Erodium"
"3575","SWS10",2016-04-01,"2016","Acmispon","glaber",NA,12620.22222,NA,NA,NA,"Acmispon.glaber"
"3576","SWS10",2016-04-01,"2016","Hirschfeldia","incana",NA,81813.33333,NA,NA,NA,"Hirschfeldia.incana"
"3577","SWS10",2016-04-01,"2016","Calystegia","macrostegia",NA,20,NA,NA,NA,"Calystegia.macrostegia"
"3578","SWS10",2016-04-01,"2016","Salvia","clevelandii",NA,175,NA,NA,NA,"Salvia.clevelandii"
"3579","MTS1A",2016-04-01,"2016","Bahiopsis","laciniata",NA,937.3333333,NA,NA,NA,"Bahiopsis.laciniata"
"3580","MTS1A",2016-04-01,"2016","Scrophularia","californica",NA,650,NA,NA,NA,"Scrophularia.californica"
"3581","MTS1A",2016-04-01,"2016","Hirschfeldia","incana",NA,9633.333333,NA,NA,NA,"Hirschfeldia.incana"
"3582","MTS1A",2016-04-01,"2016","Eriogonum","fasciculatum",NA,326626.6667,NA,NA,NA,"Eriogonum.fasciculatum"
"3583","MTS1A",2016-04-01,"2016","Phacelia","cicutaria",NA,1060,NA,NA,NA,"Phacelia.cicutaria"
"3584","MTS1A",2016-04-01,"2016","Centaurea","melitensis",NA,560,NA,NA,NA,"Centaurea.melitensis"
"3585","MTS1A",2016-04-01,"2016","Acmispon","glaber",NA,312,NA,NA,NA,"Acmispon.glaber"
"3586","ECR5",2016-04-04,"2016","Salvia","mellifera",NA,1036801.667,NA,NA,NA,"Salvia.mellifera"
"3587","ECR5",2016-04-04,"2016","Eriogonum","fasciculatum",NA,120120,NA,NA,NA,"Eriogonum.fasciculatum"
"3588","ECR5",2016-04-04,"2016","Acmispon","glaber",NA,14287.5,NA,NA,NA,"Acmispon.glaber"
"3589","ECR5",2016-04-04,"2016","Cryptantha","intermedia",NA,36851.11111,NA,NA,NA,"Cryptantha.intermedia"
"3590","ECR5",2016-04-04,"2016","Helianthemum","scoparium",NA,910,NA,NA,NA,"Helianthemum.scoparium"
"3591","ECR4",2016-04-04,"2016","Acmispon","glaber",NA,316531.1111,NA,NA,NA,"Acmispon.glaber"
"3592","ECR4",2016-04-04,"2016","Dichelostemma","capitatum",NA,176,NA,NA,NA,"Dichelostemma.capitatum"
"3593","ECR4",2016-04-04,"2016","Calochortus","splendens",NA,120,NA,NA,NA,"Calochortus.splendens"
"3594","ECR4",2016-04-04,"2016","Salvia","mellifera",NA,80580,NA,NA,NA,"Salvia.mellifera"
"3595","ECR4",2016-04-04,"2016","Cryptantha","intermedia",NA,17850.55556,NA,NA,NA,"Cryptantha.intermedia"
"3596","ECR4",2016-04-04,"2016","Eriogonum","fasciculatum",NA,69443,NA,NA,NA,"Eriogonum.fasciculatum"
"3597","ECR4",2016-04-04,"2016","Erodium","",NA,77.5,NA,NA,NA,"Erodium"
"3598","ECR4",2016-04-04,"2016","Solanum","parishii",NA,1656,NA,NA,NA,"Solanum.parishii"
"3599","ECR4",2016-04-04,"2016","Calystegia","macrostegia",NA,10,NA,NA,NA,"Calystegia.macrostegia"
"3600","MTE4",2016-04-05,"2016","Salvia","mellifera",NA,364124,NA,NA,NA,"Salvia.mellifera"
"3601","MTE4",2016-04-05,"2016","Salvia","apiana",NA,1136.666667,NA,NA,NA,"Salvia.apiana"
"3602","MTE4",2016-04-05,"2016","Bahiopsis","laciniata",NA,13440,NA,NA,NA,"Bahiopsis.laciniata"
"3603","MTE4",2016-04-05,"2016","Erodium","",NA,1188,NA,NA,NA,"Erodium"
"3604","MTE4",2016-04-05,"2016","Astragalus","trichopodus",NA,640,NA,NA,NA,"Astragalus.trichopodus"
"3605","MTE4",2016-04-05,"2016","Acmispon","glaber",NA,23925,NA,NA,NA,"Acmispon.glaber"
"3606","MTE4",2016-04-05,"2016","Hirschfeldia","incana",NA,14753.75,NA,NA,NA,"Hirschfeldia.incana"
"3607","MTE4",2016-04-05,"2016","Eriophyllum","confertiflorum",NA,7540,NA,NA,NA,"Eriophyllum.confertiflorum"
"3608","MTE4",2016-04-05,"2016","Calystegia","macrostegia",NA,111,NA,NA,NA,"Calystegia.macrostegia"
"3609","MTE3",2016-04-05,"2016","Salvia","mellifera",NA,917549.6296,NA,NA,NA,"Salvia.mellifera"
"3610","MTE3",2016-04-05,"2016","Bahiopsis","laciniata",NA,2085.333333,NA,NA,NA,"Bahiopsis.laciniata"
"3611","MTE3",2016-04-05,"2016","Acmispon","glaber",NA,59847.22222,NA,NA,NA,"Acmispon.glaber"
"3612","MTE3",2016-04-05,"2016","Centaurea","melitensis",NA,5130,NA,NA,NA,"Centaurea.melitensis"
"3613","MTE3",2016-04-05,"2016","Malacothamnus","fasciculatus",NA,865.3333333,NA,NA,NA,"Malacothamnus.fasciculatus"
"3614","MTE3",2016-04-05,"2016","Solanum","parishii",NA,632.5,NA,NA,NA,"Solanum.parishii"
"3615","MTE3",2016-04-05,"2016","Hirschfeldia","incana",NA,17015.55556,NA,NA,NA,"Hirschfeldia.incana"
"3616","MTE3",2016-04-05,"2016","Cryptantha","intermedia",NA,2883.333333,NA,NA,NA,"Cryptantha.intermedia"
"3617","MTE3",2016-04-05,"2016","Encelia","californica",NA,948.8888889,NA,NA,NA,"Encelia.californica"
"3618","MTE3",2016-04-05,"2016","Eriogonum","fasciculatum",NA,73225,NA,NA,NA,"Eriogonum.fasciculatum"
"3619","MTE3",2016-04-05,"2016","Erodium","",NA,100,NA,NA,NA,"Erodium"
"3620","MTE3",2016-04-05,"2016","Calystegia","macrostegia",NA,18,NA,NA,NA,"Calystegia.macrostegia"
"3621","MTS6",2016-04-06,"2016","Eriogonum","fasciculatum",NA,1780485,NA,NA,NA,"Eriogonum.fasciculatum"
"3622","MTS6",2016-04-06,"2016","Salvia","mellifera",NA,310016.6667,NA,NA,NA,"Salvia.mellifera"
"3623","MTS6",2016-04-06,"2016","Centaurea","melitensis",NA,327,NA,NA,NA,"Centaurea.melitensis"
"3624","MTS6",2016-04-06,"2016","Calochortus","splendens",NA,40,NA,NA,NA,"Calochortus.splendens"
"3625","MTS6",2016-04-06,"2016","Acmispon","glaber",NA,728,NA,NA,NA,"Acmispon.glaber"
"3626","MTS6",2016-04-06,"2016","Eriophyllum","confertiflorum",NA,3490,NA,NA,NA,"Eriophyllum.confertiflorum"
"3627","MTS6",2016-04-06,"2016","Cryptantha","intermedia",NA,1320,NA,NA,NA,"Cryptantha.intermedia"
"3628","MTS6",2016-04-06,"2016","Encelia","californica",NA,2128,NA,NA,NA,"Encelia.californica"
"3629","MTS6",2016-04-06,"2016","Deinandra","fasciculata",NA,2800,NA,NA,NA,"Deinandra.fasciculata"
"3630","MTS2",2016-04-06,"2016","Salvia","mellifera",NA,143520,NA,NA,NA,"Salvia.mellifera"
"3631","MTS2",2016-04-06,"2016","Acmispon","glaber",NA,13261.11111,NA,NA,NA,"Acmispon.glaber"
"3632","MTS2",2016-04-06,"2016","Erodium","",NA,329,NA,NA,NA,"Erodium"
"3633","MTS2",2016-04-06,"2016","Hirschfeldia","incana",NA,372680,NA,NA,NA,"Hirschfeldia.incana"
"3634","MTS2",2016-04-06,"2016","Cryptantha","intermedia",NA,377040.2778,NA,NA,NA,"Cryptantha.intermedia"
"3635","MTS2",2016-04-06,"2016","Solanum","parishii",NA,2062.666667,NA,NA,NA,"Solanum.parishii"
"3636","MTS2",2016-04-06,"2016","Chaenactis","glabriuscula",NA,4927,NA,NA,NA,"Chaenactis.glabriuscula"
"3637","MTS2",2016-04-06,"2016","Camissoniopsis","bistorta",NA,518.75,NA,NA,NA,"Camissoniopsis.bistorta"
"3638","MTS2",2016-04-06,"2016","Navarretia","hamata",NA,218.6666667,NA,NA,NA,"Navarretia.hamata"
"3639","SWEA",2016-04-14,"2016","Phacelia","cicutaria",NA,937.3333333,NA,NA,NA,"Phacelia.cicutaria"
"3640","SWEA",2016-04-14,"2016","Eriogonum","fasciculatum",NA,1743964.444,NA,NA,NA,"Eriogonum.fasciculatum"
"3641","SWEA",2016-04-14,"2016","Erodium","",NA,1413.333333,NA,NA,NA,"Erodium"
"3642","SWEA",2016-04-14,"2016","Centaurea","melitensis",NA,714,NA,NA,NA,"Centaurea.melitensis"
"3643","SWEA",2016-04-14,"2016","Hirschfeldia","incana",NA,31014.22222,NA,NA,NA,"Hirschfeldia.incana"
"3644","SWEA",2016-04-14,"2016","Bahiopsis","laciniata",NA,1366.666667,NA,NA,NA,"Bahiopsis.laciniata"
"3645","SWEA",2016-04-14,"2016","Deinandra","fasciculata",NA,390,NA,NA,NA,"Deinandra.fasciculata"
"3646","SWI4",2016-04-14,"2016","Scrophularia","californica",NA,1133.333333,NA,NA,NA,"Scrophularia.californica"
"3647","SWI4",2016-04-14,"2016","Hirschfeldia","incana",NA,112890,NA,NA,NA,"Hirschfeldia.incana"
"3648","SWI4",2016-04-14,"2016","Bahiopsis","laciniata",NA,716.4444444,NA,NA,NA,"Bahiopsis.laciniata"
"3649","SWI4",2016-04-14,"2016","Malacothamnus","fasciculatus",NA,80,NA,NA,NA,"Malacothamnus.fasciculatus"
"3650","SWI4",2016-04-14,"2016","Deinandra","fasciculata",NA,1080,NA,NA,NA,"Deinandra.fasciculata"
"3651","SWI4",2016-04-14,"2016","Erodium","",NA,15200,NA,NA,NA,"Erodium"
"3652","SWI4",2016-04-14,"2016","Eriogonum","fasciculatum",NA,235753.0864,NA,NA,NA,"Eriogonum.fasciculatum"
"3653","SWS3",2016-04-18,"2016","Salvia","apiana",NA,33990.66667,NA,NA,NA,"Salvia.apiana"
"3654","SWS3",2016-04-18,"2016","Salvia","mellifera",NA,176611.1111,NA,NA,NA,"Salvia.mellifera"
"3655","SWS3",2016-04-18,"2016","Eriogonum","fasciculatum",NA,1409400,NA,NA,NA,"Eriogonum.fasciculatum"
"3656","SWS3",2016-04-18,"2016","Erodium","",NA,1116.5,NA,NA,NA,"Erodium"
"3657","SWS3",2016-04-18,"2016","Peritoma","arborea",NA,1155.555556,NA,NA,NA,"Peritoma.arborea"
"3658","SWS3",2016-04-18,"2016","Hirschfeldia","incana",NA,36369.75,NA,NA,NA,"Hirschfeldia.incana"
"3659","SWS3",2016-04-18,"2016","Navarretia","hamata",NA,28563.33333,NA,NA,NA,"Navarretia.hamata"
"3660","SWS3",2016-04-18,"2016","Chorizanthe","fimbriata",NA,56213.33333,NA,NA,NA,"Chorizanthe.fimbriata"
"3661","SWS3",2016-04-18,"2016","Chaenactis","glabriuscula",NA,7553.333333,NA,NA,NA,"Chaenactis.glabriuscula"
"3662","SWS3",2016-04-18,"2016","Eriophyllum","confertiflorum",NA,3750,NA,NA,NA,"Eriophyllum.confertiflorum"
"3663","SWS1",2016-04-18,"2016","Bahiopsis","laciniata",NA,23345,NA,NA,NA,"Bahiopsis.laciniata"
"3664","SWS1",2016-04-18,"2016","Eriogonum","fasciculatum",NA,840645,NA,NA,NA,"Eriogonum.fasciculatum"
"3665","SWS1",2016-04-18,"2016","Centaurea","melitensis",NA,4634,NA,NA,NA,"Centaurea.melitensis"
"3666","SWS1",2016-04-18,"2016","Hirschfeldia","incana",NA,26090.27778,NA,NA,NA,"Hirschfeldia.incana"
"3667","SWS1",2016-04-18,"2016","Navarretia","hamata",NA,470,NA,NA,NA,"Navarretia.hamata"
"3668","SWS1",2016-04-18,"2016","Calystegia","macrostegia",NA,11,NA,NA,NA,"Calystegia.macrostegia"
"3669","SWS10",2016-04-19,"2016","Hirschfeldia","incana",NA,95125.33333,NA,NA,NA,"Hirschfeldia.incana"
"3670","SWS10",2016-04-19,"2016","Centaurea","melitensis",NA,2318,NA,NA,NA,"Centaurea.melitensis"
"3671","SWS10",2016-04-19,"2016","Erodium","",NA,1805,NA,NA,NA,"Erodium"
"3672","SWS10",2016-04-19,"2016","Eriogonum","fasciculatum",NA,63115.80247,NA,NA,NA,"Eriogonum.fasciculatum"
"3673","SWS10",2016-04-19,"2016","Limonium","sinuatum",NA,3544909.333,NA,NA,NA,"Limonium.sinuatum"
"3674","SWS10",2016-04-19,"2016","Salvia","clevelandii",NA,6853.888889,NA,NA,NA,"Salvia.clevelandii"
"3675","SWS10",2016-04-19,"2016","Calystegia","macrostegia",NA,8,NA,NA,NA,"Calystegia.macrostegia"
"3676","MTS1A",2016-04-19,"2016","Eriogonum","fasciculatum",NA,568661.3333,NA,NA,NA,"Eriogonum.fasciculatum"
"3677","MTS1A",2016-04-19,"2016","Scrophularia","californica",NA,7137.333333,NA,NA,NA,"Scrophularia.californica"
"3678","MTS1A",2016-04-19,"2016","Centaurea","melitensis",NA,4030,NA,NA,NA,"Centaurea.melitensis"
"3679","MTS1A",2016-04-19,"2016","Hirschfeldia","incana",NA,49560,NA,NA,NA,"Hirschfeldia.incana"
"3680","MTS1A",2016-04-19,"2016","Bahiopsis","laciniata",NA,1617.777778,NA,NA,NA,"Bahiopsis.laciniata"
"3681","MTS1A",2016-04-19,"2016","Phacelia","cicutaria",NA,1170,NA,NA,NA,"Phacelia.cicutaria"
"3682","MTE3",2016-04-20,"2016","Bahiopsis","laciniata",NA,4450,NA,NA,NA,"Bahiopsis.laciniata"
"3683","MTE3",2016-04-20,"2016","Malacothamnus","fasciculatus",NA,1586.666667,NA,NA,NA,"Malacothamnus.fasciculatus"
"3684","MTE3",2016-04-20,"2016","Navarretia","hamata",NA,333.3333333,NA,NA,NA,"Navarretia.hamata"
"3685","MTE3",2016-04-20,"2016","Calochortus","splendens",NA,21,NA,NA,NA,"Calochortus.splendens"
"3686","MTE3",2016-04-20,"2016","Salvia","mellifera",NA,393166.6667,NA,NA,NA,"Salvia.mellifera"
"3687","MTE3",2016-04-20,"2016","Centaurea","melitensis",NA,7293,NA,NA,NA,"Centaurea.melitensis"
"3688","MTE3",2016-04-20,"2016","Hirschfeldia","incana",NA,13090,NA,NA,NA,"Hirschfeldia.incana"
"3689","MTE3",2016-04-20,"2016","Erodium","",NA,855,NA,NA,NA,"Erodium"
"3690","MTE3",2016-04-20,"2016","Eriogonum","fasciculatum",NA,710600,NA,NA,NA,"Eriogonum.fasciculatum"
"3691","MTE3",2016-04-20,"2016","Calystegia","macrostegia",NA,10,NA,NA,NA,"Calystegia.macrostegia"
"3692","MTE4",2016-04-20,"2016","Hirschfeldia","incana",NA,7000,NA,NA,NA,"Hirschfeldia.incana"
"3693","MTE4",2016-04-20,"2016","Bahiopsis","laciniata",NA,11845,NA,NA,NA,"Bahiopsis.laciniata"
"3694","MTE4",2016-04-20,"2016","Centaurea","melitensis",NA,1879.5,NA,NA,NA,"Centaurea.melitensis"
"3695","MTE4",2016-04-20,"2016","Salvia","mellifera",NA,283140,NA,NA,NA,"Salvia.mellifera"
"3696","MTE4",2016-04-20,"2016","Erodium","",NA,1050,NA,NA,NA,"Erodium"
"3697","MTE4",2016-04-20,"2016","Eriogonum","fasciculatum",NA,1741525.333,NA,NA,NA,"Eriogonum.fasciculatum"
"3698","MTE4",2016-04-20,"2016","Salvia","apiana",NA,10414.66667,NA,NA,NA,"Salvia.apiana"
"3699","MTE4",2016-04-20,"2016","Eriophyllum","confertiflorum",NA,29322.22222,NA,NA,NA,"Eriophyllum.confertiflorum"
"3700","MTE4",2016-04-20,"2016","Calystegia","macrostegia",NA,48,NA,NA,NA,"Calystegia.macrostegia"
"3701","ECR4",2016-04-21,"2016","Erodium","",NA,2820,NA,NA,NA,"Erodium"
"3702","ECR4",2016-04-21,"2016","Calochortus","splendens",NA,278,NA,NA,NA,"Calochortus.splendens"
"3703","ECR4",2016-04-21,"2016","Antirrhinum","nuttallianum",NA,62,NA,NA,NA,"Antirrhinum.nuttallianum"
"3704","ECR4",2016-04-21,"2016","Acmispon","glaber",NA,574346.6667,NA,NA,NA,"Acmispon.glaber"
"3705","ECR4",2016-04-21,"2016","Helianthemum","scoparium",NA,491.6666667,NA,NA,NA,"Helianthemum.scoparium"
"3706","ECR4",2016-04-21,"2016","Eriogonum","fasciculatum",NA,2185482.963,NA,NA,NA,"Eriogonum.fasciculatum"
"3707","ECR4",2016-04-21,"2016","Salvia","mellifera",NA,99960,NA,NA,NA,"Salvia.mellifera"
"3708","ECR4",2016-04-21,"2016","Cryptantha","intermedia",NA,15640,NA,NA,NA,"Cryptantha.intermedia"
"3709","ECR4",2016-04-21,"2016","Adenostoma","fasciculatum",NA,190281.4815,NA,NA,NA,"Adenostoma.fasciculatum"
"3710","ECR5",2016-04-21,"2016","Salvia","mellifera",NA,2568118.519,NA,NA,NA,"Salvia.mellifera"
"3711","ECR5",2016-04-21,"2016","Eriogonum","fasciculatum",NA,305848.8889,NA,NA,NA,"Eriogonum.fasciculatum"
"3712","ECR5",2016-04-21,"2016","Acmispon","glaber",NA,4070,NA,NA,NA,"Acmispon.glaber"
"3713","ECR5",2016-04-21,"2016","Helianthemum","scoparium",NA,1200,NA,NA,NA,"Helianthemum.scoparium"
"3714","ECR5",2016-04-21,"2016","Navarretia","hamata",NA,5215,NA,NA,NA,"Navarretia.hamata"
"3715","ECR5",2016-04-21,"2016","Cryptantha","intermedia",NA,12376,NA,NA,NA,"Cryptantha.intermedia"
"3716","MTS2",2016-04-26,"2016","Navarretia","hamata",NA,2825,NA,NA,NA,"Navarretia.hamata"
"3717","MTS2",2016-04-26,"2016","Acmispon","glaber",NA,3423,NA,NA,NA,"Acmispon.glaber"
"3718","MTS2",2016-04-26,"2016","Adenostoma","fasciculatum",NA,3209866.25,NA,NA,NA,"Adenostoma.fasciculatum"
"3719","MTS2",2016-04-26,"2016","Salvia","mellifera",NA,231770,NA,NA,NA,"Salvia.mellifera"
"3720","MTS2",2016-04-26,"2016","Salvia","apiana",NA,12726,NA,NA,NA,"Salvia.apiana"
"3721","MTS2",2016-04-26,"2016","Deinandra","fasciculata",NA,5472,NA,NA,NA,"Deinandra.fasciculata"
"3722","MTS2",2016-04-26,"2016","Cryptantha","intermedia",NA,100699.5,NA,NA,NA,"Cryptantha.intermedia"
"3723","MTS2",2016-04-26,"2016","Chaenactis","glabriuscula",NA,24320,NA,NA,NA,"Chaenactis.glabriuscula"
"3724","MTS2",2016-04-26,"2016","Eriogonum","fasciculatum",NA,27216,NA,NA,NA,"Eriogonum.fasciculatum"
"3725","MTS2",2016-04-26,"2016","Erodium","",NA,1591,NA,NA,NA,"Erodium"
"3726","MTS2",2016-04-26,"2016","Hirschfeldia","incana",NA,504900,NA,NA,NA,"Hirschfeldia.incana"
"3727","MTS2",2016-04-26,"2016","Solanum","parishii",NA,412.5,NA,NA,NA,"Solanum.parishii"
"3728","MTS2",2016-04-26,"2016","Eriastrum","filifolium",NA,3180,NA,NA,NA,"Eriastrum.filifolium"
"3729","MTS6",2016-04-26,"2016","Eriogonum","fasciculatum",NA,2030634.375,NA,NA,NA,"Eriogonum.fasciculatum"
"3730","MTS6",2016-04-26,"2016","Centaurea","melitensis",NA,955.5,NA,NA,NA,"Centaurea.melitensis"
"3731","MTS6",2016-04-26,"2016","Adenostoma","fasciculatum",NA,23743.125,NA,NA,NA,"Adenostoma.fasciculatum"
"3732","MTS6",2016-04-26,"2016","Eriophyllum","confertiflorum",NA,25175,NA,NA,NA,"Eriophyllum.confertiflorum"
"3733","MTS6",2016-04-26,"2016","Deinandra","fasciculata",NA,132496,NA,NA,NA,"Deinandra.fasciculata"
"3734","SWI4",2016-05-02,"2016","Eriogonum","fasciculatum",NA,1347080,NA,NA,NA,"Eriogonum.fasciculatum"
"3735","SWI4",2016-05-02,"2016","Scrophularia","californica",NA,935.3333333,NA,NA,NA,"Scrophularia.californica"
"3736","SWI4",2016-05-02,"2016","Deinandra","fasciculata",NA,52320,NA,NA,NA,"Deinandra.fasciculata"
"3737","SWI4",2016-05-02,"2016","Centaurea","melitensis",NA,2152.75,NA,NA,NA,"Centaurea.melitensis"
"3738","SWI4",2016-05-02,"2016","Hirschfeldia","incana",NA,46600,NA,NA,NA,"Hirschfeldia.incana"
"3739","SWI4",2016-05-02,"2016","Malosma","laurina",NA,84154.77778,NA,NA,NA,"Malosma.laurina"
"3740","SWI4",2016-05-02,"2016","Malacothamnus","fasciculatus",NA,560,NA,NA,NA,"Malacothamnus.fasciculatus"
"3741","SWEA",2016-05-02,"2016","Eriogonum","fasciculatum",NA,2904720,NA,NA,NA,"Eriogonum.fasciculatum"
"3742","SWEA",2016-05-02,"2016","Deinandra","fasciculata",NA,2906.666667,NA,NA,NA,"Deinandra.fasciculata"
"3743","SWEA",2016-05-02,"2016","Centaurea","melitensis",NA,1018.416667,NA,NA,NA,"Centaurea.melitensis"
"3744","SWS3",2016-05-03,"2016","Chaenactis","glabriuscula",NA,570,NA,NA,NA,"Chaenactis.glabriuscula"
"3745","SWS3",2016-05-03,"2016","Gutierrezia","sarothrae",NA,36907.5,NA,NA,NA,"Gutierrezia.sarothrae"
"3746","SWS3",2016-05-03,"2016","Navarretia","hamata",NA,2750,NA,NA,NA,"Navarretia.hamata"
"3747","SWS3",2016-05-03,"2016","Osmadenia","tenella",NA,7986,NA,NA,NA,"Osmadenia.tenella"
"3748","SWS3",2016-05-03,"2016","Chorizanthe","fimbriata",NA,73920,NA,NA,NA,"Chorizanthe.fimbriata"
"3749","SWS3",2016-05-03,"2016","Eriogonum","fasciculatum",NA,1566000,NA,NA,NA,"Eriogonum.fasciculatum"
"3750","SWS3",2016-05-03,"2016","Salvia","apiana",NA,7920,NA,NA,NA,"Salvia.apiana"
"3751","SWS3",2016-05-03,"2016","Centaurea","melitensis",NA,357,NA,NA,NA,"Centaurea.melitensis"
"3752","SWS3",2016-05-03,"2016","Deinandra","fasciculata",NA,157286.25,NA,NA,NA,"Deinandra.fasciculata"
"3753","SWS1",2016-05-03,"2016","Eriogonum","fasciculatum",NA,1945125,NA,NA,NA,"Eriogonum.fasciculatum"
"3754","SWS1",2016-05-03,"2016","Bahiopsis","laciniata",NA,1586.666667,NA,NA,NA,"Bahiopsis.laciniata"
"3755","SWS1",2016-05-03,"2016","Gutierrezia","sarothrae",NA,2109,NA,NA,NA,"Gutierrezia.sarothrae"
"3756","SWS1",2016-05-03,"2016","Cylindropuntia","prolifera",NA,45,NA,NA,NA,"Cylindropuntia.prolifera"
"3757","MTS1A",2016-05-04,"2016","Eriogonum","fasciculatum",NA,2602450,NA,NA,NA,"Eriogonum.fasciculatum"
"3758","MTS1A",2016-05-04,"2016","Bahiopsis","laciniata",NA,387.5,NA,NA,NA,"Bahiopsis.laciniata"
"3759","MTS1A",2016-05-04,"2016","Scrophularia","californica",NA,5749.333333,NA,NA,NA,"Scrophularia.californica"
"3760","MTS1A",2016-05-04,"2016","Hirschfeldia","incana",NA,19998.33333,NA,NA,NA,"Hirschfeldia.incana"
"3761","MTS1A",2016-05-04,"2016","Centaurea","melitensis",NA,3117.333333,NA,NA,NA,"Centaurea.melitensis"
"3762","MTS1A",2016-05-04,"2016","Navarretia","hamata",NA,165,NA,NA,NA,"Navarretia.hamata"
"3763","SWS10",2016-05-04,"2016","Eriogonum","fasciculatum",NA,960093.75,NA,NA,NA,"Eriogonum.fasciculatum"
"3764","SWS10",2016-05-04,"2016","Salvia","clevelandii",NA,34661.33333,NA,NA,NA,"Salvia.clevelandii"
"3765","SWS10",2016-05-04,"2016","Parkinsonia","aculeata",NA,35525,NA,NA,NA,"Parkinsonia.aculeata"
"3766","SWS10",2016-05-04,"2016","Limonium","sinuatum",NA,506689.7222,NA,NA,NA,"Limonium.sinuatum"
"3767","SWS10",2016-05-04,"2016","Hirschfeldia","incana",NA,26825,NA,NA,NA,"Hirschfeldia.incana"
"3768","SWS10",2016-05-04,"2016","Centaurea","melitensis",NA,1966.25,NA,NA,NA,"Centaurea.melitensis"
"3769","MTE4",2016-05-11,"2016","Salvia","mellifera",NA,191333.3333,NA,NA,NA,"Salvia.mellifera"
"3770","MTE4",2016-05-11,"2016","Eriogonum","fasciculatum",NA,899555.5556,NA,NA,NA,"Eriogonum.fasciculatum"
"3771","MTE4",2016-05-11,"2016","Bahiopsis","laciniata",NA,1430,NA,NA,NA,"Bahiopsis.laciniata"
"3772","MTE4",2016-05-11,"2016","Eriophyllum","confertiflorum",NA,9945.833333,NA,NA,NA,"Eriophyllum.confertiflorum"
"3773","MTE4",2016-05-11,"2016","Calystegia","macrostegia",NA,10,NA,NA,NA,"Calystegia.macrostegia"
"3774","MTE4",2016-05-11,"2016","Salvia","apiana",NA,13200,NA,NA,NA,"Salvia.apiana"
"3775","MTE4",2016-05-11,"2016","Acmispon","glaber",NA,2955.555556,NA,NA,NA,"Acmispon.glaber"
"3776","MTE3",2016-05-11,"2016","Astragalus","trichopodus",NA,114,NA,NA,NA,"Astragalus.trichopodus"
"3777","MTE3",2016-05-11,"2016","Eriogonum","fasciculatum",NA,614687.5,NA,NA,NA,"Eriogonum.fasciculatum"
"3778","MTE3",2016-05-11,"2016","Malacothamnus","fasciculatus",NA,696.6666667,NA,NA,NA,"Malacothamnus.fasciculatus"
"3779","MTE3",2016-05-11,"2016","Deinandra","fasciculata",NA,1397.5,NA,NA,NA,"Deinandra.fasciculata"
"3780","MTE3",2016-05-11,"2016","Navarretia","hamata",NA,1114.666667,NA,NA,NA,"Navarretia.hamata"
"3781","MTS2",2016-05-12,"2016","Adenostoma","fasciculatum",NA,152506.6667,NA,NA,NA,"Adenostoma.fasciculatum"
"3782","MTS2",2016-05-12,"2016","Eriastrum","filifolium",NA,1983.333333,NA,NA,NA,"Eriastrum.filifolium"
"3783","MTS2",2016-05-12,"2016","Chaenactis","glabriuscula",NA,16794.55556,NA,NA,NA,"Chaenactis.glabriuscula"
"3784","MTS2",2016-05-12,"2016","Osmadenia","tenella",NA,106,NA,NA,NA,"Osmadenia.tenella"
"3785","MTS2",2016-05-12,"2016","Salvia","apiana",NA,26592,NA,NA,NA,"Salvia.apiana"
"3786","MTS2",2016-05-12,"2016","Eriogonum","fasciculatum",NA,83263.7037,NA,NA,NA,"Eriogonum.fasciculatum"
"3787","MTS2",2016-05-12,"2016","Hirschfeldia","incana",NA,425367.7037,NA,NA,NA,"Hirschfeldia.incana"
"3788","MTS2",2016-05-12,"2016","Centaurea","melitensis",NA,4274.666667,NA,NA,NA,"Centaurea.melitensis"
"3789","MTS2",2016-05-12,"2016","Solanum","parishii",NA,390,NA,NA,NA,"Solanum.parishii"
"3790","MTS2",2016-05-12,"2016","Deinandra","fasciculata",NA,58685,NA,NA,NA,"Deinandra.fasciculata"
"3791","MTS2",2016-05-12,"2016","Salvia","mellifera",NA,216216,NA,NA,NA,"Salvia.mellifera"
"3792","MTS2",2016-05-12,"2016","Navarretia","hamata",NA,4651.111111,NA,NA,NA,"Navarretia.hamata"
"3793","MTS6",2016-05-12,"2016","Eriogonum","fasciculatum",NA,593600,NA,NA,NA,"Eriogonum.fasciculatum"
"3794","MTS6",2016-05-12,"2016","Deinandra","fasciculata",NA,268411.1111,NA,NA,NA,"Deinandra.fasciculata"
"3795","MTS6",2016-05-12,"2016","Lonicera","subspicata",NA,80,NA,NA,NA,"Lonicera.subspicata"
"3796","ECR5",2016-05-13,"2016","Salvia","mellifera",NA,360946.6667,NA,NA,NA,"Salvia.mellifera"
"3797","ECR5",2016-05-13,"2016","Navarretia","hamata",NA,1851.111111,NA,NA,NA,"Navarretia.hamata"
"3798","ECR5",2016-05-13,"2016","Eriogonum","fasciculatum",NA,2567055.556,NA,NA,NA,"Eriogonum.fasciculatum"
"3799","ECR5",2016-05-13,"2016","Chlorogalum","parviflorum",NA,232,NA,NA,NA,"Chlorogalum.parviflorum"
"3800","ECR5",2016-05-13,"2016","Chorizanthe","fimbriata",NA,1222.5,NA,NA,NA,"Chorizanthe.fimbriata"
"3801","ECR5",2016-05-13,"2016","Helianthemum","scoparium",NA,472,NA,NA,NA,"Helianthemum.scoparium"
"3802","ECR4",2016-05-13,"2016","Salvia","mellifera",NA,48288.88889,NA,NA,NA,"Salvia.mellifera"
"3803","ECR4",2016-05-13,"2016","Acmispon","glaber",NA,35360,NA,NA,NA,"Acmispon.glaber"
"3804","ECR4",2016-05-13,"2016","Eriogonum","fasciculatum",NA,3656936.111,NA,NA,NA,"Eriogonum.fasciculatum"
"3805","ECR4",2016-05-13,"2016","Antirrhinum","nuttallianum",NA,148,NA,NA,NA,"Antirrhinum.nuttallianum"
"3806","ECR4",2016-05-13,"2016","Centaurea","melitensis",NA,635,NA,NA,NA,"Centaurea.melitensis"
"3807","ECR4",2016-05-13,"2016","Deinandra","fasciculata",NA,399333.3333,NA,NA,NA,"Deinandra.fasciculata"
"3808","ECR4",2016-05-13,"2016","Chlorogalum","parviflorum",NA,27,NA,NA,NA,"Chlorogalum.parviflorum"
"3809","ECR4",2016-05-13,"2016","Eriophyllum","confertiflorum",NA,3093.333333,NA,NA,NA,"Eriophyllum.confertiflorum"
"3810","SWS3",2016-05-18,"2016","Eriogonum","fasciculatum",NA,1087661.111,NA,NA,NA,"Eriogonum.fasciculatum"
"3811","SWS3",2016-05-18,"2016","Gutierrezia","sarothrae",NA,33788.44444,NA,NA,NA,"Gutierrezia.sarothrae"
"3812","SWS3",2016-05-18,"2016","Deinandra","fasciculata",NA,289788,NA,NA,NA,"Deinandra.fasciculata"
"3813","SWS3",2016-05-18,"2016","Chorizanthe","fimbriata",NA,124822.2222,NA,NA,NA,"Chorizanthe.fimbriata"
"3814","SWS3",2016-05-18,"2016","Stephanomeria","diegensis",NA,79,NA,NA,NA,"Stephanomeria.diegensis"
"3815","SWS3",2016-05-18,"2016","Osmadenia","tenella",NA,840.6666667,NA,NA,NA,"Osmadenia.tenella"
"3816","SWS1",2016-05-18,"2016","Eriogonum","fasciculatum",NA,2072190.833,NA,NA,NA,"Eriogonum.fasciculatum"
"3817","SWS1",2016-05-18,"2016","Gutierrezia","sarothrae",NA,4254.25,NA,NA,NA,"Gutierrezia.sarothrae"
"3818","SWS1",2016-05-18,"2016","Cylindropuntia","prolifera",NA,21,NA,NA,NA,"Cylindropuntia.prolifera"
"3819","SWS1",2016-05-18,"2016","Deinandra","fasciculata",NA,213.5,NA,NA,NA,"Deinandra.fasciculata"
"3820","SWI4",2016-05-19,"2016","Gutierrezia","sarothrae",NA,616,NA,NA,NA,"Gutierrezia.sarothrae"
"3821","SWI4",2016-05-19,"2016","Eriogonum","fasciculatum",NA,4137466.667,NA,NA,NA,"Eriogonum.fasciculatum"
"3822","SWI4",2016-05-19,"2016","Hirschfeldia","incana",NA,28900,NA,NA,NA,"Hirschfeldia.incana"
"3823","SWI4",2016-05-19,"2016","Deinandra","fasciculata",NA,70560,NA,NA,NA,"Deinandra.fasciculata"
"3824","SWI4",2016-05-19,"2016","Antirrhinum","nuttallianum",NA,80,NA,NA,NA,"Antirrhinum.nuttallianum"
"3825","SWI4",2016-05-19,"2016","Malosma","laurina",NA,1001583.333,NA,NA,NA,"Malosma.laurina"
"3826","SWI4",2016-05-19,"2016","Malacothamnus","fasciculatus",NA,812.6666667,NA,NA,NA,"Malacothamnus.fasciculatus"
"3827","SWI4",2016-05-19,"2016","Centaurea","melitensis",NA,3328,NA,NA,NA,"Centaurea.melitensis"
"3828","SWEA",2016-05-19,"2016","Eriogonum","fasciculatum",NA,1997333.333,NA,NA,NA,"Eriogonum.fasciculatum"
"3829","SWEA",2016-05-19,"2016","Hirschfeldia","incana",NA,24873.11111,NA,NA,NA,"Hirschfeldia.incana"
"3830","SWEA",2016-05-19,"2016","Deinandra","fasciculata",NA,1120,NA,NA,NA,"Deinandra.fasciculata"
"3831","MTS1A",2016-06-01,"2016","Eriogonum","fasciculatum",NA,2331555.556,NA,NA,NA,"Eriogonum.fasciculatum"
"3832","MTS1A",2016-06-01,"2016","Centaurea","melitensis",NA,1430.666667,NA,NA,NA,"Centaurea.melitensis"
"3833","MTS1A",2016-06-01,"2016","Deinandra","fasciculata",NA,12506.66667,NA,NA,NA,"Deinandra.fasciculata"
"3834","MTS1A",2016-06-01,"2016","Zeltnera","venusta",NA,353.5,NA,NA,NA,"Zeltnera.venusta"
"3835","MTS1A",2016-06-01,"2016","Malosma","laurina",NA,34650,NA,NA,NA,"Malosma.laurina"
"3836","SWS10",2016-06-01,"2016","Parkinsonia","aculeata",NA,29394,NA,NA,NA,"Parkinsonia.aculeata"
"3837","SWS10",2016-06-01,"2016","Eriogonum","fasciculatum",NA,4472416.667,NA,NA,NA,"Eriogonum.fasciculatum"
"3838","SWS10",2016-06-01,"2016","Salvia","clevelandii",NA,3871.777778,NA,NA,NA,"Salvia.clevelandii"
"3839","MTE3",2016-06-02,"2016","Eriogonum","fasciculatum",NA,277787.6543,NA,NA,NA,"Eriogonum.fasciculatum"
"3840","MTE3",2016-06-02,"2016","Deinandra","fasciculata",NA,62626.66667,NA,NA,NA,"Deinandra.fasciculata"
"3841","MTE3",2016-06-02,"2016","Stephanomeria","diegensis",NA,120,NA,NA,NA,"Stephanomeria.diegensis"
"3842","MTE3",2016-06-02,"2016","Isocoma","menziesii",NA,1088,NA,NA,NA,"Isocoma.menziesii"
"3843","MTE3",2016-06-02,"2016","Gutierrezia","sarothrae",NA,568,NA,NA,NA,"Gutierrezia.sarothrae"
"3844","MTE3",2016-06-02,"2016","Chlorogalum","parviflorum",NA,103,NA,NA,NA,"Chlorogalum.parviflorum"
"3845","MTE4",2016-06-02,"2016","Eriophyllum","confertiflorum",NA,4766.666667,NA,NA,NA,"Eriophyllum.confertiflorum"
"3846","MTE4",2016-06-02,"2016","Eriogonum","fasciculatum",NA,326762.6667,NA,NA,NA,"Eriogonum.fasciculatum"
"3847","MTE4",2016-06-02,"2016","Gutierrezia","sarothrae",NA,2018.333333,NA,NA,NA,"Gutierrezia.sarothrae"
"3848","MTE4",2016-06-02,"2016","Deinandra","fasciculata",NA,1253.333333,NA,NA,NA,"Deinandra.fasciculata"
"3849","MTS2",2016-06-03,"2016","Stephanomeria","diegensis",NA,422.8333333,NA,NA,NA,"Stephanomeria.diegensis"
"3850","MTS2",2016-06-03,"2016","Chaenactis","glabriuscula",NA,3080,NA,NA,NA,"Chaenactis.glabriuscula"
"3851","MTS2",2016-06-03,"2016","Eriogonum","fasciculatum",NA,1290333.333,NA,NA,NA,"Eriogonum.fasciculatum"
"3852","MTS2",2016-06-03,"2016","Hirschfeldia","incana",NA,13904.16667,NA,NA,NA,"Hirschfeldia.incana"
"3853","MTS2",2016-06-03,"2016","Deinandra","fasciculata",NA,237120,NA,NA,NA,"Deinandra.fasciculata"
"3854","MTS6",2016-06-03,"2016","Eriogonum","fasciculatum",NA,624000,NA,NA,NA,"Eriogonum.fasciculatum"
"3855","MTS6",2016-06-03,"2016","Dudleya","pulverulenta",NA,43,NA,NA,NA,"Dudleya.pulverulenta"
"3856","MTS6",2016-06-03,"2016","Deinandra","fasciculata",NA,19404.44444,NA,NA,NA,"Deinandra.fasciculata"
"3857","ECR4",2016-06-07,"2016","Deinandra","fasciculata",NA,476000,NA,NA,NA,"Deinandra.fasciculata"
"3858","ECR4",2016-06-07,"2016","Eriogonum","fasciculatum",NA,816666.6667,NA,NA,NA,"Eriogonum.fasciculatum"
"3859","ECR4",2016-06-07,"2016","Antirrhinum","nuttallianum",NA,38,NA,NA,NA,"Antirrhinum.nuttallianum"
"3860","ECR4",2016-06-07,"2016","Chlorogalum","parviflorum",NA,38,NA,NA,NA,"Chlorogalum.parviflorum"
"3861","ECR4",2016-06-07,"2016","Stephanomeria","diegensis",NA,444,NA,NA,NA,"Stephanomeria.diegensis"
"3862","ECR4",2016-06-07,"2016","Adenostoma","fasciculatum",NA,29553.33333,NA,NA,NA,"Adenostoma.fasciculatum"
"3863","ECR4",2016-06-07,"2016","Eriophyllum","confertiflorum",NA,455,NA,NA,NA,"Eriophyllum.confertiflorum"
"3864","ECR5",2016-06-07,"2016","Chorizanthe","fimbriata",NA,440,NA,NA,NA,"Chorizanthe.fimbriata"
"3865","ECR5",2016-06-07,"2016","Adenostoma","fasciculatum",NA,34960,NA,NA,NA,"Adenostoma.fasciculatum"
"3866","ECR5",2016-06-07,"2016","Deinandra","fasciculata",NA,11220,NA,NA,NA,"Deinandra.fasciculata"
"3867","ECR5",2016-06-07,"2016","Eriogonum","fasciculatum",NA,1220266.667,NA,NA,NA,"Eriogonum.fasciculatum"
"3868","ECR5",2016-06-07,"2016","Chlorogalum","parviflorum",NA,308,NA,NA,NA,"Chlorogalum.parviflorum"
"3869","SWEA",2016-06-08,"2016","Eriogonum","fasciculatum",NA,152500,NA,NA,NA,"Eriogonum.fasciculatum"
"3870","SWEA",2016-06-08,"2016","Chlorogalum","parviflorum",NA,125,NA,NA,NA,"Chlorogalum.parviflorum"
"3871","SWEA",2016-06-08,"2016","Malosma","laurina",NA,30613.33333,NA,NA,NA,"Malosma.laurina"
"3872","SWI4",2016-06-08,"2016","Gutierrezia","sarothrae",NA,1687.777778,NA,NA,NA,"Gutierrezia.sarothrae"
"3873","SWI4",2016-06-08,"2016","Acourtia","microcephala",NA,1870,NA,NA,NA,"Acourtia.microcephala"
"3874","SWI4",2016-06-08,"2016","Eriogonum","fasciculatum",NA,1496250,NA,NA,NA,"Eriogonum.fasciculatum"
"3875","SWI4",2016-06-08,"2016","Deinandra","fasciculata",NA,29656.66667,NA,NA,NA,"Deinandra.fasciculata"
"3876","SWI4",2016-06-08,"2016","Malosma","laurina",NA,271440,NA,NA,NA,"Malosma.laurina"
"3877","SWI4",2016-06-08,"2016","Croton","setigerus",NA,1899.75,NA,NA,NA,"Croton.setigerus"
"3878","SWI4",2016-06-08,"2016","Antirrhinum","nuttallianum",NA,114,NA,NA,NA,"Antirrhinum.nuttallianum"
"3879","SWS3",2016-06-15,"2016","Stephanomeria","diegensis",NA,64,NA,NA,NA,"Stephanomeria.diegensis"
"3880","SWS3",2016-06-15,"2016","Chlorogalum","parviflorum",NA,23,NA,NA,NA,"Chlorogalum.parviflorum"
"3881","SWS3",2016-06-15,"2016","Deinandra","fasciculata",NA,17964.83333,NA,NA,NA,"Deinandra.fasciculata"
"3882","SWS3",2016-06-15,"2016","Gutierrezia","sarothrae",NA,266935,NA,NA,NA,"Gutierrezia.sarothrae"
"3883","SWS3",2016-06-15,"2016","Eriogonum","fasciculatum",NA,23111.11111,NA,NA,NA,"Eriogonum.fasciculatum"
"3884","SWS3",2016-06-15,"2016","Isocoma","menziesii",NA,58,NA,NA,NA,"Isocoma.menziesii"
"3885","SWS1",2016-06-15,"2016","Eriogonum","fasciculatum",NA,545372.5926,NA,NA,NA,"Eriogonum.fasciculatum"
"3886","SWS1",2016-06-15,"2016","Chlorogalum","parviflorum",NA,61,NA,NA,NA,"Chlorogalum.parviflorum"
"3887","SWS1",2016-06-15,"2016","Gutierrezia","sarothrae",NA,22105.55556,NA,NA,NA,"Gutierrezia.sarothrae"
"3888","SWS1",2016-06-15,"2016","Malosma","laurina",NA,164720,NA,NA,NA,"Malosma.laurina"
"3889","SWS10",2016-06-16,"2016","Eriogonum","fasciculatum",NA,785777.7778,NA,NA,NA,"Eriogonum.fasciculatum"
"3890","SWS10",2016-06-16,"2016","Parkinsonia","aculeata",NA,101660,NA,NA,NA,"Parkinsonia.aculeata"
"3891","SWS10",2016-06-16,"2016","Malosma","laurina",NA,109866.6667,NA,NA,NA,"Malosma.laurina"
"3892","MTS1A",2016-06-16,"2016","Eriogonum","fasciculatum",NA,427401.4815,NA,NA,NA,"Eriogonum.fasciculatum"
"3893","MTS1A",2016-06-16,"2016","Deinandra","fasciculata",NA,72846.66667,NA,NA,NA,"Deinandra.fasciculata"
"3894","MTS1A",2016-06-16,"2016","Malosma","laurina",NA,293333.3333,NA,NA,NA,"Malosma.laurina"
"3895","MTS1A",2016-06-16,"2016","Zeltnera","venusta",NA,505,NA,NA,NA,"Zeltnera.venusta"
"3896","MTS1A",2016-06-16,"2016","Centaurea","melitensis",NA,906,NA,NA,NA,"Centaurea.melitensis"
"3897","MTE3",2016-06-20,"2016","Deinandra","fasciculata",NA,47648.33333,NA,NA,NA,"Deinandra.fasciculata"
"3898","MTE3",2016-06-20,"2016","Gutierrezia","sarothrae",NA,2482.666667,NA,NA,NA,"Gutierrezia.sarothrae"
"3899","MTE3",2016-06-20,"2016","Stephanomeria","diegensis",NA,17,NA,NA,NA,"Stephanomeria.diegensis"
"3900","MTE3",2016-06-20,"2016","Malosma","laurina",NA,8750,NA,NA,NA,"Malosma.laurina"
"3901","MTE3",2016-06-20,"2016","Eriogonum","fasciculatum",NA,50282.22222,NA,NA,NA,"Eriogonum.fasciculatum"
"3902","MTE3",2016-06-20,"2016","Chlorogalum","parviflorum",NA,46,NA,NA,NA,"Chlorogalum.parviflorum"
"3903","MTE3",2016-06-20,"2016","Isocoma","menziesii",NA,2581.333333,NA,NA,NA,"Isocoma.menziesii"
"3904","MTE4",2016-06-20,"2016","Eriogonum","fasciculatum",NA,156940,NA,NA,NA,"Eriogonum.fasciculatum"
"3905","MTE4",2016-06-20,"2016","Gutierrezia","sarothrae",NA,6240,NA,NA,NA,"Gutierrezia.sarothrae"
"3906","MTE4",2016-06-20,"2016","Malosma","laurina",NA,47666.66667,NA,NA,NA,"Malosma.laurina"
"3907","MTE4",2016-06-20,"2016","Deinandra","fasciculata",NA,735,NA,NA,NA,"Deinandra.fasciculata"
"3908","MTS2",2016-06-22,"2016","Eriogonum","fasciculatum",NA,59995.83333,NA,NA,NA,"Eriogonum.fasciculatum"
"3909","MTS2",2016-06-22,"2016","Deinandra","fasciculata",NA,119370.6667,NA,NA,NA,"Deinandra.fasciculata"
"3910","MTS2",2016-06-22,"2016","Stephanomeria","diegensis",NA,178,NA,NA,NA,"Stephanomeria.diegensis"
"3911","MTS6",2016-06-22,"2016","Malosma","laurina",NA,19702.22222,NA,NA,NA,"Malosma.laurina"
"3912","MTS6",2016-06-22,"2016","Dudleya","pulverulenta",NA,57,NA,NA,NA,"Dudleya.pulverulenta"
"3913","MTS6",2016-06-22,"2016","Eriogonum","fasciculatum",NA,90666.66667,NA,NA,NA,"Eriogonum.fasciculatum"
"3914","ECR4",2016-06-23,"2016","Eriogonum","fasciculatum",NA,277911.1111,NA,NA,NA,"Eriogonum.fasciculatum"
"3915","ECR4",2016-06-23,"2016","Adenostoma","fasciculatum",NA,80906.66667,NA,NA,NA,"Adenostoma.fasciculatum"
"3916","ECR4",2016-06-23,"2016","Malosma","laurina",NA,317900,NA,NA,NA,"Malosma.laurina"
"3917","ECR4",2016-06-23,"2016","Deinandra","fasciculata",NA,47460,NA,NA,NA,"Deinandra.fasciculata"
"3918","ECR4",2016-06-23,"2016","Stephanomeria","diegensis",NA,121,NA,NA,NA,"Stephanomeria.diegensis"
"3919","ECR5",2016-06-23,"2016","Eriogonum","fasciculatum",NA,241795.5556,NA,NA,NA,"Eriogonum.fasciculatum"
"3920","ECR5",2016-06-23,"2016","Deinandra","fasciculata",NA,7632,NA,NA,NA,"Deinandra.fasciculata"
"3921","ECR5",2016-06-23,"2016","Malosma","laurina",NA,175000,NA,NA,NA,"Malosma.laurina"
"3922","ECR5",2016-06-23,"2016","Chlorogalum","parviflorum",NA,163,NA,NA,NA,"Chlorogalum.parviflorum"
"3923","ECR5",2016-06-23,"2016","Adenostoma","fasciculatum",NA,130592.6667,NA,NA,NA,"Adenostoma.fasciculatum"
"3924","SWI4",2016-06-28,"2016","Stephanomeria","diegensis",NA,52,NA,NA,NA,"Stephanomeria.diegensis"
"3925","SWI4",2016-06-28,"2016","Eriogonum","fasciculatum",NA,138841.2037,NA,NA,NA,"Eriogonum.fasciculatum"
"3926","SWI4",2016-06-28,"2016","Malosma","laurina",NA,133300,NA,NA,NA,"Malosma.laurina"
"3927","SWI4",2016-06-28,"2016","Gutierrezia","sarothrae",NA,680.5555556,NA,NA,NA,"Gutierrezia.sarothrae"
"3928","SWI4",2016-06-28,"2016","Croton","setigerus",NA,3669.5,NA,NA,NA,"Croton.setigerus"
"3929","SWEA",2016-06-28,"2016","Eriogonum","fasciculatum",NA,24082.5,NA,NA,NA,"Eriogonum.fasciculatum"
"3930","SWEA",2016-06-28,"2016","Malosma","laurina",NA,44640,NA,NA,NA,"Malosma.laurina"
"3931","SWEA",2016-06-28,"2016","Chlorogalum","parviflorum",NA,400,NA,NA,NA,"Chlorogalum.parviflorum"
"3932","SWS3",2016-06-29,"2016","Stephanomeria","diegensis",NA,180,NA,NA,NA,"Stephanomeria.diegensis"
"3933","SWS3",2016-06-29,"2016","Chlorogalum","parviflorum",NA,27,NA,NA,NA,"Chlorogalum.parviflorum"
"3934","SWS3",2016-06-29,"2016","Eriogonum","fasciculatum",NA,4560,NA,NA,NA,"Eriogonum.fasciculatum"
"3935","SWS3",2016-06-29,"2016","Malosma","laurina",NA,42404.44444,NA,NA,NA,"Malosma.laurina"
"3936","SWS3",2016-06-29,"2016","Gutierrezia","sarothrae",NA,58764.16667,NA,NA,NA,"Gutierrezia.sarothrae"
"3937","SWS3",2016-06-29,"2016","Isocoma","menziesii",NA,158.8888889,NA,NA,NA,"Isocoma.menziesii"
"3938","SWS1",2016-06-29,"2016","Eriogonum","fasciculatum",NA,20829.62963,NA,NA,NA,"Eriogonum.fasciculatum"
"3939","SWS1",2016-06-29,"2016","Malosma","laurina",NA,44315.55556,NA,NA,NA,"Malosma.laurina"
"3940","SWS1",2016-06-29,"2016","Gutierrezia","sarothrae",NA,7577.777778,NA,NA,NA,"Gutierrezia.sarothrae"
"3941","SWS1",2016-06-29,"2016","Chlorogalum","parviflorum",NA,85.5,NA,NA,NA,"Chlorogalum.parviflorum"
"3942","SWS10",2016-06-29,"2016","Eriogonum","fasciculatum",NA,50835.55556,NA,NA,NA,"Eriogonum.fasciculatum"
"3943","SWS10",2016-06-29,"2016","Malosma","laurina",NA,210168.8889,NA,NA,NA,"Malosma.laurina"
"3944","SWS10",2016-06-29,"2016","Parkinsonia","aculeata",NA,21632.33333,NA,NA,NA,"Parkinsonia.aculeata"
"3945","MTS2",2016-06-30,"2016","Malosma","laurina",NA,55350,NA,NA,NA,"Malosma.laurina"
"3946","MTS1A",2016-07-12,"2016","Deinandra","fasciculata",NA,10920,NA,NA,NA,"Deinandra.fasciculata"
"3947","MTS1A",2016-07-12,"2016","Gutierrezia","sarothrae",NA,3358.444444,NA,NA,NA,"Gutierrezia.sarothrae"
"3948","MTS1A",2016-07-12,"2016","Malosma","laurina",NA,324566.6667,NA,NA,NA,"Malosma.laurina"
"3949","MTS1A",2016-07-12,"2016","Eriogonum","fasciculatum",NA,1267,NA,NA,NA,"Eriogonum.fasciculatum"
"3950","MTE3",2016-07-12,"2016","Isocoma","menziesii",NA,7632,NA,NA,NA,"Isocoma.menziesii"
"3951","MTE3",2016-07-12,"2016","Gutierrezia","sarothrae",NA,2933.777778,NA,NA,NA,"Gutierrezia.sarothrae"
"3952","MTE3",2016-07-12,"2016","Malosma","laurina",NA,73666.66667,NA,NA,NA,"Malosma.laurina"
"3953","MTE3",2016-07-12,"2016","Stephanomeria","diegensis",NA,36,NA,NA,NA,"Stephanomeria.diegensis"
"3954","MTE4",2016-07-12,"2016","Gutierrezia","sarothrae",NA,4991,NA,NA,NA,"Gutierrezia.sarothrae"
"3955","MTE4",2016-07-12,"2016","Malosma","laurina",NA,289560,NA,NA,NA,"Malosma.laurina"
"3956","MTS2",2016-07-13,"2016","Stephanomeria","diegensis",NA,780,NA,NA,NA,"Stephanomeria.diegensis"
"3957","MTS2",2016-07-13,"2016","Malosma","laurina",NA,15326.66667,NA,NA,NA,"Malosma.laurina"
"3958","MTS2",2016-07-13,"2016","Eriogonum","fasciculatum",NA,25116,NA,NA,NA,"Eriogonum.fasciculatum"
"3959","MTS6",2016-07-13,"2016","Isocoma","menziesii",NA,960.6666667,NA,NA,NA,"Isocoma.menziesii"
"3960","ECR4",2016-07-14,"2016","Eriogonum","fasciculatum",NA,5406,NA,NA,NA,"Eriogonum.fasciculatum"
"3961","ECR4",2016-07-14,"2016","Adenostoma","fasciculatum",NA,35317.33333,NA,NA,NA,"Adenostoma.fasciculatum"
"3962","ECR4",2016-07-14,"2016","Stephanomeria","diegensis",NA,325,NA,NA,NA,"Stephanomeria.diegensis"
"3963","ECR5",2016-07-14,"2016","Malosma","laurina",NA,35450,NA,NA,NA,"Malosma.laurina"
"3964","MTE2",2011-04-12,"2011","Acmispon","glaber","6",NA,NA,NA,NA,"Acmispon.glaber"
"3965","MTE2",2011-04-26,"2011","Acmispon","glaber","6",NA,NA,NA,NA,"Acmispon.glaber"
"3966","MTE2",2011-05-07,"2011","Acmispon","glaber","1",NA,NA,NA,NA,"Acmispon.glaber"
"3967","MTI2",2011-04-12,"2011","Acmispon","glaber","8",NA,NA,NA,NA,"Acmispon.glaber"
"3968","MTI2",2011-04-26,"2011","Acmispon","glaber","7",NA,NA,NA,NA,"Acmispon.glaber"
"3969","MTI2",2011-05-07,"2011","Acmispon","glaber","3",NA,NA,NA,NA,"Acmispon.glaber"
"3970","MTI2",2011-05-19,"2011","Acmispon","glaber","1",NA,NA,NA,NA,"Acmispon.glaber"
"3971","MTLB1",2011-04-27,"2011","Acmispon","glaber","4",NA,NA,NA,NA,"Acmispon.glaber"
"3972","MTLB1",2011-05-03,"2011","Acmispon","glaber","4",NA,NA,NA,NA,"Acmispon.glaber"
"3973","SWI2",2011-04-13,"2011","Acmispon","glaber","3",NA,NA,NA,NA,"Acmispon.glaber"
"3974","SWI2",2011-04-19,"2011","Acmispon","glaber","3",NA,NA,NA,NA,"Acmispon.glaber"
"3975","SWI2",2011-05-04,"2011","Acmispon","glaber","3",NA,NA,NA,NA,"Acmispon.glaber"
"3976","SWS1",2011-04-14,"2011","Acmispon","glaber","1",NA,NA,NA,NA,"Acmispon.glaber"
"3977","SWS1",2011-04-28,"2011","Acmispon","glaber","1",NA,NA,NA,NA,"Acmispon.glaber"
"3978","SWS1",2011-05-11,"2011","Acmispon","glaber","1",NA,NA,NA,NA,"Acmispon.glaber"
"3979","SWS3",2011-04-14,"2011","Acmispon","glaber","6",NA,NA,NA,NA,"Acmispon.glaber"
"3980","SWS3",2011-04-28,"2011","Acmispon","glaber","6",NA,NA,NA,NA,"Acmispon.glaber"
"3981","SWS3",2011-05-11,"2011","Acmispon","glaber","1",NA,NA,NA,NA,"Acmispon.glaber"
"3982","MTLB1",2011-04-27,"2011","Adenostoma","fasciculatum","7",NA,NA,NA,NA,"Adenostoma.fasciculatum"
"3983","MTLB1",2011-05-03,"2011","Adenostoma","fasciculatum","7",NA,NA,NA,NA,"Adenostoma.fasciculatum"
"3984","MTLB1",2011-05-12,"2011","Adenostoma","fasciculatum","4",NA,NA,NA,NA,"Adenostoma.fasciculatum"
"3985","MTLB1",2011-05-24,"2011","Adenostoma","fasciculatum","2",NA,NA,NA,NA,"Adenostoma.fasciculatum"
"3986","MTS1A",2011-04-27,"2011","Anagalis","arvensis","3",NA,NA,NA,NA,"Anagalis.arvensis"
"3987","MTS1A",2011-05-03,"2011","Anagalis","arvensis","3",NA,NA,NA,NA,"Anagalis.arvensis"
"3988","SWS1",2011-04-14,"2011","Astragalus","trichopoduss","5",NA,NA,NA,NA,"Astragalus.trichopoduss"
"3989","SWS1",2011-04-28,"2011","Astragalus","trichopoduss","4",NA,NA,NA,NA,"Astragalus.trichopoduss"
"3990","MTE2",2011-04-12,"2011","Bahiopsis","laciniata","6",NA,NA,NA,NA,"Bahiopsis.laciniata"
"3991","MTE2",2011-04-26,"2011","Bahiopsis","laciniata","6",NA,NA,NA,NA,"Bahiopsis.laciniata"
"3992","MTE2",2011-05-07,"2011","Bahiopsis","laciniata","6",NA,NA,NA,NA,"Bahiopsis.laciniata"
"3993","MTE2",2011-05-19,"2011","Bahiopsis","laciniata","4",NA,NA,NA,NA,"Bahiopsis.laciniata"
"3994","MTE2",2011-05-31,"2011","Bahiopsis","laciniata","2",NA,NA,NA,NA,"Bahiopsis.laciniata"
"3995","MTE2",2011-06-15,"2011","Bahiopsis","laciniata","2",NA,NA,NA,NA,"Bahiopsis.laciniata"
"3996","MTE2",2011-07-06,"2011","Bahiopsis","laciniata","1",NA,NA,NA,NA,"Bahiopsis.laciniata"
"3997","MTI2",2011-04-12,"2011","Bahiopsis","laciniata","6",NA,NA,NA,NA,"Bahiopsis.laciniata"
"3998","MTI2",2011-04-26,"2011","Bahiopsis","laciniata","6",NA,NA,NA,NA,"Bahiopsis.laciniata"
"3999","MTI2",2011-05-07,"2011","Bahiopsis","laciniata","6",NA,NA,NA,NA,"Bahiopsis.laciniata"
"4000","MTI2",2011-05-19,"2011","Bahiopsis","laciniata","4",NA,NA,NA,NA,"Bahiopsis.laciniata"
"4001","MTI2",2011-05-31,"2011","Bahiopsis","laciniata","4",NA,NA,NA,NA,"Bahiopsis.laciniata"
"4002","MTI2",2011-06-15,"2011","Bahiopsis","laciniata","4",NA,NA,NA,NA,"Bahiopsis.laciniata"
"4003","MTI2",2011-07-06,"2011","Bahiopsis","laciniata","1",NA,NA,NA,NA,"Bahiopsis.laciniata"
"4004","MTS1A",2011-04-27,"2011","Bahiopsis","laciniata","5",NA,NA,NA,NA,"Bahiopsis.laciniata"
"4005","MTS1A",2011-05-03,"2011","Bahiopsis","laciniata","5",NA,NA,NA,NA,"Bahiopsis.laciniata"
"4006","MTS1A",2011-05-12,"2011","Bahiopsis","laciniata","5",NA,NA,NA,NA,"Bahiopsis.laciniata"
"4007","MTS1A",2011-05-24,"2011","Bahiopsis","laciniata","2",NA,NA,NA,NA,"Bahiopsis.laciniata"
"4008","MTS1A",2011-06-13,"2011","Bahiopsis","laciniata","1",NA,NA,NA,NA,"Bahiopsis.laciniata"
"4009","MTS1A",2011-06-27,"2011","Bahiopsis","laciniata","1",NA,NA,NA,NA,"Bahiopsis.laciniata"
"4010","SWEA",2011-04-13,"2011","Bahiopsis","laciniata","7",NA,NA,NA,NA,"Bahiopsis.laciniata"
"4011","SWEA",2011-04-19,"2011","Bahiopsis","laciniata","7",NA,NA,NA,NA,"Bahiopsis.laciniata"
"4012","SWEA",2011-05-04,"2011","Bahiopsis","laciniata","7",NA,NA,NA,NA,"Bahiopsis.laciniata"
"4013","SWEA",2011-05-20,"2011","Bahiopsis","laciniata","7",NA,NA,NA,NA,"Bahiopsis.laciniata"
"4014","SWEA",2011-06-01,"2011","Bahiopsis","laciniata","7",NA,NA,NA,NA,"Bahiopsis.laciniata"
"4015","SWEA",2011-06-21,"2011","Bahiopsis","laciniata","2",NA,NA,NA,NA,"Bahiopsis.laciniata"
"4016","SWI2",2011-04-13,"2011","Bahiopsis","laciniata","10",NA,NA,NA,NA,"Bahiopsis.laciniata"
"4017","SWI2",2011-04-19,"2011","Bahiopsis","laciniata","10",NA,NA,NA,NA,"Bahiopsis.laciniata"
"4018","SWI2",2011-05-04,"2011","Bahiopsis","laciniata","10",NA,NA,NA,NA,"Bahiopsis.laciniata"
"4019","SWI2",2011-05-20,"2011","Bahiopsis","laciniata","9",NA,NA,NA,NA,"Bahiopsis.laciniata"
"4020","SWI2",2011-06-01,"2011","Bahiopsis","laciniata","7",NA,NA,NA,NA,"Bahiopsis.laciniata"
"4021","SWI2",2011-06-21,"2011","Bahiopsis","laciniata","1",NA,NA,NA,NA,"Bahiopsis.laciniata"
"4022","SWS1",2011-04-14,"2011","Bahiopsis","laciniata","10",NA,NA,NA,NA,"Bahiopsis.laciniata"
"4023","SWS1",2011-04-28,"2011","Bahiopsis","laciniata","10",NA,NA,NA,NA,"Bahiopsis.laciniata"
"4024","SWS1",2011-05-11,"2011","Bahiopsis","laciniata","7",NA,NA,NA,NA,"Bahiopsis.laciniata"
"4025","SWS1",2011-05-25,"2011","Bahiopsis","laciniata","4",NA,NA,NA,NA,"Bahiopsis.laciniata"
"4026","SWS3",2011-04-14,"2011","Bahiopsis","laciniata","3",NA,NA,NA,NA,"Bahiopsis.laciniata"
"4027","SWS3",2011-04-28,"2011","Bahiopsis","laciniata","3",NA,NA,NA,NA,"Bahiopsis.laciniata"
"4028","SWS3",2011-05-11,"2011","Bahiopsis","laciniata","3",NA,NA,NA,NA,"Bahiopsis.laciniata"
"4029","SWS3",2011-05-25,"2011","Bahiopsis","laciniata","1",NA,NA,NA,NA,"Bahiopsis.laciniata"
"4030","SWS3",2011-06-14,"2011","Bahiopsis","laciniata","1",NA,NA,NA,NA,"Bahiopsis.laciniata"
"4031","MTE2",2011-05-07,"2011","Bloomeria","","1",NA,NA,NA,NA,"Bloomeria"
"4032","MTLB1",2011-04-27,"2011","Bloomeria","","2",NA,NA,NA,NA,"Bloomeria"
"4033","MTLB1",2011-05-03,"2011","Bloomeria","","2",NA,NA,NA,NA,"Bloomeria"
"4034","MTS1A",2011-04-27,"2011","Hirschfeldia","incana","4",NA,NA,NA,NA,"Hirschfeldia.incana"
"4035","MTS1A",2011-05-03,"2011","Hirschfeldia","incana","4",NA,NA,NA,NA,"Hirschfeldia.incana"
"4036","MTS1A",2011-05-12,"2011","Hirschfeldia","incana","2",NA,NA,NA,NA,"Hirschfeldia.incana"
"4037","MTS1A",2011-05-24,"2011","Hirschfeldia","incana","2",NA,NA,NA,NA,"Hirschfeldia.incana"
"4038","MTS1A",2011-06-13,"2011","Hirschfeldia","incana","2",NA,NA,NA,NA,"Hirschfeldia.incana"
"4039","MTS1A",2011-06-27,"2011","Hirschfeldia","incana","2",NA,NA,NA,NA,"Hirschfeldia.incana"
"4040","MTS1A",2011-07-13,"2011","Hirschfeldia","incana","1",NA,NA,NA,NA,"Hirschfeldia.incana"
"4041","SWEA",2011-04-13,"2011","Hirschfeldia","incana","4",NA,NA,NA,NA,"Hirschfeldia.incana"
"4042","SWEA",2011-04-19,"2011","Hirschfeldia","incana","4",NA,NA,NA,NA,"Hirschfeldia.incana"
"4043","SWEA",2011-05-04,"2011","Hirschfeldia","incana","4",NA,NA,NA,NA,"Hirschfeldia.incana"
"4044","SWEA",2011-05-20,"2011","Hirschfeldia","incana","2",NA,NA,NA,NA,"Hirschfeldia.incana"
"4045","SWEA",2011-06-01,"2011","Hirschfeldia","incana","1",NA,NA,NA,NA,"Hirschfeldia.incana"
"4046","SWEA",2011-06-21,"2011","Hirschfeldia","incana","1",NA,NA,NA,NA,"Hirschfeldia.incana"
"4047","SWEA",2011-07-05,"2011","Hirschfeldia","incana","1",NA,NA,NA,NA,"Hirschfeldia.incana"
"4048","SWEA",2011-07-18,"2011","Hirschfeldia","incana","1",NA,NA,NA,NA,"Hirschfeldia.incana"
"4049","SWI2",2011-04-13,"2011","Hirschfeldia","incana","6",NA,NA,NA,NA,"Hirschfeldia.incana"
"4050","SWI2",2011-04-19,"2011","Hirschfeldia","incana","6",NA,NA,NA,NA,"Hirschfeldia.incana"
"4051","SWI2",2011-05-04,"2011","Hirschfeldia","incana","4",NA,NA,NA,NA,"Hirschfeldia.incana"
"4052","SWI2",2011-05-20,"2011","Hirschfeldia","incana","2",NA,NA,NA,NA,"Hirschfeldia.incana"
"4053","SWI2",2011-06-01,"2011","Hirschfeldia","incana","2",NA,NA,NA,NA,"Hirschfeldia.incana"
"4054","SWI2",2011-06-21,"2011","Hirschfeldia","incana","1",NA,NA,NA,NA,"Hirschfeldia.incana"
"4055","SWI2",2011-07-05,"2011","Hirschfeldia","incana","1",NA,NA,NA,NA,"Hirschfeldia.incana"
"4056","SWI2",2011-07-18,"2011","Hirschfeldia","incana","1",NA,NA,NA,NA,"Hirschfeldia.incana"
"4057","SWS1",2011-04-14,"2011","Hirschfeldia","incana","7",NA,NA,NA,NA,"Hirschfeldia.incana"
"4058","SWS1",2011-04-28,"2011","Hirschfeldia","incana","7",NA,NA,NA,NA,"Hirschfeldia.incana"
"4059","SWS1",2011-05-11,"2011","Hirschfeldia","incana","4",NA,NA,NA,NA,"Hirschfeldia.incana"
"4060","SWS1",2011-05-25,"2011","Hirschfeldia","incana","4",NA,NA,NA,NA,"Hirschfeldia.incana"
"4061","SWS1",2011-06-14,"2011","Hirschfeldia","incana","2",NA,NA,NA,NA,"Hirschfeldia.incana"
"4062","SWS1",2011-06-28,"2011","Hirschfeldia","incana","2",NA,NA,NA,NA,"Hirschfeldia.incana"
"4063","MTE2",2011-04-26,"2011","Calochortus","splendens","1",NA,NA,NA,NA,"Calochortus.splendens"
"4064","MTE2",2011-05-07,"2011","Calochortus","splendens","2",NA,NA,NA,NA,"Calochortus.splendens"
"4065","MTE2",2011-05-19,"2011","Calochortus","splendens","1",NA,NA,NA,NA,"Calochortus.splendens"
"4066","MTI2",2011-05-07,"2011","Calochortus","splendens","2",NA,NA,NA,NA,"Calochortus.splendens"
"4067","MTI2",2011-05-19,"2011","Calochortus","splendens","2",NA,NA,NA,NA,"Calochortus.splendens"
"4068","MTI2",2011-05-31,"2011","Calochortus","splendens","2",NA,NA,NA,NA,"Calochortus.splendens"
"4069","MTI2",2011-06-15,"2011","Calochortus","splendens","2",NA,NA,NA,NA,"Calochortus.splendens"
"4070","SWS3",2011-04-14,"2011","Calochortus","splendens","1",NA,NA,NA,NA,"Calochortus.splendens"
"4071","SWS3",2011-04-28,"2011","Calochortus","splendens","2",NA,NA,NA,NA,"Calochortus.splendens"
"4072","SWS3",2011-05-11,"2011","Calochortus","splendens","2",NA,NA,NA,NA,"Calochortus.splendens"
"4073","SWS3",2011-05-25,"2011","Calochortus","splendens","1",NA,NA,NA,NA,"Calochortus.splendens"
"4074","MTE2",2011-05-07,"2011","Calystegia","macrostegia","3",NA,NA,NA,NA,"Calystegia.macrostegia"
"4075","MTE2",2011-05-19,"2011","Calystegia","macrostegia","2",NA,NA,NA,NA,"Calystegia.macrostegia"
"4076","MTE2",2011-05-31,"2011","Calystegia","macrostegia","1",NA,NA,NA,NA,"Calystegia.macrostegia"
"4077","MTI2",2011-04-12,"2011","Calystegia","macrostegia","2",NA,NA,NA,NA,"Calystegia.macrostegia"
"4078","MTI2",2011-04-26,"2011","Calystegia","macrostegia","3",NA,NA,NA,NA,"Calystegia.macrostegia"
"4079","MTI2",2011-05-07,"2011","Calystegia","macrostegia","4",NA,NA,NA,NA,"Calystegia.macrostegia"
"4080","MTI2",2011-05-19,"2011","Calystegia","macrostegia","4",NA,NA,NA,NA,"Calystegia.macrostegia"
"4081","MTI2",2011-05-31,"2011","Calystegia","macrostegia","2",NA,NA,NA,NA,"Calystegia.macrostegia"
"4082","MTI2",2011-06-15,"2011","Calystegia","macrostegia","2",NA,NA,NA,NA,"Calystegia.macrostegia"
"4083","MTI2",2011-07-06,"2011","Calystegia","macrostegia","1",NA,NA,NA,NA,"Calystegia.macrostegia"
"4084","SWI2",2011-04-13,"2011","Calystegia","macrostegia","1",NA,NA,NA,NA,"Calystegia.macrostegia"
"4085","SWI2",2011-04-19,"2011","Calystegia","macrostegia","1",NA,NA,NA,NA,"Calystegia.macrostegia"
"4086","SWI2",2011-05-04,"2011","Calystegia","macrostegia","1",NA,NA,NA,NA,"Calystegia.macrostegia"
"4087","SWS1",2011-04-14,"2011","Calystegia","macrostegia","1",NA,NA,NA,NA,"Calystegia.macrostegia"
"4088","SWS1",2011-04-28,"2011","Calystegia","macrostegia","1",NA,NA,NA,NA,"Calystegia.macrostegia"
"4089","SWS1",2011-05-11,"2011","Calystegia","macrostegia","1",NA,NA,NA,NA,"Calystegia.macrostegia"
"4090","MTI2",2011-04-12,"2011","Castilleja","","2",NA,NA,NA,NA,"Castilleja"
"4091","MTI2",2011-04-26,"2011","Castilleja","","2",NA,NA,NA,NA,"Castilleja"
"4092","MTI2",2011-05-07,"2011","Castilleja","","2",NA,NA,NA,NA,"Castilleja"
"4093","MTI2",2011-05-19,"2011","Castilleja","","1",NA,NA,NA,NA,"Castilleja"
"4094","MTI2",2011-05-31,"2011","Castilleja","","2",NA,NA,NA,NA,"Castilleja"
"4095","MTE2",2011-05-31,"2011","Centaurea","melitensis","1",NA,NA,NA,NA,"Centaurea.melitensis"
"4096","MTS1A",2011-05-24,"2011","Centaurea","melitensis","1",NA,NA,NA,NA,"Centaurea.melitensis"
"4097","MTS1A",2011-06-13,"2011","Centaurea","melitensis","1",NA,NA,NA,NA,"Centaurea.melitensis"
"4098","SWS1",2011-04-28,"2011","Centaurea","melitensis","3",NA,NA,NA,NA,"Centaurea.melitensis"
"4099","SWS1",2011-05-11,"2011","Centaurea","melitensis","2",NA,NA,NA,NA,"Centaurea.melitensis"
"4100","SWS1",2011-05-25,"2011","Centaurea","melitensis","2",NA,NA,NA,NA,"Centaurea.melitensis"
"4101","SWS3",2011-04-14,"2011","Chaenactis","gabriuscula","1",NA,NA,NA,NA,"Chaenactis.gabriuscula"
"4102","SWS3",2011-04-28,"2011","Chaenactis","gabriuscula","5",NA,NA,NA,NA,"Chaenactis.gabriuscula"
"4103","SWS3",2011-05-11,"2011","Chaenactis","gabriuscula","5",NA,NA,NA,NA,"Chaenactis.gabriuscula"
"4104","SWS3",2011-05-25,"2011","Chaenactis","gabriuscula","5",NA,NA,NA,NA,"Chaenactis.gabriuscula"
"4105","SWS3",2011-06-14,"2011","Chaenactis","gabriuscula","1",NA,NA,NA,NA,"Chaenactis.gabriuscula"
"4106","MTI2",2011-05-07,"2011","Chorizanthe","fimbriata","6",NA,NA,NA,NA,"Chorizanthe.fimbriata"
"4107","MTI2",2011-05-19,"2011","Chorizanthe","fimbriata","7",NA,NA,NA,NA,"Chorizanthe.fimbriata"
"4108","MTI2",2011-05-31,"2011","Chorizanthe","fimbriata","7",NA,NA,NA,NA,"Chorizanthe.fimbriata"
"4109","MTI2",2011-06-15,"2011","Chorizanthe","fimbriata","3",NA,NA,NA,NA,"Chorizanthe.fimbriata"
"4110","MTI2",2011-07-06,"2011","Chorizanthe","fimbriata","1",NA,NA,NA,NA,"Chorizanthe.fimbriata"
"4111","SWI2",2011-05-04,"2011","Chorizanthe","fimbriata","3",NA,NA,NA,NA,"Chorizanthe.fimbriata"
"4112","SWI2",2011-05-20,"2011","Chorizanthe","fimbriata","3",NA,NA,NA,NA,"Chorizanthe.fimbriata"
"4113","SWI2",2011-06-01,"2011","Chorizanthe","fimbriata","3",NA,NA,NA,NA,"Chorizanthe.fimbriata"
"4114","SWS3",2011-04-28,"2011","Chorizanthe","fimbriata","3",NA,NA,NA,NA,"Chorizanthe.fimbriata"
"4115","SWS3",2011-05-11,"2011","Chorizanthe","fimbriata","3",NA,NA,NA,NA,"Chorizanthe.fimbriata"
"4116","SWS3",2011-05-25,"2011","Chorizanthe","fimbriata","3",NA,NA,NA,NA,"Chorizanthe.fimbriata"
"4117","SWS3",2011-06-14,"2011","Chorizanthe","fimbriata","1",NA,NA,NA,NA,"Chorizanthe.fimbriata"
"4118","SWS3",2011-06-28,"2011","Chorizanthe","fimbriata","1",NA,NA,NA,NA,"Chorizanthe.fimbriata"
"4119","MTS1A",2011-04-27,"2011","Chrysanthemum","coronarium","10",NA,NA,NA,NA,"Chrysanthemum.coronarium"
"4120","MTS1A",2011-05-03,"2011","Chrysanthemum","coronarium","10",NA,NA,NA,NA,"Chrysanthemum.coronarium"
"4121","MTS1A",2011-05-12,"2011","Chrysanthemum","coronarium","7",NA,NA,NA,NA,"Chrysanthemum.coronarium"
"4122","MTS1A",2011-05-24,"2011","Chrysanthemum","coronarium","4",NA,NA,NA,NA,"Chrysanthemum.coronarium"
"4123","SWI2",2011-04-13,"2011","Chrysanthemum","coronarium","7",NA,NA,NA,NA,"Chrysanthemum.coronarium"
"4124","SWI2",2011-04-19,"2011","Chrysanthemum","coronarium","7",NA,NA,NA,NA,"Chrysanthemum.coronarium"
"4125","SWI2",2011-05-04,"2011","Chrysanthemum","coronarium","1",NA,NA,NA,NA,"Chrysanthemum.coronarium"
"4126","SWS1",2011-04-14,"2011","Chrysanthemum","coronarium","1",NA,NA,NA,NA,"Chrysanthemum.coronarium"
"4127","SWS1",2011-04-28,"2011","Chrysanthemum","coronarium","1",NA,NA,NA,NA,"Chrysanthemum.coronarium"
"4128","SWS3",2011-04-14,"2011","Chrysanthemum","coronarium","1",NA,NA,NA,NA,"Chrysanthemum.coronarium"
"4129","SWS3",2011-04-28,"2011","Chrysanthemum","coronarium","1",NA,NA,NA,NA,"Chrysanthemum.coronarium"
"4130","SWS3",2011-06-14,"2011","Croton","setigerus","2",NA,NA,NA,NA,"Croton.setigerus"
"4131","SWS3",2011-06-28,"2011","Croton","setigerus","3",NA,NA,NA,NA,"Croton.setigerus"
"4132","SWS3",2011-07-15,"2011","Croton","setigerus","3",NA,NA,NA,NA,"Croton.setigerus"
"4133","SWS3",2011-08-03,"2011","Croton","setigerus","2",NA,NA,NA,NA,"Croton.setigerus"
"4134","SWS3",2011-08-17,"2011","Croton","setigerus","1",NA,NA,NA,NA,"Croton.setigerus"
"4135","SWEA",2011-04-13,"2011","Cryptantha","intermedia","2",NA,NA,NA,NA,"Cryptantha.intermedia"
"4136","SWEA",2011-04-19,"2011","Cryptantha","intermedia","2",NA,NA,NA,NA,"Cryptantha.intermedia"
"4137","SWEA",2011-05-04,"2011","Cryptantha","intermedia","2",NA,NA,NA,NA,"Cryptantha.intermedia"
"4138","SWEA",2011-05-20,"2011","Cryptantha","intermedia","1",NA,NA,NA,NA,"Cryptantha.intermedia"
"4139","SWI2",2011-04-13,"2011","Cryptantha","intermedia","3",NA,NA,NA,NA,"Cryptantha.intermedia"
"4140","SWI2",2011-04-19,"2011","Cryptantha","intermedia","3",NA,NA,NA,NA,"Cryptantha.intermedia"
"4141","SWI2",2011-05-04,"2011","Cryptantha","intermedia","2",NA,NA,NA,NA,"Cryptantha.intermedia"
"4142","SWI2",2011-05-20,"2011","Cryptantha","intermedia","1",NA,NA,NA,NA,"Cryptantha.intermedia"
"4143","SWS3",2011-04-14,"2011","Cryptantha","intermedia","1",NA,NA,NA,NA,"Cryptantha.intermedia"
"4144","SWS3",2011-04-28,"2011","Cryptantha","intermedia","1",NA,NA,NA,NA,"Cryptantha.intermedia"
"4145","MTLB1",2011-05-12,"2011","Deinandra","fasciculata","2",NA,NA,NA,NA,"Deinandra.fasciculata"
"4146","MTLB1",2011-05-24,"2011","Deinandra","fasciculata","3",NA,NA,NA,NA,"Deinandra.fasciculata"
"4147","MTLB1",2011-06-13,"2011","Deinandra","fasciculata","3",NA,NA,NA,NA,"Deinandra.fasciculata"
"4148","MTLB1",2011-06-27,"2011","Deinandra","fasciculata","3",NA,NA,NA,NA,"Deinandra.fasciculata"
"4149","MTLB1",2011-07-13,"2011","Deinandra","fasciculata","2",NA,NA,NA,NA,"Deinandra.fasciculata"
"4150","MTLB1",2011-08-01,"2011","Deinandra","fasciculata","1",NA,NA,NA,NA,"Deinandra.fasciculata"
"4151","MTLB1",2011-08-17,"2011","Deinandra","fasciculata","1",NA,NA,NA,NA,"Deinandra.fasciculata"
"4152","MTS1A",2011-05-12,"2011","Deinandra","fasciculata","3",NA,NA,NA,NA,"Deinandra.fasciculata"
"4153","MTS1A",2011-05-24,"2011","Deinandra","fasciculata","8",NA,NA,NA,NA,"Deinandra.fasciculata"
"4154","MTS1A",2011-06-13,"2011","Deinandra","fasciculata","9",NA,NA,NA,NA,"Deinandra.fasciculata"
"4155","MTS1A",2011-06-27,"2011","Deinandra","fasciculata","9",NA,NA,NA,NA,"Deinandra.fasciculata"
"4156","MTS1A",2011-07-13,"2011","Deinandra","fasciculata","7",NA,NA,NA,NA,"Deinandra.fasciculata"
"4157","MTS1A",2011-08-01,"2011","Deinandra","fasciculata","4",NA,NA,NA,NA,"Deinandra.fasciculata"
"4158","MTS1A",2011-08-17,"2011","Deinandra","fasciculata","1",NA,NA,NA,NA,"Deinandra.fasciculata"
"4159","SWS3",2011-05-11,"2011","Deinandra","fasciculata","3",NA,NA,NA,NA,"Deinandra.fasciculata"
"4160","SWS3",2011-05-25,"2011","Deinandra","fasciculata","6",NA,NA,NA,NA,"Deinandra.fasciculata"
"4161","SWS3",2011-06-14,"2011","Deinandra","fasciculata","7",NA,NA,NA,NA,"Deinandra.fasciculata"
"4162","SWS3",2011-06-28,"2011","Deinandra","fasciculata","6",NA,NA,NA,NA,"Deinandra.fasciculata"
"4163","SWS3",2011-07-15,"2011","Deinandra","fasciculata","2",NA,NA,NA,NA,"Deinandra.fasciculata"
"4164","SWS3",2011-08-03,"2011","Deinandra","fasciculata","1",NA,NA,NA,NA,"Deinandra.fasciculata"
"4165","SWS3",2011-08-17,"2011","Deinandra","fasciculata","1",NA,NA,NA,NA,"Deinandra.fasciculata"
"4166","MTS1A",2011-04-27,"2011","Dichelostemma","capitatum","2",NA,NA,NA,NA,"Dichelostemma.capitatum"
"4167","MTS1A",2011-05-03,"2011","Dichelostemma","capitatum","2",NA,NA,NA,NA,"Dichelostemma.capitatum"
"4168","MTE2",2011-04-26,"2011","Encelia","californica","2",NA,NA,NA,NA,"Encelia.californica"
"4169","MTE2",2011-05-07,"2011","Encelia","californica","2",NA,NA,NA,NA,"Encelia.californica"
"4170","MTE2",2011-05-19,"2011","Encelia","californica","2",NA,NA,NA,NA,"Encelia.californica"
"4171","SWI2",2011-04-13,"2011","Encelia","californica","1",NA,NA,NA,NA,"Encelia.californica"
"4172","SWI2",2011-04-19,"2011","Encelia","californica","1",NA,NA,NA,NA,"Encelia.californica"
"4173","SWI2",2011-05-04,"2011","Encelia","californica","1",NA,NA,NA,NA,"Encelia.californica"
"4174","SWS3",2011-04-14,"2011","Encelia","californica","1",NA,NA,NA,NA,"Encelia.californica"
"4175","SWS3",2011-04-28,"2011","Encelia","californica","1",NA,NA,NA,NA,"Encelia.californica"
"4176","SWI2",2011-04-13,"2011","Encelia","farinosa","1",NA,NA,NA,NA,"Encelia.farinosa"
"4177","SWI2",2011-04-19,"2011","Encelia","farinosa","1",NA,NA,NA,NA,"Encelia.farinosa"
"4178","SWI2",2011-05-04,"2011","Encelia","farinosa","1",NA,NA,NA,NA,"Encelia.farinosa"
"4179","MTE2",2011-04-12,"2011","Eriogonum","fasciculatum","3",NA,NA,NA,NA,"Eriogonum.fasciculatum"
"4180","MTE2",2011-04-26,"2011","Eriogonum","fasciculatum","3",NA,NA,NA,NA,"Eriogonum.fasciculatum"
"4181","MTE2",2011-05-07,"2011","Eriogonum","fasciculatum","3",NA,NA,NA,NA,"Eriogonum.fasciculatum"
"4182","MTE2",2011-05-19,"2011","Eriogonum","fasciculatum","3",NA,NA,NA,NA,"Eriogonum.fasciculatum"
"4183","MTE2",2011-05-31,"2011","Eriogonum","fasciculatum","3",NA,NA,NA,NA,"Eriogonum.fasciculatum"
"4184","MTE2",2011-06-15,"2011","Eriogonum","fasciculatum","3",NA,NA,NA,NA,"Eriogonum.fasciculatum"
"4185","MTE2",2011-07-06,"2011","Eriogonum","fasciculatum","3",NA,NA,NA,NA,"Eriogonum.fasciculatum"
"4186","MTE2",2011-07-20,"2011","Eriogonum","fasciculatum","1",NA,NA,NA,NA,"Eriogonum.fasciculatum"
"4187","MTE2",2011-08-08,"2011","Eriogonum","fasciculatum","1",NA,NA,NA,NA,"Eriogonum.fasciculatum"
"4188","MTI2",2011-04-12,"2011","Eriogonum","fasciculatum","4",NA,NA,NA,NA,"Eriogonum.fasciculatum"
"4189","MTI2",2011-04-26,"2011","Eriogonum","fasciculatum","4",NA,NA,NA,NA,"Eriogonum.fasciculatum"
"4190","MTI2",2011-05-07,"2011","Eriogonum","fasciculatum","4",NA,NA,NA,NA,"Eriogonum.fasciculatum"
"4191","MTI2",2011-05-19,"2011","Eriogonum","fasciculatum","4",NA,NA,NA,NA,"Eriogonum.fasciculatum"
"4192","MTI2",2011-05-31,"2011","Eriogonum","fasciculatum","2",NA,NA,NA,NA,"Eriogonum.fasciculatum"
"4193","MTI2",2011-06-15,"2011","Eriogonum","fasciculatum","2",NA,NA,NA,NA,"Eriogonum.fasciculatum"
"4194","MTI2",2011-07-06,"2011","Eriogonum","fasciculatum","1",NA,NA,NA,NA,"Eriogonum.fasciculatum"
"4195","MTI2",2011-07-20,"2011","Eriogonum","fasciculatum","1",NA,NA,NA,NA,"Eriogonum.fasciculatum"
"4196","MTI2",2011-08-08,"2011","Eriogonum","fasciculatum","1",NA,NA,NA,NA,"Eriogonum.fasciculatum"
"4197","MTLB1",2011-04-27,"2011","Eriogonum","fasciculatum","8",NA,NA,NA,NA,"Eriogonum.fasciculatum"
"4198","MTLB1",2011-05-03,"2011","Eriogonum","fasciculatum","8",NA,NA,NA,NA,"Eriogonum.fasciculatum"
"4199","MTLB1",2011-05-12,"2011","Eriogonum","fasciculatum","8",NA,NA,NA,NA,"Eriogonum.fasciculatum"
"4200","MTLB1",2011-05-24,"2011","Eriogonum","fasciculatum","6",NA,NA,NA,NA,"Eriogonum.fasciculatum"
"4201","MTLB1",2011-06-13,"2011","Eriogonum","fasciculatum","6",NA,NA,NA,NA,"Eriogonum.fasciculatum"
"4202","MTLB1",2011-06-27,"2011","Eriogonum","fasciculatum","4",NA,NA,NA,NA,"Eriogonum.fasciculatum"
"4203","MTLB1",2011-07-13,"2011","Eriogonum","fasciculatum","3",NA,NA,NA,NA,"Eriogonum.fasciculatum"
"4204","MTLB1",2011-08-01,"2011","Eriogonum","fasciculatum","1",NA,NA,NA,NA,"Eriogonum.fasciculatum"
"4205","MTLB1",2011-08-17,"2011","Eriogonum","fasciculatum","1",NA,NA,NA,NA,"Eriogonum.fasciculatum"
"4206","MTS1A",2011-04-27,"2011","Eriogonum","fasciculatum","8",NA,NA,NA,NA,"Eriogonum.fasciculatum"
"4207","MTS1A",2011-05-03,"2011","Eriogonum","fasciculatum","8",NA,NA,NA,NA,"Eriogonum.fasciculatum"
"4208","MTS1A",2011-05-12,"2011","Eriogonum","fasciculatum","8",NA,NA,NA,NA,"Eriogonum.fasciculatum"
"4209","MTS1A",2011-05-24,"2011","Eriogonum","fasciculatum","7",NA,NA,NA,NA,"Eriogonum.fasciculatum"
"4210","MTS1A",2011-06-13,"2011","Eriogonum","fasciculatum","6",NA,NA,NA,NA,"Eriogonum.fasciculatum"
"4211","MTS1A",2011-06-27,"2011","Eriogonum","fasciculatum","4",NA,NA,NA,NA,"Eriogonum.fasciculatum"
"4212","MTS1A",2011-07-13,"2011","Eriogonum","fasciculatum","2",NA,NA,NA,NA,"Eriogonum.fasciculatum"
"4213","MTS1A",2011-08-01,"2011","Eriogonum","fasciculatum","1",NA,NA,NA,NA,"Eriogonum.fasciculatum"
"4214","MTS1A",2011-08-17,"2011","Eriogonum","fasciculatum","1",NA,NA,NA,NA,"Eriogonum.fasciculatum"
"4215","SWEA",2011-04-13,"2011","Eriogonum","fasciculatum","10",NA,NA,NA,NA,"Eriogonum.fasciculatum"
"4216","SWEA",2011-04-19,"2011","Eriogonum","fasciculatum","10",NA,NA,NA,NA,"Eriogonum.fasciculatum"
"4217","SWEA",2011-05-04,"2011","Eriogonum","fasciculatum","10",NA,NA,NA,NA,"Eriogonum.fasciculatum"
"4218","SWEA",2011-05-20,"2011","Eriogonum","fasciculatum","10",NA,NA,NA,NA,"Eriogonum.fasciculatum"
"4219","SWEA",2011-06-01,"2011","Eriogonum","fasciculatum","9",NA,NA,NA,NA,"Eriogonum.fasciculatum"
"4220","SWEA",2011-06-21,"2011","Eriogonum","fasciculatum","7",NA,NA,NA,NA,"Eriogonum.fasciculatum"
"4221","SWEA",2011-07-05,"2011","Eriogonum","fasciculatum","5",NA,NA,NA,NA,"Eriogonum.fasciculatum"
"4222","SWEA",2011-07-18,"2011","Eriogonum","fasciculatum","3",NA,NA,NA,NA,"Eriogonum.fasciculatum"
"4223","SWEA",2011-08-10,"2011","Eriogonum","fasciculatum","1",NA,NA,NA,NA,"Eriogonum.fasciculatum"
"4224","SWI2",2011-04-13,"2011","Eriogonum","fasciculatum","10",NA,NA,NA,NA,"Eriogonum.fasciculatum"
"4225","SWI2",2011-04-19,"2011","Eriogonum","fasciculatum","10",NA,NA,NA,NA,"Eriogonum.fasciculatum"
"4226","SWI2",2011-05-04,"2011","Eriogonum","fasciculatum","10",NA,NA,NA,NA,"Eriogonum.fasciculatum"
"4227","SWI2",2011-05-20,"2011","Eriogonum","fasciculatum","10",NA,NA,NA,NA,"Eriogonum.fasciculatum"
"4228","SWI2",2011-06-01,"2011","Eriogonum","fasciculatum","9",NA,NA,NA,NA,"Eriogonum.fasciculatum"
"4229","SWI2",2011-06-21,"2011","Eriogonum","fasciculatum","7",NA,NA,NA,NA,"Eriogonum.fasciculatum"
"4230","SWI2",2011-07-05,"2011","Eriogonum","fasciculatum","5",NA,NA,NA,NA,"Eriogonum.fasciculatum"
"4231","SWI2",2011-07-18,"2011","Eriogonum","fasciculatum","3",NA,NA,NA,NA,"Eriogonum.fasciculatum"
"4232","SWI2",2011-08-10,"2011","Eriogonum","fasciculatum","1",NA,NA,NA,NA,"Eriogonum.fasciculatum"
"4233","SWS1",2011-04-14,"2011","Eriogonum","fasciculatum","10",NA,NA,NA,NA,"Eriogonum.fasciculatum"
"4234","SWS1",2011-04-28,"2011","Eriogonum","fasciculatum","10",NA,NA,NA,NA,"Eriogonum.fasciculatum"
"4235","SWS1",2011-05-11,"2011","Eriogonum","fasciculatum","10",NA,NA,NA,NA,"Eriogonum.fasciculatum"
"4236","SWS1",2011-05-25,"2011","Eriogonum","fasciculatum","8",NA,NA,NA,NA,"Eriogonum.fasciculatum"
"4237","SWS1",2011-06-14,"2011","Eriogonum","fasciculatum","5",NA,NA,NA,NA,"Eriogonum.fasciculatum"
"4238","SWS1",2011-06-28,"2011","Eriogonum","fasciculatum","2",NA,NA,NA,NA,"Eriogonum.fasciculatum"
"4239","SWS1",2011-07-15,"2011","Eriogonum","fasciculatum","1",NA,NA,NA,NA,"Eriogonum.fasciculatum"
"4240","SWS3",2011-04-14,"2011","Eriogonum","fasciculatum","6",NA,NA,NA,NA,"Eriogonum.fasciculatum"
"4241","SWS3",2011-04-28,"2011","Eriogonum","fasciculatum","6",NA,NA,NA,NA,"Eriogonum.fasciculatum"
"4242","SWS3",2011-05-11,"2011","Eriogonum","fasciculatum","6",NA,NA,NA,NA,"Eriogonum.fasciculatum"
"4243","SWS3",2011-05-25,"2011","Eriogonum","fasciculatum","4",NA,NA,NA,NA,"Eriogonum.fasciculatum"
"4244","SWS3",2011-06-14,"2011","Eriogonum","fasciculatum","3",NA,NA,NA,NA,"Eriogonum.fasciculatum"
"4245","SWS3",2011-06-28,"2011","Eriogonum","fasciculatum","2",NA,NA,NA,NA,"Eriogonum.fasciculatum"
"4246","SWS3",2011-07-15,"2011","Eriogonum","fasciculatum","1",NA,NA,NA,NA,"Eriogonum.fasciculatum"
"4247","SWS3",2011-08-03,"2011","Eriogonum","fasciculatum","1",NA,NA,NA,NA,"Eriogonum.fasciculatum"
"4248","SWS3",2011-04-14,"2011","Eriophyllum","confertiflorum","4",NA,NA,NA,NA,"Eriophyllum.confertiflorum"
"4249","SWS3",2011-04-28,"2011","Eriophyllum","confertiflorum","4",NA,NA,NA,NA,"Eriophyllum.confertiflorum"
"4250","SWS3",2011-05-11,"2011","Eriophyllum","confertiflorum","4",NA,NA,NA,NA,"Eriophyllum.confertiflorum"
"4251","MTI2",2011-04-12,"2011","Erodium","spp.","3",NA,NA,NA,NA,"Erodium.spp."
"4252","MTI2",2011-04-26,"2011","Erodium","spp.","3",NA,NA,NA,NA,"Erodium.spp."
"4253","MTI2",2011-05-07,"2011","Erodium","spp.","3",NA,NA,NA,NA,"Erodium.spp."
"4254","MTI2",2011-05-19,"2011","Erodium","spp.","3",NA,NA,NA,NA,"Erodium.spp."
"4255","MTS1A",2011-04-27,"2011","Erodium","spp.","2",NA,NA,NA,NA,"Erodium.spp."
"4256","MTS1A",2011-05-03,"2011","Erodium","spp.","2",NA,NA,NA,NA,"Erodium.spp."
"4257","SWEA",2011-04-13,"2011","Erodium","spp.","3",NA,NA,NA,NA,"Erodium.spp."
"4258","SWEA",2011-04-19,"2011","Erodium","spp.","3",NA,NA,NA,NA,"Erodium.spp."
"4259","SWEA",2011-05-04,"2011","Erodium","spp.","3",NA,NA,NA,NA,"Erodium.spp."
"4260","SWEA",2011-05-20,"2011","Erodium","spp.","1",NA,NA,NA,NA,"Erodium.spp."
"4261","SWI2",2011-04-13,"2011","Erodium","spp.","2",NA,NA,NA,NA,"Erodium.spp."
"4262","SWI2",2011-04-19,"2011","Erodium","spp.","2",NA,NA,NA,NA,"Erodium.spp."
"4263","SWI2",2011-05-04,"2011","Erodium","spp.","2",NA,NA,NA,NA,"Erodium.spp."
"4264","SWS1",2011-04-14,"2011","Erodium","spp.","2",NA,NA,NA,NA,"Erodium.spp."
"4265","SWS1",2011-04-28,"2011","Erodium","spp.","2",NA,NA,NA,NA,"Erodium.spp."
"4266","SWS3",2011-04-14,"2011","Erodium","spp.","4",NA,NA,NA,NA,"Erodium.spp."
"4267","SWS3",2011-04-28,"2011","Erodium","spp.","4",NA,NA,NA,NA,"Erodium.spp."
"4268","SWS3",2011-05-11,"2011","Erodium","spp.","1",NA,NA,NA,NA,"Erodium.spp."
"4269","MTLB1",2011-04-27,"2011","Ferocactus","viridescens","2",NA,NA,NA,NA,"Ferocactus.viridescens"
"4270","MTLB1",2011-05-03,"2011","Ferocactus","viridescens","2",NA,NA,NA,NA,"Ferocactus.viridescens"
"4271","MTLB1",2011-05-12,"2011","Ferocactus","viridescens","2",NA,NA,NA,NA,"Ferocactus.viridescens"
"4272","MTLB1",2011-05-24,"2011","Ferocactus","viridescens","2",NA,NA,NA,NA,"Ferocactus.viridescens"
"4273","MTLB1",2011-06-13,"2011","Ferocactus","viridescens","1",NA,NA,NA,NA,"Ferocactus.viridescens"
"4274","SWS1",2011-04-14,"2011","Ferocactus","viridescens","1",NA,NA,NA,NA,"Ferocactus.viridescens"
"4275","SWS1",2011-04-28,"2011","Ferocactus","viridescens","1",NA,NA,NA,NA,"Ferocactus.viridescens"
"4276","SWS1",2011-05-11,"2011","Ferocactus","viridescens","1",NA,NA,NA,NA,"Ferocactus.viridescens"
"4277","SWS1",2011-05-25,"2011","Ferocactus","viridescens","1",NA,NA,NA,NA,"Ferocactus.viridescens"
"4278","MTE2",2011-06-15,"2011","Grindelia","camporum","1",NA,NA,NA,NA,"Grindelia.camporum"
"4279","MTE2",2011-07-06,"2011","Grindelia","camporum","2",NA,NA,NA,NA,"Grindelia.camporum"
"4280","MTE2",2011-07-20,"2011","Grindelia","camporum","2",NA,NA,NA,NA,"Grindelia.camporum"
"4281","MTI2",2011-05-31,"2011","Helianthemum","scoparium","2",NA,NA,NA,NA,"Helianthemum.scoparium"
"4282","MTI2",2011-06-15,"2011","Helianthemum","scoparium","5",NA,NA,NA,NA,"Helianthemum.scoparium"
"4283","MTI2",2011-07-06,"2011","Helianthemum","scoparium","6",NA,NA,NA,NA,"Helianthemum.scoparium"
"4284","MTI2",2011-07-20,"2011","Helianthemum","scoparium","4",NA,NA,NA,NA,"Helianthemum.scoparium"
"4285","MTI2",2011-08-08,"2011","Helianthemum","scoparium","3",NA,NA,NA,NA,"Helianthemum.scoparium"
"4286","MTS1A",2011-07-13,"2011","Helianthemum","scoparium","1",NA,NA,NA,NA,"Helianthemum.scoparium"
"4287","MTS1A",2011-08-01,"2011","Helianthemum","scoparium","1",NA,NA,NA,NA,"Helianthemum.scoparium"
"4288","SWI2",2011-05-20,"2011","Helianthemum","scoparium","2",NA,NA,NA,NA,"Helianthemum.scoparium"
"4289","SWI2",2011-06-01,"2011","Helianthemum","scoparium","3",NA,NA,NA,NA,"Helianthemum.scoparium"
"4290","SWI2",2011-06-21,"2011","Helianthemum","scoparium","4",NA,NA,NA,NA,"Helianthemum.scoparium"
"4291","SWI2",2011-07-05,"2011","Helianthemum","scoparium","4",NA,NA,NA,NA,"Helianthemum.scoparium"
"4292","SWI2",2011-07-18,"2011","Helianthemum","scoparium","3",NA,NA,NA,NA,"Helianthemum.scoparium"
"4293","SWI2",2011-08-10,"2011","Helianthemum","scoparium","1",NA,NA,NA,NA,"Helianthemum.scoparium"
"4294","SWS1",2011-04-28,"2011","Helianthemum","scoparium","1",NA,NA,NA,NA,"Helianthemum.scoparium"
"4295","SWS1",2011-05-11,"2011","Helianthemum","scoparium","1",NA,NA,NA,NA,"Helianthemum.scoparium"
"4296","SWS1",2011-05-25,"2011","Helianthemum","scoparium","1",NA,NA,NA,NA,"Helianthemum.scoparium"
"4297","SWS1",2011-06-14,"2011","Helianthemum","scoparium","2",NA,NA,NA,NA,"Helianthemum.scoparium"
"4298","SWS1",2011-06-28,"2011","Helianthemum","scoparium","2",NA,NA,NA,NA,"Helianthemum.scoparium"
"4299","SWS1",2011-07-15,"2011","Helianthemum","scoparium","1",NA,NA,NA,NA,"Helianthemum.scoparium"
"4300","SWS3",2011-04-28,"2011","Helianthemum","scoparium","2",NA,NA,NA,NA,"Helianthemum.scoparium"
"4301","SWS3",2011-05-11,"2011","Helianthemum","scoparium","2",NA,NA,NA,NA,"Helianthemum.scoparium"
"4302","SWS3",2011-05-25,"2011","Helianthemum","scoparium","5",NA,NA,NA,NA,"Helianthemum.scoparium"
"4303","SWS3",2011-06-14,"2011","Helianthemum","scoparium","6",NA,NA,NA,NA,"Helianthemum.scoparium"
"4304","SWS3",2011-06-28,"2011","Helianthemum","scoparium","6",NA,NA,NA,NA,"Helianthemum.scoparium"
"4305","SWS3",2011-07-15,"2011","Helianthemum","scoparium","6",NA,NA,NA,NA,"Helianthemum.scoparium"
"4306","SWS3",2011-08-03,"2011","Helianthemum","scoparium","3",NA,NA,NA,NA,"Helianthemum.scoparium"
"4307","SWS3",2011-06-14,"2011","Heteromeles","arbutifolia","2",NA,NA,NA,NA,"Heteromeles.arbutifolia"
"4308","SWS3",2011-06-28,"2011","Heteromeles","arbutifolia","3",NA,NA,NA,NA,"Heteromeles.arbutifolia"
"4309","SWS3",2011-07-15,"2011","Heteromeles","arbutifolia","3",NA,NA,NA,NA,"Heteromeles.arbutifolia"
"4310","SWS3",2011-08-03,"2011","Heteromeles","arbutifolia","1",NA,NA,NA,NA,"Heteromeles.arbutifolia"
"4311","MTS1A",2011-04-27,"2011","Hypochaeris","glabra","4",NA,NA,NA,NA,"Hypochaeris.glabra"
"4312","MTS1A",2011-05-03,"2011","Hypochaeris","glabra","4",NA,NA,NA,NA,"Hypochaeris.glabra"
"4313","MTS1A",2011-05-12,"2011","Hypochaeris","glabra","1",NA,NA,NA,NA,"Hypochaeris.glabra"
"4314","SWEA",2011-04-13,"2011","Hypochaeris","glabra","2",NA,NA,NA,NA,"Hypochaeris.glabra"
"4315","SWEA",2011-04-19,"2011","Hypochaeris","glabra","2",NA,NA,NA,NA,"Hypochaeris.glabra"
"4316","SWEA",2011-05-04,"2011","Hypochaeris","glabra","2",NA,NA,NA,NA,"Hypochaeris.glabra"
"4317","SWS1",2011-04-14,"2011","Hypochaeris","glabra","1",NA,NA,NA,NA,"Hypochaeris.glabra"
"4318","SWS1",2011-04-28,"2011","Hypochaeris","glabra","1",NA,NA,NA,NA,"Hypochaeris.glabra"
"4319","SWS1",2011-05-11,"2011","Hypochaeris","glabra","1",NA,NA,NA,NA,"Hypochaeris.glabra"
"4320","MTE2",2011-08-08,"2011","Isocoma","menziesii","1",NA,NA,NA,NA,"Isocoma.menziesii"
"4321","SWS1",2011-04-14,"2011","Linanthus","dianthiflorus","1",NA,NA,NA,NA,"Linanthus.dianthiflorus"
"4322","SWS1",2011-04-28,"2011","Linanthus","dianthiflorus","1",NA,NA,NA,NA,"Linanthus.dianthiflorus"
"4323","SWS1",2011-05-11,"2011","Linanthus","dianthiflorus","1",NA,NA,NA,NA,"Linanthus.dianthiflorus"
"4324","MTS1A",2011-04-27,"2011","Lupinus","spp.","1",NA,NA,NA,NA,"Lupinus.spp."
"4325","MTS1A",2011-05-03,"2011","Lupinus","spp.","1",NA,NA,NA,NA,"Lupinus.spp."
"4326","SWI2",2011-04-13,"2011","Lupinus","spp.","1",NA,NA,NA,NA,"Lupinus.spp."
"4327","SWI2",2011-04-19,"2011","Lupinus","spp.","1",NA,NA,NA,NA,"Lupinus.spp."
"4328","SWI2",2011-05-04,"2011","Lupinus","spp.","1",NA,NA,NA,NA,"Lupinus.spp."
"4329","MTE2",2011-04-26,"2011","Malacothamnus","fasciculatus","2",NA,NA,NA,NA,"Malacothamnus.fasciculatus"
"4330","MTE2",2011-05-07,"2011","Malacothamnus","fasciculatus","2",NA,NA,NA,NA,"Malacothamnus.fasciculatus"
"4331","MTE2",2011-05-19,"2011","Malacothamnus","fasciculatus","3",NA,NA,NA,NA,"Malacothamnus.fasciculatus"
"4332","MTE2",2011-05-31,"2011","Malacothamnus","fasciculatus","2",NA,NA,NA,NA,"Malacothamnus.fasciculatus"
"4333","MTE2",2011-06-15,"2011","Malacothamnus","fasciculatus","1",NA,NA,NA,NA,"Malacothamnus.fasciculatus"
"4334","MTI2",2011-04-26,"2011","Malacothamnus","fasciculatus","2",NA,NA,NA,NA,"Malacothamnus.fasciculatus"
"4335","MTI2",2011-05-07,"2011","Malacothamnus","fasciculatus","5",NA,NA,NA,NA,"Malacothamnus.fasciculatus"
"4336","MTI2",2011-05-19,"2011","Malacothamnus","fasciculatus","5",NA,NA,NA,NA,"Malacothamnus.fasciculatus"
"4337","MTI2",2011-05-31,"2011","Malacothamnus","fasciculatus","4",NA,NA,NA,NA,"Malacothamnus.fasciculatus"
"4338","MTI2",2011-06-15,"2011","Malacothamnus","fasciculatus","2",NA,NA,NA,NA,"Malacothamnus.fasciculatus"
"4339","SWS3",2011-04-28,"2011","Malacothamnus","fasciculatus","2",NA,NA,NA,NA,"Malacothamnus.fasciculatus"
"4340","SWS3",2011-05-11,"2011","Malacothamnus","fasciculatus","3",NA,NA,NA,NA,"Malacothamnus.fasciculatus"
"4341","SWS3",2011-05-25,"2011","Malacothamnus","fasciculatus","3",NA,NA,NA,NA,"Malacothamnus.fasciculatus"
"4342","SWS3",2011-06-14,"2011","Malacothamnus","fasciculatus","1",NA,NA,NA,NA,"Malacothamnus.fasciculatus"
"4343","MTE2",2011-06-15,"2011","Malosma","laurina","3",NA,NA,NA,NA,"Malosma.laurina"
"4344","MTE2",2011-07-06,"2011","Malosma","laurina","2",NA,NA,NA,NA,"Malosma.laurina"
"4345","MTE2",2011-07-20,"2011","Malosma","laurina","2",NA,NA,NA,NA,"Malosma.laurina"
"4346","MTE2",2011-08-08,"2011","Malosma","laurina","1",NA,NA,NA,NA,"Malosma.laurina"
"4347","MTI2",2011-05-31,"2011","Malosma","laurina","1",NA,NA,NA,NA,"Malosma.laurina"
"4348","MTI2",2011-06-15,"2011","Malosma","laurina","3",NA,NA,NA,NA,"Malosma.laurina"
"4349","MTI2",2011-07-06,"2011","Malosma","laurina","3",NA,NA,NA,NA,"Malosma.laurina"
"4350","MTI2",2011-07-20,"2011","Malosma","laurina","3",NA,NA,NA,NA,"Malosma.laurina"
"4351","MTI2",2011-08-08,"2011","Malosma","laurina","1",NA,NA,NA,NA,"Malosma.laurina"
"4352","MTLB1",2011-06-13,"2011","Malosma","laurina","2",NA,NA,NA,NA,"Malosma.laurina"
"4353","MTLB1",2011-06-27,"2011","Malosma","laurina","4",NA,NA,NA,NA,"Malosma.laurina"
"4354","MTLB1",2011-07-13,"2011","Malosma","laurina","1",NA,NA,NA,NA,"Malosma.laurina"
"4355","MTLB1",2011-08-01,"2011","Malosma","laurina","1",NA,NA,NA,NA,"Malosma.laurina"
"4356","MTS1A",2011-06-13,"2011","Malosma","laurina","2",NA,NA,NA,NA,"Malosma.laurina"
"4357","MTS1A",2011-06-27,"2011","Malosma","laurina","4",NA,NA,NA,NA,"Malosma.laurina"
"4358","MTS1A",2011-07-13,"2011","Malosma","laurina","3",NA,NA,NA,NA,"Malosma.laurina"
"4359","MTS1A",2011-08-01,"2011","Malosma","laurina","1",NA,NA,NA,NA,"Malosma.laurina"
"4360","SWEA",2011-06-21,"2011","Malosma","laurina","5",NA,NA,NA,NA,"Malosma.laurina"
"4361","SWEA",2011-07-05,"2011","Malosma","laurina","4",NA,NA,NA,NA,"Malosma.laurina"
"4362","SWEA",2011-07-18,"2011","Malosma","laurina","3",NA,NA,NA,NA,"Malosma.laurina"
"4363","SWEA",2011-08-10,"2011","Malosma","laurina","1",NA,NA,NA,NA,"Malosma.laurina"
"4364","SWI2",2011-05-20,"2011","Malosma","laurina","2",NA,NA,NA,NA,"Malosma.laurina"
"4365","SWI2",2011-06-01,"2011","Malosma","laurina","2",NA,NA,NA,NA,"Malosma.laurina"
"4366","SWI2",2011-06-21,"2011","Malosma","laurina","6",NA,NA,NA,NA,"Malosma.laurina"
"4367","SWI2",2011-07-05,"2011","Malosma","laurina","4",NA,NA,NA,NA,"Malosma.laurina"
"4368","SWI2",2011-07-18,"2011","Malosma","laurina","3",NA,NA,NA,NA,"Malosma.laurina"
"4369","SWI2",2011-08-10,"2011","Malosma","laurina","1",NA,NA,NA,NA,"Malosma.laurina"
"4370","SWS1",2011-06-14,"2011","Malosma","laurina","3",NA,NA,NA,NA,"Malosma.laurina"
"4371","SWS1",2011-06-28,"2011","Malosma","laurina","3",NA,NA,NA,NA,"Malosma.laurina"
"4372","SWS1",2011-07-15,"2011","Malosma","laurina","3",NA,NA,NA,NA,"Malosma.laurina"
"4373","SWS1",2011-08-03,"2011","Malosma","laurina","1",NA,NA,NA,NA,"Malosma.laurina"
"4374","SWS3",2011-06-14,"2011","Malosma","laurina","2",NA,NA,NA,NA,"Malosma.laurina"
"4375","SWS3",2011-06-28,"2011","Malosma","laurina","4",NA,NA,NA,NA,"Malosma.laurina"
"4376","SWS3",2011-07-15,"2011","Malosma","laurina","3",NA,NA,NA,NA,"Malosma.laurina"
"4377","SWS3",2011-08-03,"2011","Malosma","laurina","1",NA,NA,NA,NA,"Malosma.laurina"
"4378","SWS3",2011-08-17,"2011","Malosma","laurina","1",NA,NA,NA,NA,"Malosma.laurina"
"4379","MTS1A",2011-04-27,"2011","Mimulus","aurantiacus","4",NA,NA,NA,NA,"Mimulus.aurantiacus"
"4380","MTS1A",2011-05-03,"2011","Mimulus","aurantiacus","4",NA,NA,NA,NA,"Mimulus.aurantiacus"
"4381","MTS1A",2011-05-12,"2011","Mimulus","aurantiacus","2",NA,NA,NA,NA,"Mimulus.aurantiacus"
"4382","MTS1A",2011-04-27,"2011","Mirabilis","laevis","2",NA,NA,NA,NA,"Mirabilis.laevis"
"4383","MTS1A",2011-05-03,"2011","Mirabilis","laevis","2",NA,NA,NA,NA,"Mirabilis.laevis"
"4384","SWEA",2011-04-13,"2011","Mirabilis","laevis","1",NA,NA,NA,NA,"Mirabilis.laevis"
"4385","SWEA",2011-04-19,"2011","Mirabilis","laevis","1",NA,NA,NA,NA,"Mirabilis.laevis"
"4386","SWEA",2011-05-04,"2011","Mirabilis","laevis","1",NA,NA,NA,NA,"Mirabilis.laevis"
"4387","SWI2",2011-04-13,"2011","Mirabilis","laevis","1",NA,NA,NA,NA,"Mirabilis.laevis"
"4388","SWI2",2011-04-19,"2011","Mirabilis","laevis","1",NA,NA,NA,NA,"Mirabilis.laevis"
"4389","SWI2",2011-05-04,"2011","Mirabilis","laevis","1",NA,NA,NA,NA,"Mirabilis.laevis"
"4390","SWS1",2011-04-14,"2011","Mirabilis","laevis","2",NA,NA,NA,NA,"Mirabilis.laevis"
"4391","SWS1",2011-04-28,"2011","Mirabilis","laevis","1",NA,NA,NA,NA,"Mirabilis.laevis"
"4392","SWS3",2011-04-14,"2011","Mirabilis","laevis","1",NA,NA,NA,NA,"Mirabilis.laevis"
"4393","SWS3",2011-04-28,"2011","Mirabilis","laevis","1",NA,NA,NA,NA,"Mirabilis.laevis"
"4394","MTS1A",2011-05-12,"2011","Navarretia","hamata","3",NA,NA,NA,NA,"Navarretia.hamata"
"4395","MTS1A",2011-05-24,"2011","Navarretia","hamata","2",NA,NA,NA,NA,"Navarretia.hamata"
"4396","SWS3",2011-04-28,"2011","Navarretia","hamata","3",NA,NA,NA,NA,"Navarretia.hamata"
"4397","SWS3",2011-05-11,"2011","Navarretia","hamata","3",NA,NA,NA,NA,"Navarretia.hamata"
"4398","SWS3",2011-05-25,"2011","Navarretia","hamata","3",NA,NA,NA,NA,"Navarretia.hamata"
"4399","SWS3",2011-06-14,"2011","Navarretia","hamata","3",NA,NA,NA,NA,"Navarretia.hamata"
"4400","SWS3",2011-06-28,"2011","Navarretia","hamata","1",NA,NA,NA,NA,"Navarretia.hamata"
"4401","MTLB1",2011-04-27,"2011","Opuntia","littoralis","1",NA,NA,NA,NA,"Opuntia.littoralis"
"4402","MTLB1",2011-05-03,"2011","Opuntia","littoralis","1",NA,NA,NA,NA,"Opuntia.littoralis"
"4403","MTLB1",2011-05-12,"2011","Opuntia","littoralis","4",NA,NA,NA,NA,"Opuntia.littoralis"
"4404","MTLB1",2011-05-24,"2011","Opuntia","littoralis","4",NA,NA,NA,NA,"Opuntia.littoralis"
"4405","MTLB1",2011-06-13,"2011","Opuntia","littoralis","4",NA,NA,NA,NA,"Opuntia.littoralis"
"4406","MTLB1",2011-06-27,"2011","Opuntia","littoralis","2",NA,NA,NA,NA,"Opuntia.littoralis"
"4407","MTLB1",2011-07-13,"2011","Opuntia","littoralis","1",NA,NA,NA,NA,"Opuntia.littoralis"
"4408","SWEA",2011-05-20,"2011","Opuntia","littoralis","1",NA,NA,NA,NA,"Opuntia.littoralis"
"4409","SWEA",2011-06-01,"2011","Opuntia","littoralis","2",NA,NA,NA,NA,"Opuntia.littoralis"
"4410","SWS3",2011-04-28,"2011","Opuntia","littoralis","3",NA,NA,NA,NA,"Opuntia.littoralis"
"4411","SWS3",2011-05-11,"2011","Opuntia","littoralis","2",NA,NA,NA,NA,"Opuntia.littoralis"
"4412","SWS3",2011-05-25,"2011","Opuntia","littoralis","2",NA,NA,NA,NA,"Opuntia.littoralis"
"4413","SWS3",2011-06-14,"2011","Opuntia","littoralis","1",NA,NA,NA,NA,"Opuntia.littoralis"
"4414","MTI2",2011-04-26,"2011","Osmadenia","tenella","3",NA,NA,NA,NA,"Osmadenia.tenella"
"4415","MTI2",2011-05-07,"2011","Osmadenia","tenella","8",NA,NA,NA,NA,"Osmadenia.tenella"
"4416","MTI2",2011-05-19,"2011","Osmadenia","tenella","9",NA,NA,NA,NA,"Osmadenia.tenella"
"4417","MTI2",2011-05-31,"2011","Osmadenia","tenella","9",NA,NA,NA,NA,"Osmadenia.tenella"
"4418","MTI2",2011-06-15,"2011","Osmadenia","tenella","7",NA,NA,NA,NA,"Osmadenia.tenella"
"4419","MTI2",2011-07-06,"2011","Osmadenia","tenella","3",NA,NA,NA,NA,"Osmadenia.tenella"
"4420","MTI2",2011-07-20,"2011","Osmadenia","tenella","1",NA,NA,NA,NA,"Osmadenia.tenella"
"4421","SWS3",2011-04-28,"2011","Osmadenia","tenella","3",NA,NA,NA,NA,"Osmadenia.tenella"
"4422","SWS3",2011-05-11,"2011","Osmadenia","tenella","4",NA,NA,NA,NA,"Osmadenia.tenella"
"4423","SWS3",2011-05-25,"2011","Osmadenia","tenella","2",NA,NA,NA,NA,"Osmadenia.tenella"
"4424","SWS3",2011-06-14,"2011","Osmadenia","tenella","1",NA,NA,NA,NA,"Osmadenia.tenella"
"4425","SWS3",2011-04-28,"2011","Peritoma","arborea","1",NA,NA,NA,NA,"Peritoma.arborea"
"4426","SWEA",2011-04-13,"2011","Phacelia","cicutaria","1",NA,NA,NA,NA,"Phacelia.cicutaria"
"4427","SWEA",2011-04-19,"2011","Phacelia","cicutaria","1",NA,NA,NA,NA,"Phacelia.cicutaria"
"4428","SWEA",2011-05-04,"2011","Phacelia","cicutaria","1",NA,NA,NA,NA,"Phacelia.cicutaria"
"4429","SWS1",2011-04-14,"2011","Phacelia","cicutaria","1",NA,NA,NA,NA,"Phacelia.cicutaria"
"4430","SWS1",2011-04-28,"2011","Phacelia","cicutaria","1",NA,NA,NA,NA,"Phacelia.cicutaria"
"4431","SWS3",2011-04-14,"2011","Raphanus","sativus","1",NA,NA,NA,NA,"Raphanus.sativus"
"4432","SWS3",2011-04-28,"2011","Raphanus","sativus","1",NA,NA,NA,NA,"Raphanus.sativus"
"4433","MTE2",2011-04-12,"2011","Salvia","apiana","3",NA,NA,NA,NA,"Salvia.apiana"
"4434","MTE2",2011-04-26,"2011","Salvia","apiana","5",NA,NA,NA,NA,"Salvia.apiana"
"4435","MTE2",2011-05-07,"2011","Salvia","apiana","5",NA,NA,NA,NA,"Salvia.apiana"
"4436","MTE2",2011-05-19,"2011","Salvia","apiana","3",NA,NA,NA,NA,"Salvia.apiana"
"4437","MTE2",2011-05-31,"2011","Salvia","apiana","1",NA,NA,NA,NA,"Salvia.apiana"
"4438","SWS3",2011-04-14,"2011","Salvia","apiana","7",NA,NA,NA,NA,"Salvia.apiana"
"4439","SWS3",2011-04-28,"2011","Salvia","apiana","7",NA,NA,NA,NA,"Salvia.apiana"
"4440","SWS3",2011-05-11,"2011","Salvia","apiana","4",NA,NA,NA,NA,"Salvia.apiana"
"4441","SWS3",2011-05-25,"2011","Salvia","apiana","2",NA,NA,NA,NA,"Salvia.apiana"
"4442","SWS3",2011-06-14,"2011","Salvia","apiana","1",NA,NA,NA,NA,"Salvia.apiana"
"4443","MTE2",2011-04-12,"2011","Salvia","mellifera","10",NA,NA,NA,NA,"Salvia.mellifera"
"4444","MTE2",2011-04-26,"2011","Salvia","mellifera","8",NA,NA,NA,NA,"Salvia.mellifera"
"4445","MTE2",2011-05-07,"2011","Salvia","mellifera","4",NA,NA,NA,NA,"Salvia.mellifera"
"4446","MTE2",2011-05-19,"2011","Salvia","mellifera","1",NA,NA,NA,NA,"Salvia.mellifera"
"4447","MTI2",2011-04-12,"2011","Salvia","mellifera","10",NA,NA,NA,NA,"Salvia.mellifera"
"4448","MTI2",2011-04-26,"2011","Salvia","mellifera","8",NA,NA,NA,NA,"Salvia.mellifera"
"4449","MTI2",2011-05-07,"2011","Salvia","mellifera","4",NA,NA,NA,NA,"Salvia.mellifera"
"4450","MTI2",2011-05-19,"2011","Salvia","mellifera","1",NA,NA,NA,NA,"Salvia.mellifera"
"4451","SWS3",2011-04-14,"2011","Salvia","mellifera","8",NA,NA,NA,NA,"Salvia.mellifera"
"4452","SWS3",2011-04-28,"2011","Salvia","mellifera","8",NA,NA,NA,NA,"Salvia.mellifera"
"4453","SWS3",2011-05-11,"2011","Salvia","mellifera","3",NA,NA,NA,NA,"Salvia.mellifera"
"4454","MTS1A",2011-04-27,"2011","Scrophularia","californica","4",NA,NA,NA,NA,"Scrophularia.californica"
"4455","MTS1A",2011-05-03,"2011","Scrophularia","californica","4",NA,NA,NA,NA,"Scrophularia.californica"
"4456","MTS1A",2011-05-12,"2011","Scrophularia","californica","2",NA,NA,NA,NA,"Scrophularia.californica"
"4457","MTS1A",2011-05-24,"2011","Scrophularia","californica","1",NA,NA,NA,NA,"Scrophularia.californica"
"4458","SWS3",2011-04-14,"2011","Sisyrinchium","bellum","1",NA,NA,NA,NA,"Sisyrinchium.bellum"
"4459","SWS3",2011-04-28,"2011","Sisyrinchium","bellum","1",NA,NA,NA,NA,"Sisyrinchium.bellum"
"4460","MTLB1",2011-04-27,"2011","Solanum","parishii","2",NA,NA,NA,NA,"Solanum.parishii"
"4461","MTLB1",2011-05-03,"2011","Solanum","parishii","2",NA,NA,NA,NA,"Solanum.parishii"
"4462","SWS3",2011-04-14,"2011","Solanum","parishii","2",NA,NA,NA,NA,"Solanum.parishii"
"4463","SWS3",2011-04-28,"2011","Solanum","parishii","2",NA,NA,NA,NA,"Solanum.parishii"
"4464","SWS3",2011-06-14,"2011","Stephanomeria","diegensis","1",NA,NA,NA,NA,"Stephanomeria.diegensis"
"4465","SWS3",2011-06-28,"2011","Stephanomeria","diegensis","2",NA,NA,NA,NA,"Stephanomeria.diegensis"
"4466","SWS3",2011-07-15,"2011","Stephanomeria","diegensis","1",NA,NA,NA,NA,"Stephanomeria.diegensis"
"4467","SWS3",2011-08-03,"2011","Stephanomeria","diegensis","1",NA,NA,NA,NA,"Stephanomeria.diegensis"
"4468","SWS3",2011-08-17,"2011","Stephanomeria","diegensis","1",NA,NA,NA,NA,"Stephanomeria.diegensis"
"4469","MTI2",2011-05-31,"2011","Zeltnera","venusta","2",NA,NA,NA,NA,"Zeltnera.venusta"
"4470","MTS1A",2011-04-27,"2011","Zeltnera","venusta","2",NA,NA,NA,NA,"Zeltnera.venusta"
"4471","MTS1A",2011-05-03,"2011","Zeltnera","venusta","2",NA,NA,NA,NA,"Zeltnera.venusta"
"4472","MTS1A",2011-05-12,"2011","Zeltnera","venusta","4",NA,NA,NA,NA,"Zeltnera.venusta"
"4473","MTS1A",2011-05-24,"2011","Zeltnera","venusta","5",NA,NA,NA,NA,"Zeltnera.venusta"
"4474","MTS1A",2011-06-13,"2011","Zeltnera","venusta","5",NA,NA,NA,NA,"Zeltnera.venusta"
"4475","MTS1A",2011-06-27,"2011","Zeltnera","venusta","2",NA,NA,NA,NA,"Zeltnera.venusta"
"4476","SWS3",2011-05-25,"2011","Zeltnera","venusta","3",NA,NA,NA,NA,"Zeltnera.venusta"
"4477","SWS3",2011-06-14,"2011","Zeltnera","venusta","1",NA,NA,NA,NA,"Zeltnera.venusta"
"4478","SWS3",2011-06-28,"2011","Zeltnera","venusta","1",NA,NA,NA,NA,"Zeltnera.venusta"
"4479","CFS1",2012-04-19,"2012","Acmispon","glaber","20",NA,NA,NA,NA,"Acmispon.glaber"
"4480","CFS1",2012-05-15,"2012","Acmispon","glaber","20",NA,NA,NA,NA,"Acmispon.glaber"
"4481","ECR1",2012-05-08,"2012","Acmispon","glaber","30",NA,NA,NA,NA,"Acmispon.glaber"
"4482","ECR1",2012-05-28,"2012","Acmispon","glaber","10",NA,NA,NA,NA,"Acmispon.glaber"
"4483","ECR1",2012-07-16,"2012","Acmispon","glaber","10",NA,NA,NA,NA,"Acmispon.glaber"
"4484","ECR2",2012-05-08,"2012","Acmispon","glaber","40",NA,NA,NA,NA,"Acmispon.glaber"
"4485","MTE2",2012-03-20,"2012","Acmispon","glaber","80",NA,NA,NA,NA,"Acmispon.glaber"
"4486","MTE2",2012-04-20,"2012","Acmispon","glaber","50",NA,NA,NA,NA,"Acmispon.glaber"
"4487","MTI2",2012-03-20,"2012","Acmispon","glaber","100",NA,NA,NA,NA,"Acmispon.glaber"
"4488","MTI2",2012-04-20,"2012","Acmispon","glaber","30",NA,NA,NA,NA,"Acmispon.glaber"
"4489","MTS1A",2012-04-07,"2012","Acmispon","glaber","5",NA,NA,NA,NA,"Acmispon.glaber"
"4490","MTS2",2012-04-19,"2012","Acmispon","glaber","15",NA,NA,NA,NA,"Acmispon.glaber"
"4491","MTS2",2012-05-15,"2012","Acmispon","glaber","5",NA,NA,NA,NA,"Acmispon.glaber"
"4492","MTS7",2012-04-03,"2012","Acmispon","glaber","40",NA,NA,NA,NA,"Acmispon.glaber"
"4493","SCR",2012-04-16,"2012","Acmispon","glaber","20",NA,NA,NA,NA,"Acmispon.glaber"
"4494","SCR",2012-05-31,"2012","Acmispon","glaber","5",NA,NA,NA,NA,"Acmispon.glaber"
"4495","SWEA",2012-04-17,"2012","Acmispon","glaber","2",NA,NA,NA,NA,"Acmispon.glaber"
"4496","SWI2",2012-04-17,"2012","Acmispon","glaber","10",NA,NA,NA,NA,"Acmispon.glaber"
"4497","SWI2",2012-05-14,"2012","Acmispon","glaber","20",NA,NA,NA,NA,"Acmispon.glaber"
"4498","SWS1",2012-04-07,"2012","Acmispon","glaber","20",NA,NA,NA,NA,"Acmispon.glaber"
"4499","SWS1",2012-05-10,"2012","Acmispon","glaber","10",NA,NA,NA,NA,"Acmispon.glaber"
"4500","SWS10",2012-04-07,"2012","Acmispon","glaber","5",NA,NA,NA,NA,"Acmispon.glaber"
"4501","SWS10",2012-05-10,"2012","Acmispon","glaber","5",NA,NA,NA,NA,"Acmispon.glaber"
"4502","SWS3",2012-04-03,"2012","Acmispon","glaber","100",NA,NA,NA,NA,"Acmispon.glaber"
"4503","SWS3",2012-05-07,"2012","Acmispon","glaber","20",NA,NA,NA,NA,"Acmispon.glaber"
"4504","TRR1",2012-04-28,"2012","Acmispon","glaber","20",NA,NA,NA,NA,"Acmispon.glaber"
"4505","TRR1",2012-05-29,"2012","Acmispon","glaber","5",NA,NA,NA,NA,"Acmispon.glaber"
"4506","ECR1",2012-05-08,"2012","Adenostema","fasciculata","30",NA,NA,NA,NA,"Adenostema.fasciculata"
"4507","ECR1",2012-05-28,"2012","Adenostema","fasciculata","80",NA,NA,NA,NA,"Adenostema.fasciculata"
"4508","ECR1",2012-06-19,"2012","Adenostema","fasciculata","200",NA,NA,NA,NA,"Adenostema.fasciculata"
"4509","ECR2",2012-05-08,"2012","Adenostema","fasciculata","20",NA,NA,NA,NA,"Adenostema.fasciculata"
"4510","ECR2",2012-05-28,"2012","Adenostema","fasciculata","30",NA,NA,NA,NA,"Adenostema.fasciculata"
"4511","ECR2",2012-06-19,"2012","Adenostema","fasciculata","80",NA,NA,NA,NA,"Adenostema.fasciculata"
"4512","MTS2",2012-04-19,"2012","Adenostema","fasciculata","10",NA,NA,NA,NA,"Adenostema.fasciculata"
"4513","MTS2",2012-05-15,"2012","Adenostema","fasciculata","20",NA,NA,NA,NA,"Adenostema.fasciculata"
"4514","MTS2",2012-06-08,"2012","Adenostema","fasciculata","10",NA,NA,NA,NA,"Adenostema.fasciculata"
"4515","MTS2",2012-06-28,"2012","Adenostema","fasciculata","10",NA,NA,NA,NA,"Adenostema.fasciculata"
"4516","MTS6",2012-04-03,"2012","Adenostema","fasciculata","10",NA,NA,NA,NA,"Adenostema.fasciculata"
"4517","TRS1",2012-04-28,"2012","Amsinckia","menziesii","5",NA,NA,NA,NA,"Amsinckia.menziesii"
"4518","MTS1A",2012-05-10,"2012","Anagalis","arvensis","25",NA,NA,NA,NA,"Anagalis.arvensis"
"4519","MTS3",2012-04-19,"2012","Anagalis","arvensis","50",NA,NA,NA,NA,"Anagalis.arvensis"
"4520","MTS7",2012-05-07,"2012","Anagalis","arvensis","10",NA,NA,NA,NA,"Anagalis.arvensis"
"4521","CFS1",2012-04-19,"2012","Antirrhinum","nuttallianum","5",NA,NA,NA,NA,"Antirrhinum.nuttallianum"
"4522","CFS1",2012-05-15,"2012","Antirrhinum","nuttallianum","10",NA,NA,NA,NA,"Antirrhinum.nuttallianum"
"4523","ECR1",2012-05-08,"2012","Antirrhinum","nuttallianum","10",NA,NA,NA,NA,"Antirrhinum.nuttallianum"
"4524","ECR1",2012-05-28,"2012","Antirrhinum","nuttallianum","10",NA,NA,NA,NA,"Antirrhinum.nuttallianum"
"4525","MTS3",2012-04-19,"2012","Asphodelus","fistulosus","100",NA,NA,NA,NA,"Asphodelus.fistulosus"
"4526","MTS3",2012-05-15,"2012","Asphodelus","fistulosus","30",NA,NA,NA,NA,"Asphodelus.fistulosus"
"4527","TRS1",2012-04-28,"2012","Asphodelus","fistulosus","100",NA,NA,NA,NA,"Asphodelus.fistulosus"
"4528","MTI2",2012-06-18,"2012","Aster","","10",NA,NA,NA,NA,"Aster"
"4529","MTI2",2012-07-09,"2012","Aster","","5",NA,NA,NA,NA,"Aster"
"4530","CFS1",2012-04-19,"2012","Astragalus","trichopodus","10",NA,NA,NA,NA,"Astragalus.trichopodus"
"4531","CFS1",2012-05-15,"2012","Astragalus","trichopodus","10",NA,NA,NA,NA,"Astragalus.trichopodus"
"4532","SWS1",2012-04-07,"2012","Astragalus","trichopodus","20",NA,NA,NA,NA,"Astragalus.trichopodus"
"4533","TRR1",2012-04-28,"2012","Astragalus","trichopodus","100",NA,NA,NA,NA,"Astragalus.trichopodus"
"4534","TRS1",2012-04-28,"2012","Astragalus","trichopodus","30",NA,NA,NA,NA,"Astragalus.trichopodus"
"4535","CFS1",2012-04-19,"2012","Bahiopsis","laciniata","50",NA,NA,NA,NA,"Bahiopsis.laciniata"
"4536","CFS1",2012-05-15,"2012","Bahiopsis","laciniata","50",NA,NA,NA,NA,"Bahiopsis.laciniata"
"4537","CFS1",2012-06-08,"2012","Bahiopsis","laciniata","40",NA,NA,NA,NA,"Bahiopsis.laciniata"
"4538","CFS1",2012-06-28,"2012","Bahiopsis","laciniata","10",NA,NA,NA,NA,"Bahiopsis.laciniata"
"4539","MTE2",2012-03-20,"2012","Bahiopsis","laciniata","15",NA,NA,NA,NA,"Bahiopsis.laciniata"
"4540","MTE2",2012-04-20,"2012","Bahiopsis","laciniata","10",NA,NA,NA,NA,"Bahiopsis.laciniata"
"4541","MTE2",2012-05-18,"2012","Bahiopsis","laciniata","15",NA,NA,NA,NA,"Bahiopsis.laciniata"
"4542","MTE2",2012-06-18,"2012","Bahiopsis","laciniata","15",NA,NA,NA,NA,"Bahiopsis.laciniata"
"4543","MTE2",2012-07-09,"2012","Bahiopsis","laciniata","5",NA,NA,NA,NA,"Bahiopsis.laciniata"
"4544","MTI2",2012-03-20,"2012","Bahiopsis","laciniata","50",NA,NA,NA,NA,"Bahiopsis.laciniata"
"4545","MTI2",2012-04-20,"2012","Bahiopsis","laciniata","10",NA,NA,NA,NA,"Bahiopsis.laciniata"
"4546","MTI2",2012-05-18,"2012","Bahiopsis","laciniata","20",NA,NA,NA,NA,"Bahiopsis.laciniata"
"4547","MTI2",2012-06-18,"2012","Bahiopsis","laciniata","5",NA,NA,NA,NA,"Bahiopsis.laciniata"
"4548","MTS1A",2012-04-07,"2012","Bahiopsis","laciniata","15",NA,NA,NA,NA,"Bahiopsis.laciniata"
"4549","MTS1A",2012-05-10,"2012","Bahiopsis","laciniata","15",NA,NA,NA,NA,"Bahiopsis.laciniata"
"4550","MTS1A",2012-06-07,"2012","Bahiopsis","laciniata","25",NA,NA,NA,NA,"Bahiopsis.laciniata"
"4551","MTS7",2012-04-03,"2012","Bahiopsis","laciniata","10",NA,NA,NA,NA,"Bahiopsis.laciniata"
"4552","SWEA",2012-04-17,"2012","Bahiopsis","laciniata","15",NA,NA,NA,NA,"Bahiopsis.laciniata"
"4553","SWEA",2012-05-14,"2012","Bahiopsis","laciniata","30",NA,NA,NA,NA,"Bahiopsis.laciniata"
"4554","SWEA",2012-06-12,"2012","Bahiopsis","laciniata","40",NA,NA,NA,NA,"Bahiopsis.laciniata"
"4555","SWI2",2012-04-17,"2012","Bahiopsis","laciniata","25",NA,NA,NA,NA,"Bahiopsis.laciniata"
"4556","SWI2",2012-05-14,"2012","Bahiopsis","laciniata","50",NA,NA,NA,NA,"Bahiopsis.laciniata"
"4557","SWI2",2012-06-12,"2012","Bahiopsis","laciniata","100",NA,NA,NA,NA,"Bahiopsis.laciniata"
"4558","SWS1",2012-04-07,"2012","Bahiopsis","laciniata","40",NA,NA,NA,NA,"Bahiopsis.laciniata"
"4559","SWS1",2012-05-10,"2012","Bahiopsis","laciniata","60",NA,NA,NA,NA,"Bahiopsis.laciniata"
"4560","SWS1",2012-06-07,"2012","Bahiopsis","laciniata","50",NA,NA,NA,NA,"Bahiopsis.laciniata"
"4561","SWS1",2012-06-26,"2012","Bahiopsis","laciniata","5",NA,NA,NA,NA,"Bahiopsis.laciniata"
"4562","SWS3",2012-04-03,"2012","Bahiopsis","laciniata","5",NA,NA,NA,NA,"Bahiopsis.laciniata"
"4563","TRS1",2012-04-28,"2012","Bahiopsis","laciniata","10",NA,NA,NA,NA,"Bahiopsis.laciniata"
"4564","TRS1",2012-05-29,"2012","Bahiopsis","laciniata","10",NA,NA,NA,NA,"Bahiopsis.laciniata"
"4565","CFS1",2012-05-15,"2012","Hirschfeldia","incana","10",NA,NA,NA,NA,"Hirschfeldia.incana"
"4566","ECR2",2012-05-28,"2012","Hirschfeldia","incana","50",NA,NA,NA,NA,"Hirschfeldia.incana"
"4567","MTE2",2012-04-20,"2012","Hirschfeldia","incana","10",NA,NA,NA,NA,"Hirschfeldia.incana"
"4568","MTE2",2012-05-18,"2012","Hirschfeldia","incana","10",NA,NA,NA,NA,"Hirschfeldia.incana"
"4569","MTI2",2012-04-20,"2012","Hirschfeldia","incana","10",NA,NA,NA,NA,"Hirschfeldia.incana"
"4570","MTS1A",2012-04-07,"2012","Hirschfeldia","incana","200",NA,NA,NA,NA,"Hirschfeldia.incana"
"4571","MTS1A",2012-05-10,"2012","Hirschfeldia","incana","25",NA,NA,NA,NA,"Hirschfeldia.incana"
"4572","MTS2",2012-04-19,"2012","Hirschfeldia","incana","200",NA,NA,NA,NA,"Hirschfeldia.incana"
"4573","MTS2",2012-05-15,"2012","Hirschfeldia","incana","300",NA,NA,NA,NA,"Hirschfeldia.incana"
"4574","MTS3",2012-04-19,"2012","Hirschfeldia","incana","5000",NA,NA,NA,NA,"Hirschfeldia.incana"
"4575","MTS3",2012-05-15,"2012","Hirschfeldia","incana","10",NA,NA,NA,NA,"Hirschfeldia.incana"
"4576","MTS7",2012-04-03,"2012","Hirschfeldia","incana","5000",NA,NA,NA,NA,"Hirschfeldia.incana"
"4577","MTS7",2012-05-07,"2012","Hirschfeldia","incana","5000",NA,NA,NA,NA,"Hirschfeldia.incana"
"4578","MTS7",2012-06-01,"2012","Hirschfeldia","incana","10",NA,NA,NA,NA,"Hirschfeldia.incana"
"4579","SCR",2012-04-16,"2012","Hirschfeldia","incana","1000",NA,NA,NA,NA,"Hirschfeldia.incana"
"4580","SCR",2012-05-31,"2012","Hirschfeldia","incana","1200",NA,NA,NA,NA,"Hirschfeldia.incana"
"4581","SCR",2012-06-20,"2012","Hirschfeldia","incana","400",NA,NA,NA,NA,"Hirschfeldia.incana"
"4582","SWEA",2012-04-17,"2012","Hirschfeldia","incana","1000",NA,NA,NA,NA,"Hirschfeldia.incana"
"4583","SWEA",2012-05-14,"2012","Hirschfeldia","incana","500",NA,NA,NA,NA,"Hirschfeldia.incana"
"4584","SWI2",2012-04-17,"2012","Hirschfeldia","incana","5000",NA,NA,NA,NA,"Hirschfeldia.incana"
"4585","SWI2",2012-05-14,"2012","Hirschfeldia","incana","100",NA,NA,NA,NA,"Hirschfeldia.incana"
"4586","SWS1",2012-04-07,"2012","Hirschfeldia","incana","3000",NA,NA,NA,NA,"Hirschfeldia.incana"
"4587","SWS1",2012-05-10,"2012","Hirschfeldia","incana","50",NA,NA,NA,NA,"Hirschfeldia.incana"
"4588","SWS10",2012-04-07,"2012","Hirschfeldia","incana","5",NA,NA,NA,NA,"Hirschfeldia.incana"
"4589","SWS10",2012-05-10,"2012","Hirschfeldia","incana","50",NA,NA,NA,NA,"Hirschfeldia.incana"
"4590","SWS10",2012-06-07,"2012","Hirschfeldia","incana","20",NA,NA,NA,NA,"Hirschfeldia.incana"
"4591","SWS3",2012-04-03,"2012","Hirschfeldia","incana","100",NA,NA,NA,NA,"Hirschfeldia.incana"
"4592","SWS3",2012-05-07,"2012","Hirschfeldia","incana","25",NA,NA,NA,NA,"Hirschfeldia.incana"
"4593","SWS3",2012-06-01,"2012","Hirschfeldia","incana","20",NA,NA,NA,NA,"Hirschfeldia.incana"
"4594","TRR1",2012-05-29,"2012","Hirschfeldia","incana","50",NA,NA,NA,NA,"Hirschfeldia.incana"
"4595","TRS1",2012-04-28,"2012","Hirschfeldia","incana","2000",NA,NA,NA,NA,"Hirschfeldia.incana"
"4596","TRS1",2012-05-29,"2012","Hirschfeldia","incana","1000",NA,NA,NA,NA,"Hirschfeldia.incana"
"4597","TRS1",2012-06-22,"2012","Hirschfeldia","incana","20",NA,NA,NA,NA,"Hirschfeldia.incana"
"4598","CFS1",2012-04-19,"2012","Calochortus","splendens","1",NA,NA,NA,NA,"Calochortus.splendens"
"4599","MTE2",2012-04-20,"2012","Calochortus","splendens","2",NA,NA,NA,NA,"Calochortus.splendens"
"4600","SWS3",2012-05-07,"2012","Calochortus","splendens","10",NA,NA,NA,NA,"Calochortus.splendens"
"4601","ECR1",2012-05-28,"2012","Calochortus","weedii","5",NA,NA,NA,NA,"Calochortus.weedii"
"4602","ECR1",2012-06-19,"2012","Calochortus","weedii","5",NA,NA,NA,NA,"Calochortus.weedii"
"4603","MTE2",2012-03-20,"2012","Calystegia","macrostegia","10",NA,NA,NA,NA,"Calystegia.macrostegia"
"4604","MTE2",2012-04-20,"2012","Calystegia","macrostegia","10",NA,NA,NA,NA,"Calystegia.macrostegia"
"4605","MTE2",2012-05-18,"2012","Calystegia","macrostegia","5",NA,NA,NA,NA,"Calystegia.macrostegia"
"4606","MTI2",2012-03-20,"2012","Calystegia","macrostegia","40",NA,NA,NA,NA,"Calystegia.macrostegia"
"4607","MTI2",2012-04-20,"2012","Calystegia","macrostegia","100",NA,NA,NA,NA,"Calystegia.macrostegia"
"4608","MTI2",2012-05-18,"2012","Calystegia","macrostegia","100",NA,NA,NA,NA,"Calystegia.macrostegia"
"4609","MTS7",2012-05-07,"2012","Calystegia","macrostegia","5",NA,NA,NA,NA,"Calystegia.macrostegia"
"4610","SCR",2012-05-31,"2012","Calystegia","macrostegia","1",NA,NA,NA,NA,"Calystegia.macrostegia"
"4611","SWI2",2012-05-14,"2012","Calystegia","macrostegia","1",NA,NA,NA,NA,"Calystegia.macrostegia"
"4612","SWS1",2012-04-07,"2012","Calystegia","macrostegia","5",NA,NA,NA,NA,"Calystegia.macrostegia"
"4613","SWS1",2012-05-10,"2012","Calystegia","macrostegia","10",NA,NA,NA,NA,"Calystegia.macrostegia"
"4614","SWS1",2012-06-07,"2012","Calystegia","macrostegia","5",NA,NA,NA,NA,"Calystegia.macrostegia"
"4615","SWS10",2012-05-10,"2012","Calystegia","macrostegia","5",NA,NA,NA,NA,"Calystegia.macrostegia"
"4616","SWS3",2012-05-07,"2012","Calystegia","macrostegia","1",NA,NA,NA,NA,"Calystegia.macrostegia"
"4617","TRS1",2012-05-29,"2012","Calystegia","macrostegia","5",NA,NA,NA,NA,"Calystegia.macrostegia"
"4618","MTS2",2012-04-19,"2012","Camissoniopsis","bistorta","500",NA,NA,NA,NA,"Camissoniopsis.bistorta"
"4619","MTS2",2012-05-15,"2012","Camissoniopsis","bistorta","20",NA,NA,NA,NA,"Camissoniopsis.bistorta"
"4620","MTS7",2012-06-01,"2012","Camissoniopsis","bistorta","10",NA,NA,NA,NA,"Camissoniopsis.bistorta"
"4621","SCR",2012-04-16,"2012","Camissoniopsis","bistorta","20",NA,NA,NA,NA,"Camissoniopsis.bistorta"
"4622","MTS1A",2012-04-07,"2012","Carduus","sp.","20",NA,NA,NA,NA,"Carduus.sp."
"4623","MTS1A",2012-05-10,"2012","Carduus","sp.","150",NA,NA,NA,NA,"Carduus.sp."
"4624","MTS1A",2012-06-07,"2012","Carduus","sp.","5",NA,NA,NA,NA,"Carduus.sp."
"4625","MTS1A",2012-06-26,"2012","Carduus","sp.","10",NA,NA,NA,NA,"Carduus.sp."
"4626","MTS3",2012-04-19,"2012","Carduus","sp.","15",NA,NA,NA,NA,"Carduus.sp."
"4627","TRS1",2012-04-28,"2012","Carduus","sp.","150",NA,NA,NA,NA,"Carduus.sp."
"4628","TRS1",2012-05-29,"2012","Carduus","sp.","100",NA,NA,NA,NA,"Carduus.sp."
"4629","MTS2",2012-04-19,"2012","Carpobrotus","edulis","100",NA,NA,NA,NA,"Carpobrotus.edulis"
"4630","MTS6",2012-05-07,"2012","Carpobrotus","edulis","20",NA,NA,NA,NA,"Carpobrotus.edulis"
"4631","TRR1",2012-04-28,"2012","Carpobrotus","edulis","15",NA,NA,NA,NA,"Carpobrotus.edulis"
"4632","MTI2",2012-05-18,"2012","Castilleja","","20",NA,NA,NA,NA,"Castilleja"
"4633","ECR1",2012-05-08,"2012","Ceanothus","","5",NA,NA,NA,NA,"Ceanothus"
"4634","CFS1",2012-05-15,"2012","Centaurea","melitensis","250",NA,NA,NA,NA,"Centaurea.melitensis"
"4635","CFS1",2012-06-08,"2012","Centaurea","melitensis","10",NA,NA,NA,NA,"Centaurea.melitensis"
"4636","MTI2",2012-05-18,"2012","Centaurea","melitensis","20",NA,NA,NA,NA,"Centaurea.melitensis"
"4637","MTS1A",2012-05-10,"2012","Centaurea","melitensis","300",NA,NA,NA,NA,"Centaurea.melitensis"
"4638","MTS2",2012-05-15,"2012","Centaurea","melitensis","50",NA,NA,NA,NA,"Centaurea.melitensis"
"4639","MTS3",2012-05-15,"2012","Centaurea","melitensis","10",NA,NA,NA,NA,"Centaurea.melitensis"
"4640","SWEA",2012-05-14,"2012","Centaurea","melitensis","200",NA,NA,NA,NA,"Centaurea.melitensis"
"4641","SWS1",2012-05-10,"2012","Centaurea","melitensis","25",NA,NA,NA,NA,"Centaurea.melitensis"
"4642","SWS10",2012-05-10,"2012","Centaurea","melitensis","25",NA,NA,NA,NA,"Centaurea.melitensis"
"4643","SWS10",2012-06-07,"2012","Centaurea","melitensis","20",NA,NA,NA,NA,"Centaurea.melitensis"
"4644","SWS3",2012-06-01,"2012","Centaurea","melitensis","20",NA,NA,NA,NA,"Centaurea.melitensis"
"4645","TRS1",2012-04-28,"2012","Centaurea","melitensis","10",NA,NA,NA,NA,"Centaurea.melitensis"
"4646","TRS1",2012-05-29,"2012","Centaurea","melitensis","20",NA,NA,NA,NA,"Centaurea.melitensis"
"4647","TRS1",2012-06-22,"2012","Centaurea","melitensis","20",NA,NA,NA,NA,"Centaurea.melitensis"
"4648","MTS2",2012-05-15,"2012","Chaenactis","glabriuscula","3000",NA,NA,NA,NA,"Chaenactis.glabriuscula"
"4649","MTS2",2012-06-08,"2012","Chaenactis","glabriuscula","200",NA,NA,NA,NA,"Chaenactis.glabriuscula"
"4650","SWS3",2012-04-03,"2012","Chaenactis","glabriuscula","20",NA,NA,NA,NA,"Chaenactis.glabriuscula"
"4651","SWS3",2012-05-07,"2012","Chaenactis","glabriuscula","500",NA,NA,NA,NA,"Chaenactis.glabriuscula"
"4652","ECR1",2012-05-08,"2012","Chorizanthe","fimbriata","500",NA,NA,NA,NA,"Chorizanthe.fimbriata"
"4653","ECR1",2012-05-28,"2012","Chorizanthe","fimbriata","500",NA,NA,NA,NA,"Chorizanthe.fimbriata"
"4654","ECR1",2012-06-19,"2012","Chorizanthe","fimbriata","20",NA,NA,NA,NA,"Chorizanthe.fimbriata"
"4655","MTI2",2012-04-20,"2012","Chorizanthe","fimbriata","5",NA,NA,NA,NA,"Chorizanthe.fimbriata"
"4656","MTI2",2012-05-18,"2012","Chorizanthe","fimbriata","20",NA,NA,NA,NA,"Chorizanthe.fimbriata"
"4657","SWI2",2012-05-14,"2012","Chorizanthe","fimbriata","100",NA,NA,NA,NA,"Chorizanthe.fimbriata"
"4658","SWS3",2012-05-07,"2012","Chorizanthe","fimbriata","10",NA,NA,NA,NA,"Chorizanthe.fimbriata"
"4659","MTS1A",2012-04-07,"2012","Chrysanthemum","coronarium","2000",NA,NA,NA,NA,"Chrysanthemum.coronarium"
"4660","MTS1A",2012-05-10,"2012","Chrysanthemum","coronarium","1000",NA,NA,NA,NA,"Chrysanthemum.coronarium"
"4661","MTS2",2012-04-19,"2012","Chrysanthemum","coronarium","1000",NA,NA,NA,NA,"Chrysanthemum.coronarium"
"4662","MTS3",2012-04-19,"2012","Chrysanthemum","coronarium","5000",NA,NA,NA,NA,"Chrysanthemum.coronarium"
"4663","MTS3",2012-05-15,"2012","Chrysanthemum","coronarium","700",NA,NA,NA,NA,"Chrysanthemum.coronarium"
"4664","MTS7",2012-04-03,"2012","Chrysanthemum","coronarium","1000",NA,NA,NA,NA,"Chrysanthemum.coronarium"
"4665","MTS7",2012-05-07,"2012","Chrysanthemum","coronarium","1000",NA,NA,NA,NA,"Chrysanthemum.coronarium"
"4666","MTS7",2012-06-01,"2012","Chrysanthemum","coronarium","10",NA,NA,NA,NA,"Chrysanthemum.coronarium"
"4667","SWI2",2012-04-17,"2012","Chrysanthemum","coronarium","1000",NA,NA,NA,NA,"Chrysanthemum.coronarium"
"4668","SWI2",2012-05-14,"2012","Chrysanthemum","coronarium","100",NA,NA,NA,NA,"Chrysanthemum.coronarium"
"4669","SWS1",2012-04-07,"2012","Chrysanthemum","coronarium","80",NA,NA,NA,NA,"Chrysanthemum.coronarium"
"4670","TRR1",2012-04-28,"2012","Chrysanthemum","coronarium","10",NA,NA,NA,NA,"Chrysanthemum.coronarium"
"4671","TRR1",2012-05-29,"2012","Chrysanthemum","coronarium","50",NA,NA,NA,NA,"Chrysanthemum.coronarium"
"4672","TRS1",2012-04-28,"2012","Chrysanthemum","coronarium","1000",NA,NA,NA,NA,"Chrysanthemum.coronarium"
"4673","TRS1",2012-05-29,"2012","Chrysanthemum","coronarium","200",NA,NA,NA,NA,"Chrysanthemum.coronarium"
"4674","TRS1",2012-06-22,"2012","Chrysanthemum","coronarium","30",NA,NA,NA,NA,"Chrysanthemum.coronarium"
"4675","SWS10",2012-04-07,"2012","Cistus","sp.","20",NA,NA,NA,NA,"Cistus.sp."
"4676","SWS10",2012-05-10,"2012","Cistus","sp.","20",NA,NA,NA,NA,"Cistus.sp."
"4677","ECR2",2012-07-16,"2012","Croton","setigerus","50",NA,NA,NA,NA,"Croton.setigerus"
"4678","SCR",2012-07-12,"2012","Croton","setigerus","75",NA,NA,NA,NA,"Croton.setigerus"
"4679","SWEA",2012-07-06,"2012","Croton","setigerus","40",NA,NA,NA,NA,"Croton.setigerus"
"4680","SWEA",2012-07-30,"2012","Croton","setigerus","30",NA,NA,NA,NA,"Croton.setigerus"
"4681","SWS3",2012-06-25,"2012","Croton","setigerus","50",NA,NA,NA,NA,"Croton.setigerus"
"4682","SWS3",2012-07-20,"2012","Croton","setigerus","50",NA,NA,NA,NA,"Croton.setigerus"
"4683","ECR1",2012-05-08,"2012","Cryptantha","intermedia","200",NA,NA,NA,NA,"Cryptantha.intermedia"
"4684","MTS2",2012-04-19,"2012","Cryptantha","intermedia","600",NA,NA,NA,NA,"Cryptantha.intermedia"
"4685","MTS2",2012-05-15,"2012","Cryptantha","intermedia","30",NA,NA,NA,NA,"Cryptantha.intermedia"
"4686","MTS6",2012-04-03,"2012","Cryptantha","intermedia","20",NA,NA,NA,NA,"Cryptantha.intermedia"
"4687","SWEA",2012-04-17,"2012","Cryptantha","intermedia","100",NA,NA,NA,NA,"Cryptantha.intermedia"
"4688","SWEA",2012-05-14,"2012","Cryptantha","intermedia","10",NA,NA,NA,NA,"Cryptantha.intermedia"
"4689","SWI2",2012-04-17,"2012","Cryptantha","intermedia","500",NA,NA,NA,NA,"Cryptantha.intermedia"
"4690","SWI2",2012-05-14,"2012","Cryptantha","intermedia","10",NA,NA,NA,NA,"Cryptantha.intermedia"
"4691","SWS3",2012-04-03,"2012","Cryptantha","intermedia","20",NA,NA,NA,NA,"Cryptantha.intermedia"
"4692","SWS3",2012-05-07,"2012","Cryptantha","intermedia","25",NA,NA,NA,NA,"Cryptantha.intermedia"
"4693","MTI2",2012-03-20,"2012","Cryptantha","spp.","10",NA,NA,NA,NA,"Cryptantha.spp."
"4694","MTS6",2012-04-03,"2012","Cryptantha","spp.","10",NA,NA,NA,NA,"Cryptantha.spp."
"4695","SWS3",2012-04-03,"2012","Cryptantha","spp.","10",NA,NA,NA,NA,"Cryptantha.spp."
"4696","TRS1",2012-04-28,"2012","Cylindropuntia","prolifera","30",NA,NA,NA,NA,"Cylindropuntia.prolifera"
"4697","TRS1",2012-05-29,"2012","Cylindropuntia","prolifera","40",NA,NA,NA,NA,"Cylindropuntia.prolifera"
"4698","TRS1",2012-06-22,"2012","Cylindropuntia","prolifera","20",NA,NA,NA,NA,"Cylindropuntia.prolifera"
"4699","TRS1",2012-07-17,"2012","Cylindropuntia","prolifera","10",NA,NA,NA,NA,"Cylindropuntia.prolifera"
"4700","TRS1",2012-08-13,"2012","Cylindropuntia","prolifera","5",NA,NA,NA,NA,"Cylindropuntia.prolifera"
"4701","CFS1",2012-04-19,"2012","Deinandra","fasciculata","100",NA,NA,NA,NA,"Deinandra.fasciculata"
"4702","CFS1",2012-05-15,"2012","Deinandra","fasciculata","1000",NA,NA,NA,NA,"Deinandra.fasciculata"
"4703","CFS1",2012-06-08,"2012","Deinandra","fasciculata","1200",NA,NA,NA,NA,"Deinandra.fasciculata"
"4704","CFS1",2012-06-28,"2012","Deinandra","fasciculata","400",NA,NA,NA,NA,"Deinandra.fasciculata"
"4705","CFS1",2012-07-27,"2012","Deinandra","fasciculata","10",NA,NA,NA,NA,"Deinandra.fasciculata"
"4706","ECR1",2012-05-28,"2012","Deinandra","fasciculata","200",NA,NA,NA,NA,"Deinandra.fasciculata"
"4707","ECR1",2012-06-19,"2012","Deinandra","fasciculata","100",NA,NA,NA,NA,"Deinandra.fasciculata"
"4708","ECR2",2012-05-08,"2012","Deinandra","fasciculata","50",NA,NA,NA,NA,"Deinandra.fasciculata"
"4709","ECR2",2012-05-28,"2012","Deinandra","fasciculata","1000",NA,NA,NA,NA,"Deinandra.fasciculata"
"4710","ECR2",2012-06-19,"2012","Deinandra","fasciculata","50",NA,NA,NA,NA,"Deinandra.fasciculata"
"4711","ECR2",2012-07-16,"2012","Deinandra","fasciculata","500",NA,NA,NA,NA,"Deinandra.fasciculata"
"4712","MTS1A",2012-05-10,"2012","Deinandra","fasciculata","500",NA,NA,NA,NA,"Deinandra.fasciculata"
"4713","MTS1A",2012-06-07,"2012","Deinandra","fasciculata","3000",NA,NA,NA,NA,"Deinandra.fasciculata"
"4714","MTS1A",2012-06-26,"2012","Deinandra","fasciculata","500",NA,NA,NA,NA,"Deinandra.fasciculata"
"4715","MTS1A",2012-07-23,"2012","Deinandra","fasciculata","20",NA,NA,NA,NA,"Deinandra.fasciculata"
"4716","MTS2",2012-05-15,"2012","Deinandra","fasciculata","500",NA,NA,NA,NA,"Deinandra.fasciculata"
"4717","MTS2",2012-06-08,"2012","Deinandra","fasciculata","2000",NA,NA,NA,NA,"Deinandra.fasciculata"
"4718","MTS2",2012-06-28,"2012","Deinandra","fasciculata","100",NA,NA,NA,NA,"Deinandra.fasciculata"
"4719","MTS3",2012-05-15,"2012","Deinandra","fasciculata","300",NA,NA,NA,NA,"Deinandra.fasciculata"
"4720","MTS3",2012-06-08,"2012","Deinandra","fasciculata","250",NA,NA,NA,NA,"Deinandra.fasciculata"
"4721","MTS3",2012-06-28,"2012","Deinandra","fasciculata","30",NA,NA,NA,NA,"Deinandra.fasciculata"
"4722","MTS6",2012-05-07,"2012","Deinandra","fasciculata","500",NA,NA,NA,NA,"Deinandra.fasciculata"
"4723","MTS6",2012-06-01,"2012","Deinandra","fasciculata","3000",NA,NA,NA,NA,"Deinandra.fasciculata"
"4724","MTS6",2012-06-25,"2012","Deinandra","fasciculata","40",NA,NA,NA,NA,"Deinandra.fasciculata"
"4725","MTS7",2012-05-07,"2012","Deinandra","fasciculata","1000",NA,NA,NA,NA,"Deinandra.fasciculata"
"4726","MTS7",2012-06-01,"2012","Deinandra","fasciculata","2500",NA,NA,NA,NA,"Deinandra.fasciculata"
"4727","MTS7",2012-06-25,"2012","Deinandra","fasciculata","80",NA,NA,NA,NA,"Deinandra.fasciculata"
"4728","SCR",2012-04-16,"2012","Deinandra","fasciculata","20",NA,NA,NA,NA,"Deinandra.fasciculata"
"4729","SCR",2012-05-31,"2012","Deinandra","fasciculata","1300",NA,NA,NA,NA,"Deinandra.fasciculata"
"4730","SCR",2012-06-20,"2012","Deinandra","fasciculata","1250",NA,NA,NA,NA,"Deinandra.fasciculata"
"4731","SCR",2012-07-12,"2012","Deinandra","fasciculata","75",NA,NA,NA,NA,"Deinandra.fasciculata"
"4732","SWS3",2012-05-07,"2012","Deinandra","fasciculata","20",NA,NA,NA,NA,"Deinandra.fasciculata"
"4733","SWS3",2012-06-01,"2012","Deinandra","fasciculata","2000",NA,NA,NA,NA,"Deinandra.fasciculata"
"4734","SWS3",2012-06-25,"2012","Deinandra","fasciculata","100",NA,NA,NA,NA,"Deinandra.fasciculata"
"4735","TRR1",2012-05-29,"2012","Deinandra","fasciculata","150",NA,NA,NA,NA,"Deinandra.fasciculata"
"4736","TRR1",2012-06-22,"2012","Deinandra","fasciculata","50",NA,NA,NA,NA,"Deinandra.fasciculata"
"4737","TRS1",2012-05-29,"2012","Deinandra","fasciculata","200",NA,NA,NA,NA,"Deinandra.fasciculata"
"4738","CFS1",2012-04-19,"2012","Encelia","californica","5",NA,NA,NA,NA,"Encelia.californica"
"4739","CFS1",2012-05-15,"2012","Encelia","californica","10",NA,NA,NA,NA,"Encelia.californica"
"4740","CFS1",2012-06-08,"2012","Encelia","californica","10",NA,NA,NA,NA,"Encelia.californica"
"4741","CFS1",2012-06-28,"2012","Encelia","californica","2",NA,NA,NA,NA,"Encelia.californica"
"4742","MTE2",2012-04-20,"2012","Encelia","californica","2",NA,NA,NA,NA,"Encelia.californica"
"4743","MTE2",2012-05-18,"2012","Encelia","californica","12",NA,NA,NA,NA,"Encelia.californica"
"4744","MTS6",2012-04-03,"2012","Encelia","californica","10",NA,NA,NA,NA,"Encelia.californica"
"4745","MTS6",2012-06-01,"2012","Encelia","californica","5",NA,NA,NA,NA,"Encelia.californica"
"4746","SCR",2012-05-31,"2012","Encelia","californica","25",NA,NA,NA,NA,"Encelia.californica"
"4747","SCR",2012-06-20,"2012","Encelia","californica","10",NA,NA,NA,NA,"Encelia.californica"
"4748","TRS1",2012-04-28,"2012","Encelia","californica","5",NA,NA,NA,NA,"Encelia.californica"
"4749","MTS7",2012-04-03,"2012","Eriodictyon","crassifolium","100",NA,NA,NA,NA,"Eriodictyon.crassifolium"
"4750","MTS7",2012-05-07,"2012","Eriodictyon","crassifolium","50",NA,NA,NA,NA,"Eriodictyon.crassifolium"
"4751","CFS1",2012-04-19,"2012","Eriogonum","fasciculatum","70",NA,NA,NA,NA,"Eriogonum.fasciculatum"
"4752","CFS1",2012-05-15,"2012","Eriogonum","fasciculatum","200",NA,NA,NA,NA,"Eriogonum.fasciculatum"
"4753","CFS1",2012-06-08,"2012","Eriogonum","fasciculatum","200",NA,NA,NA,NA,"Eriogonum.fasciculatum"
"4754","CFS1",2012-06-28,"2012","Eriogonum","fasciculatum","200",NA,NA,NA,NA,"Eriogonum.fasciculatum"
"4755","CFS1",2012-07-27,"2012","Eriogonum","fasciculatum","30",NA,NA,NA,NA,"Eriogonum.fasciculatum"
"4756","ECR1",2012-05-08,"2012","Eriogonum","fasciculatum","30",NA,NA,NA,NA,"Eriogonum.fasciculatum"
"4757","ECR1",2012-05-28,"2012","Eriogonum","fasciculatum","30",NA,NA,NA,NA,"Eriogonum.fasciculatum"
"4758","ECR1",2012-06-19,"2012","Eriogonum","fasciculatum","30",NA,NA,NA,NA,"Eriogonum.fasciculatum"
"4759","ECR1",2012-07-16,"2012","Eriogonum","fasciculatum","10",NA,NA,NA,NA,"Eriogonum.fasciculatum"
"4760","ECR2",2012-05-08,"2012","Eriogonum","fasciculatum","30",NA,NA,NA,NA,"Eriogonum.fasciculatum"
"4761","ECR2",2012-05-28,"2012","Eriogonum","fasciculatum","30",NA,NA,NA,NA,"Eriogonum.fasciculatum"
"4762","ECR2",2012-06-19,"2012","Eriogonum","fasciculatum","15",NA,NA,NA,NA,"Eriogonum.fasciculatum"
"4763","MTE2",2012-04-20,"2012","Eriogonum","fasciculatum","2",NA,NA,NA,NA,"Eriogonum.fasciculatum"
"4764","MTE2",2012-05-18,"2012","Eriogonum","fasciculatum","2",NA,NA,NA,NA,"Eriogonum.fasciculatum"
"4765","MTE2",2012-06-18,"2012","Eriogonum","fasciculatum","2",NA,NA,NA,NA,"Eriogonum.fasciculatum"
"4766","MTE2",2012-07-09,"2012","Eriogonum","fasciculatum","2",NA,NA,NA,NA,"Eriogonum.fasciculatum"
"4767","MTE2",2012-08-02,"2012","Eriogonum","fasciculatum","3",NA,NA,NA,NA,"Eriogonum.fasciculatum"
"4768","MTI2",2012-03-20,"2012","Eriogonum","fasciculatum","40",NA,NA,NA,NA,"Eriogonum.fasciculatum"
"4769","MTI2",2012-04-20,"2012","Eriogonum","fasciculatum","20",NA,NA,NA,NA,"Eriogonum.fasciculatum"
"4770","MTI2",2012-05-18,"2012","Eriogonum","fasciculatum","50",NA,NA,NA,NA,"Eriogonum.fasciculatum"
"4771","MTI2",2012-06-18,"2012","Eriogonum","fasciculatum","50",NA,NA,NA,NA,"Eriogonum.fasciculatum"
"4772","MTI2",2012-07-09,"2012","Eriogonum","fasciculatum","30",NA,NA,NA,NA,"Eriogonum.fasciculatum"
"4773","MTI2",2012-08-02,"2012","Eriogonum","fasciculatum","5",NA,NA,NA,NA,"Eriogonum.fasciculatum"
"4774","MTS1A",2012-04-07,"2012","Eriogonum","fasciculatum","150",NA,NA,NA,NA,"Eriogonum.fasciculatum"
"4775","MTS1A",2012-05-10,"2012","Eriogonum","fasciculatum","160",NA,NA,NA,NA,"Eriogonum.fasciculatum"
"4776","MTS1A",2012-06-07,"2012","Eriogonum","fasciculatum","160",NA,NA,NA,NA,"Eriogonum.fasciculatum"
"4777","MTS1A",2012-06-26,"2012","Eriogonum","fasciculatum","100",NA,NA,NA,NA,"Eriogonum.fasciculatum"
"4778","MTS1A",2012-07-23,"2012","Eriogonum","fasciculatum","20",NA,NA,NA,NA,"Eriogonum.fasciculatum"
"4779","MTS2",2012-04-19,"2012","Eriogonum","fasciculatum","3",NA,NA,NA,NA,"Eriogonum.fasciculatum"
"4780","MTS2",2012-05-15,"2012","Eriogonum","fasciculatum","30",NA,NA,NA,NA,"Eriogonum.fasciculatum"
"4781","MTS2",2012-06-08,"2012","Eriogonum","fasciculatum","30",NA,NA,NA,NA,"Eriogonum.fasciculatum"
"4782","MTS2",2012-06-28,"2012","Eriogonum","fasciculatum","30",NA,NA,NA,NA,"Eriogonum.fasciculatum"
"4783","MTS2",2012-07-27,"2012","Eriogonum","fasciculatum","15",NA,NA,NA,NA,"Eriogonum.fasciculatum"
"4784","MTS3",2012-04-19,"2012","Eriogonum","fasciculatum","5",NA,NA,NA,NA,"Eriogonum.fasciculatum"
"4785","MTS3",2012-05-15,"2012","Eriogonum","fasciculatum","30",NA,NA,NA,NA,"Eriogonum.fasciculatum"
"4786","MTS3",2012-06-08,"2012","Eriogonum","fasciculatum","30",NA,NA,NA,NA,"Eriogonum.fasciculatum"
"4787","MTS3",2012-06-28,"2012","Eriogonum","fasciculatum","30",NA,NA,NA,NA,"Eriogonum.fasciculatum"
"4788","MTS3",2012-07-27,"2012","Eriogonum","fasciculatum","15",NA,NA,NA,NA,"Eriogonum.fasciculatum"
"4789","MTS6",2012-04-03,"2012","Eriogonum","fasciculatum","20",NA,NA,NA,NA,"Eriogonum.fasciculatum"
"4790","MTS6",2012-05-07,"2012","Eriogonum","fasciculatum","150",NA,NA,NA,NA,"Eriogonum.fasciculatum"
"4791","MTS6",2012-06-01,"2012","Eriogonum","fasciculatum","200",NA,NA,NA,NA,"Eriogonum.fasciculatum"
"4792","MTS6",2012-06-25,"2012","Eriogonum","fasciculatum","70",NA,NA,NA,NA,"Eriogonum.fasciculatum"
"4793","MTS6",2012-07-20,"2012","Eriogonum","fasciculatum","20",NA,NA,NA,NA,"Eriogonum.fasciculatum"
"4794","MTS7",2012-04-03,"2012","Eriogonum","fasciculatum","40",NA,NA,NA,NA,"Eriogonum.fasciculatum"
"4795","MTS7",2012-05-07,"2012","Eriogonum","fasciculatum","150",NA,NA,NA,NA,"Eriogonum.fasciculatum"
"4796","MTS7",2012-06-01,"2012","Eriogonum","fasciculatum","150",NA,NA,NA,NA,"Eriogonum.fasciculatum"
"4797","MTS7",2012-06-25,"2012","Eriogonum","fasciculatum","100",NA,NA,NA,NA,"Eriogonum.fasciculatum"
"4798","MTS7",2012-07-20,"2012","Eriogonum","fasciculatum","20",NA,NA,NA,NA,"Eriogonum.fasciculatum"
"4799","SCR",2012-04-16,"2012","Eriogonum","fasciculatum","5",NA,NA,NA,NA,"Eriogonum.fasciculatum"
"4800","SCR",2012-05-31,"2012","Eriogonum","fasciculatum","20",NA,NA,NA,NA,"Eriogonum.fasciculatum"
"4801","SCR",2012-06-20,"2012","Eriogonum","fasciculatum","20",NA,NA,NA,NA,"Eriogonum.fasciculatum"
"4802","SCR",2012-07-12,"2012","Eriogonum","fasciculatum","5",NA,NA,NA,NA,"Eriogonum.fasciculatum"
"4803","SWEA",2012-04-17,"2012","Eriogonum","fasciculatum","500",NA,NA,NA,NA,"Eriogonum.fasciculatum"
"4804","SWEA",2012-05-14,"2012","Eriogonum","fasciculatum","400",NA,NA,NA,NA,"Eriogonum.fasciculatum"
"4805","SWEA",2012-06-12,"2012","Eriogonum","fasciculatum","300",NA,NA,NA,NA,"Eriogonum.fasciculatum"
"4806","SWEA",2012-07-06,"2012","Eriogonum","fasciculatum","40",NA,NA,NA,NA,"Eriogonum.fasciculatum"
"4807","SWEA",2012-07-30,"2012","Eriogonum","fasciculatum","20",NA,NA,NA,NA,"Eriogonum.fasciculatum"
"4808","SWI2",2012-04-17,"2012","Eriogonum","fasciculatum","300",NA,NA,NA,NA,"Eriogonum.fasciculatum"
"4809","SWI2",2012-05-14,"2012","Eriogonum","fasciculatum","350",NA,NA,NA,NA,"Eriogonum.fasciculatum"
"4810","SWI2",2012-06-12,"2012","Eriogonum","fasciculatum","350",NA,NA,NA,NA,"Eriogonum.fasciculatum"
"4811","SWI2",2012-07-06,"2012","Eriogonum","fasciculatum","100",NA,NA,NA,NA,"Eriogonum.fasciculatum"
"4812","SWI2",2012-07-30,"2012","Eriogonum","fasciculatum","15",NA,NA,NA,NA,"Eriogonum.fasciculatum"
"4813","SWS1",2012-04-07,"2012","Eriogonum","fasciculatum","350",NA,NA,NA,NA,"Eriogonum.fasciculatum"
"4814","SWS1",2012-05-10,"2012","Eriogonum","fasciculatum","350",NA,NA,NA,NA,"Eriogonum.fasciculatum"
"4815","SWS1",2012-06-07,"2012","Eriogonum","fasciculatum","300",NA,NA,NA,NA,"Eriogonum.fasciculatum"
"4816","SWS1",2012-06-26,"2012","Eriogonum","fasciculatum","200",NA,NA,NA,NA,"Eriogonum.fasciculatum"
"4817","SWS1",2012-07-23,"2012","Eriogonum","fasciculatum","30",NA,NA,NA,NA,"Eriogonum.fasciculatum"
"4818","SWS10",2012-04-07,"2012","Eriogonum","fasciculatum","40",NA,NA,NA,NA,"Eriogonum.fasciculatum"
"4819","SWS10",2012-05-10,"2012","Eriogonum","fasciculatum","60",NA,NA,NA,NA,"Eriogonum.fasciculatum"
"4820","SWS10",2012-06-07,"2012","Eriogonum","fasciculatum","100",NA,NA,NA,NA,"Eriogonum.fasciculatum"
"4821","SWS10",2012-06-26,"2012","Eriogonum","fasciculatum","100",NA,NA,NA,NA,"Eriogonum.fasciculatum"
"4822","SWS10",2012-07-23,"2012","Eriogonum","fasciculatum","10",NA,NA,NA,NA,"Eriogonum.fasciculatum"
"4823","SWS3",2012-04-03,"2012","Eriogonum","fasciculatum","20",NA,NA,NA,NA,"Eriogonum.fasciculatum"
"4824","SWS3",2012-05-07,"2012","Eriogonum","fasciculatum","50",NA,NA,NA,NA,"Eriogonum.fasciculatum"
"4825","SWS3",2012-06-01,"2012","Eriogonum","fasciculatum","100",NA,NA,NA,NA,"Eriogonum.fasciculatum"
"4826","SWS3",2012-06-25,"2012","Eriogonum","fasciculatum","50",NA,NA,NA,NA,"Eriogonum.fasciculatum"
"4827","SWS3",2012-07-20,"2012","Eriogonum","fasciculatum","20",NA,NA,NA,NA,"Eriogonum.fasciculatum"
"4828","TRR1",2012-04-28,"2012","Eriogonum","fasciculatum","120",NA,NA,NA,NA,"Eriogonum.fasciculatum"
"4829","TRR1",2012-05-29,"2012","Eriogonum","fasciculatum","300",NA,NA,NA,NA,"Eriogonum.fasciculatum"
"4830","TRR1",2012-06-22,"2012","Eriogonum","fasciculatum","300",NA,NA,NA,NA,"Eriogonum.fasciculatum"
"4831","TRR1",2012-07-17,"2012","Eriogonum","fasciculatum","250",NA,NA,NA,NA,"Eriogonum.fasciculatum"
"4832","TRR1",2012-08-13,"2012","Eriogonum","fasciculatum","100",NA,NA,NA,NA,"Eriogonum.fasciculatum"
"4833","TRS1",2012-04-28,"2012","Eriogonum","fasciculatum","20",NA,NA,NA,NA,"Eriogonum.fasciculatum"
"4834","TRS1",2012-05-29,"2012","Eriogonum","fasciculatum","20",NA,NA,NA,NA,"Eriogonum.fasciculatum"
"4835","TRS1",2012-06-22,"2012","Eriogonum","fasciculatum","20",NA,NA,NA,NA,"Eriogonum.fasciculatum"
"4836","CFS1",2012-04-19,"2012","Eriophyllum","confertiflorum","100",NA,NA,NA,NA,"Eriophyllum.confertiflorum"
"4837","ECR1",2012-05-08,"2012","Eriophyllum","confertiflorum","80",NA,NA,NA,NA,"Eriophyllum.confertiflorum"
"4838","ECR1",2012-05-28,"2012","Eriophyllum","confertiflorum","30",NA,NA,NA,NA,"Eriophyllum.confertiflorum"
"4839","ECR2",2012-05-08,"2012","Eriophyllum","confertiflorum","5",NA,NA,NA,NA,"Eriophyllum.confertiflorum"
"4840","MTE2",2012-03-20,"2012","Eriophyllum","confertiflorum","30",NA,NA,NA,NA,"Eriophyllum.confertiflorum"
"4841","MTE2",2012-05-18,"2012","Eriophyllum","confertiflorum","15",NA,NA,NA,NA,"Eriophyllum.confertiflorum"
"4842","MTI2",2012-04-20,"2012","Eriophyllum","confertiflorum","50",NA,NA,NA,NA,"Eriophyllum.confertiflorum"
"4843","MTI2",2012-05-18,"2012","Eriophyllum","confertiflorum","80",NA,NA,NA,NA,"Eriophyllum.confertiflorum"
"4844","MTS1A",2012-04-07,"2012","Eriophyllum","confertiflorum","30",NA,NA,NA,NA,"Eriophyllum.confertiflorum"
"4845","MTS1A",2012-05-10,"2012","Eriophyllum","confertiflorum","30",NA,NA,NA,NA,"Eriophyllum.confertiflorum"
"4846","MTS2",2012-04-19,"2012","Eriophyllum","confertiflorum","10",NA,NA,NA,NA,"Eriophyllum.confertiflorum"
"4847","MTS3",2012-05-15,"2012","Eriophyllum","confertiflorum","2",NA,NA,NA,NA,"Eriophyllum.confertiflorum"
"4848","MTS6",2012-04-03,"2012","Eriophyllum","confertiflorum","500",NA,NA,NA,NA,"Eriophyllum.confertiflorum"
"4849","MTS6",2012-05-07,"2012","Eriophyllum","confertiflorum","250",NA,NA,NA,NA,"Eriophyllum.confertiflorum"
"4850","MTS7",2012-04-03,"2012","Eriophyllum","confertiflorum","150",NA,NA,NA,NA,"Eriophyllum.confertiflorum"
"4851","MTS7",2012-05-07,"2012","Eriophyllum","confertiflorum","100",NA,NA,NA,NA,"Eriophyllum.confertiflorum"
"4852","SWS3",2012-04-03,"2012","Eriophyllum","confertiflorum","30",NA,NA,NA,NA,"Eriophyllum.confertiflorum"
"4853","SWS3",2012-05-07,"2012","Eriophyllum","confertiflorum","30",NA,NA,NA,NA,"Eriophyllum.confertiflorum"
"4854","CFS1",2012-04-19,"2012","Erodium","spp.","50",NA,NA,NA,NA,"Erodium.spp."
"4855","ECR2",2012-05-08,"2012","Erodium","spp.","50",NA,NA,NA,NA,"Erodium.spp."
"4856","MTS2",2012-04-19,"2012","Erodium","spp.","100",NA,NA,NA,NA,"Erodium.spp."
"4857","MTS6",2012-05-07,"2012","Erodium","spp.","50",NA,NA,NA,NA,"Erodium.spp."
"4858","MTS7",2012-04-03,"2012","Erodium","spp.","50",NA,NA,NA,NA,"Erodium.spp."
"4859","MTS7",2012-05-07,"2012","Erodium","spp.","50",NA,NA,NA,NA,"Erodium.spp."
"4860","SWS1",2012-04-07,"2012","Erodium","spp.","50",NA,NA,NA,NA,"Erodium.spp."
"4861","SWS1",2012-05-10,"2012","Erodium","spp.","50",NA,NA,NA,NA,"Erodium.spp."
"4862","SWS10",2012-04-07,"2012","Erodium","spp.","1000",NA,NA,NA,NA,"Erodium.spp."
"4863","SWS10",2012-05-10,"2012","Erodium","spp.","50",NA,NA,NA,NA,"Erodium.spp."
"4864","SWS3",2012-04-03,"2012","Erodium","spp.","1000",NA,NA,NA,NA,"Erodium.spp."
"4865","SWS3",2012-05-07,"2012","Erodium","spp.","25",NA,NA,NA,NA,"Erodium.spp."
"4866","CFS1",2012-04-19,"2012","Eschscholzia","californica","1",NA,NA,NA,NA,"Eschscholzia.californica"
"4867","CFS1",2012-04-19,"2012","Ferocactus","viridescens","10",NA,NA,NA,NA,"Ferocactus.viridescens"
"4868","CFS1",2012-05-15,"2012","Ferocactus","viridescens","20",NA,NA,NA,NA,"Ferocactus.viridescens"
"4869","MTS1A",2012-05-10,"2012","Ferocactus","viridescens","1",NA,NA,NA,NA,"Ferocactus.viridescens"
"4870","SWS1",2012-05-10,"2012","Ferocactus","viridescens","10",NA,NA,NA,NA,"Ferocactus.viridescens"
"4871","SWS1",2012-06-07,"2012","Ferocactus","viridescens","3",NA,NA,NA,NA,"Ferocactus.viridescens"
"4872","MTS3",2012-07-27,"2012","Foeniculum","vulgare","15",NA,NA,NA,NA,"Foeniculum.vulgare"
"4873","MTS6",2012-07-20,"2012","Foeniculum","vulgare","5",NA,NA,NA,NA,"Foeniculum.vulgare"
"4874","TRS1",2012-07-17,"2012","Foeniculum","vulgare","100",NA,NA,NA,NA,"Foeniculum.vulgare"
"4875","TRS1",2012-08-13,"2012","Foeniculum","vulgare","100",NA,NA,NA,NA,"Foeniculum.vulgare"
"4876","TRR1",2012-05-29,"2012","Frankenia","salina","30",NA,NA,NA,NA,"Frankenia.salina"
"4877","TRR1",2012-06-22,"2012","Frankenia","salina","20",NA,NA,NA,NA,"Frankenia.salina"
"4878","TRR1",2012-07-17,"2012","Frankenia","salina","10",NA,NA,NA,NA,"Frankenia.salina"
"4879","MTE2",2012-06-18,"2012","Grindelia","camporum","5",NA,NA,NA,NA,"Grindelia.camporum"
"4880","MTE2",2012-07-09,"2012","Grindelia","camporum","5",NA,NA,NA,NA,"Grindelia.camporum"
"4881","MTS2",2012-07-27,"2012","Grindelia","camporum","5",NA,NA,NA,NA,"Grindelia.camporum"
"4882","MTI2",2012-04-20,"2012","Gutierrezia","sarothrae","10",NA,NA,NA,NA,"Gutierrezia.sarothrae"
"4883","MTI2",2012-05-18,"2012","Gutierrezia","sarothrae","10",NA,NA,NA,NA,"Gutierrezia.sarothrae"
"4884","MTI2",2012-06-18,"2012","Gutierrezia","sarothrae","250",NA,NA,NA,NA,"Gutierrezia.sarothrae"
"4885","MTI2",2012-07-09,"2012","Gutierrezia","sarothrae","250",NA,NA,NA,NA,"Gutierrezia.sarothrae"
"4886","MTI2",2012-08-02,"2012","Gutierrezia","sarothrae","80",NA,NA,NA,NA,"Gutierrezia.sarothrae"
"4887","MTS1A",2012-07-23,"2012","Gutierrezia","sarothrae","15",NA,NA,NA,NA,"Gutierrezia.sarothrae"
"4888","SWI2",2012-04-17,"2012","Gutierrezia","sarothrae","5",NA,NA,NA,NA,"Gutierrezia.sarothrae"
"4889","SWI2",2012-05-14,"2012","Gutierrezia","sarothrae","10",NA,NA,NA,NA,"Gutierrezia.sarothrae"
"4890","SWI2",2012-06-12,"2012","Gutierrezia","sarothrae","120",NA,NA,NA,NA,"Gutierrezia.sarothrae"
"4891","SWI2",2012-07-06,"2012","Gutierrezia","sarothrae","150",NA,NA,NA,NA,"Gutierrezia.sarothrae"
"4892","SWI2",2012-07-30,"2012","Gutierrezia","sarothrae","10",NA,NA,NA,NA,"Gutierrezia.sarothrae"
"4893","SWS1",2012-04-07,"2012","Gutierrezia","sarothrae","2",NA,NA,NA,NA,"Gutierrezia.sarothrae"
"4894","SWS1",2012-05-10,"2012","Gutierrezia","sarothrae","10",NA,NA,NA,NA,"Gutierrezia.sarothrae"
"4895","SWS1",2012-06-07,"2012","Gutierrezia","sarothrae","30",NA,NA,NA,NA,"Gutierrezia.sarothrae"
"4896","SWS1",2012-06-26,"2012","Gutierrezia","sarothrae","30",NA,NA,NA,NA,"Gutierrezia.sarothrae"
"4897","SWS1",2012-07-23,"2012","Gutierrezia","sarothrae","10",NA,NA,NA,NA,"Gutierrezia.sarothrae"
"4898","SWS3",2012-04-03,"2012","Gutierrezia","sarothrae","20",NA,NA,NA,NA,"Gutierrezia.sarothrae"
"4899","SWS3",2012-05-07,"2012","Gutierrezia","sarothrae","0.1",NA,NA,NA,NA,"Gutierrezia.sarothrae"
"4900","SWS3",2012-06-01,"2012","Gutierrezia","sarothrae","250",NA,NA,NA,NA,"Gutierrezia.sarothrae"
"4901","SWS3",2012-06-25,"2012","Gutierrezia","sarothrae","800",NA,NA,NA,NA,"Gutierrezia.sarothrae"
"4902","SWS3",2012-07-20,"2012","Gutierrezia","sarothrae","200",NA,NA,NA,NA,"Gutierrezia.sarothrae"
"4903","TRS1",2012-05-29,"2012","Gutierrezia","sarothrae","10",NA,NA,NA,NA,"Gutierrezia.sarothrae"
"4904","TRS1",2012-06-22,"2012","Gutierrezia","sarothrae","5",NA,NA,NA,NA,"Gutierrezia.sarothrae"
"4905","TRS1",2012-07-17,"2012","Gutierrezia","sarothrae","50",NA,NA,NA,NA,"Gutierrezia.sarothrae"
"4906","TRS1",2012-08-13,"2012","Gutierrezia","sarothrae","25",NA,NA,NA,NA,"Gutierrezia.sarothrae"
"4907","ECR1",2012-05-08,"2012","Helianthemum","scoparium","50",NA,NA,NA,NA,"Helianthemum.scoparium"
"4908","ECR1",2012-05-28,"2012","Helianthemum","scoparium","15",NA,NA,NA,NA,"Helianthemum.scoparium"
"4909","ECR2",2012-05-08,"2012","Helianthemum","scoparium","100",NA,NA,NA,NA,"Helianthemum.scoparium"
"4910","TRR1",2012-05-29,"2012","Heliotropium","curassavicum","40",NA,NA,NA,NA,"Heliotropium.curassavicum"
"4911","TRR1",2012-06-22,"2012","Heliotropium","curassavicum","30",NA,NA,NA,NA,"Heliotropium.curassavicum"
"4912","SCR",2012-04-16,"2012","Heterotheca","grandiflora","5",NA,NA,NA,NA,"Heterotheca.grandiflora"
"4913","SWS10",2012-06-26,"2012","Heterotheca","grandiflora","10",NA,NA,NA,NA,"Heterotheca.grandiflora"
"4914","SWS10",2012-07-23,"2012","Heterotheca","grandiflora","10",NA,NA,NA,NA,"Heterotheca.grandiflora"
"4915","SWS10",2012-05-10,"2012","Hypochaeris","glabra","5",NA,NA,NA,NA,"Hypochaeris.glabra"
"4916","ECR1",2012-07-16,"2012","Isocoma","menziesii","10",NA,NA,NA,NA,"Isocoma.menziesii"
"4917","ECR2",2012-06-19,"2012","Isocoma","menziesii","10",NA,NA,NA,NA,"Isocoma.menziesii"
"4918","ECR2",2012-07-16,"2012","Isocoma","menziesii","25",NA,NA,NA,NA,"Isocoma.menziesii"
"4919","MTE2",2012-06-18,"2012","Isocoma","menziesii","20",NA,NA,NA,NA,"Isocoma.menziesii"
"4920","MTE2",2012-07-09,"2012","Isocoma","menziesii","20",NA,NA,NA,NA,"Isocoma.menziesii"
"4921","MTE2",2012-08-02,"2012","Isocoma","menziesii","20",NA,NA,NA,NA,"Isocoma.menziesii"
"4922","MTS1A",2012-06-26,"2012","Isocoma","menziesii","5",NA,NA,NA,NA,"Isocoma.menziesii"
"4923","MTS1A",2012-07-23,"2012","Isocoma","menziesii","5",NA,NA,NA,NA,"Isocoma.menziesii"
"4924","MTS2",2012-06-08,"2012","Isocoma","menziesii","20",NA,NA,NA,NA,"Isocoma.menziesii"
"4925","MTS2",2012-06-28,"2012","Isocoma","menziesii","30",NA,NA,NA,NA,"Isocoma.menziesii"
"4926","MTS2",2012-07-27,"2012","Isocoma","menziesii","200",NA,NA,NA,NA,"Isocoma.menziesii"
"4927","MTS3",2012-06-08,"2012","Isocoma","menziesii","2",NA,NA,NA,NA,"Isocoma.menziesii"
"4928","MTS3",2012-06-28,"2012","Isocoma","menziesii","2",NA,NA,NA,NA,"Isocoma.menziesii"
"4929","MTS3",2012-07-27,"2012","Isocoma","menziesii","5",NA,NA,NA,NA,"Isocoma.menziesii"
"4930","MTS6",2012-04-03,"2012","Isocoma","menziesii","1",NA,NA,NA,NA,"Isocoma.menziesii"
"4931","MTS6",2012-06-01,"2012","Isocoma","menziesii","5",NA,NA,NA,NA,"Isocoma.menziesii"
"4932","MTS6",2012-06-25,"2012","Isocoma","menziesii","30",NA,NA,NA,NA,"Isocoma.menziesii"
"4933","MTS6",2012-07-20,"2012","Isocoma","menziesii","150",NA,NA,NA,NA,"Isocoma.menziesii"
"4934","SWS3",2012-06-25,"2012","Isocoma","menziesii","5",NA,NA,NA,NA,"Isocoma.menziesii"
"4935","SWS3",2012-07-20,"2012","Isocoma","menziesii","5",NA,NA,NA,NA,"Isocoma.menziesii"
"4936","TRR1",2012-06-22,"2012","Isocoma","menziesii","5",NA,NA,NA,NA,"Isocoma.menziesii"
"4937","TRR1",2012-07-17,"2012","Isocoma","menziesii","20",NA,NA,NA,NA,"Isocoma.menziesii"
"4938","TRR1",2012-08-13,"2012","Isocoma","menziesii","40",NA,NA,NA,NA,"Isocoma.menziesii"
"4939","TRR1",2012-08-13,"2012","Limonium","californicum","10",NA,NA,NA,NA,"Limonium.californicum"
"4940","MTS3",2012-04-19,"2012","Limonium","sinuatum","100",NA,NA,NA,NA,"Limonium.sinuatum"
"4941","MTS3",2012-05-15,"2012","Limonium","sinuatum","150",NA,NA,NA,NA,"Limonium.sinuatum"
"4942","MTS3",2012-06-08,"2012","Limonium","sinuatum","100",NA,NA,NA,NA,"Limonium.sinuatum"
"4943","MTS3",2012-06-28,"2012","Limonium","sinuatum","40",NA,NA,NA,NA,"Limonium.sinuatum"
"4944","SWS10",2012-04-07,"2012","Limonium","sinuatum","100",NA,NA,NA,NA,"Limonium.sinuatum"
"4945","SWS10",2012-05-10,"2012","Limonium","sinuatum","300",NA,NA,NA,NA,"Limonium.sinuatum"
"4946","SWS10",2012-06-07,"2012","Limonium","sinuatum","300",NA,NA,NA,NA,"Limonium.sinuatum"
"4947","SWS10",2012-06-26,"2012","Limonium","sinuatum","200",NA,NA,NA,NA,"Limonium.sinuatum"
"4948","TRR1",2012-04-28,"2012","Limonium","sinuatum","200",NA,NA,NA,NA,"Limonium.sinuatum"
"4949","TRR1",2012-05-29,"2012","Limonium","sinuatum","200",NA,NA,NA,NA,"Limonium.sinuatum"
"4950","TRR1",2012-06-22,"2012","Limonium","sinuatum","50",NA,NA,NA,NA,"Limonium.sinuatum"
"4951","MTS2",2012-04-19,"2012","Linaria","canadensis","5",NA,NA,NA,NA,"Linaria.canadensis"
"4952","MTS2",2012-04-19,"2012","Lonicera","subspicata","5",NA,NA,NA,NA,"Lonicera.subspicata"
"4953","MTS2",2012-05-15,"2012","Lonicera","subspicata","5",NA,NA,NA,NA,"Lonicera.subspicata"
"4954","MTS6",2012-04-03,"2012","Lonicera","subspicata","10",NA,NA,NA,NA,"Lonicera.subspicata"
"4955","MTS6",2012-05-07,"2012","Lonicera","subspicata","10",NA,NA,NA,NA,"Lonicera.subspicata"
"4956","MTS7",2012-04-03,"2012","Lonicera","subspicata","10",NA,NA,NA,NA,"Lonicera.subspicata"
"4957","MTS7",2012-05-07,"2012","Lonicera","subspicata","30",NA,NA,NA,NA,"Lonicera.subspicata"
"4958","SWI2",2012-04-17,"2012","Lupinus","spp.","3",NA,NA,NA,NA,"Lupinus.spp."
"4959","CFS1",2012-04-19,"2012","Malacothamnus","fasciculatus","2",NA,NA,NA,NA,"Malacothamnus.fasciculatus"
"4960","CFS1",2012-05-15,"2012","Malacothamnus","fasciculatus","10",NA,NA,NA,NA,"Malacothamnus.fasciculatus"
"4961","CFS1",2012-06-08,"2012","Malacothamnus","fasciculatus","20",NA,NA,NA,NA,"Malacothamnus.fasciculatus"
"4962","CFS1",2012-06-28,"2012","Malacothamnus","fasciculatus","20",NA,NA,NA,NA,"Malacothamnus.fasciculatus"
"4963","MTE2",2012-05-18,"2012","Malacothamnus","fasciculatus","10",NA,NA,NA,NA,"Malacothamnus.fasciculatus"
"4964","MTE2",2012-06-18,"2012","Malacothamnus","fasciculatus","5",NA,NA,NA,NA,"Malacothamnus.fasciculatus"
"4965","MTI2",2012-03-20,"2012","Malacothamnus","fasciculatus","2",NA,NA,NA,NA,"Malacothamnus.fasciculatus"
"4966","MTI2",2012-04-20,"2012","Malacothamnus","fasciculatus","2",NA,NA,NA,NA,"Malacothamnus.fasciculatus"
"4967","MTI2",2012-05-18,"2012","Malacothamnus","fasciculatus","15",NA,NA,NA,NA,"Malacothamnus.fasciculatus"
"4968","MTI2",2012-06-18,"2012","Malacothamnus","fasciculatus","10",NA,NA,NA,NA,"Malacothamnus.fasciculatus"
"4969","MTS7",2012-04-03,"2012","Malacothamnus","fasciculatus","5",NA,NA,NA,NA,"Malacothamnus.fasciculatus"
"4970","MTS7",2012-05-07,"2012","Malacothamnus","fasciculatus","10",NA,NA,NA,NA,"Malacothamnus.fasciculatus"
"4971","MTS7",2012-06-01,"2012","Malacothamnus","fasciculatus","10",NA,NA,NA,NA,"Malacothamnus.fasciculatus"
"4972","SWS3",2012-05-07,"2012","Malacothamnus","fasciculatus","2",NA,NA,NA,NA,"Malacothamnus.fasciculatus"
"4973","SWS3",2012-06-01,"2012","Malacothamnus","fasciculatus","5",NA,NA,NA,NA,"Malacothamnus.fasciculatus"
"4974","TRR1",2012-04-28,"2012","Malacothamnus","fasciculatus","5",NA,NA,NA,NA,"Malacothamnus.fasciculatus"
"4975","TRR1",2012-05-29,"2012","Malacothamnus","fasciculatus","5",NA,NA,NA,NA,"Malacothamnus.fasciculatus"
"4976","TRS1",2012-04-28,"2012","Malacothamnus","fasciculatus","10",NA,NA,NA,NA,"Malacothamnus.fasciculatus"
"4977","TRS1",2012-05-29,"2012","Malacothamnus","fasciculatus","40",NA,NA,NA,NA,"Malacothamnus.fasciculatus"
"4978","TRS1",2012-06-22,"2012","Malacothamnus","fasciculatus","10",NA,NA,NA,NA,"Malacothamnus.fasciculatus"
"4979","ECR1",2012-06-19,"2012","Malosma","laurina","10",NA,NA,NA,NA,"Malosma.laurina"
"4980","ECR1",2012-07-16,"2012","Malosma","laurina","5",NA,NA,NA,NA,"Malosma.laurina"
"4981","ECR2",2012-06-19,"2012","Malosma","laurina","5",NA,NA,NA,NA,"Malosma.laurina"
"4982","ECR2",2012-07-16,"2012","Malosma","laurina","5",NA,NA,NA,NA,"Malosma.laurina"
"4983","MTE2",2012-06-18,"2012","Malosma","laurina","10",NA,NA,NA,NA,"Malosma.laurina"
"4984","MTE2",2012-07-09,"2012","Malosma","laurina","10",NA,NA,NA,NA,"Malosma.laurina"
"4985","MTI2",2012-05-18,"2012","Malosma","laurina","1",NA,NA,NA,NA,"Malosma.laurina"
"4986","MTI2",2012-06-18,"2012","Malosma","laurina","50",NA,NA,NA,NA,"Malosma.laurina"
"4987","MTI2",2012-07-09,"2012","Malosma","laurina","30",NA,NA,NA,NA,"Malosma.laurina"
"4988","MTI2",2012-08-02,"2012","Malosma","laurina","5",NA,NA,NA,NA,"Malosma.laurina"
"4989","MTS1A",2012-06-07,"2012","Malosma","laurina","5",NA,NA,NA,NA,"Malosma.laurina"
"4990","MTS1A",2012-06-26,"2012","Malosma","laurina","25",NA,NA,NA,NA,"Malosma.laurina"
"4991","MTS1A",2012-07-23,"2012","Malosma","laurina","10",NA,NA,NA,NA,"Malosma.laurina"
"4992","MTS2",2012-06-08,"2012","Malosma","laurina","1",NA,NA,NA,NA,"Malosma.laurina"
"4993","MTS2",2012-06-28,"2012","Malosma","laurina","1",NA,NA,NA,NA,"Malosma.laurina"
"4994","MTS2",2012-07-27,"2012","Malosma","laurina","1",NA,NA,NA,NA,"Malosma.laurina"
"4995","MTS3",2012-06-28,"2012","Malosma","laurina","1",NA,NA,NA,NA,"Malosma.laurina"
"4996","MTS3",2012-07-27,"2012","Malosma","laurina","5",NA,NA,NA,NA,"Malosma.laurina"
"4997","MTS6",2012-07-20,"2012","Malosma","laurina","5",NA,NA,NA,NA,"Malosma.laurina"
"4998","MTS7",2012-06-01,"2012","Malosma","laurina","20",NA,NA,NA,NA,"Malosma.laurina"
"4999","MTS7",2012-06-25,"2012","Malosma","laurina","10",NA,NA,NA,NA,"Malosma.laurina"
"5000","MTS7",2012-07-20,"2012","Malosma","laurina","15",NA,NA,NA,NA,"Malosma.laurina"
"5001","SWEA",2012-06-12,"2012","Malosma","laurina","15",NA,NA,NA,NA,"Malosma.laurina"
"5002","SWEA",2012-07-06,"2012","Malosma","laurina","50",NA,NA,NA,NA,"Malosma.laurina"
"5003","SWEA",2012-07-30,"2012","Malosma","laurina","15",NA,NA,NA,NA,"Malosma.laurina"
"5004","SWI2",2012-06-12,"2012","Malosma","laurina","30",NA,NA,NA,NA,"Malosma.laurina"
"5005","SWI2",2012-07-06,"2012","Malosma","laurina","20",NA,NA,NA,NA,"Malosma.laurina"
"5006","SWI2",2012-07-30,"2012","Malosma","laurina","5",NA,NA,NA,NA,"Malosma.laurina"
"5007","SWS1",2012-06-07,"2012","Malosma","laurina","15",NA,NA,NA,NA,"Malosma.laurina"
"5008","SWS1",2012-06-26,"2012","Malosma","laurina","15",NA,NA,NA,NA,"Malosma.laurina"
"5009","SWS1",2012-07-23,"2012","Malosma","laurina","10",NA,NA,NA,NA,"Malosma.laurina"
"5010","SWS10",2012-06-26,"2012","Malosma","laurina","5",NA,NA,NA,NA,"Malosma.laurina"
"5011","SWS10",2012-07-23,"2012","Malosma","laurina","5",NA,NA,NA,NA,"Malosma.laurina"
"5012","SWS3",2012-06-01,"2012","Malosma","laurina","5",NA,NA,NA,NA,"Malosma.laurina"
"5013","SWS3",2012-06-25,"2012","Malosma","laurina","5",NA,NA,NA,NA,"Malosma.laurina"
"5014","SWS3",2012-07-20,"2012","Malosma","laurina","10",NA,NA,NA,NA,"Malosma.laurina"
"5015","TRR1",2012-06-22,"2012","Malosma","laurina","3",NA,NA,NA,NA,"Malosma.laurina"
"5016","TRR1",2012-07-17,"2012","Malosma","laurina","3",NA,NA,NA,NA,"Malosma.laurina"
"5017","TRR1",2012-08-13,"2012","Malosma","laurina","2",NA,NA,NA,NA,"Malosma.laurina"
"5018","TRS1",2012-07-17,"2012","Malosma","laurina","5",NA,NA,NA,NA,"Malosma.laurina"
"5019","MTS3",2012-05-15,"2012","Marrubium","vulgare","10",NA,NA,NA,NA,"Marrubium.vulgare"
"5020","MTS6",2012-04-03,"2012","Marrubium","vulgare","50",NA,NA,NA,NA,"Marrubium.vulgare"
"5021","TRS1",2012-04-28,"2012","Marrubium","vulgare","500",NA,NA,NA,NA,"Marrubium.vulgare"
"5022","TRS1",2012-05-29,"2012","Marrubium","vulgare","100",NA,NA,NA,NA,"Marrubium.vulgare"
"5023","TRS1",2012-06-22,"2012","Marrubium","vulgare","20",NA,NA,NA,NA,"Marrubium.vulgare"
"5024","MTS1A",2012-04-07,"2012","Melilotus","indicus","2000",NA,NA,NA,NA,"Melilotus.indicus"
"5025","MTS6",2012-04-03,"2012","Melilotus","indicus","10",NA,NA,NA,NA,"Melilotus.indicus"
"5026","MTS7",2012-04-03,"2012","Melilotus","indicus","5000",NA,NA,NA,NA,"Melilotus.indicus"
"5027","SWS10",2012-04-07,"2012","Melilotus","indicus","10000",NA,NA,NA,NA,"Melilotus.indicus"
"5028","SWS3",2012-04-03,"2012","Melilotus","indicus","50",NA,NA,NA,NA,"Melilotus.indicus"
"5029","TRS1",2012-04-28,"2012","Melilotus","indicus","500",NA,NA,NA,NA,"Melilotus.indicus"
"5030","MTS1A",2012-04-07,"2012","Mimulus","aurantiacus","50",NA,NA,NA,NA,"Mimulus.aurantiacus"
"5031","MTS1A",2012-05-10,"2012","Mimulus","aurantiacus","50",NA,NA,NA,NA,"Mimulus.aurantiacus"
"5032","MTS6",2012-04-03,"2012","Mimulus","aurantiacus","5",NA,NA,NA,NA,"Mimulus.aurantiacus"
"5033","CFS1",2012-04-19,"2012","Mirabilis","laevis","10",NA,NA,NA,NA,"Mirabilis.laevis"
"5034","CFS1",2012-05-15,"2012","Mirabilis","laevis","5",NA,NA,NA,NA,"Mirabilis.laevis"
"5035","MTE2",2012-04-20,"2012","Mirabilis","laevis","5",NA,NA,NA,NA,"Mirabilis.laevis"
"5036","MTS1A",2012-04-07,"2012","Mirabilis","laevis","3",NA,NA,NA,NA,"Mirabilis.laevis"
"5037","MTS1A",2012-05-10,"2012","Mirabilis","laevis","5",NA,NA,NA,NA,"Mirabilis.laevis"
"5038","SWEA",2012-04-17,"2012","Mirabilis","laevis","5",NA,NA,NA,NA,"Mirabilis.laevis"
"5039","SWEA",2012-05-14,"2012","Mirabilis","laevis","5",NA,NA,NA,NA,"Mirabilis.laevis"
"5040","SWS3",2012-05-07,"2012","Mirabilis","laevis","5",NA,NA,NA,NA,"Mirabilis.laevis"
"5041","ECR1",2012-05-08,"2012","Navarretia","hamata","200",NA,NA,NA,NA,"Navarretia.hamata"
"5042","MTS1A",2012-05-10,"2012","Navarretia","hamata","50",NA,NA,NA,NA,"Navarretia.hamata"
"5043","MTS2",2012-04-19,"2012","Navarretia","hamata","5",NA,NA,NA,NA,"Navarretia.hamata"
"5044","MTS2",2012-05-15,"2012","Navarretia","hamata","50",NA,NA,NA,NA,"Navarretia.hamata"
"5045","MTS2",2012-06-08,"2012","Navarretia","hamata","15",NA,NA,NA,NA,"Navarretia.hamata"
"5046","MTS7",2012-05-07,"2012","Navarretia","hamata","25",NA,NA,NA,NA,"Navarretia.hamata"
"5047","SWI2",2012-04-17,"2012","Navarretia","hamata","50",NA,NA,NA,NA,"Navarretia.hamata"
"5048","SWI2",2012-05-14,"2012","Navarretia","hamata","25",NA,NA,NA,NA,"Navarretia.hamata"
"5049","SWS1",2012-05-10,"2012","Navarretia","hamata","25",NA,NA,NA,NA,"Navarretia.hamata"
"5050","SWS3",2012-05-07,"2012","Navarretia","hamata","10",NA,NA,NA,NA,"Navarretia.hamata"
"5051","CFS1",2012-05-15,"2012","Opuntia","littoralis","5",NA,NA,NA,NA,"Opuntia.littoralis"
"5052","CFS1",2012-06-08,"2012","Opuntia","littoralis","5",NA,NA,NA,NA,"Opuntia.littoralis"
"5053","CFS1",2012-06-28,"2012","Opuntia","littoralis","2",NA,NA,NA,NA,"Opuntia.littoralis"
"5054","MTS2",2012-06-08,"2012","Opuntia","littoralis","5",NA,NA,NA,NA,"Opuntia.littoralis"
"5055","MTS2",2012-06-28,"2012","Opuntia","littoralis","5",NA,NA,NA,NA,"Opuntia.littoralis"
"5056","MTS6",2012-04-03,"2012","Opuntia","littoralis","1",NA,NA,NA,NA,"Opuntia.littoralis"
"5057","MTS7",2012-06-01,"2012","Opuntia","littoralis","5",NA,NA,NA,NA,"Opuntia.littoralis"
"5058","SCR",2012-05-31,"2012","Opuntia","littoralis","2",NA,NA,NA,NA,"Opuntia.littoralis"
"5059","SWS3",2012-06-01,"2012","Opuntia","littoralis","5",NA,NA,NA,NA,"Opuntia.littoralis"
"5060","SWS3",2012-06-25,"2012","Opuntia","littoralis","1",NA,NA,NA,NA,"Opuntia.littoralis"
"5061","TRR1",2012-06-22,"2012","Opuntia","littoralis","1",NA,NA,NA,NA,"Opuntia.littoralis"
"5062","ECR2",2012-05-08,"2012","Osmadenia","tenella","50",NA,NA,NA,NA,"Osmadenia.tenella"
"5063","ECR2",2012-05-28,"2012","Osmadenia","tenella","20",NA,NA,NA,NA,"Osmadenia.tenella"
"5064","MTI2",2012-04-20,"2012","Osmadenia","tenella","100",NA,NA,NA,NA,"Osmadenia.tenella"
"5065","MTI2",2012-05-18,"2012","Osmadenia","tenella","10000",NA,NA,NA,NA,"Osmadenia.tenella"
"5066","MTS2",2012-05-15,"2012","Osmadenia","tenella","100",NA,NA,NA,NA,"Osmadenia.tenella"
"5067","SWS3",2012-05-07,"2012","Osmadenia","tenella","400",NA,NA,NA,NA,"Osmadenia.tenella"
"5068","CFS1",2012-06-08,"2012","Peritoma","arborea","5",NA,NA,NA,NA,"Peritoma.arborea"
"5069","CFS1",2012-06-28,"2012","Peritoma","arborea","5",NA,NA,NA,NA,"Peritoma.arborea"
"5070","MTS3",2012-04-19,"2012","Peritoma","arborea","5",NA,NA,NA,NA,"Peritoma.arborea"
"5071","MTS6",2012-06-01,"2012","Peritoma","arborea","5",NA,NA,NA,NA,"Peritoma.arborea"
"5072","SWS3",2012-04-03,"2012","Peritoma","arborea","1",NA,NA,NA,NA,"Peritoma.arborea"
"5073","SWS3",2012-06-01,"2012","Peritoma","arborea","5",NA,NA,NA,NA,"Peritoma.arborea"
"5074","SWS3",2012-06-25,"2012","Peritoma","arborea","5",NA,NA,NA,NA,"Peritoma.arborea"
"5075","TRS1",2012-05-29,"2012","Peritoma","arborea","5",NA,NA,NA,NA,"Peritoma.arborea"
"5076","TRS1",2012-06-22,"2012","Peritoma","arborea","5",NA,NA,NA,NA,"Peritoma.arborea"
"5077","MTS1A",2012-04-07,"2012","Phacelia","cicutaria","2",NA,NA,NA,NA,"Phacelia.cicutaria"
"5078","SWEA",2012-04-17,"2012","Phacelia","cicutaria","100",NA,NA,NA,NA,"Phacelia.cicutaria"
"5079","SWI2",2012-04-17,"2012","Phacelia","cicutaria","5",NA,NA,NA,NA,"Phacelia.cicutaria"
"5080","TRS1",2012-05-29,"2012","Phacelia","imbricata","50",NA,NA,NA,NA,"Phacelia.imbricata"
"5081","TRS1",2012-06-22,"2012","Phacelia","imbricata","10",NA,NA,NA,NA,"Phacelia.imbricata"
"5082","SWS10",2012-04-07,"2012","Raphanus","sativus","20",NA,NA,NA,NA,"Raphanus.sativus"
"5083","MTS6",2012-04-03,"2012","Rhus","integrifolia","5",NA,NA,NA,NA,"Rhus.integrifolia"
"5084","MTS7",2012-04-03,"2012","Rhus","integrifolia","5",NA,NA,NA,NA,"Rhus.integrifolia"
"5085","SWS3",2012-04-03,"2012","Rhus","integrifolia","10",NA,NA,NA,NA,"Rhus.integrifolia"
"5086","MTE2",2012-03-20,"2012","Salvia","apiana","10",NA,NA,NA,NA,"Salvia.apiana"
"5087","MTE2",2012-04-20,"2012","Salvia","apiana","40",NA,NA,NA,NA,"Salvia.apiana"
"5088","MTE2",2012-05-18,"2012","Salvia","apiana","5",NA,NA,NA,NA,"Salvia.apiana"
"5089","MTI2",2012-04-20,"2012","Salvia","apiana","20",NA,NA,NA,NA,"Salvia.apiana"
"5090","MTI2",2012-05-18,"2012","Salvia","apiana","10",NA,NA,NA,NA,"Salvia.apiana"
"5091","MTS2",2012-05-15,"2012","Salvia","apiana","10",NA,NA,NA,NA,"Salvia.apiana"
"5092","MTS2",2012-06-08,"2012","Salvia","apiana","5",NA,NA,NA,NA,"Salvia.apiana"
"5093","MTS7",2012-05-07,"2012","Salvia","apiana","5",NA,NA,NA,NA,"Salvia.apiana"
"5094","SWS3",2012-04-03,"2012","Salvia","apiana","25",NA,NA,NA,NA,"Salvia.apiana"
"5095","SWS3",2012-05-07,"2012","Salvia","apiana","150",NA,NA,NA,NA,"Salvia.apiana"
"5096","CFS1",2012-04-19,"2012","Salvia","mellifera","20",NA,NA,NA,NA,"Salvia.mellifera"
"5097","ECR1",2012-05-08,"2012","Salvia","mellifera","150",NA,NA,NA,NA,"Salvia.mellifera"
"5098","ECR1",2012-05-28,"2012","Salvia","mellifera","20",NA,NA,NA,NA,"Salvia.mellifera"
"5099","MTE2",2012-03-20,"2012","Salvia","mellifera","40",NA,NA,NA,NA,"Salvia.mellifera"
"5100","MTE2",2012-04-20,"2012","Salvia","mellifera","150",NA,NA,NA,NA,"Salvia.mellifera"
"5101","MTE2",2012-05-18,"2012","Salvia","mellifera","20",NA,NA,NA,NA,"Salvia.mellifera"
"5102","MTI2",2012-03-20,"2012","Salvia","mellifera","100",NA,NA,NA,NA,"Salvia.mellifera"
"5103","MTI2",2012-04-20,"2012","Salvia","mellifera","200",NA,NA,NA,NA,"Salvia.mellifera"
"5104","MTI2",2012-05-18,"2012","Salvia","mellifera","60",NA,NA,NA,NA,"Salvia.mellifera"
"5105","MTS1A",2012-04-07,"2012","Salvia","mellifera","1",NA,NA,NA,NA,"Salvia.mellifera"
"5106","MTS2",2012-04-19,"2012","Salvia","mellifera","50",NA,NA,NA,NA,"Salvia.mellifera"
"5107","MTS2",2012-05-15,"2012","Salvia","mellifera","10",NA,NA,NA,NA,"Salvia.mellifera"
"5108","MTS6",2012-04-03,"2012","Salvia","mellifera","250",NA,NA,NA,NA,"Salvia.mellifera"
"5109","MTS6",2012-05-07,"2012","Salvia","mellifera","10",NA,NA,NA,NA,"Salvia.mellifera"
"5110","MTS7",2012-04-03,"2012","Salvia","mellifera","40",NA,NA,NA,NA,"Salvia.mellifera"
"5111","MTS7",2012-05-07,"2012","Salvia","mellifera","10",NA,NA,NA,NA,"Salvia.mellifera"
"5112","SWS10",2012-05-10,"2012","Salvia","mellifera","10",NA,NA,NA,NA,"Salvia.mellifera"
"5113","SWS3",2012-04-03,"2012","Salvia","mellifera","250",NA,NA,NA,NA,"Salvia.mellifera"
"5114","SWS3",2012-05-07,"2012","Salvia","mellifera","50",NA,NA,NA,NA,"Salvia.mellifera"
"5115","MTS1A",2012-04-07,"2012","Scrophularia","californica","80",NA,NA,NA,NA,"Scrophularia.californica"
"5116","MTS1A",2012-05-10,"2012","Scrophularia","californica","150",NA,NA,NA,NA,"Scrophularia.californica"
"5117","MTE2",2012-03-20,"2012","sisyrinchium","bellum","30",NA,NA,NA,NA,"sisyrinchium.bellum"
"5118","MTE2",2012-04-20,"2012","sisyrinchium","bellum","60",NA,NA,NA,NA,"sisyrinchium.bellum"
"5119","SWS3",2012-04-03,"2012","sisyrinchium","bellum","50",NA,NA,NA,NA,"sisyrinchium.bellum"
"5120","MTS2",2012-04-19,"2012","Solanum","parishii","5",NA,NA,NA,NA,"Solanum.parishii"
"5121","MTS2",2012-05-15,"2012","Solanum","parishii","5",NA,NA,NA,NA,"Solanum.parishii"
"5122","CFS1",2012-05-15,"2012","Stephanomeria","diegensis","5",NA,NA,NA,NA,"Stephanomeria.diegensis"
"5123","CFS1",2012-06-08,"2012","Stephanomeria","diegensis","5",NA,NA,NA,NA,"Stephanomeria.diegensis"
"5124","CFS1",2012-06-28,"2012","Stephanomeria","diegensis","30",NA,NA,NA,NA,"Stephanomeria.diegensis"
"5125","CFS1",2012-07-27,"2012","Stephanomeria","diegensis","20",NA,NA,NA,NA,"Stephanomeria.diegensis"
"5126","ECR1",2012-05-28,"2012","Stephanomeria","diegensis","15",NA,NA,NA,NA,"Stephanomeria.diegensis"
"5127","ECR1",2012-06-19,"2012","Stephanomeria","diegensis","5",NA,NA,NA,NA,"Stephanomeria.diegensis"
"5128","MTS1A",2012-06-07,"2012","Stephanomeria","diegensis","5",NA,NA,NA,NA,"Stephanomeria.diegensis"
"5129","MTS1A",2012-06-26,"2012","Stephanomeria","diegensis","10",NA,NA,NA,NA,"Stephanomeria.diegensis"
"5130","MTS1A",2012-07-23,"2012","Stephanomeria","diegensis","20",NA,NA,NA,NA,"Stephanomeria.diegensis"
"5131","MTS2",2012-05-15,"2012","Stephanomeria","diegensis","10",NA,NA,NA,NA,"Stephanomeria.diegensis"
"5132","MTS2",2012-06-08,"2012","Stephanomeria","diegensis","30",NA,NA,NA,NA,"Stephanomeria.diegensis"
"5133","MTS2",2012-06-28,"2012","Stephanomeria","diegensis","20",NA,NA,NA,NA,"Stephanomeria.diegensis"
"5134","MTS2",2012-07-27,"2012","Stephanomeria","diegensis","40",NA,NA,NA,NA,"Stephanomeria.diegensis"
"5135","SWS3",2012-06-01,"2012","Stephanomeria","diegensis","50",NA,NA,NA,NA,"Stephanomeria.diegensis"
"5136","SWS3",2012-07-20,"2012","Stephanomeria","diegensis","30",NA,NA,NA,NA,"Stephanomeria.diegensis"
"5137","SWS10",2012-04-07,"2012","Wisteria","sp.","4",NA,NA,NA,NA,"Wisteria.sp."
"5138","MTI2",2012-05-18,"2012","Zeltnera","venusta","400",NA,NA,NA,NA,"Zeltnera.venusta"
"5139","MTS1A",2012-05-10,"2012","Zeltnera","venusta","300",NA,NA,NA,NA,"Zeltnera.venusta"
"5140","MTS1A",2012-06-07,"2012","Zeltnera","venusta","450",NA,NA,NA,NA,"Zeltnera.venusta"
"5141","MTS2",2012-05-15,"2012","Zeltnera","venusta","20",NA,NA,NA,NA,"Zeltnera.venusta"
"5142","MTS6",2012-05-07,"2012","Zeltnera","venusta","5",NA,NA,NA,NA,"Zeltnera.venusta"
"5143","MTS7",2012-05-07,"2012","Zeltnera","venusta","20",NA,NA,NA,NA,"Zeltnera.venusta"
"5144","SWS1",2012-05-10,"2012","Zeltnera","venusta","300",NA,NA,NA,NA,"Zeltnera.venusta"
"5145","SWS3",2012-06-01,"2012","Zeltnera","venusta","10",NA,NA,NA,NA,"Zeltnera.venusta"
"5146","TRS1",2012-05-29,"2012","Zeltnera","venusta","400",NA,NA,NA,NA,"Zeltnera.venusta"
