"STATION","NAME","DATE","PRCP","SNOW","SNWD","TAVG","TMAX","TMIN"
"USW00003131","SAN DIEGO MONTGOMERY FIELD, CA US","1998-02-19",,,,,"60","45"
"USW00003131","SAN DIEGO MONTGOMERY FIELD, CA US","1998-02-20",,,,,"58","47"
"USW00003131","SAN DIEGO MONTGOMERY FIELD, CA US","1998-02-21",,,,,"60","44"
"USW00003131","SAN DIEGO MONTGOMERY FIELD, CA US","1998-02-22",,,,,"59","52"
"USW00003131","SAN DIEGO MONTGOMERY FIELD, CA US","1998-02-23",,,,,"61","50"
"USW00003131","SAN DIEGO MONTGOMERY FIELD, CA US","1998-02-24",,,,,"59","50"
"USW00003131","SAN DIEGO MONTGOMERY FIELD, CA US","1998-02-25",,,,,"61","43"
"USW00003131","SAN DIEGO MONTGOMERY FIELD, CA US","1998-02-26",,,,,"62","43"
"USW00003131","SAN DIEGO MONTGOMERY FIELD, CA US","1998-02-27",,,,,"64","44"
"USW00003131","SAN DIEGO MONTGOMERY FIELD, CA US","1998-02-28",,,,,"69","46"
"USW00003131","SAN DIEGO MONTGOMERY FIELD, CA US","1998-03-01",,,,,"71","46"
"USW00003131","SAN DIEGO MONTGOMERY FIELD, CA US","1998-03-02",,,,,"64","47"
"USW00003131","SAN DIEGO MONTGOMERY FIELD, CA US","1998-03-03",,,,,"63","54"
"USW00003131","SAN DIEGO MONTGOMERY FIELD, CA US","1998-03-04",,,,,"63","51"
"USW00003131","SAN DIEGO MONTGOMERY FIELD, CA US","1998-03-05",,,,,"62","47"
"USW00003131","SAN DIEGO MONTGOMERY FIELD, CA US","1998-03-06",,,,,"60","49"
"USW00003131","SAN DIEGO MONTGOMERY FIELD, CA US","1998-03-07",,,,,"63","42"
"USW00003131","SAN DIEGO MONTGOMERY FIELD, CA US","1998-03-08",,,,,"64","43"
"USW00003131","SAN DIEGO MONTGOMERY FIELD, CA US","1998-03-09",,,,,"69","44"
"USW00003131","SAN DIEGO MONTGOMERY FIELD, CA US","1998-03-10",,,,,"76","47"
"USW00003131","SAN DIEGO MONTGOMERY FIELD, CA US","1998-03-11",,,,,"82","48"
"USW00003131","SAN DIEGO MONTGOMERY FIELD, CA US","1998-03-12",,,,,"71","49"
"USW00003131","SAN DIEGO MONTGOMERY FIELD, CA US","1998-03-13",,,,,"64","53"
"USW00003131","SAN DIEGO MONTGOMERY FIELD, CA US","1998-03-14",,,,,"62","49"
"USW00003131","SAN DIEGO MONTGOMERY FIELD, CA US","1998-03-15",,,,,"67","47"
"USW00003131","SAN DIEGO MONTGOMERY FIELD, CA US","1998-03-16",,,,,"61","56"
"USW00003131","SAN DIEGO MONTGOMERY FIELD, CA US","1998-03-17",,,,,"64","54"
"USW00003131","SAN DIEGO MONTGOMERY FIELD, CA US","1998-03-18",,,,,"67","53"
"USW00003131","SAN DIEGO MONTGOMERY FIELD, CA US","1998-03-19",,,,,"71","53"
"USW00003131","SAN DIEGO MONTGOMERY FIELD, CA US","1998-03-20",,,,,"67","53"
"USW00003131","SAN DIEGO MONTGOMERY FIELD, CA US","1998-03-21",,,,,"66","50"
"USW00003131","SAN DIEGO MONTGOMERY FIELD, CA US","1998-03-22",,,,,"75","50"
"USW00003131","SAN DIEGO MONTGOMERY FIELD, CA US","1998-03-23",,,,,"75","52"
"USW00003131","SAN DIEGO MONTGOMERY FIELD, CA US","1998-03-24",,,,,"70","53"
"USW00003131","SAN DIEGO MONTGOMERY FIELD, CA US","1998-03-25",,,,,"61","52"
"USW00003131","SAN DIEGO MONTGOMERY FIELD, CA US","1998-03-26",,,,,"62","51"
"USW00003131","SAN DIEGO MONTGOMERY FIELD, CA US","1998-03-27",,,,,"60","53"
"USW00003131","SAN DIEGO MONTGOMERY FIELD, CA US","1998-03-28",,,,,"56","48"
"USW00003131","SAN DIEGO MONTGOMERY FIELD, CA US","1998-03-29",,,,,"52","43"
"USW00003131","SAN DIEGO MONTGOMERY FIELD, CA US","1998-03-30",,,,,"60","39"
"USW00003131","SAN DIEGO MONTGOMERY FIELD, CA US","1998-03-31",,,,,"61","45"
"USW00003131","SAN DIEGO MONTGOMERY FIELD, CA US","1998-04-01","0.32",,,"51","57","44"
"USW00003131","SAN DIEGO MONTGOMERY FIELD, CA US","1998-04-02","0.00",,,"54","62","46"
"USW00003131","SAN DIEGO MONTGOMERY FIELD, CA US","1998-04-03","0.01",,"0.0","56","64","47"
"USW00003131","SAN DIEGO MONTGOMERY FIELD, CA US","1998-04-04","0.00",,,"53","61","45"
"USW00003131","SAN DIEGO MONTGOMERY FIELD, CA US","1998-04-05","0.00",,,"54","63","45"
"USW00003131","SAN DIEGO MONTGOMERY FIELD, CA US","1998-04-06","0.02",,,"55","62","48"
"USW00003131","SAN DIEGO MONTGOMERY FIELD, CA US","1998-04-07","0.14",,,"55","61","48"
"USW00003131","SAN DIEGO MONTGOMERY FIELD, CA US","1998-04-08","0.00",,,"54","64","43"
"USW00003131","SAN DIEGO MONTGOMERY FIELD, CA US","1998-04-09","0.00",,,"57","68","46"
"USW00003131","SAN DIEGO MONTGOMERY FIELD, CA US","1998-04-10","0.01",,,"58","66","49"
"USW00003131","SAN DIEGO MONTGOMERY FIELD, CA US","1998-04-11","0.38",,,"57","63","50"
"USW00003131","SAN DIEGO MONTGOMERY FIELD, CA US","1998-04-12","0.04",,,"56","60","52"
"USW00003131","SAN DIEGO MONTGOMERY FIELD, CA US","1998-04-13","0.01",,,"53","61","45"
"USW00003131","SAN DIEGO MONTGOMERY FIELD, CA US","1998-04-14","0.29",,,"56","61","50"
"USW00003131","SAN DIEGO MONTGOMERY FIELD, CA US","1998-04-15","0.38",,,"53","59","46"
"USW00003131","SAN DIEGO MONTGOMERY FIELD, CA US","1998-04-16","0.00",,,"54","64","43"
"USW00003131","SAN DIEGO MONTGOMERY FIELD, CA US","1998-04-17","0.00",,,"59","72","45"
"USW00003131","SAN DIEGO MONTGOMERY FIELD, CA US","1998-04-18","0.00",,,"61","74","47"
"USW00003131","SAN DIEGO MONTGOMERY FIELD, CA US","1998-04-19","0.00",,,"64","77","50"
"USW00003131","SAN DIEGO MONTGOMERY FIELD, CA US","1998-04-20","0.00",,,"65","78","51"
"USW00003131","SAN DIEGO MONTGOMERY FIELD, CA US","1998-04-21","0.00",,,"64","75","52"
"USW00003131","SAN DIEGO MONTGOMERY FIELD, CA US","1998-04-22","0.00",,,"62","68","56"
"USW00003131","SAN DIEGO MONTGOMERY FIELD, CA US","1998-04-23","0.00",,"0.0",,,
"USW00003131","SAN DIEGO MONTGOMERY FIELD, CA US","1998-04-24","0.00",,,"63","68","57"
"USW00003131","SAN DIEGO MONTGOMERY FIELD, CA US","1998-04-25","0.00",,,"60","65","54"
"USW00003131","SAN DIEGO MONTGOMERY FIELD, CA US","1998-04-26","0.00",,,"60","69","50"
"USW00003131","SAN DIEGO MONTGOMERY FIELD, CA US","1998-04-27","0.00",,,"63","74","51"
"USW00003131","SAN DIEGO MONTGOMERY FIELD, CA US","1998-04-28","0.00",,,"65","77","53"
"USW00003131","SAN DIEGO MONTGOMERY FIELD, CA US","1998-04-29","0.00",,,"65","77","53"
"USW00003131","SAN DIEGO MONTGOMERY FIELD, CA US","1998-04-30","0.00",,,"63","68","57"
"USW00003131","SAN DIEGO MONTGOMERY FIELD, CA US","1998-05-01","0.00",,,"63","69","57"
"USW00003131","SAN DIEGO MONTGOMERY FIELD, CA US","1998-05-02","0.01",,,"65","73","56"
"USW00003131","SAN DIEGO MONTGOMERY FIELD, CA US","1998-05-03","0.00",,,"68","75","60"
"USW00003131","SAN DIEGO MONTGOMERY FIELD, CA US","1998-05-04","0.06",,,"67","74","60"
"USW00003131","SAN DIEGO MONTGOMERY FIELD, CA US","1998-05-05","0.10",,,"65","69","60"
"USW00003131","SAN DIEGO MONTGOMERY FIELD, CA US","1998-05-06","0.04",,,"63","69","57"
"USW00003131","SAN DIEGO MONTGOMERY FIELD, CA US","1998-05-07","0.00",,,"62","69","55"
"USW00003131","SAN DIEGO MONTGOMERY FIELD, CA US","1998-05-08","0.00",,,"61","64","57"
"USW00003131","SAN DIEGO MONTGOMERY FIELD, CA US","1998-05-09","0.00",,,"59","64","54"
"USW00003131","SAN DIEGO MONTGOMERY FIELD, CA US","1998-05-10","0.00",,,"59","65","52"
"USW00003131","SAN DIEGO MONTGOMERY FIELD, CA US","1998-05-11","0.00",,,"59","63","55"
"USW00003131","SAN DIEGO MONTGOMERY FIELD, CA US","1998-05-12","0.49",,,"59","65","53"
"USW00003131","SAN DIEGO MONTGOMERY FIELD, CA US","1998-05-13","0.10",,,"56","63","49"
"USW00003131","SAN DIEGO MONTGOMERY FIELD, CA US","1998-05-14","0.00",,,"57","65","49"
"USW00003131","SAN DIEGO MONTGOMERY FIELD, CA US","1998-05-15","0.00",,,"59","68","49"
"USW00003131","SAN DIEGO MONTGOMERY FIELD, CA US","1998-05-16","0.00",,,"60","67","52"
"USW00003131","SAN DIEGO MONTGOMERY FIELD, CA US","1998-05-17","0.01",,,"61","70","52"
"USW00003131","SAN DIEGO MONTGOMERY FIELD, CA US","1998-05-18","0.00",,,"63","74","52"
"USW00003131","SAN DIEGO MONTGOMERY FIELD, CA US","1998-05-19","0.00",,,"61","69","52"
"USW00003131","SAN DIEGO MONTGOMERY FIELD, CA US","1998-05-20","0.00",,,"61","67","55"
"USW00003131","SAN DIEGO MONTGOMERY FIELD, CA US","1998-05-21","0.00",,,"63","69","57"
"USW00003131","SAN DIEGO MONTGOMERY FIELD, CA US","1998-05-22","0.00",,,"63","68","58"
"USW00003131","SAN DIEGO MONTGOMERY FIELD, CA US","1998-05-23","0.00",,,"64","69","59"
"USW00003131","SAN DIEGO MONTGOMERY FIELD, CA US","1998-05-24","0.00",,,"65","69","60"
"USW00003131","SAN DIEGO MONTGOMERY FIELD, CA US","1998-05-25","0.01",,,"63","66","59"
"USW00003131","SAN DIEGO MONTGOMERY FIELD, CA US","1998-05-26","0.00",,,"58","64","51"
"USW00003131","SAN DIEGO MONTGOMERY FIELD, CA US","1998-05-27","0.00",,,"59","67","50"
"USW00003131","SAN DIEGO MONTGOMERY FIELD, CA US","1998-05-28","0.00",,,"61","70","52"
"USW00003131","SAN DIEGO MONTGOMERY FIELD, CA US","1998-05-29","0.00",,,"62","68","55"
"USW00003131","SAN DIEGO MONTGOMERY FIELD, CA US","1998-05-30","0.00",,,"60","69","51"
"USW00003131","SAN DIEGO MONTGOMERY FIELD, CA US","1998-05-31","0.00",,,"61","69","53"
"USW00003131","SAN DIEGO MONTGOMERY FIELD, CA US","1998-06-01","0.00",,,"64","73","55"
"USW00003131","SAN DIEGO MONTGOMERY FIELD, CA US","1998-06-02","0.00",,,"63","70","56"
"USW00003131","SAN DIEGO MONTGOMERY FIELD, CA US","1998-06-03","0.00",,,"64","69","58"
"USW00003131","SAN DIEGO MONTGOMERY FIELD, CA US","1998-06-04","0.01",,,"63","69","57"
"USW00003131","SAN DIEGO MONTGOMERY FIELD, CA US","1998-06-05","0.00",,,"62","70","54"
"USW00003131","SAN DIEGO MONTGOMERY FIELD, CA US","1998-06-06","0.00",,,"64","68","59"
"USW00003131","SAN DIEGO MONTGOMERY FIELD, CA US","1998-06-07","0.03",,,"63","68","57"
"USW00003131","SAN DIEGO MONTGOMERY FIELD, CA US","1998-06-08","0.06",,,"62","66","57"
"USW00003131","SAN DIEGO MONTGOMERY FIELD, CA US","1998-06-09","0.00",,,"64","68","60"
"USW00003131","SAN DIEGO MONTGOMERY FIELD, CA US","1998-06-10","0.00",,,"65","69","61"
"USW00003131","SAN DIEGO MONTGOMERY FIELD, CA US","1998-06-11","0.00",,,"62","67","57"
"USW00003131","SAN DIEGO MONTGOMERY FIELD, CA US","1998-06-12","0.01",,,"62","67","56"
"USW00003131","SAN DIEGO MONTGOMERY FIELD, CA US","1998-06-13","0.00",,,"63","71","54"
"USW00003131","SAN DIEGO MONTGOMERY FIELD, CA US","1998-06-14","0.00",,,"65","75","55"
"USW00003131","SAN DIEGO MONTGOMERY FIELD, CA US","1998-06-15","0.00",,,"66","72","60"
"USW00003131","SAN DIEGO MONTGOMERY FIELD, CA US","1998-06-16","0.03",,,"62","65","59"
"USW00003131","SAN DIEGO MONTGOMERY FIELD, CA US","1998-06-17","0.00",,,"65","71","58"
"USW00003131","SAN DIEGO MONTGOMERY FIELD, CA US","1998-06-18","0.00",,,"66","75","56"
"USW00003131","SAN DIEGO MONTGOMERY FIELD, CA US","1998-06-19","0.00",,,"69","76","62"
"USW00003131","SAN DIEGO MONTGOMERY FIELD, CA US","1998-06-20","0.00",,,"67","72","62"
"USW00003131","SAN DIEGO MONTGOMERY FIELD, CA US","1998-06-21","0.00",,,"68","76","60"
"USW00003131","SAN DIEGO MONTGOMERY FIELD, CA US","1998-06-22","0.00",,,"66","73","58"
"USW00003131","SAN DIEGO MONTGOMERY FIELD, CA US","1998-06-23","0.00",,,"67","74","60"
"USW00003131","SAN DIEGO MONTGOMERY FIELD, CA US","1998-06-24","0.00",,,"67","75","59"
"USW00003131","SAN DIEGO MONTGOMERY FIELD, CA US","1998-06-25","0.00",,,"67","76","58"
"USW00003131","SAN DIEGO MONTGOMERY FIELD, CA US","1998-06-26","0.00",,,"68","75","61"
"USW00003131","SAN DIEGO MONTGOMERY FIELD, CA US","1998-06-27","0.00",,,"70","77","62"
"USW00003131","SAN DIEGO MONTGOMERY FIELD, CA US","1998-06-28","0.00",,,"68","75","61"
"USW00003131","SAN DIEGO MONTGOMERY FIELD, CA US","1998-06-29","0.00",,,"70","79","60"
"USW00003131","SAN DIEGO MONTGOMERY FIELD, CA US","1998-06-30","0.00",,,"70","76","63"
"USW00003131","SAN DIEGO MONTGOMERY FIELD, CA US","1998-07-01","0.00",,,"69","76","62"
"USW00003131","SAN DIEGO MONTGOMERY FIELD, CA US","1998-07-02","0.00",,,"67","73","60"
"USW00003131","SAN DIEGO MONTGOMERY FIELD, CA US","1998-07-03","0.00",,,"66","70","61"
"USW00003131","SAN DIEGO MONTGOMERY FIELD, CA US","1998-07-04","0.00",,,"66","72","59"
"USW00003131","SAN DIEGO MONTGOMERY FIELD, CA US","1998-07-05","0.00",,,"69","75","62"
"USW00003131","SAN DIEGO MONTGOMERY FIELD, CA US","1998-07-06","0.00",,,"72","83","60"
"USW00003131","SAN DIEGO MONTGOMERY FIELD, CA US","1998-07-07","0.00",,,"74","82","65"
"USW00003131","SAN DIEGO MONTGOMERY FIELD, CA US","1998-07-08","0.00",,,"74","83","64"
"USW00003131","SAN DIEGO MONTGOMERY FIELD, CA US","1998-07-09","0.00",,,"74","83","64"
"USW00003131","SAN DIEGO MONTGOMERY FIELD, CA US","1998-07-10","0.00",,,"72","80","64"
"USW00003131","SAN DIEGO MONTGOMERY FIELD, CA US","1998-07-11","0.00",,,"71","80","62"
"USW00003131","SAN DIEGO MONTGOMERY FIELD, CA US","1998-07-12","0.00",,,"68","73","62"
"USW00003131","SAN DIEGO MONTGOMERY FIELD, CA US","1998-07-13","0.00",,,"68","75","60"
"USW00003131","SAN DIEGO MONTGOMERY FIELD, CA US","1998-07-14","0.00",,,"69","78","60"
"USW00003131","SAN DIEGO MONTGOMERY FIELD, CA US","1998-07-15","0.00",,,"71","83","59"
"USW00003131","SAN DIEGO MONTGOMERY FIELD, CA US","1998-07-16","0.00",,,"73","87","59"
"USW00003131","SAN DIEGO MONTGOMERY FIELD, CA US","1998-07-17","0.00",,,"76","90","61"
"USW00003131","SAN DIEGO MONTGOMERY FIELD, CA US","1998-07-18","0.00",,,"74","84","64"
"USW00003131","SAN DIEGO MONTGOMERY FIELD, CA US","1998-07-19","0.00",,,"71","78","64"
"USW00003131","SAN DIEGO MONTGOMERY FIELD, CA US","1998-07-20","0.00",,,"73","80","66"
"USW00003131","SAN DIEGO MONTGOMERY FIELD, CA US","1998-07-21","0.00",,,"73","79","66"
"USW00003131","SAN DIEGO MONTGOMERY FIELD, CA US","1998-07-22","0.00",,,"71","77","65"
"USW00003131","SAN DIEGO MONTGOMERY FIELD, CA US","1998-07-23","0.00",,,"69","74","64"
"USW00003131","SAN DIEGO MONTGOMERY FIELD, CA US","1998-07-24","0.00",,,"69","72","65"
"USW00003131","SAN DIEGO MONTGOMERY FIELD, CA US","1998-07-25","0.00",,,"71","78","64"
"USW00003131","SAN DIEGO MONTGOMERY FIELD, CA US","1998-07-26","0.00",,,"74","85","63"
"USW00003131","SAN DIEGO MONTGOMERY FIELD, CA US","1998-07-27","0.00",,,"76","87","65"
"USW00003131","SAN DIEGO MONTGOMERY FIELD, CA US","1998-07-28","0.00",,,"75","85","65"
"USW00003131","SAN DIEGO MONTGOMERY FIELD, CA US","1998-07-29","0.00",,,"71","77","65"
"USW00003131","SAN DIEGO MONTGOMERY FIELD, CA US","1998-07-30","0.00",,,"70","76","63"
"USW00003131","SAN DIEGO MONTGOMERY FIELD, CA US","1998-07-31","0.00",,,"70","79","61"
"USW00003131","SAN DIEGO MONTGOMERY FIELD, CA US","1998-08-01","0.00",,,"72","82","62"
"USW00003131","SAN DIEGO MONTGOMERY FIELD, CA US","1998-08-02","0.00",,,"72","82","61"
"USW00003131","SAN DIEGO MONTGOMERY FIELD, CA US","1998-08-03","0.00",,,"76","88","64"
"USW00003131","SAN DIEGO MONTGOMERY FIELD, CA US","1998-08-04","0.00",,,"75","86","64"
"USW00003131","SAN DIEGO MONTGOMERY FIELD, CA US","1998-08-05","0.00",,,"71","77","64"
"USW00003131","SAN DIEGO MONTGOMERY FIELD, CA US","1998-08-06","0.00",,,"70","76","64"
"USW00003131","SAN DIEGO MONTGOMERY FIELD, CA US","1998-08-07","0.00",,,"74","83","64"
"USW00003131","SAN DIEGO MONTGOMERY FIELD, CA US","1998-08-08","0.00",,,"73","85","61"
"USW00003131","SAN DIEGO MONTGOMERY FIELD, CA US","1998-08-09","0.00",,,"82","96","68"
"USW00003131","SAN DIEGO MONTGOMERY FIELD, CA US","1998-08-10","0.01",,,"79","87","71"
"USW00003131","SAN DIEGO MONTGOMERY FIELD, CA US","1998-08-11","0.00",,,"80","90","70"
"USW00003131","SAN DIEGO MONTGOMERY FIELD, CA US","1998-08-12","0.00",,,"82","91","72"
"USW00003131","SAN DIEGO MONTGOMERY FIELD, CA US","1998-08-13","0.00",,,"81","92","70"
"USW00003131","SAN DIEGO MONTGOMERY FIELD, CA US","1998-08-14","0.00",,,"75","83","67"
"USW00003131","SAN DIEGO MONTGOMERY FIELD, CA US","1998-08-15","0.00",,,"72","78","66"
"USW00003131","SAN DIEGO MONTGOMERY FIELD, CA US","1998-08-16","0.00",,,"72","76","67"
"USW00003131","SAN DIEGO MONTGOMERY FIELD, CA US","1998-08-17","0.00",,,"72","77","66"
"USW00003131","SAN DIEGO MONTGOMERY FIELD, CA US","1998-08-18","0.00",,,"73","80","66"
"USW00003131","SAN DIEGO MONTGOMERY FIELD, CA US","1998-08-19","0.00",,,"72","79","65"
"USW00003131","SAN DIEGO MONTGOMERY FIELD, CA US","1998-08-20","0.00",,,"72","81","62"
"USW00003131","SAN DIEGO MONTGOMERY FIELD, CA US","1998-08-21","0.00",,,"75","87","63"
"USW00003131","SAN DIEGO MONTGOMERY FIELD, CA US","1998-08-22","0.00",,,"76","85","67"
"USW00003131","SAN DIEGO MONTGOMERY FIELD, CA US","1998-08-23","0.00",,,"76","84","68"
"USW00003131","SAN DIEGO MONTGOMERY FIELD, CA US","1998-08-24","0.00",,,"73","79","66"
"USW00003131","SAN DIEGO MONTGOMERY FIELD, CA US","1998-08-25","0.00",,,"73","79","66"
"USW00003131","SAN DIEGO MONTGOMERY FIELD, CA US","1998-08-26","0.00",,,"74","81","67"
"USW00003131","SAN DIEGO MONTGOMERY FIELD, CA US","1998-08-27","0.00",,,"73","82","63"
"USW00003131","SAN DIEGO MONTGOMERY FIELD, CA US","1998-08-28","0.00",,,"76","85","66"
"USW00003131","SAN DIEGO MONTGOMERY FIELD, CA US","1998-08-29","0.00",,,"84","98","69"
"USW00003131","SAN DIEGO MONTGOMERY FIELD, CA US","1998-08-30","0.00",,,"85","98","72"
"USW00003131","SAN DIEGO MONTGOMERY FIELD, CA US","1998-08-31","0.00",,,"83","96","70"
"USW00003131","SAN DIEGO MONTGOMERY FIELD, CA US","1998-09-01","0.00",,,"82","93","71"
"USW00003131","SAN DIEGO MONTGOMERY FIELD, CA US","1998-09-02","0.00",,,"80","91","69"
"USW00003131","SAN DIEGO MONTGOMERY FIELD, CA US","1998-09-03","0.07",,,"83","95","70"
"USW00003131","SAN DIEGO MONTGOMERY FIELD, CA US","1998-09-04","0.00",,,"72","74","69"
"USW00003131","SAN DIEGO MONTGOMERY FIELD, CA US","1998-09-05","0.00",,,"75","81","69"
"USW00003131","SAN DIEGO MONTGOMERY FIELD, CA US","1998-09-06","0.00",,,"74","79","69"
"USW00003131","SAN DIEGO MONTGOMERY FIELD, CA US","1998-09-07","0.00",,,"74","79","68"
"USW00003131","SAN DIEGO MONTGOMERY FIELD, CA US","1998-09-08","0.00",,,"72","77","67"
"USW00003131","SAN DIEGO MONTGOMERY FIELD, CA US","1998-09-09","0.00",,,"73","77","68"
"USW00003131","SAN DIEGO MONTGOMERY FIELD, CA US","1998-09-10","0.00",,,"73","79","66"
"USW00003131","SAN DIEGO MONTGOMERY FIELD, CA US","1998-09-11","0.00",,,"70","78","62"
"USW00003131","SAN DIEGO MONTGOMERY FIELD, CA US","1998-09-12","0.00",,,"69","78","60"
"USW00003131","SAN DIEGO MONTGOMERY FIELD, CA US","1998-09-13","0.00",,,"70","78","62"
"USW00003131","SAN DIEGO MONTGOMERY FIELD, CA US","1998-09-14","0.00",,,"70","77","63"
"USW00003131","SAN DIEGO MONTGOMERY FIELD, CA US","1998-09-15","0.00",,,"70","76","64"
"USW00003131","SAN DIEGO MONTGOMERY FIELD, CA US","1998-09-16","0.00",,,"70","76","64"
"USW00003131","SAN DIEGO MONTGOMERY FIELD, CA US","1998-09-17","0.00",,,"70","76","63"
"USW00003131","SAN DIEGO MONTGOMERY FIELD, CA US","1998-09-18","0.00",,,"70","78","61"
"USW00003131","SAN DIEGO MONTGOMERY FIELD, CA US","1998-09-19","0.00",,,"68","74","61"
"USW00003131","SAN DIEGO MONTGOMERY FIELD, CA US","1998-09-20","0.00",,,"69","73","65"
"USW00003131","SAN DIEGO MONTGOMERY FIELD, CA US","1998-09-21","0.00",,,"69","73","65"
"USW00003131","SAN DIEGO MONTGOMERY FIELD, CA US","1998-09-22","0.00",,,"69","73","65"
"USW00003131","SAN DIEGO MONTGOMERY FIELD, CA US","1998-09-23","0.00",,,"66","73","59"
"USW00003131","SAN DIEGO MONTGOMERY FIELD, CA US","1998-09-24","0.00",,,"66","72","59"
"USW00003131","SAN DIEGO MONTGOMERY FIELD, CA US","1998-09-25","0.00",,,"66","72","59"
"USW00003131","SAN DIEGO MONTGOMERY FIELD, CA US","1998-09-26","0.03",,,"62","67","57"
"USW00003131","SAN DIEGO MONTGOMERY FIELD, CA US","1998-09-27","0.00",,,"66","74","57"
"USW00003131","SAN DIEGO MONTGOMERY FIELD, CA US","1998-09-28","0.00",,,"65","74","55"
"USW00003131","SAN DIEGO MONTGOMERY FIELD, CA US","1998-09-29","0.00",,,"65","72","58"
"USW00003131","SAN DIEGO MONTGOMERY FIELD, CA US","1998-09-30","0.00",,,"65","71","59"
"USW00003131","SAN DIEGO MONTGOMERY FIELD, CA US","1998-10-01","0.00",,,"70","75","64"
"USW00003131","SAN DIEGO MONTGOMERY FIELD, CA US","1998-10-02","0.00",,,"66","70","62"
"USW00003131","SAN DIEGO MONTGOMERY FIELD, CA US","1998-10-03","0.00",,,"66","69","62"
"USW00003131","SAN DIEGO MONTGOMERY FIELD, CA US","1998-10-04","0.00",,,"64","71","56"
"USW00003131","SAN DIEGO MONTGOMERY FIELD, CA US","1998-10-05","0.00",,,"70","85","54"
"USW00003131","SAN DIEGO MONTGOMERY FIELD, CA US","1998-10-06","0.00",,,"72","90","53"
"USW00003131","SAN DIEGO MONTGOMERY FIELD, CA US","1998-10-07","0.00",,,"69","85","53"
"USW00003131","SAN DIEGO MONTGOMERY FIELD, CA US","1998-10-08","0.00",,,"67","80","54"
"USW00003131","SAN DIEGO MONTGOMERY FIELD, CA US","1998-10-09","0.00",,,"62","74","50"
"USW00003131","SAN DIEGO MONTGOMERY FIELD, CA US","1998-10-10","0.00",,,"64","71","57"
"USW00003131","SAN DIEGO MONTGOMERY FIELD, CA US","1998-10-11","0.00",,,"65","74","55"
"USW00003131","SAN DIEGO MONTGOMERY FIELD, CA US","1998-10-12","0.00",,,"66","73","58"
"USW00003131","SAN DIEGO MONTGOMERY FIELD, CA US","1998-10-13","0.00",,,"65","73","57"
"USW00003131","SAN DIEGO MONTGOMERY FIELD, CA US","1998-10-14","0.00",,,"63","69","57"
"USW00003131","SAN DIEGO MONTGOMERY FIELD, CA US","1998-10-15","0.01",,,"62","67","56"
"USW00003131","SAN DIEGO MONTGOMERY FIELD, CA US","1998-10-16","0.00",,,"62","70","54"
"USW00003131","SAN DIEGO MONTGOMERY FIELD, CA US","1998-10-17","0.00",,,"65","79","50"
"USW00003131","SAN DIEGO MONTGOMERY FIELD, CA US","1998-10-18","0.00",,,"64","80","48"
"USW00003131","SAN DIEGO MONTGOMERY FIELD, CA US","1998-10-19","0.00",,,"64","77","51"
"USW00003131","SAN DIEGO MONTGOMERY FIELD, CA US","1998-10-20","0.00",,,"63","75","51"
"USW00003131","SAN DIEGO MONTGOMERY FIELD, CA US","1998-10-21","0.00",,,"64","71","57"
"USW00003131","SAN DIEGO MONTGOMERY FIELD, CA US","1998-10-22","0.01",,,"66","79","53"
"USW00003131","SAN DIEGO MONTGOMERY FIELD, CA US","1998-10-23","0.00",,,"70","82","57"
"USW00003131","SAN DIEGO MONTGOMERY FIELD, CA US","1998-10-24","0.00",,,"71","83","59"
"USW00003131","SAN DIEGO MONTGOMERY FIELD, CA US","1998-10-25","0.04",,,"62","67","57"
"USW00003131","SAN DIEGO MONTGOMERY FIELD, CA US","1998-10-26","0.00",,,"62","70","54"
"USW00003131","SAN DIEGO MONTGOMERY FIELD, CA US","1998-10-27","0.00",,,"62","71","53"
"USW00003131","SAN DIEGO MONTGOMERY FIELD, CA US","1998-10-28","0.00",,,"63","71","54"
"USW00003131","SAN DIEGO MONTGOMERY FIELD, CA US","1998-10-29","0.00",,,"61","65","56"
"USW00003131","SAN DIEGO MONTGOMERY FIELD, CA US","1998-10-30","0.00",,,"61","68","53"
"USW00003131","SAN DIEGO MONTGOMERY FIELD, CA US","1998-10-31","0.00",,,"60","70","50"
"USW00003131","SAN DIEGO MONTGOMERY FIELD, CA US","1998-11-01","0.01",,,"60","70","50"
"USW00003131","SAN DIEGO MONTGOMERY FIELD, CA US","1998-11-02","0.00",,,"61","69","52"
"USW00003131","SAN DIEGO MONTGOMERY FIELD, CA US","1998-11-03","0.01",,,"62","73","50"
"USW00003131","SAN DIEGO MONTGOMERY FIELD, CA US","1998-11-04","0.01",,,"63","74","51"
"USW00003131","SAN DIEGO MONTGOMERY FIELD, CA US","1998-11-05","0.00",,,"60","65","55"
"USW00003131","SAN DIEGO MONTGOMERY FIELD, CA US","1998-11-06","0.00",,,"59","67","50"
"USW00003131","SAN DIEGO MONTGOMERY FIELD, CA US","1998-11-07","0.00",,,"59","68","49"
"USW00003131","SAN DIEGO MONTGOMERY FIELD, CA US","1998-11-08","0.52",,,"59","61","56"
"USW00003131","SAN DIEGO MONTGOMERY FIELD, CA US","1998-11-09","0.00",,,"56","63","49"
"USW00003131","SAN DIEGO MONTGOMERY FIELD, CA US","1998-11-10","0.00",,,"58","70","45"
"USW00003131","SAN DIEGO MONTGOMERY FIELD, CA US","1998-11-11","0.01",,,"57","63","50"
"USW00003131","SAN DIEGO MONTGOMERY FIELD, CA US","1998-11-12","0.00",,,"56","68","44"
"USW00003131","SAN DIEGO MONTGOMERY FIELD, CA US","1998-11-13","0.00",,,"62","76","47"
"USW00003131","SAN DIEGO MONTGOMERY FIELD, CA US","1998-11-14","0.00",,,"62","77","47"
"USW00003131","SAN DIEGO MONTGOMERY FIELD, CA US","1998-11-15","0.00",,,"58","71","44"
"USW00003131","SAN DIEGO MONTGOMERY FIELD, CA US","1998-11-16","0.01",,,"55","68","42"
"USW00003131","SAN DIEGO MONTGOMERY FIELD, CA US","1998-11-17","0.00",,,"59","65","52"
"USW00003131","SAN DIEGO MONTGOMERY FIELD, CA US","1998-11-18","0.00",,,"57","65","48"
"USW00003131","SAN DIEGO MONTGOMERY FIELD, CA US","1998-11-19","0.01",,,"61","75","46"
"USW00003131","SAN DIEGO MONTGOMERY FIELD, CA US","1998-11-20","0.00",,,"61","75","46"
"USW00003131","SAN DIEGO MONTGOMERY FIELD, CA US","1998-11-21","0.00",,,"60","75","45"
"USW00003131","SAN DIEGO MONTGOMERY FIELD, CA US","1998-11-22","0.00",,,"61","76","45"
"USW00003131","SAN DIEGO MONTGOMERY FIELD, CA US","1998-11-23","0.00",,,"58","70","45"
"USW00003131","SAN DIEGO MONTGOMERY FIELD, CA US","1998-11-24","0.01",,,"58","66","50"
"USW00003131","SAN DIEGO MONTGOMERY FIELD, CA US","1998-11-25","0.00",,,"59","71","46"
"USW00003131","SAN DIEGO MONTGOMERY FIELD, CA US","1998-11-26","0.01",,,"63","77","49"
"USW00003131","SAN DIEGO MONTGOMERY FIELD, CA US","1998-11-27","0.00",,,"57","62","51"
"USW00003131","SAN DIEGO MONTGOMERY FIELD, CA US","1998-11-28","0.54",,,"57","60","53"
"USW00003131","SAN DIEGO MONTGOMERY FIELD, CA US","1998-11-29","0.00",,,"55","61","49"
"USW00003131","SAN DIEGO MONTGOMERY FIELD, CA US","1998-11-30","0.01",,,"56","66","46"
"USW00003131","SAN DIEGO MONTGOMERY FIELD, CA US","1998-12-01","0.19",,,"69","90","47"
"USW00003131","SAN DIEGO MONTGOMERY FIELD, CA US","1998-12-02","0.00",,,"56","61","50"
"USW00003131","SAN DIEGO MONTGOMERY FIELD, CA US","1998-12-03","0.01",,,"54","63","45"
"USW00003131","SAN DIEGO MONTGOMERY FIELD, CA US","1998-12-04","0.01",,,"52","58","46"
"USW00003131","SAN DIEGO MONTGOMERY FIELD, CA US","1998-12-05","0.37",,,"50","56","43"
"USW00003131","SAN DIEGO MONTGOMERY FIELD, CA US","1998-12-06","0.22",,,"49","56","41"
"USW00003131","SAN DIEGO MONTGOMERY FIELD, CA US","1998-12-07","0.00",,,"46","58","34"
"USW00003131","SAN DIEGO MONTGOMERY FIELD, CA US","1998-12-08","0.00",,,"49","60","37"
"USW00003131","SAN DIEGO MONTGOMERY FIELD, CA US","1998-12-09","0.00",,,"53","68","37"
"USW00003131","SAN DIEGO MONTGOMERY FIELD, CA US","1998-12-10","0.00",,,"55","67","43"
"USW00003131","SAN DIEGO MONTGOMERY FIELD, CA US","1998-12-11","0.00",,,"53","67","39"
"USW00003131","SAN DIEGO MONTGOMERY FIELD, CA US","1998-12-12","0.00",,,"58","76","39"
"USW00003131","SAN DIEGO MONTGOMERY FIELD, CA US","1998-12-13","0.00",,,"63","80","46"
"USW00003131","SAN DIEGO MONTGOMERY FIELD, CA US","1998-12-14","0.00",,,"52","59","44"
"USW00003131","SAN DIEGO MONTGOMERY FIELD, CA US","1998-12-15","0.00",,,"59","77","40"
"USW00003131","SAN DIEGO MONTGOMERY FIELD, CA US","1998-12-16","0.00",,,"67","83","50"
"USW00003131","SAN DIEGO MONTGOMERY FIELD, CA US","1998-12-17","0.00",,,"62","77","46"
"USW00003131","SAN DIEGO MONTGOMERY FIELD, CA US","1998-12-18","0.00",,,"56","59","52"
"USW00003131","SAN DIEGO MONTGOMERY FIELD, CA US","1998-12-19","0.07",,,"55","57","53"
"USW00003131","SAN DIEGO MONTGOMERY FIELD, CA US","1998-12-20","0.00",,,"52","55","48"
"USW00003131","SAN DIEGO MONTGOMERY FIELD, CA US","1998-12-21","0.01",,,"45","53","37"
"USW00003131","SAN DIEGO MONTGOMERY FIELD, CA US","1998-12-22","0.00",,,"47","57","36"
"USW00003131","SAN DIEGO MONTGOMERY FIELD, CA US","1998-12-23","0.00",,,"46","57","35"
"USW00003131","SAN DIEGO MONTGOMERY FIELD, CA US","1998-12-24","0.00",,,"48","63","32"
"USW00003131","SAN DIEGO MONTGOMERY FIELD, CA US","1998-12-25","0.00",,,"54","72","35"
"USW00003131","SAN DIEGO MONTGOMERY FIELD, CA US","1998-12-26","0.00",,,"54","66","42"
"USW00003131","SAN DIEGO MONTGOMERY FIELD, CA US","1998-12-27","0.00",,,"56","70","41"
"USW00003131","SAN DIEGO MONTGOMERY FIELD, CA US","1998-12-28","0.00",,,"60","76","43"
"USW00003131","SAN DIEGO MONTGOMERY FIELD, CA US","1998-12-29","0.00",,,"59","74","43"
"USW00003131","SAN DIEGO MONTGOMERY FIELD, CA US","1998-12-30","0.00",,,"59","74","43"
"USW00003131","SAN DIEGO MONTGOMERY FIELD, CA US","1998-12-31","0.00",,,"51","58","44"
"USW00003131","SAN DIEGO MONTGOMERY FIELD, CA US","1999-01-01","0.00",,,"56","66","46"
"USW00003131","SAN DIEGO MONTGOMERY FIELD, CA US","1999-01-02","0.00",,,"58","75","41"
"USW00003131","SAN DIEGO MONTGOMERY FIELD, CA US","1999-01-03","0.00",,,"60","77","42"
"USW00003131","SAN DIEGO MONTGOMERY FIELD, CA US","1999-01-04","0.00",,,"59","77","40"
"USW00003131","SAN DIEGO MONTGOMERY FIELD, CA US","1999-01-05","0.00",,,"59","77","40"
"USW00003131","SAN DIEGO MONTGOMERY FIELD, CA US","1999-01-06","0.00",,,"58","74","41"
"USW00003131","SAN DIEGO MONTGOMERY FIELD, CA US","1999-01-07","0.01",,,"49","59","39"
"USW00003131","SAN DIEGO MONTGOMERY FIELD, CA US","1999-01-08","0.00",,,"58","66","49"
"USW00003131","SAN DIEGO MONTGOMERY FIELD, CA US","1999-01-09","0.00",,,"59","73","44"
"USW00003131","SAN DIEGO MONTGOMERY FIELD, CA US","1999-01-10","0.00",,,"58","72","44"
"USW00003131","SAN DIEGO MONTGOMERY FIELD, CA US","1999-01-11","0.00",,,"58","69","46"
"USW00003131","SAN DIEGO MONTGOMERY FIELD, CA US","1999-01-12","0.00",,,"51","59","43"
"USW00003131","SAN DIEGO MONTGOMERY FIELD, CA US","1999-01-13","0.00",,,"52","62","41"
"USW00003131","SAN DIEGO MONTGOMERY FIELD, CA US","1999-01-14","0.01",,,"59","76","42"
"USW00003131","SAN DIEGO MONTGOMERY FIELD, CA US","1999-01-15","0.00",,,"59","72","45"
"USW00003131","SAN DIEGO MONTGOMERY FIELD, CA US","1999-01-16","0.00",,,"54","62","46"
"USW00003131","SAN DIEGO MONTGOMERY FIELD, CA US","1999-01-17","0.00",,,"59","68","49"
"USW00003131","SAN DIEGO MONTGOMERY FIELD, CA US","1999-01-18","0.00",,,"55","60","49"
"USW00003131","SAN DIEGO MONTGOMERY FIELD, CA US","1999-01-19","0.00",,,"58","61","54"
"USW00003131","SAN DIEGO MONTGOMERY FIELD, CA US","1999-01-20","0.19",,,"57","60","54"
"USW00003131","SAN DIEGO MONTGOMERY FIELD, CA US","1999-01-21","0.06",,,"54","61","46"
"USW00003131","SAN DIEGO MONTGOMERY FIELD, CA US","1999-01-22","0.00",,,"55","66","43"
"USW00003131","SAN DIEGO MONTGOMERY FIELD, CA US","1999-01-23","0.00",,,"58","72","44"
"USW00003131","SAN DIEGO MONTGOMERY FIELD, CA US","1999-01-24","0.00",,,"56","62","50"
"USW00003131","SAN DIEGO MONTGOMERY FIELD, CA US","1999-01-25","0.79",,,"47","52","42"
"USW00003131","SAN DIEGO MONTGOMERY FIELD, CA US","1999-01-26","0.75",,,"47","52","42"
"USW00003131","SAN DIEGO MONTGOMERY FIELD, CA US","1999-01-27","0.19",,,"50","57","42"
"USW00003131","SAN DIEGO MONTGOMERY FIELD, CA US","1999-01-28","0.00",,,"50","61","38"
"USW00003131","SAN DIEGO MONTGOMERY FIELD, CA US","1999-01-29","0.00",,,"52","66","38"
"USW00003131","SAN DIEGO MONTGOMERY FIELD, CA US","1999-01-30","0.00",,,,,
"USW00003131","SAN DIEGO MONTGOMERY FIELD, CA US","1999-01-31","0.06",,,"51","57","45"
"USW00003131","SAN DIEGO MONTGOMERY FIELD, CA US","1999-02-01","0.00",,,"50","59","40"
"USW00003131","SAN DIEGO MONTGOMERY FIELD, CA US","1999-02-02","0.00",,,"54","70","38"
"USW00003131","SAN DIEGO MONTGOMERY FIELD, CA US","1999-02-03","0.00",,,"53","67","38"
"USW00003131","SAN DIEGO MONTGOMERY FIELD, CA US","1999-02-04","0.41",,,"51","53","48"
"USW00003131","SAN DIEGO MONTGOMERY FIELD, CA US","1999-02-05","0.15",,,"53","57","49"
"USW00003131","SAN DIEGO MONTGOMERY FIELD, CA US","1999-02-06","0.00",,,"53","58","48"
"USW00003131","SAN DIEGO MONTGOMERY FIELD, CA US","1999-02-07","0.00",,,"52","60","44"
"USW00003131","SAN DIEGO MONTGOMERY FIELD, CA US","1999-02-08","0.00",,,"58","64","52"
"USW00003131","SAN DIEGO MONTGOMERY FIELD, CA US","1999-02-09","0.11",,,"55","60","49"
"USW00003131","SAN DIEGO MONTGOMERY FIELD, CA US","1999-02-10","0.00",,,"48","56","40"
"USW00003131","SAN DIEGO MONTGOMERY FIELD, CA US","1999-02-11","0.00",,,"49","62","36"
"USW00003131","SAN DIEGO MONTGOMERY FIELD, CA US","1999-02-12","0.00",,,"53","70","35"
"USW00003131","SAN DIEGO MONTGOMERY FIELD, CA US","1999-02-13","0.00",,,"54","69","38"
"USW00003131","SAN DIEGO MONTGOMERY FIELD, CA US","1999-02-14","0.00",,,"53","64","41"
"USW00003131","SAN DIEGO MONTGOMERY FIELD, CA US","1999-02-15","0.00",,,"53","60","45"
"USW00003131","SAN DIEGO MONTGOMERY FIELD, CA US","1999-02-16","0.00",,,"53","60","46"
"USW00003131","SAN DIEGO MONTGOMERY FIELD, CA US","1999-02-17","0.00",,,"55","64","45"
"USW00003131","SAN DIEGO MONTGOMERY FIELD, CA US","1999-02-18","0.00",,,"55","58","51"
"USW00003131","SAN DIEGO MONTGOMERY FIELD, CA US","1999-02-19","0.00",,,"55","64","45"
"USW00003131","SAN DIEGO MONTGOMERY FIELD, CA US","1999-02-20","0.01",,,"57","69","44"
"USW00003131","SAN DIEGO MONTGOMERY FIELD, CA US","1999-02-21","0.00",,,"54","61","47"
"USW00003131","SAN DIEGO MONTGOMERY FIELD, CA US","1999-02-22","0.00",,,"55","69","41"
"USW00003131","SAN DIEGO MONTGOMERY FIELD, CA US","1999-02-23","0.00",,,"61","76","45"
"USW00003131","SAN DIEGO MONTGOMERY FIELD, CA US","1999-02-24","0.00",,,"60","75","45"
"USW00003131","SAN DIEGO MONTGOMERY FIELD, CA US","1999-02-25","0.00",,,"55","64","45"
"USW00003131","SAN DIEGO MONTGOMERY FIELD, CA US","1999-02-26","0.01",,,"53","61","44"
"USW00003131","SAN DIEGO MONTGOMERY FIELD, CA US","1999-02-27","0.00",,,"55","67","43"
"USW00003131","SAN DIEGO MONTGOMERY FIELD, CA US","1999-02-28","0.00",,,"59","72","46"
"USW00003131","SAN DIEGO MONTGOMERY FIELD, CA US","1999-03-01","0.00",,,"59","72","45"
"USW00003131","SAN DIEGO MONTGOMERY FIELD, CA US","1999-03-02","0.00",,,"59","71","46"
"USW00003131","SAN DIEGO MONTGOMERY FIELD, CA US","1999-03-03","0.05",,,"57","65","48"
"USW00003131","SAN DIEGO MONTGOMERY FIELD, CA US","1999-03-04","0.00",,,"53","57","49"
"USW00003131","SAN DIEGO MONTGOMERY FIELD, CA US","1999-03-05","0.00",,,"54","60","47"
"USW00003131","SAN DIEGO MONTGOMERY FIELD, CA US","1999-03-06","0.02",,,"52","55","49"
"USW00003131","SAN DIEGO MONTGOMERY FIELD, CA US","1999-03-07","0.04",,,"51","57","44"
"USW00003131","SAN DIEGO MONTGOMERY FIELD, CA US","1999-03-08","0.00",,,"51","60","41"
"USW00003131","SAN DIEGO MONTGOMERY FIELD, CA US","1999-03-09","0.00",,,"53","62","43"
"USW00003131","SAN DIEGO MONTGOMERY FIELD, CA US","1999-03-10","0.00",,,"52","57","47"
"USW00003131","SAN DIEGO MONTGOMERY FIELD, CA US","1999-03-11","0.19",,,"50","53","46"
"USW00003131","SAN DIEGO MONTGOMERY FIELD, CA US","1999-03-12","0.00",,,"51","62","40"
"USW00003131","SAN DIEGO MONTGOMERY FIELD, CA US","1999-03-13","0.00",,,"55","69","40"
"USW00003131","SAN DIEGO MONTGOMERY FIELD, CA US","1999-03-14","0.00",,,"53","62","43"
"USW00003131","SAN DIEGO MONTGOMERY FIELD, CA US","1999-03-15","0.34",,,"50","56","43"
"USW00003131","SAN DIEGO MONTGOMERY FIELD, CA US","1999-03-16","0.06",,,"48","55","41"
"USW00003131","SAN DIEGO MONTGOMERY FIELD, CA US","1999-03-17","0.00",,,"51","59","42"
"USW00003131","SAN DIEGO MONTGOMERY FIELD, CA US","1999-03-18","0.01",,,"53","64","42"
"USW00003131","SAN DIEGO MONTGOMERY FIELD, CA US","1999-03-19","0.00",,,"55","66","44"
"USW00003131","SAN DIEGO MONTGOMERY FIELD, CA US","1999-03-20","0.00",,,"53","61","44"
"USW00003131","SAN DIEGO MONTGOMERY FIELD, CA US","1999-03-21","0.00",,,"52","62","42"
"USW00003131","SAN DIEGO MONTGOMERY FIELD, CA US","1999-03-22","0.00",,,"54","63","44"
"USW00003131","SAN DIEGO MONTGOMERY FIELD, CA US","1999-03-23","0.00",,,"57","64","49"
"USW00003131","SAN DIEGO MONTGOMERY FIELD, CA US","1999-03-24","0.00",,,"56","64","48"
"USW00003131","SAN DIEGO MONTGOMERY FIELD, CA US","1999-03-25","0.51",,,"54","60","47"
"USW00003131","SAN DIEGO MONTGOMERY FIELD, CA US","1999-03-26","0.00",,,"54","60","48"
"USW00003131","SAN DIEGO MONTGOMERY FIELD, CA US","1999-03-27","0.00",,,"56","62","49"
"USW00003131","SAN DIEGO MONTGOMERY FIELD, CA US","1999-03-28","0.00",,,"58","65","51"
"USW00003131","SAN DIEGO MONTGOMERY FIELD, CA US","1999-03-29","0.01",,,"57","67","47"
"USW00003131","SAN DIEGO MONTGOMERY FIELD, CA US","1999-03-30","0.00",,,"58","63","53"
"USW00003131","SAN DIEGO MONTGOMERY FIELD, CA US","1999-03-31","0.00",,,"56","60","51"
"USW00003131","SAN DIEGO MONTGOMERY FIELD, CA US","1999-04-01","0.54",,,"47","54","40"
"USW00003131","SAN DIEGO MONTGOMERY FIELD, CA US","1999-04-02","0.00",,,"48","58","37"
"USW00003131","SAN DIEGO MONTGOMERY FIELD, CA US","1999-04-03","0.09",,,"51","57","44"
"USW00003131","SAN DIEGO MONTGOMERY FIELD, CA US","1999-04-04","0.04",,,"51","58","44"
"USW00003131","SAN DIEGO MONTGOMERY FIELD, CA US","1999-04-05","0.00",,,"49","58","40"
"USW00003131","SAN DIEGO MONTGOMERY FIELD, CA US","1999-04-06","0.07",,,"52","59","45"
"USW00003131","SAN DIEGO MONTGOMERY FIELD, CA US","1999-04-07","0.13",,,"51","57","44"
"USW00003131","SAN DIEGO MONTGOMERY FIELD, CA US","1999-04-08","0.04",,,"53","60","45"
"USW00003131","SAN DIEGO MONTGOMERY FIELD, CA US","1999-04-09","0.00",,,"50","57","43"
"USW00003131","SAN DIEGO MONTGOMERY FIELD, CA US","1999-04-10","0.00",,,"52","66","38"
"USW00003131","SAN DIEGO MONTGOMERY FIELD, CA US","1999-04-11","0.40",,,"51","57","44"
"USW00003131","SAN DIEGO MONTGOMERY FIELD, CA US","1999-04-12","0.27",,,"52","58","46"
"USW00003131","SAN DIEGO MONTGOMERY FIELD, CA US","1999-04-13","0.00",,,"55","62","48"
"USW00003131","SAN DIEGO MONTGOMERY FIELD, CA US","1999-04-14","0.00",,,"58","69","47"
"USW00003131","SAN DIEGO MONTGOMERY FIELD, CA US","1999-04-15","0.00",,,"67","84","49"
"USW00003131","SAN DIEGO MONTGOMERY FIELD, CA US","1999-04-16","0.00",,,"69","89","49"
"USW00003131","SAN DIEGO MONTGOMERY FIELD, CA US","1999-04-17","0.00",,,"69","86","52"
"USW00003131","SAN DIEGO MONTGOMERY FIELD, CA US","1999-04-18","0.00",,,"71","87","54"
"USW00003131","SAN DIEGO MONTGOMERY FIELD, CA US","1999-04-19","0.00",,,"71","88","54"
"USW00003131","SAN DIEGO MONTGOMERY FIELD, CA US","1999-04-20","0.00",,,"62","72","51"
"USW00003131","SAN DIEGO MONTGOMERY FIELD, CA US","1999-04-21","0.00",,,"59","62","56"
"USW00003131","SAN DIEGO MONTGOMERY FIELD, CA US","1999-04-22","0.04",,,"53","57","48"
"USW00003131","SAN DIEGO MONTGOMERY FIELD, CA US","1999-04-23","0.00",,,"54","63","45"
"USW00003131","SAN DIEGO MONTGOMERY FIELD, CA US","1999-04-24","0.00",,,"58","64","51"
"USW00003131","SAN DIEGO MONTGOMERY FIELD, CA US","1999-04-25","0.00",,,"59","65","52"
"USW00003131","SAN DIEGO MONTGOMERY FIELD, CA US","1999-04-26","0.00",,,"60","67","52"
"USW00003131","SAN DIEGO MONTGOMERY FIELD, CA US","1999-04-27","0.00",,,"60","66","54"
"USW00003131","SAN DIEGO MONTGOMERY FIELD, CA US","1999-04-28","0.00",,,"55","58","51"
"USW00003131","SAN DIEGO MONTGOMERY FIELD, CA US","1999-04-29","0.03",,,"56","61","51"
"USW00003131","SAN DIEGO MONTGOMERY FIELD, CA US","1999-04-30","0.00",,,"55","61","48"
"USW00003131","SAN DIEGO MONTGOMERY FIELD, CA US","1999-05-01","0.00",,,"56","67","44"
"USW00003131","SAN DIEGO MONTGOMERY FIELD, CA US","1999-05-02","0.00",,,"59","63","54"
"USW00003131","SAN DIEGO MONTGOMERY FIELD, CA US","1999-05-03","0.00",,,"57","61","53"
"USW00003131","SAN DIEGO MONTGOMERY FIELD, CA US","1999-05-04","0.00",,,"56","62","50"
"USW00003131","SAN DIEGO MONTGOMERY FIELD, CA US","1999-05-05","0.00",,,"58","68","47"
"USW00003131","SAN DIEGO MONTGOMERY FIELD, CA US","1999-05-06","0.00",,,"64","77","51"
"USW00003131","SAN DIEGO MONTGOMERY FIELD, CA US","1999-05-07","0.00",,,"62","70","54"
"USW00003131","SAN DIEGO MONTGOMERY FIELD, CA US","1999-05-08","0.00",,,"57","60","54"
"USW00003131","SAN DIEGO MONTGOMERY FIELD, CA US","1999-05-09","0.00",,,"58","63","53"
"USW00003131","SAN DIEGO MONTGOMERY FIELD, CA US","1999-05-10","0.00",,,"58","65","51"
"USW00003131","SAN DIEGO MONTGOMERY FIELD, CA US","1999-05-11","0.00",,,"62","69","54"
"USW00003131","SAN DIEGO MONTGOMERY FIELD, CA US","1999-05-12","0.00",,,"63","71","54"
"USW00003131","SAN DIEGO MONTGOMERY FIELD, CA US","1999-05-13","0.00",,,"59","62","56"
"USW00003131","SAN DIEGO MONTGOMERY FIELD, CA US","1999-05-14","0.00",,,"62","68","56"
"USW00003131","SAN DIEGO MONTGOMERY FIELD, CA US","1999-05-15","0.00",,,"60","64","55"
"USW00003131","SAN DIEGO MONTGOMERY FIELD, CA US","1999-05-16","0.00",,,"59","67","50"
"USW00003131","SAN DIEGO MONTGOMERY FIELD, CA US","1999-05-17","0.00",,,"62","73","50"
"USW00003131","SAN DIEGO MONTGOMERY FIELD, CA US","1999-05-18","0.00",,,"62","69","54"
"USW00003131","SAN DIEGO MONTGOMERY FIELD, CA US","1999-05-19","0.00",,,"62","68","55"
"USW00003131","SAN DIEGO MONTGOMERY FIELD, CA US","1999-05-20","0.00",,,"61","64","57"
"USW00003131","SAN DIEGO MONTGOMERY FIELD, CA US","1999-05-21","0.00",,,"59","63","55"
"USW00003131","SAN DIEGO MONTGOMERY FIELD, CA US","1999-05-22","0.00",,,"60","65","55"
"USW00003131","SAN DIEGO MONTGOMERY FIELD, CA US","1999-05-23","0.00",,,"62","68","55"
"USW00003131","SAN DIEGO MONTGOMERY FIELD, CA US","1999-05-24","0.00",,,"64","72","55"
"USW00003131","SAN DIEGO MONTGOMERY FIELD, CA US","1999-05-25","0.00",,,"64","69","58"
"USW00003131","SAN DIEGO MONTGOMERY FIELD, CA US","1999-05-26","0.00",,,"64","70","58"
"USW00003131","SAN DIEGO MONTGOMERY FIELD, CA US","1999-05-27","0.00",,,"65","73","57"
"USW00003131","SAN DIEGO MONTGOMERY FIELD, CA US","1999-05-28","0.00",,,"64","69","58"
"USW00003131","SAN DIEGO MONTGOMERY FIELD, CA US","1999-05-29","0.00",,,"62","67","57"
"USW00003131","SAN DIEGO MONTGOMERY FIELD, CA US","1999-05-30","0.00",,,"62","67","56"
"USW00003131","SAN DIEGO MONTGOMERY FIELD, CA US","1999-05-31","0.00",,,"65","73","57"
"USW00003131","SAN DIEGO MONTGOMERY FIELD, CA US","1999-06-01","0.00",,,"61","68","53"
"USW00003131","SAN DIEGO MONTGOMERY FIELD, CA US","1999-06-02","0.05",,,"60","65","54"
"USW00003131","SAN DIEGO MONTGOMERY FIELD, CA US","1999-06-03","0.02",,,"59","64","53"
"USW00003131","SAN DIEGO MONTGOMERY FIELD, CA US","1999-06-04","0.00",,,"58","64","52"
"USW00003131","SAN DIEGO MONTGOMERY FIELD, CA US","1999-06-05","0.00",,,"59","69","48"
"USW00003131","SAN DIEGO MONTGOMERY FIELD, CA US","1999-06-06","0.00",,,"64","72","56"
"USW00003131","SAN DIEGO MONTGOMERY FIELD, CA US","1999-06-07","0.00",,,"64","70","57"
"USW00003131","SAN DIEGO MONTGOMERY FIELD, CA US","1999-06-08","0.00",,,"62","66","57"
"USW00003131","SAN DIEGO MONTGOMERY FIELD, CA US","1999-06-09","0.00",,,"62","67","57"
"USW00003131","SAN DIEGO MONTGOMERY FIELD, CA US","1999-06-10","0.00",,,"63","68","58"
"USW00003131","SAN DIEGO MONTGOMERY FIELD, CA US","1999-06-11","0.00",,,"64","71","57"
"USW00003131","SAN DIEGO MONTGOMERY FIELD, CA US","1999-06-12","0.00",,,"65","73","57"
"USW00003131","SAN DIEGO MONTGOMERY FIELD, CA US","1999-06-13","0.00",,,"66","73","59"
"USW00003131","SAN DIEGO MONTGOMERY FIELD, CA US","1999-06-14","0.00",,,"69","79","58"
"USW00003131","SAN DIEGO MONTGOMERY FIELD, CA US","1999-06-15","0.00",,,"65","70","59"
"USW00003131","SAN DIEGO MONTGOMERY FIELD, CA US","1999-06-16","0.00",,,"65","71","59"
"USW00003131","SAN DIEGO MONTGOMERY FIELD, CA US","1999-06-17","0.00",,,"65","71","59"
"USW00003131","SAN DIEGO MONTGOMERY FIELD, CA US","1999-06-18","0.00",,,"66","72","59"
"USW00003131","SAN DIEGO MONTGOMERY FIELD, CA US","1999-06-19","0.00",,,"67","74","59"
"USW00003131","SAN DIEGO MONTGOMERY FIELD, CA US","1999-06-20","0.00",,,"63","69","57"
"USW00003131","SAN DIEGO MONTGOMERY FIELD, CA US","1999-06-21","0.00",,,"61","66","56"
"USW00003131","SAN DIEGO MONTGOMERY FIELD, CA US","1999-06-22","0.00",,,"64","70","58"
"USW00003131","SAN DIEGO MONTGOMERY FIELD, CA US","1999-06-23","0.00",,,"66","76","55"
"USW00003131","SAN DIEGO MONTGOMERY FIELD, CA US","1999-06-24","0.00",,,"69","77","60"
"USW00003131","SAN DIEGO MONTGOMERY FIELD, CA US","1999-06-25","0.00",,,"67","74","59"
"USW00003131","SAN DIEGO MONTGOMERY FIELD, CA US","1999-06-26","0.00",,,"65","71","58"
"USW00003131","SAN DIEGO MONTGOMERY FIELD, CA US","1999-06-27","0.00",,,"65","71","58"
"USW00003131","SAN DIEGO MONTGOMERY FIELD, CA US","1999-06-28","0.00",,,"65","73","56"
"USW00003131","SAN DIEGO MONTGOMERY FIELD, CA US","1999-06-29","0.00",,,"71","80","61"
"USW00003131","SAN DIEGO MONTGOMERY FIELD, CA US","1999-06-30","0.00",,,"68","74","61"
"USW00003131","SAN DIEGO MONTGOMERY FIELD, CA US","1999-07-01","0.00",,,"66","72","60"
"USW00003131","SAN DIEGO MONTGOMERY FIELD, CA US","1999-07-02","0.00",,,"64","67","60"
"USW00003131","SAN DIEGO MONTGOMERY FIELD, CA US","1999-07-03","0.00",,,"63","67","58"
"USW00003131","SAN DIEGO MONTGOMERY FIELD, CA US","1999-07-04","0.01",,,"68","74","62"
"USW00003131","SAN DIEGO MONTGOMERY FIELD, CA US","1999-07-05","0.00",,,"70","79","60"
"USW00003131","SAN DIEGO MONTGOMERY FIELD, CA US","1999-07-06","0.00",,,"68","74","61"
"USW00003131","SAN DIEGO MONTGOMERY FIELD, CA US","1999-07-07","0.00",,,"67","73","61"
"USW00003131","SAN DIEGO MONTGOMERY FIELD, CA US","1999-07-08","0.02",,,"74","83","64"
"USW00003131","SAN DIEGO MONTGOMERY FIELD, CA US","1999-07-09","0.00",,,"75","84","66"
"USW00003131","SAN DIEGO MONTGOMERY FIELD, CA US","1999-07-10","0.00",,,"75","84","66"
"USW00003131","SAN DIEGO MONTGOMERY FIELD, CA US","1999-07-11","0.00",,,"74","83","65"
"USW00003131","SAN DIEGO MONTGOMERY FIELD, CA US","1999-07-12","0.00",,,"76","85","67"
"USW00003131","SAN DIEGO MONTGOMERY FIELD, CA US","1999-07-13","0.00",,,"77","86","68"
"USW00003131","SAN DIEGO MONTGOMERY FIELD, CA US","1999-07-14","0.00",,,"72","79","65"
"USW00003131","SAN DIEGO MONTGOMERY FIELD, CA US","1999-07-15","0.00",,,"72","79","65"
"USW00003131","SAN DIEGO MONTGOMERY FIELD, CA US","1999-07-16","0.00",,,"72","79","65"
"USW00003131","SAN DIEGO MONTGOMERY FIELD, CA US","1999-07-17","0.00",,,"72","79","65"
"USW00003131","SAN DIEGO MONTGOMERY FIELD, CA US","1999-07-18","0.00",,,"69","75","63"
"USW00003131","SAN DIEGO MONTGOMERY FIELD, CA US","1999-07-19","0.00",,,"71","79","62"
"USW00003131","SAN DIEGO MONTGOMERY FIELD, CA US","1999-07-20","0.00",,,"70","78","62"
"USW00003131","SAN DIEGO MONTGOMERY FIELD, CA US","1999-07-21","0.00",,,"70","79","61"
"USW00003131","SAN DIEGO MONTGOMERY FIELD, CA US","1999-07-22","0.00",,,"72","82","62"
"USW00003131","SAN DIEGO MONTGOMERY FIELD, CA US","1999-07-23","0.00",,,"71","80","62"
"USW00003131","SAN DIEGO MONTGOMERY FIELD, CA US","1999-07-24","0.00",,,"69","77","60"
"USW00003131","SAN DIEGO MONTGOMERY FIELD, CA US","1999-07-25","0.00",,,"66","71","61"
"USW00003131","SAN DIEGO MONTGOMERY FIELD, CA US","1999-07-26","0.00",,,"69","76","61"
"USW00003131","SAN DIEGO MONTGOMERY FIELD, CA US","1999-07-27","0.00",,,"67","72","62"
"USW00003131","SAN DIEGO MONTGOMERY FIELD, CA US","1999-07-28","0.00",,,"67","72","62"
"USW00003131","SAN DIEGO MONTGOMERY FIELD, CA US","1999-07-29","0.00",,,"70","77","62"
"USW00003131","SAN DIEGO MONTGOMERY FIELD, CA US","1999-07-30","0.00",,,"69","76","61"
"USW00003131","SAN DIEGO MONTGOMERY FIELD, CA US","1999-07-31","0.00",,,"68","75","61"
"USW00003131","SAN DIEGO MONTGOMERY FIELD, CA US","1999-08-01","0.00",,,"70","79","60"
"USW00003131","SAN DIEGO MONTGOMERY FIELD, CA US","1999-08-02","0.00",,,"74","87","60"
"USW00003131","SAN DIEGO MONTGOMERY FIELD, CA US","1999-08-03","0.00",,,"73","86","59"
"USW00003131","SAN DIEGO MONTGOMERY FIELD, CA US","1999-08-04","0.00",,,"68","74","61"
"USW00003131","SAN DIEGO MONTGOMERY FIELD, CA US","1999-08-05","0.00",,,"66","71","61"
"USW00003131","SAN DIEGO MONTGOMERY FIELD, CA US","1999-08-06","0.00",,,"67","72","61"
"USW00003131","SAN DIEGO MONTGOMERY FIELD, CA US","1999-08-07","0.00",,,"68","73","63"
"USW00003131","SAN DIEGO MONTGOMERY FIELD, CA US","1999-08-08","0.00",,,"68","75","60"
"USW00003131","SAN DIEGO MONTGOMERY FIELD, CA US","1999-08-09","0.00",,,"66","72","59"
"USW00003131","SAN DIEGO MONTGOMERY FIELD, CA US","1999-08-10","0.00",,,"67","72","62"
"USW00003131","SAN DIEGO MONTGOMERY FIELD, CA US","1999-08-11","0.00",,,"69","75","62"
"USW00003131","SAN DIEGO MONTGOMERY FIELD, CA US","1999-08-12","0.00",,,"70","79","60"
"USW00003131","SAN DIEGO MONTGOMERY FIELD, CA US","1999-08-13","0.00",,,"68","75","60"
"USW00003131","SAN DIEGO MONTGOMERY FIELD, CA US","1999-08-14","0.00",,,"67","73","60"
"USW00003131","SAN DIEGO MONTGOMERY FIELD, CA US","1999-08-15","0.00",,,"68","75","60"
"USW00003131","SAN DIEGO MONTGOMERY FIELD, CA US","1999-08-16","0.00",,,"70","79","60"
"USW00003131","SAN DIEGO MONTGOMERY FIELD, CA US","1999-08-17","0.00",,,"72","81","63"
"USW00003131","SAN DIEGO MONTGOMERY FIELD, CA US","1999-08-18","0.00",,,"71","79","63"
"USW00003131","SAN DIEGO MONTGOMERY FIELD, CA US","1999-08-19","0.00",,,"70","78","61"
"USW00003131","SAN DIEGO MONTGOMERY FIELD, CA US","1999-08-20","0.00",,,"68","75","60"
"USW00003131","SAN DIEGO MONTGOMERY FIELD, CA US","1999-08-21","0.00",,,"69","78","60"
"USW00003131","SAN DIEGO MONTGOMERY FIELD, CA US","1999-08-22","0.00",,,"68","73","63"
"USW00003131","SAN DIEGO MONTGOMERY FIELD, CA US","1999-08-23","0.00",,,"72","82","61"
"USW00003131","SAN DIEGO MONTGOMERY FIELD, CA US","1999-08-24","0.00",,,"74","84","64"
"USW00003131","SAN DIEGO MONTGOMERY FIELD, CA US","1999-08-25","0.00",,,"77","88","65"
"USW00003131","SAN DIEGO MONTGOMERY FIELD, CA US","1999-08-26","0.00",,,"76","86","66"
"USW00003131","SAN DIEGO MONTGOMERY FIELD, CA US","1999-08-27","0.00",,,"73","81","64"
"USW00003131","SAN DIEGO MONTGOMERY FIELD, CA US","1999-08-28","0.00",,,"73","82","64"
"USW00003131","SAN DIEGO MONTGOMERY FIELD, CA US","1999-08-29","0.00",,,"70","78","61"
"USW00003131","SAN DIEGO MONTGOMERY FIELD, CA US","1999-08-30","0.00",,,"69","76","61"
"USW00003131","SAN DIEGO MONTGOMERY FIELD, CA US","1999-08-31","0.00",,,"67","73","61"
"USW00003131","SAN DIEGO MONTGOMERY FIELD, CA US","1999-09-01","0.00",,,"66","71","60"
"USW00003131","SAN DIEGO MONTGOMERY FIELD, CA US","1999-09-02","0.00",,,"64","70","58"
"USW00003131","SAN DIEGO MONTGOMERY FIELD, CA US","1999-09-03","0.00",,,"64","72","56"
"USW00003131","SAN DIEGO MONTGOMERY FIELD, CA US","1999-09-04","0.00",,,"67","71","62"
"USW00003131","SAN DIEGO MONTGOMERY FIELD, CA US","1999-09-05","0.00",,,"66","71","60"
"USW00003131","SAN DIEGO MONTGOMERY FIELD, CA US","1999-09-06","0.00",,,"68","74","62"
"USW00003131","SAN DIEGO MONTGOMERY FIELD, CA US","1999-09-07","0.00",,,"68","75","61"
"USW00003131","SAN DIEGO MONTGOMERY FIELD, CA US","1999-09-08","0.00",,,"70","79","61"
"USW00003131","SAN DIEGO MONTGOMERY FIELD, CA US","1999-09-09","0.00",,,"71","77","64"
"USW00003131","SAN DIEGO MONTGOMERY FIELD, CA US","1999-09-10","0.00",,,"69","75","62"
"USW00003131","SAN DIEGO MONTGOMERY FIELD, CA US","1999-09-11","0.00",,,"67","74","60"
"USW00003131","SAN DIEGO MONTGOMERY FIELD, CA US","1999-09-12","0.00",,,"68","75","60"
"USW00003131","SAN DIEGO MONTGOMERY FIELD, CA US","1999-09-13","0.00",,,"69","77","61"
"USW00003131","SAN DIEGO MONTGOMERY FIELD, CA US","1999-09-14","0.00",,,"66","71","60"
"USW00003131","SAN DIEGO MONTGOMERY FIELD, CA US","1999-09-15","0.00",,,"64","70","57"
"USW00003131","SAN DIEGO MONTGOMERY FIELD, CA US","1999-09-16","0.00",,,"63","69","56"
"USW00003131","SAN DIEGO MONTGOMERY FIELD, CA US","1999-09-17","0.00",,,"66","71","60"
"USW00003131","SAN DIEGO MONTGOMERY FIELD, CA US","1999-09-18","0.00",,,"64","68","60"
"USW00003131","SAN DIEGO MONTGOMERY FIELD, CA US","1999-09-19","0.00",,,"64","71","56"
"USW00003131","SAN DIEGO MONTGOMERY FIELD, CA US","1999-09-20","0.00",,,"64","74","54"
"USW00003131","SAN DIEGO MONTGOMERY FIELD, CA US","1999-09-21","0.06",,,"71","82","60"
"USW00003131","SAN DIEGO MONTGOMERY FIELD, CA US","1999-09-22","0.02",,,"72","79","64"
"USW00003131","SAN DIEGO MONTGOMERY FIELD, CA US","1999-09-23","0.00",,,"68","72","63"
"USW00003131","SAN DIEGO MONTGOMERY FIELD, CA US","1999-09-24","0.00",,,"67","72","62"
"USW00003131","SAN DIEGO MONTGOMERY FIELD, CA US","1999-09-25","0.00",,,"66","71","60"
"USW00003131","SAN DIEGO MONTGOMERY FIELD, CA US","1999-09-26","0.00",,,"65","69","60"
"USW00003131","SAN DIEGO MONTGOMERY FIELD, CA US","1999-09-27","0.00",,,"64","67","61"
"USW00003131","SAN DIEGO MONTGOMERY FIELD, CA US","1999-09-28","0.00",,,"68","77","59"
"USW00003131","SAN DIEGO MONTGOMERY FIELD, CA US","1999-09-29","0.00",,,"78","99","56"
"USW00003131","SAN DIEGO MONTGOMERY FIELD, CA US","1999-09-30","0.00",,,"78","95","61"
"USW00003131","SAN DIEGO MONTGOMERY FIELD, CA US","1999-10-01","0.00",,,"72","86","58"
"USW00003131","SAN DIEGO MONTGOMERY FIELD, CA US","1999-10-02","0.00",,,"66","77","54"
"USW00003131","SAN DIEGO MONTGOMERY FIELD, CA US","1999-10-03","0.00",,,"66","73","58"
"USW00003131","SAN DIEGO MONTGOMERY FIELD, CA US","1999-10-04","0.00",,,"66","77","55"
"USW00003131","SAN DIEGO MONTGOMERY FIELD, CA US","1999-10-05","0.01",,,"68","80","55"
"USW00003131","SAN DIEGO MONTGOMERY FIELD, CA US","1999-10-06","0.00",,,"65","71","58"
"USW00003131","SAN DIEGO MONTGOMERY FIELD, CA US","1999-10-07","0.00",,,"67","79","54"
"USW00003131","SAN DIEGO MONTGOMERY FIELD, CA US","1999-10-08","0.00",,,"73","91","55"
"USW00003131","SAN DIEGO MONTGOMERY FIELD, CA US","1999-10-09","0.00",,,"78","95","60"
"USW00003131","SAN DIEGO MONTGOMERY FIELD, CA US","1999-10-10","0.00",,,"77","93","60"
"USW00003131","SAN DIEGO MONTGOMERY FIELD, CA US","1999-10-11","0.00",,,,,
"USW00003131","SAN DIEGO MONTGOMERY FIELD, CA US","1999-10-12","0.00",,,"74","88","59"
"USW00003131","SAN DIEGO MONTGOMERY FIELD, CA US","1999-10-13","0.00",,,"75","91","59"
"USW00003131","SAN DIEGO MONTGOMERY FIELD, CA US","1999-10-14","0.00",,,"66","76","56"
"USW00003131","SAN DIEGO MONTGOMERY FIELD, CA US","1999-10-15","0.00",,,"64","70","58"
"USW00003131","SAN DIEGO MONTGOMERY FIELD, CA US","1999-10-16","0.00",,,"63","71","54"
"USW00003131","SAN DIEGO MONTGOMERY FIELD, CA US","1999-10-17","0.00",,,"66","81","51"
"USW00003131","SAN DIEGO MONTGOMERY FIELD, CA US","1999-10-18","0.00",,,"67","84","50"
"USW00003131","SAN DIEGO MONTGOMERY FIELD, CA US","1999-10-19","0.00",,,"70","89","51"
"USW00003131","SAN DIEGO MONTGOMERY FIELD, CA US","1999-10-20","0.00",,,"75","94","55"
"USW00003131","SAN DIEGO MONTGOMERY FIELD, CA US","1999-10-21","0.00",,,"75","93","57"
"USW00003131","SAN DIEGO MONTGOMERY FIELD, CA US","1999-10-22","0.00",,,"72","87","56"
"USW00003131","SAN DIEGO MONTGOMERY FIELD, CA US","1999-10-23","0.00",,,"70","86","54"
"USW00003131","SAN DIEGO MONTGOMERY FIELD, CA US","1999-10-24","0.00",,,"71","85","56"
"USW00003131","SAN DIEGO MONTGOMERY FIELD, CA US","1999-10-25","0.00",,,"73","86","59"
"USW00003131","SAN DIEGO MONTGOMERY FIELD, CA US","1999-10-26","0.00",,,"70","82","57"
"USW00003131","SAN DIEGO MONTGOMERY FIELD, CA US","1999-10-27","0.00",,,"64","72","55"
"USW00003131","SAN DIEGO MONTGOMERY FIELD, CA US","1999-10-28","0.00",,,"63","71","55"
"USW00003131","SAN DIEGO MONTGOMERY FIELD, CA US","1999-10-29","0.00",,,"67","76","58"
"USW00003131","SAN DIEGO MONTGOMERY FIELD, CA US","1999-10-30","0.00",,,"71","88","54"
"USW00003131","SAN DIEGO MONTGOMERY FIELD, CA US","1999-10-31","0.00",,,"70","87","52"
"USW00003131","SAN DIEGO MONTGOMERY FIELD, CA US","1999-11-01","0.00",,,"68","82","53"
"USW00003131","SAN DIEGO MONTGOMERY FIELD, CA US","1999-11-02","0.01",,,,,
"USW00003131","SAN DIEGO MONTGOMERY FIELD, CA US","1999-11-03","0.00",,,"62","72","52"
"USW00003131","SAN DIEGO MONTGOMERY FIELD, CA US","1999-11-04","0.00",,,"61","67","55"
"USW00003131","SAN DIEGO MONTGOMERY FIELD, CA US","1999-11-05","0.00",,,"61","68","54"
"USW00003131","SAN DIEGO MONTGOMERY FIELD, CA US","1999-11-06","0.00",,,"58","65","51"
"USW00003131","SAN DIEGO MONTGOMERY FIELD, CA US","1999-11-07","0.00",,,"63","71","54"
"USW00003131","SAN DIEGO MONTGOMERY FIELD, CA US","1999-11-08","0.00",,,"58","64","52"
"USW00003131","SAN DIEGO MONTGOMERY FIELD, CA US","1999-11-09","0.00",,,"61","71","50"
"USW00003131","SAN DIEGO MONTGOMERY FIELD, CA US","1999-11-10","0.00",,,"62","71","52"
"USW00003131","SAN DIEGO MONTGOMERY FIELD, CA US","1999-11-11","0.01",,,"62","74","49"
"USW00003131","SAN DIEGO MONTGOMERY FIELD, CA US","1999-11-12","0.00",,,"64","77","51"
"USW00003131","SAN DIEGO MONTGOMERY FIELD, CA US","1999-11-13","0.01",,,"61","72","49"
"USW00003131","SAN DIEGO MONTGOMERY FIELD, CA US","1999-11-14","0.00",,,"63","72","53"
"USW00003131","SAN DIEGO MONTGOMERY FIELD, CA US","1999-11-15","0.00",,,"63","71","55"
"USW00003131","SAN DIEGO MONTGOMERY FIELD, CA US","1999-11-16","0.01",,,"61","70","51"
"USW00003131","SAN DIEGO MONTGOMERY FIELD, CA US","1999-11-17","0.00",,,"58","64","51"
"USW00003131","SAN DIEGO MONTGOMERY FIELD, CA US","1999-11-18","0.00",,,"56","64","48"
"USW00003131","SAN DIEGO MONTGOMERY FIELD, CA US","1999-11-19","0.01",,,"56","66","45"
"USW00003131","SAN DIEGO MONTGOMERY FIELD, CA US","1999-11-20","0.00",,,"59","68","49"
"USW00003131","SAN DIEGO MONTGOMERY FIELD, CA US","1999-11-21","0.00",,,"57","65","48"
"USW00003131","SAN DIEGO MONTGOMERY FIELD, CA US","1999-11-22","0.00",,,"56","69","43"
"USW00003131","SAN DIEGO MONTGOMERY FIELD, CA US","1999-11-23","0.00",,,"55","69","41"
"USW00003131","SAN DIEGO MONTGOMERY FIELD, CA US","1999-11-24","0.00",,,"57","73","40"
"USW00003131","SAN DIEGO MONTGOMERY FIELD, CA US","1999-11-25","0.00",,,"59","76","42"
"USW00003131","SAN DIEGO MONTGOMERY FIELD, CA US","1999-11-26","0.00",,,"61","74","47"
"USW00003131","SAN DIEGO MONTGOMERY FIELD, CA US","1999-11-27","0.00",,,"55","66","43"
"USW00003131","SAN DIEGO MONTGOMERY FIELD, CA US","1999-11-28","0.00",,,"59","74","43"
"USW00003131","SAN DIEGO MONTGOMERY FIELD, CA US","1999-11-29","0.00",,,"66","81","50"
"USW00003131","SAN DIEGO MONTGOMERY FIELD, CA US","1999-11-30","0.00",,,"59","68","50"
"USW00003131","SAN DIEGO MONTGOMERY FIELD, CA US","1999-12-01","0.00",,,"56","64","48"
"USW00003131","SAN DIEGO MONTGOMERY FIELD, CA US","1999-12-02","0.01",,,"57","70","44"
"USW00003131","SAN DIEGO MONTGOMERY FIELD, CA US","1999-12-03","0.00",,,"55","66","44"
"USW00003131","SAN DIEGO MONTGOMERY FIELD, CA US","1999-12-04","0.00",,,"54","69","38"
"USW00003131","SAN DIEGO MONTGOMERY FIELD, CA US","1999-12-05","0.00",,,"55","69","40"
"USW00003131","SAN DIEGO MONTGOMERY FIELD, CA US","1999-12-06","0.00",,,"54","69","39"
"USW00003131","SAN DIEGO MONTGOMERY FIELD, CA US","1999-12-07","0.00",,,"53","65","40"
"USW00003131","SAN DIEGO MONTGOMERY FIELD, CA US","1999-12-08","0.00",,,"53","65","40"
"USW00003131","SAN DIEGO MONTGOMERY FIELD, CA US","1999-12-09","0.00",,,"53","65","41"
"USW00003131","SAN DIEGO MONTGOMERY FIELD, CA US","1999-12-10","0.11",,,"50","57","42"
"USW00003131","SAN DIEGO MONTGOMERY FIELD, CA US","1999-12-11","0.00",,,"52","67","36"
"USW00003131","SAN DIEGO MONTGOMERY FIELD, CA US","1999-12-12","0.00",,,"54","68","39"
"USW00003131","SAN DIEGO MONTGOMERY FIELD, CA US","1999-12-13","0.00",,,"50","61","39"
"USW00003131","SAN DIEGO MONTGOMERY FIELD, CA US","1999-12-14","0.00",,,"54","67","40"
"USW00003131","SAN DIEGO MONTGOMERY FIELD, CA US","1999-12-15","0.00",,,"55","71","38"
"USW00003131","SAN DIEGO MONTGOMERY FIELD, CA US","1999-12-16","0.00",,,"60","75","44"
"USW00003131","SAN DIEGO MONTGOMERY FIELD, CA US","1999-12-17","0.00",,,"63","78","47"
"USW00003131","SAN DIEGO MONTGOMERY FIELD, CA US","1999-12-18","0.00",,,"60","72","47"
"USW00003131","SAN DIEGO MONTGOMERY FIELD, CA US","1999-12-19","0.00",,,"61","77","44"
"USW00003131","SAN DIEGO MONTGOMERY FIELD, CA US","1999-12-20","0.00",,,"62","77","46"
"USW00003131","SAN DIEGO MONTGOMERY FIELD, CA US","1999-12-21","0.00",,,"60","75","44"
"USW00003131","SAN DIEGO MONTGOMERY FIELD, CA US","1999-12-22","0.00",,,"62","73","51"
"USW00003131","SAN DIEGO MONTGOMERY FIELD, CA US","1999-12-23","0.00",,,"62","75","49"
"USW00003131","SAN DIEGO MONTGOMERY FIELD, CA US","1999-12-24","0.00",,,"60","77","43"
"USW00003131","SAN DIEGO MONTGOMERY FIELD, CA US","1999-12-25","0.00",,,"59","74","43"
"USW00003131","SAN DIEGO MONTGOMERY FIELD, CA US","1999-12-26","0.00",,,"59","74","43"
"USW00003131","SAN DIEGO MONTGOMERY FIELD, CA US","1999-12-27","0.00",,,"58","73","43"
"USW00003131","SAN DIEGO MONTGOMERY FIELD, CA US","1999-12-28","0.00",,,"60","72","48"
"USW00003131","SAN DIEGO MONTGOMERY FIELD, CA US","1999-12-29","0.00",,,"57","70","43"
"USW00003131","SAN DIEGO MONTGOMERY FIELD, CA US","1999-12-30","0.00",,,"54","67","41"
"USW00003131","SAN DIEGO MONTGOMERY FIELD, CA US","1999-12-31","0.05",,,"54","59","48"
"USW00003131","SAN DIEGO MONTGOMERY FIELD, CA US","2000-01-01","0.03",,,"51","57","44"
"USW00003131","SAN DIEGO MONTGOMERY FIELD, CA US","2000-01-02","0.02",,,"50","59","41"
"USW00003131","SAN DIEGO MONTGOMERY FIELD, CA US","2000-01-03","0.00",,,"51","64","37"
"USW00003131","SAN DIEGO MONTGOMERY FIELD, CA US","2000-01-04","0.00",,,"53","67","39"
"USW00003131","SAN DIEGO MONTGOMERY FIELD, CA US","2000-01-05","0.00",,,"53","67","38"
"USW00003131","SAN DIEGO MONTGOMERY FIELD, CA US","2000-01-06","0.00",,,"55","68","41"
"USW00003131","SAN DIEGO MONTGOMERY FIELD, CA US","2000-01-07","0.00",,,"53","67","39"
"USW00003131","SAN DIEGO MONTGOMERY FIELD, CA US","2000-01-08","0.00",,,"52","66","37"
"USW00003131","SAN DIEGO MONTGOMERY FIELD, CA US","2000-01-09","0.00",,,"53","68","38"
"USW00003131","SAN DIEGO MONTGOMERY FIELD, CA US","2000-01-10","0.00",,,"52","65","39"
"USW00003131","SAN DIEGO MONTGOMERY FIELD, CA US","2000-01-11","0.00",,,"53","64","41"
"USW00003131","SAN DIEGO MONTGOMERY FIELD, CA US","2000-01-12","0.00",,,"57","65","48"
"USW00003131","SAN DIEGO MONTGOMERY FIELD, CA US","2000-01-13","0.01",,,"61","78","43"
"USW00003131","SAN DIEGO MONTGOMERY FIELD, CA US","2000-01-14","0.00",,,"64","80","48"
"USW00003131","SAN DIEGO MONTGOMERY FIELD, CA US","2000-01-15","0.00",,,"64","76","51"
"USW00003131","SAN DIEGO MONTGOMERY FIELD, CA US","2000-01-16","0.03",,,"57","65","49"
"USW00003131","SAN DIEGO MONTGOMERY FIELD, CA US","2000-01-17","0.00",,,"68","78","58"
"USW00003131","SAN DIEGO MONTGOMERY FIELD, CA US","2000-01-18","0.00",,,"68","79","56"
"USW00003131","SAN DIEGO MONTGOMERY FIELD, CA US","2000-01-19","0.00",,,"64","75","52"
"USW00003131","SAN DIEGO MONTGOMERY FIELD, CA US","2000-01-20","0.00",,,"63","73","53"
"USW00003131","SAN DIEGO MONTGOMERY FIELD, CA US","2000-01-21","0.00",,,"57","63","50"
"USW00003131","SAN DIEGO MONTGOMERY FIELD, CA US","2000-01-22","0.00",,,"56","64","48"
"USW00003131","SAN DIEGO MONTGOMERY FIELD, CA US","2000-01-23","0.00",,,"56","66","46"
"USW00003131","SAN DIEGO MONTGOMERY FIELD, CA US","2000-01-24","0.00",,,"66","78","54"
"USW00003131","SAN DIEGO MONTGOMERY FIELD, CA US","2000-01-25","0.04",,,"60","63","57"
"USW00003131","SAN DIEGO MONTGOMERY FIELD, CA US","2000-01-26","0.02",,,"54","62","46"
"USW00003131","SAN DIEGO MONTGOMERY FIELD, CA US","2000-01-27","0.01",,,"55","68","42"
"USW00003131","SAN DIEGO MONTGOMERY FIELD, CA US","2000-01-28","0.00",,,"55","68","41"
"USW00003131","SAN DIEGO MONTGOMERY FIELD, CA US","2000-01-29","0.01",,,"53","63","42"
"USW00003131","SAN DIEGO MONTGOMERY FIELD, CA US","2000-01-30","0.00",,,"55","64","46"
"USW00003131","SAN DIEGO MONTGOMERY FIELD, CA US","2000-01-31","0.04",,,"55","61","49"
"USW00003131","SAN DIEGO MONTGOMERY FIELD, CA US","2000-02-01","0.01",,,"60","75","44"
"USW00003131","SAN DIEGO MONTGOMERY FIELD, CA US","2000-02-02","0.00",,,"66","82","49"
"USW00003131","SAN DIEGO MONTGOMERY FIELD, CA US","2000-02-03","0.00",,,"61","76","46"
"USW00003131","SAN DIEGO MONTGOMERY FIELD, CA US","2000-02-04","0.00",,,"56","66","46"
"USW00003131","SAN DIEGO MONTGOMERY FIELD, CA US","2000-02-05","0.01",,,"58","64","51"
"USW00003131","SAN DIEGO MONTGOMERY FIELD, CA US","2000-02-06","0.00",,,"63","78","47"
"USW00003131","SAN DIEGO MONTGOMERY FIELD, CA US","2000-02-07","0.00",,,"62","78","45"
"USW00003131","SAN DIEGO MONTGOMERY FIELD, CA US","2000-02-08","0.00",,,"63","73","53"
"USW00003131","SAN DIEGO MONTGOMERY FIELD, CA US","2000-02-09","0.01",,,"56","64","48"
"USW00003131","SAN DIEGO MONTGOMERY FIELD, CA US","2000-02-10","0.18",,,"58","63","52"
"USW00003131","SAN DIEGO MONTGOMERY FIELD, CA US","2000-02-11","0.01",,,"56","62","50"
"USW00003131","SAN DIEGO MONTGOMERY FIELD, CA US","2000-02-12","0.39",,,"56","62","50"
"USW00003131","SAN DIEGO MONTGOMERY FIELD, CA US","2000-02-13","0.08",,,"56","61","51"
"USW00003131","SAN DIEGO MONTGOMERY FIELD, CA US","2000-02-14","0.02",,,"58","63","53"
"USW00003131","SAN DIEGO MONTGOMERY FIELD, CA US","2000-02-15","0.00",,,"59","67","50"
"USW00003131","SAN DIEGO MONTGOMERY FIELD, CA US","2000-02-16","0.14",,,"59","64","53"
"USW00003131","SAN DIEGO MONTGOMERY FIELD, CA US","2000-02-17","0.01",,,"52","58","45"
"USW00003131","SAN DIEGO MONTGOMERY FIELD, CA US","2000-02-18","0.00",,,"54","67","41"
"USW00003131","SAN DIEGO MONTGOMERY FIELD, CA US","2000-02-19","0.00",,,"63","77","49"
"USW00003131","SAN DIEGO MONTGOMERY FIELD, CA US","2000-02-20","0.49",,,"58","64","52"
"USW00003131","SAN DIEGO MONTGOMERY FIELD, CA US","2000-02-21","1.57",,,"55","60","49"
"USW00003131","SAN DIEGO MONTGOMERY FIELD, CA US","2000-02-22","0.00",,,"54","61","47"
"USW00003131","SAN DIEGO MONTGOMERY FIELD, CA US","2000-02-23","0.58",,,"55","60","49"
"USW00003131","SAN DIEGO MONTGOMERY FIELD, CA US","2000-02-24","0.00",,,"53","57","48"
"USW00003131","SAN DIEGO MONTGOMERY FIELD, CA US","2000-02-25","0.00",,,"54","61","47"
"USW00003131","SAN DIEGO MONTGOMERY FIELD, CA US","2000-02-26","0.00",,,"55","66","44"
"USW00003131","SAN DIEGO MONTGOMERY FIELD, CA US","2000-02-27","0.08",,,"55","61","48"
"USW00003131","SAN DIEGO MONTGOMERY FIELD, CA US","2000-02-28","0.03",,,"54","59","48"
"USW00003131","SAN DIEGO MONTGOMERY FIELD, CA US","2000-02-29","0.00",,,"52","61","43"
"USW00003131","SAN DIEGO MONTGOMERY FIELD, CA US","2000-03-01","0.04",,,"55","60","49"
"USW00003131","SAN DIEGO MONTGOMERY FIELD, CA US","2000-03-02","0.00",,,"55","66","44"
"USW00003131","SAN DIEGO MONTGOMERY FIELD, CA US","2000-03-03","0.02",,,"52","57","47"
"USW00003131","SAN DIEGO MONTGOMERY FIELD, CA US","2000-03-04","0.04",,,"53","60","46"
"USW00003131","SAN DIEGO MONTGOMERY FIELD, CA US","2000-03-05","0.76",,,"51","56","45"
"USW00003131","SAN DIEGO MONTGOMERY FIELD, CA US","2000-03-06","0.00",,,"49","57","40"
"USW00003131","SAN DIEGO MONTGOMERY FIELD, CA US","2000-03-07","0.09",,,"51","58","44"
"USW00003131","SAN DIEGO MONTGOMERY FIELD, CA US","2000-03-08","0.21",,,"51","57","45"
"USW00003131","SAN DIEGO MONTGOMERY FIELD, CA US","2000-03-09","0.00",,,"51","60","41"
"USW00003131","SAN DIEGO MONTGOMERY FIELD, CA US","2000-03-10","0.00",,,"54","66","42"
"USW00003131","SAN DIEGO MONTGOMERY FIELD, CA US","2000-03-11","0.00",,,"62","76","47"
"USW00003131","SAN DIEGO MONTGOMERY FIELD, CA US","2000-03-12","0.00",,,"58","68","48"
"USW00003131","SAN DIEGO MONTGOMERY FIELD, CA US","2000-03-13","0.00",,,"58","64","52"
"USW00003131","SAN DIEGO MONTGOMERY FIELD, CA US","2000-03-14","0.00",,,"62","75","48"
"USW00003131","SAN DIEGO MONTGOMERY FIELD, CA US","2000-03-15","0.00",,,"60","69","51"
"USW00003131","SAN DIEGO MONTGOMERY FIELD, CA US","2000-03-16","0.00",,,"59","65","53"
"USW00003131","SAN DIEGO MONTGOMERY FIELD, CA US","2000-03-17","0.00",,,"63","71","54"
"USW00003131","SAN DIEGO MONTGOMERY FIELD, CA US","2000-03-18","0.00",,,"65","78","51"
"USW00003131","SAN DIEGO MONTGOMERY FIELD, CA US","2000-03-19","0.00",,,"61","71","50"
"USW00003131","SAN DIEGO MONTGOMERY FIELD, CA US","2000-03-20","0.01",,,"56","64","47"
"USW00003131","SAN DIEGO MONTGOMERY FIELD, CA US","2000-03-21","0.00",,,"55","67","42"
"USW00003131","SAN DIEGO MONTGOMERY FIELD, CA US","2000-03-22","0.00",,,"57","70","43"
"USW00003131","SAN DIEGO MONTGOMERY FIELD, CA US","2000-03-23","0.00",,,"57","68","45"
"USW00003131","SAN DIEGO MONTGOMERY FIELD, CA US","2000-03-24","0.00",,,"58","66","50"
"USW00003131","SAN DIEGO MONTGOMERY FIELD, CA US","2000-03-25","0.00",,,"57","65","49"
"USW00003131","SAN DIEGO MONTGOMERY FIELD, CA US","2000-03-26","0.00",,,"60","70","50"
"USW00003131","SAN DIEGO MONTGOMERY FIELD, CA US","2000-03-27","0.00",,,"56","60","51"
"USW00003131","SAN DIEGO MONTGOMERY FIELD, CA US","2000-03-28","0.00",,,"58","63","53"
"USW00003131","SAN DIEGO MONTGOMERY FIELD, CA US","2000-03-29","0.00",,,"56","62","49"
"USW00003131","SAN DIEGO MONTGOMERY FIELD, CA US","2000-03-30","0.00",,,"57","63","50"
"USW00003131","SAN DIEGO MONTGOMERY FIELD, CA US","2000-03-31","0.00",,,"60","73","46"
"USW00003131","SAN DIEGO MONTGOMERY FIELD, CA US","2000-04-01","0.00",,,"62","78","45"
"USW00003131","SAN DIEGO MONTGOMERY FIELD, CA US","2000-04-02","0.00",,,"60","72","48"
"USW00003131","SAN DIEGO MONTGOMERY FIELD, CA US","2000-04-03","0.00",,,"64","75","53"
"USW00003131","SAN DIEGO MONTGOMERY FIELD, CA US","2000-04-04","0.00",,,"63","74","52"
"USW00003131","SAN DIEGO MONTGOMERY FIELD, CA US","2000-04-05","0.00",,,"61","68","54"
"USW00003131","SAN DIEGO MONTGOMERY FIELD, CA US","2000-04-06","0.00",,,"59","64","53"
"USW00003131","SAN DIEGO MONTGOMERY FIELD, CA US","2000-04-07","0.00",,,"62","68","55"
"USW00003131","SAN DIEGO MONTGOMERY FIELD, CA US","2000-04-08","0.00",,,"65","75","54"
"USW00003131","SAN DIEGO MONTGOMERY FIELD, CA US","2000-04-09","0.00",,,"60","71","48"
"USW00003131","SAN DIEGO MONTGOMERY FIELD, CA US","2000-04-10","0.00",,,"62","69","55"
"USW00003131","SAN DIEGO MONTGOMERY FIELD, CA US","2000-04-11","0.00",,,"65","77","53"
"USW00003131","SAN DIEGO MONTGOMERY FIELD, CA US","2000-04-12","0.00",,,"68","80","55"
"USW00003131","SAN DIEGO MONTGOMERY FIELD, CA US","2000-04-13","0.00",,,"63","74","52"
"USW00003131","SAN DIEGO MONTGOMERY FIELD, CA US","2000-04-14","0.00",,,"60","64","55"
"USW00003131","SAN DIEGO MONTGOMERY FIELD, CA US","2000-04-15","0.01",,,"59","65","52"
"USW00003131","SAN DIEGO MONTGOMERY FIELD, CA US","2000-04-16","0.00",,,"57","66","48"
"USW00003131","SAN DIEGO MONTGOMERY FIELD, CA US","2000-04-17","0.43",,,"59","68","49"
"USW00003131","SAN DIEGO MONTGOMERY FIELD, CA US","2000-04-18","0.04",,,"57","63","51"
"USW00003131","SAN DIEGO MONTGOMERY FIELD, CA US","2000-04-19","0.00",,,"57","65","49"
"USW00003131","SAN DIEGO MONTGOMERY FIELD, CA US","2000-04-20","0.01",,,"63","75","50"
"USW00003131","SAN DIEGO MONTGOMERY FIELD, CA US","2000-04-21","0.04",,,"58","62","54"
"USW00003131","SAN DIEGO MONTGOMERY FIELD, CA US","2000-04-22","0.03",,,"59","62","55"
"USW00003131","SAN DIEGO MONTGOMERY FIELD, CA US","2000-04-23","0.00",,,"60","67","52"
"USW00003131","SAN DIEGO MONTGOMERY FIELD, CA US","2000-04-24","0.00",,,"63","71","55"
"USW00003131","SAN DIEGO MONTGOMERY FIELD, CA US","2000-04-25","0.00",,,"66","78","54"
"USW00003131","SAN DIEGO MONTGOMERY FIELD, CA US","2000-04-26","0.00",,,"69","81","56"
"USW00003131","SAN DIEGO MONTGOMERY FIELD, CA US","2000-04-27","0.00",,,"63","68","58"
"USW00003131","SAN DIEGO MONTGOMERY FIELD, CA US","2000-04-28","0.00",,,"62","67","57"
"USW00003131","SAN DIEGO MONTGOMERY FIELD, CA US","2000-04-29","0.00",,,"62","70","53"
"USW00003131","SAN DIEGO MONTGOMERY FIELD, CA US","2000-04-30","0.00",,,"66","80","52"
"USW00003131","SAN DIEGO MONTGOMERY FIELD, CA US","2000-05-01","0.00",,,"69","81","56"
"USW00003131","SAN DIEGO MONTGOMERY FIELD, CA US","2000-05-02","0.00",,,"68","79","56"
"USW00003131","SAN DIEGO MONTGOMERY FIELD, CA US","2000-05-03","0.00",,,"66","72","60"
"USW00003131","SAN DIEGO MONTGOMERY FIELD, CA US","2000-05-04","0.00",,,"64","68","60"
"USW00003131","SAN DIEGO MONTGOMERY FIELD, CA US","2000-05-05","0.00",,,"65","69","60"
"USW00003131","SAN DIEGO MONTGOMERY FIELD, CA US","2000-05-06","0.00",,,"63","69","56"
"USW00003131","SAN DIEGO MONTGOMERY FIELD, CA US","2000-05-07","0.00",,,"64","71","56"
"USW00003131","SAN DIEGO MONTGOMERY FIELD, CA US","2000-05-08","0.02",,,"64","68","60"
"USW00003131","SAN DIEGO MONTGOMERY FIELD, CA US","2000-05-09","0.00",,,"66","72","60"
"USW00003131","SAN DIEGO MONTGOMERY FIELD, CA US","2000-05-10","0.00",,,"63","68","57"
"USW00003131","SAN DIEGO MONTGOMERY FIELD, CA US","2000-05-11","0.00",,,"61","68","53"
"USW00003131","SAN DIEGO MONTGOMERY FIELD, CA US","2000-05-12","0.00",,,"65","81","49"
"USW00003131","SAN DIEGO MONTGOMERY FIELD, CA US","2000-05-13","0.00",,,"65","77","52"
"USW00003131","SAN DIEGO MONTGOMERY FIELD, CA US","2000-05-14","0.00",,,"64","73","54"
"USW00003131","SAN DIEGO MONTGOMERY FIELD, CA US","2000-05-15","0.00",,,"63","71","54"
"USW00003131","SAN DIEGO MONTGOMERY FIELD, CA US","2000-05-16","0.00",,,"60","66","54"
"USW00003131","SAN DIEGO MONTGOMERY FIELD, CA US","2000-05-17","0.00",,,"60","68","51"
"USW00003131","SAN DIEGO MONTGOMERY FIELD, CA US","2000-05-18","0.00",,,"64","73","55"
"USW00003131","SAN DIEGO MONTGOMERY FIELD, CA US","2000-05-19","0.00",,,"69","81","56"
"USW00003131","SAN DIEGO MONTGOMERY FIELD, CA US","2000-05-20","0.00",,,"67","76","58"
"USW00003131","SAN DIEGO MONTGOMERY FIELD, CA US","2000-05-21","0.00",,,"66","74","57"
"USW00003131","SAN DIEGO MONTGOMERY FIELD, CA US","2000-05-22","0.00",,,"63","68","58"
"USW00003131","SAN DIEGO MONTGOMERY FIELD, CA US","2000-05-23","0.00",,,"62","66","58"
"USW00003131","SAN DIEGO MONTGOMERY FIELD, CA US","2000-05-24","0.00",,,"62","65","59"
"USW00003131","SAN DIEGO MONTGOMERY FIELD, CA US","2000-05-25","0.00",,,"63","65","60"
"USW00003131","SAN DIEGO MONTGOMERY FIELD, CA US","2000-05-26","0.00",,,"66","73","59"
"USW00003131","SAN DIEGO MONTGOMERY FIELD, CA US","2000-05-27","0.00",,,"68","79","57"
"USW00003131","SAN DIEGO MONTGOMERY FIELD, CA US","2000-05-28","0.00",,,"71","83","59"
"USW00003131","SAN DIEGO MONTGOMERY FIELD, CA US","2000-05-29","0.00",,,"66","74","58"
"USW00003131","SAN DIEGO MONTGOMERY FIELD, CA US","2000-05-30","0.00",,,"66","71","60"
"USW00003131","SAN DIEGO MONTGOMERY FIELD, CA US","2000-05-31","0.00",,,"65","71","59"
"USW00003131","SAN DIEGO MONTGOMERY FIELD, CA US","2000-06-01","0.00",,,"68","77","59"
"USW00003131","SAN DIEGO MONTGOMERY FIELD, CA US","2000-06-02","0.00",,,"68","76","59"
"USW00003131","SAN DIEGO MONTGOMERY FIELD, CA US","2000-06-03","0.00",,,"70","81","59"
"USW00003131","SAN DIEGO MONTGOMERY FIELD, CA US","2000-06-04","0.00",,,"70","81","58"
"USW00003131","SAN DIEGO MONTGOMERY FIELD, CA US","2000-06-05","0.00",,,"68","78","57"
"USW00003131","SAN DIEGO MONTGOMERY FIELD, CA US","2000-06-06","0.00",,,"68","79","56"
"USW00003131","SAN DIEGO MONTGOMERY FIELD, CA US","2000-06-07","0.00",,,"69","78","60"
"USW00003131","SAN DIEGO MONTGOMERY FIELD, CA US","2000-06-08","0.00",,,"65","71","59"
"USW00003131","SAN DIEGO MONTGOMERY FIELD, CA US","2000-06-09","0.00",,,"63","70","55"
"USW00003131","SAN DIEGO MONTGOMERY FIELD, CA US","2000-06-10","0.00",,,"64","71","57"
"USW00003131","SAN DIEGO MONTGOMERY FIELD, CA US","2000-06-11","0.00",,,"66","72","60"
"USW00003131","SAN DIEGO MONTGOMERY FIELD, CA US","2000-06-12","0.00",,,"65","74","56"
"USW00003131","SAN DIEGO MONTGOMERY FIELD, CA US","2000-06-13","0.00",,,"68","74","61"
"USW00003131","SAN DIEGO MONTGOMERY FIELD, CA US","2000-06-14","0.00",,,"66","71","61"
"USW00003131","SAN DIEGO MONTGOMERY FIELD, CA US","2000-06-15","0.00",,,"69","77","60"
"USW00003131","SAN DIEGO MONTGOMERY FIELD, CA US","2000-06-16","0.00",,,"68","73","62"
"USW00003131","SAN DIEGO MONTGOMERY FIELD, CA US","2000-06-17","0.00",,,"67","71","62"
"USW00003131","SAN DIEGO MONTGOMERY FIELD, CA US","2000-06-18","0.00",,,"68","73","63"
"USW00003131","SAN DIEGO MONTGOMERY FIELD, CA US","2000-06-19","0.00",,,"69","73","64"
"USW00003131","SAN DIEGO MONTGOMERY FIELD, CA US","2000-06-20","0.00",,,"69","75","63"
"USW00003131","SAN DIEGO MONTGOMERY FIELD, CA US","2000-06-21","0.00",,,"70","76","64"
"USW00003131","SAN DIEGO MONTGOMERY FIELD, CA US","2000-06-22","0.00",,,"71","78","63"
"USW00003131","SAN DIEGO MONTGOMERY FIELD, CA US","2000-06-23","0.00",,,"67","72","62"
"USW00003131","SAN DIEGO MONTGOMERY FIELD, CA US","2000-06-24","0.00",,,"71","78","63"
"USW00003131","SAN DIEGO MONTGOMERY FIELD, CA US","2000-06-25","0.00",,,"77","88","65"
"USW00003131","SAN DIEGO MONTGOMERY FIELD, CA US","2000-06-26","0.00",,,"76","84","67"
"USW00003131","SAN DIEGO MONTGOMERY FIELD, CA US","2000-06-27","0.00",,,"74","83","64"
"USW00003131","SAN DIEGO MONTGOMERY FIELD, CA US","2000-06-28","0.00",,,,,
"USW00003131","SAN DIEGO MONTGOMERY FIELD, CA US","2000-06-29","0.00",,,"71","78","64"
"USW00003131","SAN DIEGO MONTGOMERY FIELD, CA US","2000-06-30","0.00",,,"70","76","63"
"USW00003131","SAN DIEGO MONTGOMERY FIELD, CA US","2000-07-01","0.00",,,"70","77","63"
"USW00003131","SAN DIEGO MONTGOMERY FIELD, CA US","2000-07-02","0.00",,,"69","75","62"
"USW00003131","SAN DIEGO MONTGOMERY FIELD, CA US","2000-07-03","0.00",,,"70","76","64"
"USW00003131","SAN DIEGO MONTGOMERY FIELD, CA US","2000-07-04","0.00",,,"68","73","62"
"USW00003131","SAN DIEGO MONTGOMERY FIELD, CA US","2000-07-05","0.00",,,"67","73","61"
"USW00003131","SAN DIEGO MONTGOMERY FIELD, CA US","2000-07-06","0.00",,,"66","75","57"
"USW00003131","SAN DIEGO MONTGOMERY FIELD, CA US","2000-07-07","0.00",,,"68","73","62"
"USW00003131","SAN DIEGO MONTGOMERY FIELD, CA US","2000-07-08","0.00",,,"67","71","62"
"USW00003131","SAN DIEGO MONTGOMERY FIELD, CA US","2000-07-09","0.00",,,"67","73","60"
"USW00003131","SAN DIEGO MONTGOMERY FIELD, CA US","2000-07-10","0.00",,,"68","72","63"
"USW00003131","SAN DIEGO MONTGOMERY FIELD, CA US","2000-07-11","0.00",,,"68","73","62"
"USW00003131","SAN DIEGO MONTGOMERY FIELD, CA US","2000-07-12","0.00",,,"68","74","61"
"USW00003131","SAN DIEGO MONTGOMERY FIELD, CA US","2000-07-13","0.00",,,"69","75","62"
"USW00003131","SAN DIEGO MONTGOMERY FIELD, CA US","2000-07-14","0.00",,,"70","78","62"
"USW00003131","SAN DIEGO MONTGOMERY FIELD, CA US","2000-07-15","0.00",,,"70","78","62"
"USW00003131","SAN DIEGO MONTGOMERY FIELD, CA US","2000-07-16","0.00",,,"68","75","61"
"USW00003131","SAN DIEGO MONTGOMERY FIELD, CA US","2000-07-17","0.00",,,"71","79","62"
"USW00003131","SAN DIEGO MONTGOMERY FIELD, CA US","2000-07-18","0.00",,,"73","84","61"
"USW00003131","SAN DIEGO MONTGOMERY FIELD, CA US","2000-07-19","0.00",,,"74","85","63"
"USW00003131","SAN DIEGO MONTGOMERY FIELD, CA US","2000-07-20","0.00",,,"71","78","63"
"USW00003131","SAN DIEGO MONTGOMERY FIELD, CA US","2000-07-21","0.00",,,"69","75","63"
"USW00003131","SAN DIEGO MONTGOMERY FIELD, CA US","2000-07-22","0.00",,,"73","83","62"
"USW00003131","SAN DIEGO MONTGOMERY FIELD, CA US","2000-07-23","0.00",,,"74","82","66"
"USW00003131","SAN DIEGO MONTGOMERY FIELD, CA US","2000-07-24","0.00",,,"74","85","62"
"USW00003131","SAN DIEGO MONTGOMERY FIELD, CA US","2000-07-25","0.00",,,"72","80","64"
"USW00003131","SAN DIEGO MONTGOMERY FIELD, CA US","2000-07-26","0.00",,,"70","76","63"
"USW00003131","SAN DIEGO MONTGOMERY FIELD, CA US","2000-07-27","0.00",,,"68","76","59"
"USW00003131","SAN DIEGO MONTGOMERY FIELD, CA US","2000-07-28","0.00",,,"70","79","61"
"USW00003131","SAN DIEGO MONTGOMERY FIELD, CA US","2000-07-29","0.00",,,"73","81","65"
"USW00003131","SAN DIEGO MONTGOMERY FIELD, CA US","2000-07-30","0.00",,,"72","79","64"
"USW00003131","SAN DIEGO MONTGOMERY FIELD, CA US","2000-07-31","0.00",,,"77","90","63"
"USW00003131","SAN DIEGO MONTGOMERY FIELD, CA US","2000-08-01","0.00",,,"80","93","66"
"USW00003131","SAN DIEGO MONTGOMERY FIELD, CA US","2000-08-02","0.00",,,"75","82","67"
"USW00003131","SAN DIEGO MONTGOMERY FIELD, CA US","2000-08-03","0.00",,,"76","86","66"
"USW00003131","SAN DIEGO MONTGOMERY FIELD, CA US","2000-08-04","0.00",,,"75","83","66"
"USW00003131","SAN DIEGO MONTGOMERY FIELD, CA US","2000-08-05","0.00",,,"73","81","64"
"USW00003131","SAN DIEGO MONTGOMERY FIELD, CA US","2000-08-06","0.00",,,"71","78","63"
"USW00003131","SAN DIEGO MONTGOMERY FIELD, CA US","2000-08-07","0.00",,,"71","77","65"
"USW00003131","SAN DIEGO MONTGOMERY FIELD, CA US","2000-08-08","0.00",,,"73","82","64"
"USW00003131","SAN DIEGO MONTGOMERY FIELD, CA US","2000-08-09","0.00",,,"72","79","64"
"USW00003131","SAN DIEGO MONTGOMERY FIELD, CA US","2000-08-10","0.00",,,"75","86","63"
"USW00003131","SAN DIEGO MONTGOMERY FIELD, CA US","2000-08-11","0.00",,,"78","92","64"
"USW00003131","SAN DIEGO MONTGOMERY FIELD, CA US","2000-08-12","0.00",,,"76","87","65"
"USW00003131","SAN DIEGO MONTGOMERY FIELD, CA US","2000-08-13","0.00",,,"73","81","65"
"USW00003131","SAN DIEGO MONTGOMERY FIELD, CA US","2000-08-14","0.00",,,"73","81","65"
"USW00003131","SAN DIEGO MONTGOMERY FIELD, CA US","2000-08-15","0.00",,,"75","83","66"
"USW00003131","SAN DIEGO MONTGOMERY FIELD, CA US","2000-08-16","0.00",,,"79","90","67"
"USW00003131","SAN DIEGO MONTGOMERY FIELD, CA US","2000-08-17","0.00",,,"75","81","68"
"USW00003131","SAN DIEGO MONTGOMERY FIELD, CA US","2000-08-18","0.00",,,"74","82","66"
"USW00003131","SAN DIEGO MONTGOMERY FIELD, CA US","2000-08-19","0.00",,,"73","81","64"
"USW00003131","SAN DIEGO MONTGOMERY FIELD, CA US","2000-08-20","0.00",,,"73","80","65"
"USW00003131","SAN DIEGO MONTGOMERY FIELD, CA US","2000-08-21","0.00",,,"70","75","64"
"USW00003131","SAN DIEGO MONTGOMERY FIELD, CA US","2000-08-22","0.00",,,"70","77","63"
"USW00003131","SAN DIEGO MONTGOMERY FIELD, CA US","2000-08-23","0.00",,,"72","79","65"
"USW00003131","SAN DIEGO MONTGOMERY FIELD, CA US","2000-08-24","0.00",,,"74","80","68"
"USW00003131","SAN DIEGO MONTGOMERY FIELD, CA US","2000-08-25","0.00",,,"74","80","68"
"USW00003131","SAN DIEGO MONTGOMERY FIELD, CA US","2000-08-26","0.00",,,"73","79","67"
"USW00003131","SAN DIEGO MONTGOMERY FIELD, CA US","2000-08-27","0.00",,,"71","75","66"
"USW00003131","SAN DIEGO MONTGOMERY FIELD, CA US","2000-08-28","0.00",,,"69","72","65"
"USW00003131","SAN DIEGO MONTGOMERY FIELD, CA US","2000-08-29","0.01",,,"66","67","64"
"USW00003131","SAN DIEGO MONTGOMERY FIELD, CA US","2000-08-30","0.00",,,"68","72","63"
"USW00003131","SAN DIEGO MONTGOMERY FIELD, CA US","2000-08-31","0.00",,,"70","75","64"
"USW00003131","SAN DIEGO MONTGOMERY FIELD, CA US","2000-09-01","0.00",,,"67","75","59"
"USW00003131","SAN DIEGO MONTGOMERY FIELD, CA US","2000-09-02","0.00",,,"68","76","60"
"USW00003131","SAN DIEGO MONTGOMERY FIELD, CA US","2000-09-03","0.00",,,"68","78","58"
"USW00003131","SAN DIEGO MONTGOMERY FIELD, CA US","2000-09-04","0.00",,,"67","77","57"
"USW00003131","SAN DIEGO MONTGOMERY FIELD, CA US","2000-09-05","0.00",,,"70","82","58"
"USW00003131","SAN DIEGO MONTGOMERY FIELD, CA US","2000-09-06","0.00",,,"71","84","57"
"USW00003131","SAN DIEGO MONTGOMERY FIELD, CA US","2000-09-07","0.00",,,"74","85","62"
"USW00003131","SAN DIEGO MONTGOMERY FIELD, CA US","2000-09-08","0.00",,,"70","78","61"
"USW00003131","SAN DIEGO MONTGOMERY FIELD, CA US","2000-09-09","0.00",,,"70","82","57"
"USW00003131","SAN DIEGO MONTGOMERY FIELD, CA US","2000-09-10","0.00",,,"69","81","57"
"USW00003131","SAN DIEGO MONTGOMERY FIELD, CA US","2000-09-11","0.00",,,"76","94","58"
"USW00003131","SAN DIEGO MONTGOMERY FIELD, CA US","2000-09-12","0.00",,,"80","93","67"
"USW00003131","SAN DIEGO MONTGOMERY FIELD, CA US","2000-09-13","0.00",,,"77","87","67"
"USW00003131","SAN DIEGO MONTGOMERY FIELD, CA US","2000-09-14","0.00",,,"76","84","67"
"USW00003131","SAN DIEGO MONTGOMERY FIELD, CA US","2000-09-15","0.00",,,"74","83","65"
"USW00003131","SAN DIEGO MONTGOMERY FIELD, CA US","2000-09-16","0.00",,,"80","93","66"
"USW00003131","SAN DIEGO MONTGOMERY FIELD, CA US","2000-09-17","0.00",,,"79","91","66"
"USW00003131","SAN DIEGO MONTGOMERY FIELD, CA US","2000-09-18","0.00",,,"75","85","64"
"USW00003131","SAN DIEGO MONTGOMERY FIELD, CA US","2000-09-19","0.00",,,"72","79","64"
"USW00003131","SAN DIEGO MONTGOMERY FIELD, CA US","2000-09-20","0.00",,,"70","74","65"
"USW00003131","SAN DIEGO MONTGOMERY FIELD, CA US","2000-09-21","0.00",,,"68","70","66"
"USW00003131","SAN DIEGO MONTGOMERY FIELD, CA US","2000-09-22","0.04",,,"68","72","64"
"USW00003131","SAN DIEGO MONTGOMERY FIELD, CA US","2000-09-23","0.00",,,"68","75","60"
"USW00003131","SAN DIEGO MONTGOMERY FIELD, CA US","2000-09-24","0.00",,,"66","76","56"
"USW00003131","SAN DIEGO MONTGOMERY FIELD, CA US","2000-09-25","0.00",,,"70","80","60"
"USW00003131","SAN DIEGO MONTGOMERY FIELD, CA US","2000-09-26","0.00",,,"70","76","64"
"USW00003131","SAN DIEGO MONTGOMERY FIELD, CA US","2000-09-27","0.00",,,"67","69","65"
"USW00003131","SAN DIEGO MONTGOMERY FIELD, CA US","2000-09-28","0.00",,,"70","73","66"
"USW00003131","SAN DIEGO MONTGOMERY FIELD, CA US","2000-09-29","0.00",,,"69","73","65"
"USW00003131","SAN DIEGO MONTGOMERY FIELD, CA US","2000-09-30","0.00",,,"67","73","61"
"USW00003131","SAN DIEGO MONTGOMERY FIELD, CA US","2000-10-01","0.00",,,"68","77","59"
"USW00003131","SAN DIEGO MONTGOMERY FIELD, CA US","2000-10-02","0.00",,,"71","76","65"
"USW00003131","SAN DIEGO MONTGOMERY FIELD, CA US","2000-10-03","0.00",,,"69","73","65"
"USW00003131","SAN DIEGO MONTGOMERY FIELD, CA US","2000-10-04","0.00",,,"66","69","62"
"USW00003131","SAN DIEGO MONTGOMERY FIELD, CA US","2000-10-05","0.00",,,"67","71","63"
"USW00003131","SAN DIEGO MONTGOMERY FIELD, CA US","2000-10-06","0.00",,,"67","70","64"
"USW00003131","SAN DIEGO MONTGOMERY FIELD, CA US","2000-10-07","0.00",,,"68","73","63"
"USW00003131","SAN DIEGO MONTGOMERY FIELD, CA US","2000-10-08","0.00",,,"69","74","64"
"USW00003131","SAN DIEGO MONTGOMERY FIELD, CA US","2000-10-09","0.00",,,"69","74","63"
"USW00003131","SAN DIEGO MONTGOMERY FIELD, CA US","2000-10-10","0.05",,,"65","70","59"
"USW00003131","SAN DIEGO MONTGOMERY FIELD, CA US","2000-10-11","0.04",,,"60","67","53"
"USW00003131","SAN DIEGO MONTGOMERY FIELD, CA US","2000-10-12","0.00",,,"61","69","53"
"USW00003131","SAN DIEGO MONTGOMERY FIELD, CA US","2000-10-13","0.00",,,"60","70","49"
"USW00003131","SAN DIEGO MONTGOMERY FIELD, CA US","2000-10-14","0.00",,,"64","76","51"
"USW00003131","SAN DIEGO MONTGOMERY FIELD, CA US","2000-10-15","0.00",,,"63","74","52"
"USW00003131","SAN DIEGO MONTGOMERY FIELD, CA US","2000-10-16","0.00",,,"64","74","53"
"USW00003131","SAN DIEGO MONTGOMERY FIELD, CA US","2000-10-17","0.00",,,"64","74","54"
"USW00003131","SAN DIEGO MONTGOMERY FIELD, CA US","2000-10-18","0.00",,,"66","70","61"
"USW00003131","SAN DIEGO MONTGOMERY FIELD, CA US","2000-10-19","0.00",,,"67","72","62"
"USW00003131","SAN DIEGO MONTGOMERY FIELD, CA US","2000-10-20","0.00",,,"67","73","61"
"USW00003131","SAN DIEGO MONTGOMERY FIELD, CA US","2000-10-21","0.02",,,"63","66","59"
"USW00003131","SAN DIEGO MONTGOMERY FIELD, CA US","2000-10-22","0.00",,,"63","71","54"
"USW00003131","SAN DIEGO MONTGOMERY FIELD, CA US","2000-10-23","0.00",,,"66","73","58"
"USW00003131","SAN DIEGO MONTGOMERY FIELD, CA US","2000-10-24","0.00",,,"65","73","56"
"USW00003131","SAN DIEGO MONTGOMERY FIELD, CA US","2000-10-25","0.00",,,"65","75","55"
"USW00003131","SAN DIEGO MONTGOMERY FIELD, CA US","2000-10-26","0.17",,,"61","68","54"
"USW00003131","SAN DIEGO MONTGOMERY FIELD, CA US","2000-10-27","0.20",,,"59","63","55"
"USW00003131","SAN DIEGO MONTGOMERY FIELD, CA US","2000-10-28","0.01",,,"60","65","55"
"USW00003131","SAN DIEGO MONTGOMERY FIELD, CA US","2000-10-29","0.63",,,"61","67","54"
"USW00003131","SAN DIEGO MONTGOMERY FIELD, CA US","2000-10-30","0.00",,,"58","64","52"
"USW00003131","SAN DIEGO MONTGOMERY FIELD, CA US","2000-10-31","0.00",,,"58","66","50"
"USW00003131","SAN DIEGO MONTGOMERY FIELD, CA US","2000-11-01","0.00",,,"60","71","48"
"USW00003131","SAN DIEGO MONTGOMERY FIELD, CA US","2000-11-02","0.00",,,"61","72","50"
"USW00003131","SAN DIEGO MONTGOMERY FIELD, CA US","2000-11-03","0.00",,,"62","75","48"
"USW00003131","SAN DIEGO MONTGOMERY FIELD, CA US","2000-11-04","0.00",,,"63","72","53"
"USW00003131","SAN DIEGO MONTGOMERY FIELD, CA US","2000-11-05","0.00",,,"58","66","50"
"USW00003131","SAN DIEGO MONTGOMERY FIELD, CA US","2000-11-06","0.00",,,"60","66","53"
"USW00003131","SAN DIEGO MONTGOMERY FIELD, CA US","2000-11-07","0.00",,,"60","74","46"
"USW00003131","SAN DIEGO MONTGOMERY FIELD, CA US","2000-11-08","0.00",,,"57","69","44"
"USW00003131","SAN DIEGO MONTGOMERY FIELD, CA US","2000-11-09","0.01",,,"56","60","51"
"USW00003131","SAN DIEGO MONTGOMERY FIELD, CA US","2000-11-10","0.13",,,"55","61","48"
"USW00003131","SAN DIEGO MONTGOMERY FIELD, CA US","2000-11-11","0.02",,,"53","60","46"
"USW00003131","SAN DIEGO MONTGOMERY FIELD, CA US","2000-11-12","0.00",,,"51","63","39"
"USW00003131","SAN DIEGO MONTGOMERY FIELD, CA US","2000-11-13","0.00",,,"52","64","39"
"USW00003131","SAN DIEGO MONTGOMERY FIELD, CA US","2000-11-14","0.00",,,"50","60","40"
"USW00003131","SAN DIEGO MONTGOMERY FIELD, CA US","2000-11-15","0.00",,,"52","63","41"
"USW00003131","SAN DIEGO MONTGOMERY FIELD, CA US","2000-11-16","0.00",,,"51","62","39"
"USW00003131","SAN DIEGO MONTGOMERY FIELD, CA US","2000-11-17","0.00",,,"56","69","42"
"USW00003131","SAN DIEGO MONTGOMERY FIELD, CA US","2000-11-18","0.00",,,"55","69","40"
"USW00003131","SAN DIEGO MONTGOMERY FIELD, CA US","2000-11-19","0.00",,,"61","79","42"
"USW00003131","SAN DIEGO MONTGOMERY FIELD, CA US","2000-11-20","0.00",,,"63","80","45"
"USW00003131","SAN DIEGO MONTGOMERY FIELD, CA US","2000-11-21","0.00",,,"63","74","51"
"USW00003131","SAN DIEGO MONTGOMERY FIELD, CA US","2000-11-22","0.00",,,"55","61","48"
"USW00003131","SAN DIEGO MONTGOMERY FIELD, CA US","2000-11-23","0.00",,,"55","66","43"
"USW00003131","SAN DIEGO MONTGOMERY FIELD, CA US","2000-11-24","0.00",,,"55","67","43"
"USW00003131","SAN DIEGO MONTGOMERY FIELD, CA US","2000-11-25","0.00",,,"58","73","42"
"USW00003131","SAN DIEGO MONTGOMERY FIELD, CA US","2000-11-26","0.00",,,"60","75","44"
"USW00003131","SAN DIEGO MONTGOMERY FIELD, CA US","2000-11-27","0.00",,,"60","73","47"
"USW00003131","SAN DIEGO MONTGOMERY FIELD, CA US","2000-11-28","0.00",,,"60","72","47"
"USW00003131","SAN DIEGO MONTGOMERY FIELD, CA US","2000-11-29","0.00",,,"58","66","50"
"USW00003131","SAN DIEGO MONTGOMERY FIELD, CA US","2000-11-30","0.00",,,"57","63","51"
"USW00003131","SAN DIEGO MONTGOMERY FIELD, CA US","2000-12-01","0.00",,,"56","64","48"
"USW00003131","SAN DIEGO MONTGOMERY FIELD, CA US","2000-12-02","0.00",,,"57","64","50"
"USW00003131","SAN DIEGO MONTGOMERY FIELD, CA US","2000-12-03","0.00",,,"56","68","44"
"USW00003131","SAN DIEGO MONTGOMERY FIELD, CA US","2000-12-04","0.00",,,"63","78","47"
"USW00003131","SAN DIEGO MONTGOMERY FIELD, CA US","2000-12-05","0.00",,,"66","79","53"
"USW00003131","SAN DIEGO MONTGOMERY FIELD, CA US","2000-12-06","0.00",,,"62","72","51"
"USW00003131","SAN DIEGO MONTGOMERY FIELD, CA US","2000-12-07","0.00",,,"64","73","54"
"USW00003131","SAN DIEGO MONTGOMERY FIELD, CA US","2000-12-08","0.00",,,"61","65","56"
"USW00003131","SAN DIEGO MONTGOMERY FIELD, CA US","2000-12-09","0.00",,,"61","65","56"
"USW00003131","SAN DIEGO MONTGOMERY FIELD, CA US","2000-12-10","0.00",,,"58","64","51"
"USW00003131","SAN DIEGO MONTGOMERY FIELD, CA US","2000-12-11","0.00",,,"55","65","45"
"USW00003131","SAN DIEGO MONTGOMERY FIELD, CA US","2000-12-12","0.02",,,"53","60","45"
"USW00003131","SAN DIEGO MONTGOMERY FIELD, CA US","2000-12-13","0.00",,,"51","60","42"
"USW00003131","SAN DIEGO MONTGOMERY FIELD, CA US","2000-12-14","0.00",,,"54","63","45"
"USW00003131","SAN DIEGO MONTGOMERY FIELD, CA US","2000-12-15","0.00",,,"53","62","43"
"USW00003131","SAN DIEGO MONTGOMERY FIELD, CA US","2000-12-16","0.00",,,"62","78","46"
"USW00003131","SAN DIEGO MONTGOMERY FIELD, CA US","2000-12-17","0.00",,,"62","78","46"
"USW00003131","SAN DIEGO MONTGOMERY FIELD, CA US","2000-12-18","0.00",,,"64","81","46"
"USW00003131","SAN DIEGO MONTGOMERY FIELD, CA US","2000-12-19","0.00",,,"62","77","46"
"USW00003131","SAN DIEGO MONTGOMERY FIELD, CA US","2000-12-20","0.00",,,"58","72","43"
"USW00003131","SAN DIEGO MONTGOMERY FIELD, CA US","2000-12-21","0.00",,,"55","68","42"
"USW00003131","SAN DIEGO MONTGOMERY FIELD, CA US","2000-12-22","0.00",,,"55","68","42"
"USW00003131","SAN DIEGO MONTGOMERY FIELD, CA US","2000-12-23","0.00",,,"52","64","39"
"USW00003131","SAN DIEGO MONTGOMERY FIELD, CA US","2000-12-24","0.00",,,"54","66","41"
"USW00003131","SAN DIEGO MONTGOMERY FIELD, CA US","2000-12-25","0.00",,,"57","73","41"
"USW00003131","SAN DIEGO MONTGOMERY FIELD, CA US","2000-12-26","0.00",,,"58","73","43"
"USW00003131","SAN DIEGO MONTGOMERY FIELD, CA US","2000-12-27","0.00",,,"59","76","41"
"USW00003131","SAN DIEGO MONTGOMERY FIELD, CA US","2000-12-28","0.00",,,"58","73","42"
"USW00003131","SAN DIEGO MONTGOMERY FIELD, CA US","2000-12-29","0.00",,,"60","77","42"
"USW00003131","SAN DIEGO MONTGOMERY FIELD, CA US","2000-12-30","0.00",,,"59","75","43"
"USW00003131","SAN DIEGO MONTGOMERY FIELD, CA US","2000-12-31","0.00",,,"55","71","39"
"USW00003131","SAN DIEGO MONTGOMERY FIELD, CA US","2001-01-01","0.00",,,"59","71","46"
"USW00003131","SAN DIEGO MONTGOMERY FIELD, CA US","2001-01-02","0.00",,,"61","80","41"
"USW00003131","SAN DIEGO MONTGOMERY FIELD, CA US","2001-01-03","0.00",,,"62","76","48"
"USW00003131","SAN DIEGO MONTGOMERY FIELD, CA US","2001-01-04","0.00",,,"62","79","44"
"USW00003131","SAN DIEGO MONTGOMERY FIELD, CA US","2001-01-05","0.00",,,"61","71","51"
"USW00003131","SAN DIEGO MONTGOMERY FIELD, CA US","2001-01-06","0.00",,,"58","68","48"
"USW00003131","SAN DIEGO MONTGOMERY FIELD, CA US","2001-01-07","0.00",,,"58","71","44"
"USW00003131","SAN DIEGO MONTGOMERY FIELD, CA US","2001-01-08","0.13",,,"54","58","49"
"USW00003131","SAN DIEGO MONTGOMERY FIELD, CA US","2001-01-09","0.07",,,"55","62","47"
"USW00003131","SAN DIEGO MONTGOMERY FIELD, CA US","2001-01-10","0.08",,,"53","60","46"
"USW00003131","SAN DIEGO MONTGOMERY FIELD, CA US","2001-01-11","1.02",,,"51","54","47"
"USW00003131","SAN DIEGO MONTGOMERY FIELD, CA US","2001-01-12","0.82",,,"49","53","45"
"USW00003131","SAN DIEGO MONTGOMERY FIELD, CA US","2001-01-13","0.00",,,"52","61","42"
"USW00003131","SAN DIEGO MONTGOMERY FIELD, CA US","2001-01-14","0.00",,,"51","60","41"
"USW00003131","SAN DIEGO MONTGOMERY FIELD, CA US","2001-01-15","0.00",,,"53","59","46"
"USW00003131","SAN DIEGO MONTGOMERY FIELD, CA US","2001-01-16","0.00",,,"48","57","39"
"USW00003131","SAN DIEGO MONTGOMERY FIELD, CA US","2001-01-17","0.00",,,"50","61","38"
"USW00003131","SAN DIEGO MONTGOMERY FIELD, CA US","2001-01-18","0.00",,,"49","62","35"
"USW00003131","SAN DIEGO MONTGOMERY FIELD, CA US","2001-01-19","0.00",,,"53","67","39"
"USW00003131","SAN DIEGO MONTGOMERY FIELD, CA US","2001-01-20","0.00",,,"57","70","43"
"USW00003131","SAN DIEGO MONTGOMERY FIELD, CA US","2001-01-21","0.00",,,"57","71","43"
"USW00003131","SAN DIEGO MONTGOMERY FIELD, CA US","2001-01-22","0.00",,,"55","64","46"
"USW00003131","SAN DIEGO MONTGOMERY FIELD, CA US","2001-01-23","0.00",,,"53","63","42"
"USW00003131","SAN DIEGO MONTGOMERY FIELD, CA US","2001-01-24","0.04",,,"50","57","42"
"USW00003131","SAN DIEGO MONTGOMERY FIELD, CA US","2001-01-25","0.00",,,"51","59","43"
"USW00003131","SAN DIEGO MONTGOMERY FIELD, CA US","2001-01-26","0.49",,,"46","51","40"
"USW00003131","SAN DIEGO MONTGOMERY FIELD, CA US","2001-01-27","0.05",,,"48","54","41"
"USW00003131","SAN DIEGO MONTGOMERY FIELD, CA US","2001-01-28","0.00",,,"51","58","43"
"USW00003131","SAN DIEGO MONTGOMERY FIELD, CA US","2001-01-29","0.00",,,"50","56","44"
"USW00003131","SAN DIEGO MONTGOMERY FIELD, CA US","2001-01-30","0.00",,,"51","63","39"
"USW00003131","SAN DIEGO MONTGOMERY FIELD, CA US","2001-01-31","0.00",,,"52","63","40"
"USW00003131","SAN DIEGO MONTGOMERY FIELD, CA US","2001-02-01","0.00",,,"53","68","38"
"USW00003131","SAN DIEGO MONTGOMERY FIELD, CA US","2001-02-02","0.00",,,"57","72","42"
"USW00003131","SAN DIEGO MONTGOMERY FIELD, CA US","2001-02-03","0.00",,,"64","82","46"
"USW00003131","SAN DIEGO MONTGOMERY FIELD, CA US","2001-02-04","0.00",,,"68","85","51"
"USW00003131","SAN DIEGO MONTGOMERY FIELD, CA US","2001-02-05","0.00",,,"66","79","53"
"USW00003131","SAN DIEGO MONTGOMERY FIELD, CA US","2001-02-06","0.00",,,"55","60","50"
"USW00003131","SAN DIEGO MONTGOMERY FIELD, CA US","2001-02-07","0.08",,,"48","56","40"
"USW00003131","SAN DIEGO MONTGOMERY FIELD, CA US","2001-02-08","0.00",,,"47","56","37"
"USW00003131","SAN DIEGO MONTGOMERY FIELD, CA US","2001-02-09","0.00",,,"49","58","39"
"USW00003131","SAN DIEGO MONTGOMERY FIELD, CA US","2001-02-10","0.00",,,"48","57","39"
"USW00003131","SAN DIEGO MONTGOMERY FIELD, CA US","2001-02-11","0.00",,,"50","58","42"
"USW00003131","SAN DIEGO MONTGOMERY FIELD, CA US","2001-02-12","0.00",,,"53","59","46"
"USW00003131","SAN DIEGO MONTGOMERY FIELD, CA US","2001-02-13","0.86",,,"51","56","45"
"USW00003131","SAN DIEGO MONTGOMERY FIELD, CA US","2001-02-14","0.02",,,"49","56","41"
"USW00003131","SAN DIEGO MONTGOMERY FIELD, CA US","2001-02-15","0.00",,,"50","60","40"
"USW00003131","SAN DIEGO MONTGOMERY FIELD, CA US","2001-02-16","0.00",,"0.0","53","64","42"
"USW00003131","SAN DIEGO MONTGOMERY FIELD, CA US","2001-02-17","0.00",,,"58","68","47"
"USW00003131","SAN DIEGO MONTGOMERY FIELD, CA US","2001-02-18","0.00",,,"54","63","45"
"USW00003131","SAN DIEGO MONTGOMERY FIELD, CA US","2001-02-19","0.02",,,"55","63","46"
"USW00003131","SAN DIEGO MONTGOMERY FIELD, CA US","2001-02-20","0.04",,,"57","64","49"
"USW00003131","SAN DIEGO MONTGOMERY FIELD, CA US","2001-02-21","0.00",,,"56","66","45"
"USW00003131","SAN DIEGO MONTGOMERY FIELD, CA US","2001-02-22","0.00",,,"54","58","49"
"USW00003131","SAN DIEGO MONTGOMERY FIELD, CA US","2001-02-23","0.34",,,"47","51","42"
"USW00003131","SAN DIEGO MONTGOMERY FIELD, CA US","2001-02-24","0.02",,,"47","55","39"
"USW00003131","SAN DIEGO MONTGOMERY FIELD, CA US","2001-02-25","0.56",,,"53","55","50"
"USW00003131","SAN DIEGO MONTGOMERY FIELD, CA US","2001-02-26","0.17",,,"54","59","49"
"USW00003131","SAN DIEGO MONTGOMERY FIELD, CA US","2001-02-27","0.37",,,"52","58","46"
"USW00003131","SAN DIEGO MONTGOMERY FIELD, CA US","2001-02-28","0.08",,,"49","53","44"
"USW00003131","SAN DIEGO MONTGOMERY FIELD, CA US","2001-03-01","0.00",,,"53","63","43"
"USW00003131","SAN DIEGO MONTGOMERY FIELD, CA US","2001-03-02","0.00",,,"51","59","43"
"USW00003131","SAN DIEGO MONTGOMERY FIELD, CA US","2001-03-03","0.00",,,"55","61","48"
"USW00003131","SAN DIEGO MONTGOMERY FIELD, CA US","2001-03-04","0.00",,,"56","61","50"
"USW00003131","SAN DIEGO MONTGOMERY FIELD, CA US","2001-03-05","0.00",,,"57","67","46"
"USW00003131","SAN DIEGO MONTGOMERY FIELD, CA US","2001-03-06","0.49",,,"57","61","52"
"USW00003131","SAN DIEGO MONTGOMERY FIELD, CA US","2001-03-07","0.00",,,"55","60","49"
"USW00003131","SAN DIEGO MONTGOMERY FIELD, CA US","2001-03-08","0.00",,,"55","64","45"
"USW00003131","SAN DIEGO MONTGOMERY FIELD, CA US","2001-03-09","0.18",,,"55","60","49"
"USW00003131","SAN DIEGO MONTGOMERY FIELD, CA US","2001-03-10","0.08",,,"52","57","47"
"USW00003131","SAN DIEGO MONTGOMERY FIELD, CA US","2001-03-11","0.00",,,"54","58","49"
"USW00003131","SAN DIEGO MONTGOMERY FIELD, CA US","2001-03-12","0.00",,,"56","65","46"
"USW00003131","SAN DIEGO MONTGOMERY FIELD, CA US","2001-03-13","0.00",,,"55","66","44"
"USW00003131","SAN DIEGO MONTGOMERY FIELD, CA US","2001-03-14","0.00",,,"57","63","51"
"USW00003131","SAN DIEGO MONTGOMERY FIELD, CA US","2001-03-15","0.00",,,"58","63","53"
"USW00003131","SAN DIEGO MONTGOMERY FIELD, CA US","2001-03-16","0.00",,,"57","62","51"
"USW00003131","SAN DIEGO MONTGOMERY FIELD, CA US","2001-03-17","0.00",,,"59","68","50"
"USW00003131","SAN DIEGO MONTGOMERY FIELD, CA US","2001-03-18","0.00",,,"64","78","50"
"USW00003131","SAN DIEGO MONTGOMERY FIELD, CA US","2001-03-19","0.00",,,"70","86","54"
"USW00003131","SAN DIEGO MONTGOMERY FIELD, CA US","2001-03-20","0.00",,,"67","80","53"
"USW00003131","SAN DIEGO MONTGOMERY FIELD, CA US","2001-03-21","0.00",,,"61","67","54"
"USW00003131","SAN DIEGO MONTGOMERY FIELD, CA US","2001-03-22","0.00",,,"60","64","55"
"USW00003131","SAN DIEGO MONTGOMERY FIELD, CA US","2001-03-23","0.00",,,"60","63","56"
"USW00003131","SAN DIEGO MONTGOMERY FIELD, CA US","2001-03-24","0.00",,,"58","60","55"
"USW00003131","SAN DIEGO MONTGOMERY FIELD, CA US","2001-03-25","0.00",,,"62","68","55"
"USW00003131","SAN DIEGO MONTGOMERY FIELD, CA US","2001-03-26","0.00",,,"59","65","53"
"USW00003131","SAN DIEGO MONTGOMERY FIELD, CA US","2001-03-27","0.00",,,"59","68","50"
"USW00003131","SAN DIEGO MONTGOMERY FIELD, CA US","2001-03-28","0.00",,,"59","62","55"
"USW00003131","SAN DIEGO MONTGOMERY FIELD, CA US","2001-03-29","0.00",,,"59","61","56"
"USW00003131","SAN DIEGO MONTGOMERY FIELD, CA US","2001-03-30","0.00",,,"65","71","58"
"USW00003131","SAN DIEGO MONTGOMERY FIELD, CA US","2001-03-31","0.00",,,"64","70","58"
"USW00003131","SAN DIEGO MONTGOMERY FIELD, CA US","2001-04-01","0.00",,,"59","62","56"
"USW00003131","SAN DIEGO MONTGOMERY FIELD, CA US","2001-04-02","0.01",,,"58","61","54"
"USW00003131","SAN DIEGO MONTGOMERY FIELD, CA US","2001-04-03","0.00",,,"56","60","52"
"USW00003131","SAN DIEGO MONTGOMERY FIELD, CA US","2001-04-04","0.00",,,"56","60","52"
"USW00003131","SAN DIEGO MONTGOMERY FIELD, CA US","2001-04-05","0.00",,,"54","60","48"
"USW00003131","SAN DIEGO MONTGOMERY FIELD, CA US","2001-04-06","0.00",,,"54","61","47"
"USW00003131","SAN DIEGO MONTGOMERY FIELD, CA US","2001-04-07","0.50",,,"52","55","48"
"USW00003131","SAN DIEGO MONTGOMERY FIELD, CA US","2001-04-08","0.00",,,"51","59","43"
"USW00003131","SAN DIEGO MONTGOMERY FIELD, CA US","2001-04-09","0.06",,,"50","58","42"
"USW00003131","SAN DIEGO MONTGOMERY FIELD, CA US","2001-04-10","0.13",,,"52","60","44"
"USW00003131","SAN DIEGO MONTGOMERY FIELD, CA US","2001-04-11","0.00",,,"53","59","46"
"USW00003131","SAN DIEGO MONTGOMERY FIELD, CA US","2001-04-12","0.00",,,"56","61","50"
"USW00003131","SAN DIEGO MONTGOMERY FIELD, CA US","2001-04-13","0.00",,,"58","70","45"
"USW00003131","SAN DIEGO MONTGOMERY FIELD, CA US","2001-04-14","0.00",,,"58","68","47"
"USW00003131","SAN DIEGO MONTGOMERY FIELD, CA US","2001-04-15","0.00",,,"57","69","44"
"USW00003131","SAN DIEGO MONTGOMERY FIELD, CA US","2001-04-16",,,,,,
"USW00003131","SAN DIEGO MONTGOMERY FIELD, CA US","2001-04-17",,,,,,
"USW00003131","SAN DIEGO MONTGOMERY FIELD, CA US","2001-04-18","0.00",,,"59","60","57"
"USW00003131","SAN DIEGO MONTGOMERY FIELD, CA US","2001-04-19","0.00",,,"61","66","55"
"USW00003131","SAN DIEGO MONTGOMERY FIELD, CA US","2001-04-20","0.08",,,"56","62","50"
"USW00003131","SAN DIEGO MONTGOMERY FIELD, CA US","2001-04-21","0.19",,,"53","58","47"
"USW00003131","SAN DIEGO MONTGOMERY FIELD, CA US","2001-04-22","0.00",,,"54","65","43"
"USW00003131","SAN DIEGO MONTGOMERY FIELD, CA US","2001-04-23","0.00",,,"65","80","49"
"USW00003131","SAN DIEGO MONTGOMERY FIELD, CA US","2001-04-24","0.00",,,"71","88","54"
"USW00003131","SAN DIEGO MONTGOMERY FIELD, CA US","2001-04-25","0.00",,,"65","76","54"
"USW00003131","SAN DIEGO MONTGOMERY FIELD, CA US","2001-04-26","0.00",,,"62","70","54"
"USW00003131","SAN DIEGO MONTGOMERY FIELD, CA US","2001-04-27","0.00",,,"61","66","56"
"USW00003131","SAN DIEGO MONTGOMERY FIELD, CA US","2001-04-28","0.00",,,"60","65","55"
"USW00003131","SAN DIEGO MONTGOMERY FIELD, CA US","2001-04-29","0.00",,,"62","68","55"
"USW00003131","SAN DIEGO MONTGOMERY FIELD, CA US","2001-04-30","0.00",,,"62","69","55"
"USW00003131","SAN DIEGO MONTGOMERY FIELD, CA US","2001-05-01","0.00",,,"63","71","54"
"USW00003131","SAN DIEGO MONTGOMERY FIELD, CA US","2001-05-02","0.00",,,"58","62","54"
"USW00003131","SAN DIEGO MONTGOMERY FIELD, CA US","2001-05-03","0.00",,,"64","73","54"
"USW00003131","SAN DIEGO MONTGOMERY FIELD, CA US","2001-05-04","0.00",,,"63","71","54"
"USW00003131","SAN DIEGO MONTGOMERY FIELD, CA US","2001-05-05","0.00",,,"63","74","51"
"USW00003131","SAN DIEGO MONTGOMERY FIELD, CA US","2001-05-06","0.00",,,"67","78","55"
"USW00003131","SAN DIEGO MONTGOMERY FIELD, CA US","2001-05-07","0.00",,,"67","77","56"
"USW00003131","SAN DIEGO MONTGOMERY FIELD, CA US","2001-05-08","0.00",,,"71","86","56"
"USW00003131","SAN DIEGO MONTGOMERY FIELD, CA US","2001-05-09","0.00",,,"67","76","57"
"USW00003131","SAN DIEGO MONTGOMERY FIELD, CA US","2001-05-10","0.00",,,"65","71","59"
"USW00003131","SAN DIEGO MONTGOMERY FIELD, CA US","2001-05-11","0.00",,,"64","69","58"
"USW00003131","SAN DIEGO MONTGOMERY FIELD, CA US","2001-05-12","0.00",,,"62","65","58"
"USW00003131","SAN DIEGO MONTGOMERY FIELD, CA US","2001-05-13","0.00",,,"64","70","57"
"USW00003131","SAN DIEGO MONTGOMERY FIELD, CA US","2001-05-14","0.00",,,"63","68","58"
"USW00003131","SAN DIEGO MONTGOMERY FIELD, CA US","2001-05-15","0.00",,,"66","72","59"
"USW00003131","SAN DIEGO MONTGOMERY FIELD, CA US","2001-05-16","0.00",,,"65","73","57"
"USW00003131","SAN DIEGO MONTGOMERY FIELD, CA US","2001-05-17","0.00",,,"63","69","57"
"USW00003131","SAN DIEGO MONTGOMERY FIELD, CA US","2001-05-18","0.00",,,"65","70","59"
"USW00003131","SAN DIEGO MONTGOMERY FIELD, CA US","2001-05-19","0.00",,,"63","68","58"
"USW00003131","SAN DIEGO MONTGOMERY FIELD, CA US","2001-05-20","0.00",,,"66","72","59"
"USW00003131","SAN DIEGO MONTGOMERY FIELD, CA US","2001-05-21","0.00",,,"64","69","59"
"USW00003131","SAN DIEGO MONTGOMERY FIELD, CA US","2001-05-22","0.00",,,"68","75","60"
"USW00003131","SAN DIEGO MONTGOMERY FIELD, CA US","2001-05-23","0.00",,,"70","81","59"
"USW00003131","SAN DIEGO MONTGOMERY FIELD, CA US","2001-05-24","0.00",,,"65","70","59"
"USW00003131","SAN DIEGO MONTGOMERY FIELD, CA US","2001-05-25","0.00",,,"64","67","60"
"USW00003131","SAN DIEGO MONTGOMERY FIELD, CA US","2001-05-26","0.00",,,"61","63","59"
"USW00003131","SAN DIEGO MONTGOMERY FIELD, CA US","2001-05-27","0.00",,,"62","65","59"
"USW00003131","SAN DIEGO MONTGOMERY FIELD, CA US","2001-05-28","0.00",,,"63","67","58"
"USW00003131","SAN DIEGO MONTGOMERY FIELD, CA US","2001-05-29","0.00",,,"66","73","59"
"USW00003131","SAN DIEGO MONTGOMERY FIELD, CA US","2001-05-30","0.00",,,"65","71","59"
"USW00003131","SAN DIEGO MONTGOMERY FIELD, CA US","2001-05-31","0.00",,,"68","75","60"
"USW00003131","SAN DIEGO MONTGOMERY FIELD, CA US","2001-06-01","0.00",,,"64","68","60"
"USW00003131","SAN DIEGO MONTGOMERY FIELD, CA US","2001-06-02","0.00",,,"63","65","60"
"USW00003131","SAN DIEGO MONTGOMERY FIELD, CA US","2001-06-03","0.00",,,"64","67","60"
"USW00003131","SAN DIEGO MONTGOMERY FIELD, CA US","2001-06-04","0.00",,,"64","69","59"
"USW00003131","SAN DIEGO MONTGOMERY FIELD, CA US","2001-06-05","0.00",,,"65","71","59"
"USW00003131","SAN DIEGO MONTGOMERY FIELD, CA US","2001-06-06","0.00",,,"66","72","60"
"USW00003131","SAN DIEGO MONTGOMERY FIELD, CA US","2001-06-07","0.00",,,"66","72","59"
"USW00003131","SAN DIEGO MONTGOMERY FIELD, CA US","2001-06-08","0.00",,,"67","74","59"
"USW00003131","SAN DIEGO MONTGOMERY FIELD, CA US","2001-06-09","0.00",,,"69","77","61"
"USW00003131","SAN DIEGO MONTGOMERY FIELD, CA US","2001-06-10","0.00",,,"68","74","61"
"USW00003131","SAN DIEGO MONTGOMERY FIELD, CA US","2001-06-11","0.00",,,"67","72","61"
"USW00003131","SAN DIEGO MONTGOMERY FIELD, CA US","2001-06-12","0.00",,,"64","68","60"
"USW00003131","SAN DIEGO MONTGOMERY FIELD, CA US","2001-06-13","0.00",,,"65","70","60"
"USW00003131","SAN DIEGO MONTGOMERY FIELD, CA US","2001-06-14","0.00",,,"67","78","56"
"USW00003131","SAN DIEGO MONTGOMERY FIELD, CA US","2001-06-15","0.00",,,"69","77","60"
"USW00003131","SAN DIEGO MONTGOMERY FIELD, CA US","2001-06-16","0.00",,,"69","78","60"
"USW00003131","SAN DIEGO MONTGOMERY FIELD, CA US","2001-06-17","0.00",,,"70","79","60"
"USW00003131","SAN DIEGO MONTGOMERY FIELD, CA US","2001-06-18","0.00",,,"71","83","59"
"USW00003131","SAN DIEGO MONTGOMERY FIELD, CA US","2001-06-19","0.00",,,"70","81","59"
"USW00003131","SAN DIEGO MONTGOMERY FIELD, CA US","2001-06-20","0.00",,,"70","82","58"
"USW00003131","SAN DIEGO MONTGOMERY FIELD, CA US","2001-06-21","0.00",,,"69","78","60"
"USW00003131","SAN DIEGO MONTGOMERY FIELD, CA US","2001-06-22","0.00",,,"76","86","65"
"USW00003131","SAN DIEGO MONTGOMERY FIELD, CA US","2001-06-23","0.00",,,"75","87","62"
"USW00003131","SAN DIEGO MONTGOMERY FIELD, CA US","2001-06-24","0.00",,,"70","78","62"
"USW00003131","SAN DIEGO MONTGOMERY FIELD, CA US","2001-06-25","0.00",,,"70","78","62"
"USW00003131","SAN DIEGO MONTGOMERY FIELD, CA US","2001-06-26","0.00",,,"71","78","63"
"USW00003131","SAN DIEGO MONTGOMERY FIELD, CA US","2001-06-27","0.00",,,"70","79","61"
"USW00003131","SAN DIEGO MONTGOMERY FIELD, CA US","2001-06-28","0.00",,,"70","80","59"
"USW00003131","SAN DIEGO MONTGOMERY FIELD, CA US","2001-06-29","0.00",,,"70","77","62"
"USW00003131","SAN DIEGO MONTGOMERY FIELD, CA US","2001-06-30","0.00",,,"70","78","62"
"USW00003131","SAN DIEGO MONTGOMERY FIELD, CA US","2001-07-01","0.00",,,"71","77","64"
"USW00003131","SAN DIEGO MONTGOMERY FIELD, CA US","2001-07-02","0.00",,,"72","79","65"
"USW00003131","SAN DIEGO MONTGOMERY FIELD, CA US","2001-07-03","0.00",,,"76","87","64"
"USW00003131","SAN DIEGO MONTGOMERY FIELD, CA US","2001-07-04","0.00",,,"76","83","68"
"USW00003131","SAN DIEGO MONTGOMERY FIELD, CA US","2001-07-05","0.00",,,"76","85","66"
"USW00003131","SAN DIEGO MONTGOMERY FIELD, CA US","2001-07-06","0.00",,,"74","80","67"
"USW00003131","SAN DIEGO MONTGOMERY FIELD, CA US","2001-07-07","0.00",,,"73","82","64"
"USW00003131","SAN DIEGO MONTGOMERY FIELD, CA US","2001-07-08","0.00",,,"71","77","64"
"USW00003131","SAN DIEGO MONTGOMERY FIELD, CA US","2001-07-09","0.00",,,"69","75","63"
"USW00003131","SAN DIEGO MONTGOMERY FIELD, CA US","2001-07-10","0.00",,,"69","75","62"
"USW00003131","SAN DIEGO MONTGOMERY FIELD, CA US","2001-07-11","0.00",,,"68","73","62"
"USW00003131","SAN DIEGO MONTGOMERY FIELD, CA US","2001-07-12","0.00",,,"68","75","61"
"USW00003131","SAN DIEGO MONTGOMERY FIELD, CA US","2001-07-13","0.00",,,"69","75","62"
"USW00003131","SAN DIEGO MONTGOMERY FIELD, CA US","2001-07-14","0.00",,,"67","71","62"
"USW00003131","SAN DIEGO MONTGOMERY FIELD, CA US","2001-07-15","0.00",,,"66","71","61"
"USW00003131","SAN DIEGO MONTGOMERY FIELD, CA US","2001-07-16","0.00",,,"66","72","60"
"USW00003131","SAN DIEGO MONTGOMERY FIELD, CA US","2001-07-17","0.00",,,"66","73","58"
"USW00003131","SAN DIEGO MONTGOMERY FIELD, CA US","2001-07-18","0.00",,,"68","75","60"
"USW00003131","SAN DIEGO MONTGOMERY FIELD, CA US","2001-07-19","0.00",,,"69","76","61"
"USW00003131","SAN DIEGO MONTGOMERY FIELD, CA US","2001-07-20","0.00",,,"68","75","61"
"USW00003131","SAN DIEGO MONTGOMERY FIELD, CA US","2001-07-21","0.00",,,"69","76","62"
"USW00003131","SAN DIEGO MONTGOMERY FIELD, CA US","2001-07-22","0.00",,,"69","77","61"
"USW00003131","SAN DIEGO MONTGOMERY FIELD, CA US","2001-07-23","0.00",,,"68","74","61"
"USW00003131","SAN DIEGO MONTGOMERY FIELD, CA US","2001-07-24","0.00",,,"68","75","61"
"USW00003131","SAN DIEGO MONTGOMERY FIELD, CA US","2001-07-25","0.00",,,"69","75","63"
"USW00003131","SAN DIEGO MONTGOMERY FIELD, CA US","2001-07-26","0.00",,,"70","77","63"
"USW00003131","SAN DIEGO MONTGOMERY FIELD, CA US","2001-07-27","0.00",,,"73","81","64"
"USW00003131","SAN DIEGO MONTGOMERY FIELD, CA US","2001-07-28","0.00",,,"71","79","63"
"USW00003131","SAN DIEGO MONTGOMERY FIELD, CA US","2001-07-29","0.00",,,"68","73","63"
"USW00003131","SAN DIEGO MONTGOMERY FIELD, CA US","2001-07-30","0.00",,,"68","73","63"
"USW00003131","SAN DIEGO MONTGOMERY FIELD, CA US","2001-07-31","0.00",,,"69","75","63"
"USW00003131","SAN DIEGO MONTGOMERY FIELD, CA US","2001-08-01","0.00",,,"69","74","63"
"USW00003131","SAN DIEGO MONTGOMERY FIELD, CA US","2001-08-02","0.00",,,"70","77","63"
"USW00003131","SAN DIEGO MONTGOMERY FIELD, CA US","2001-08-03","0.00",,,"71","77","64"
"USW00003131","SAN DIEGO MONTGOMERY FIELD, CA US","2001-08-04","0.00",,,"71","79","63"
"USW00003131","SAN DIEGO MONTGOMERY FIELD, CA US","2001-08-05","0.00",,,"72","80","63"
"USW00003131","SAN DIEGO MONTGOMERY FIELD, CA US","2001-08-06","0.00",,,"73","82","63"
"USW00003131","SAN DIEGO MONTGOMERY FIELD, CA US","2001-08-07","0.00",,,"74","82","65"
"USW00003131","SAN DIEGO MONTGOMERY FIELD, CA US","2001-08-08","0.00",,,"72","78","65"
"USW00003131","SAN DIEGO MONTGOMERY FIELD, CA US","2001-08-09","0.00",,,"72","79","64"
"USW00003131","SAN DIEGO MONTGOMERY FIELD, CA US","2001-08-10","0.00",,,"72","78","65"
"USW00003131","SAN DIEGO MONTGOMERY FIELD, CA US","2001-08-11","0.00",,,"70","76","63"
"USW00003131","SAN DIEGO MONTGOMERY FIELD, CA US","2001-08-12","0.00",,,"70","76","64"
"USW00003131","SAN DIEGO MONTGOMERY FIELD, CA US","2001-08-13","0.00",,,"73","81","65"
"USW00003131","SAN DIEGO MONTGOMERY FIELD, CA US","2001-08-14","0.00",,,"75","85","65"
"USW00003131","SAN DIEGO MONTGOMERY FIELD, CA US","2001-08-15","0.00",,,"75","85","65"
"USW00003131","SAN DIEGO MONTGOMERY FIELD, CA US","2001-08-16","0.00",,,"76","84","67"
"USW00003131","SAN DIEGO MONTGOMERY FIELD, CA US","2001-08-17","0.00",,,"76","85","66"
"USW00003131","SAN DIEGO MONTGOMERY FIELD, CA US","2001-08-18","0.00",,,"76","85","67"
"USW00003131","SAN DIEGO MONTGOMERY FIELD, CA US","2001-08-19","0.00",,,"75","84","66"
"USW00003131","SAN DIEGO MONTGOMERY FIELD, CA US","2001-08-20","0.00",,,"72","80","64"
"USW00003131","SAN DIEGO MONTGOMERY FIELD, CA US","2001-08-21","0.00",,,"69","75","62"
"USW00003131","SAN DIEGO MONTGOMERY FIELD, CA US","2001-08-22","0.00",,,"68","74","62"
"USW00003131","SAN DIEGO MONTGOMERY FIELD, CA US","2001-08-23","0.00",,,"71","78","64"
"USW00003131","SAN DIEGO MONTGOMERY FIELD, CA US","2001-08-24","0.00",,,"72","80","63"
"USW00003131","SAN DIEGO MONTGOMERY FIELD, CA US","2001-08-25","0.00",,,"71","78","63"
"USW00003131","SAN DIEGO MONTGOMERY FIELD, CA US","2001-08-26","0.00",,,"72","82","62"
"USW00003131","SAN DIEGO MONTGOMERY FIELD, CA US","2001-08-27","0.00",,,"70","78","61"
"USW00003131","SAN DIEGO MONTGOMERY FIELD, CA US","2001-08-28","0.00",,,"67","73","60"
"USW00003131","SAN DIEGO MONTGOMERY FIELD, CA US","2001-08-29","0.00",,,"68","73","62"
"USW00003131","SAN DIEGO MONTGOMERY FIELD, CA US","2001-08-30","0.00",,,"70","76","64"
"USW00003131","SAN DIEGO MONTGOMERY FIELD, CA US","2001-08-31","0.00",,,"71","77","64"
"USW00003131","SAN DIEGO MONTGOMERY FIELD, CA US","2001-09-01","0.00",,,"72","80","63"
"USW00003131","SAN DIEGO MONTGOMERY FIELD, CA US","2001-09-02","0.00",,,"73","81","65"
"USW00003131","SAN DIEGO MONTGOMERY FIELD, CA US","2001-09-03","0.00",,,"71","76","65"
"USW00003131","SAN DIEGO MONTGOMERY FIELD, CA US","2001-09-04","0.00",,,"74","82","65"
"USW00003131","SAN DIEGO MONTGOMERY FIELD, CA US","2001-09-05","0.00",,,"72","80","63"
"USW00003131","SAN DIEGO MONTGOMERY FIELD, CA US","2001-09-06","0.00",,,"67","72","62"
"USW00003131","SAN DIEGO MONTGOMERY FIELD, CA US","2001-09-07","0.00",,,"67","72","61"
"USW00003131","SAN DIEGO MONTGOMERY FIELD, CA US","2001-09-08","0.00",,,"67","72","61"
"USW00003131","SAN DIEGO MONTGOMERY FIELD, CA US","2001-09-09","0.00",,,"67","70","63"
"USW00003131","SAN DIEGO MONTGOMERY FIELD, CA US","2001-09-10","0.00",,,"67","71","63"
"USW00003131","SAN DIEGO MONTGOMERY FIELD, CA US","2001-09-11","0.00",,,"69","75","62"
"USW00003131","SAN DIEGO MONTGOMERY FIELD, CA US","2001-09-12","0.00",,,"70","76","63"
"USW00003131","SAN DIEGO MONTGOMERY FIELD, CA US","2001-09-13","0.00",,,"67","76","58"
"USW00003131","SAN DIEGO MONTGOMERY FIELD, CA US","2001-09-14","0.00",,,"73","85","60"
"USW00003131","SAN DIEGO MONTGOMERY FIELD, CA US","2001-09-15","0.00",,,"72","83","61"
"USW00003131","SAN DIEGO MONTGOMERY FIELD, CA US","2001-09-16","0.00",,,"71","78","63"
"USW00003131","SAN DIEGO MONTGOMERY FIELD, CA US","2001-09-17","0.00",,,"68","74","62"
"USW00003131","SAN DIEGO MONTGOMERY FIELD, CA US","2001-09-18","0.00",,,"69","75","62"
"USW00003131","SAN DIEGO MONTGOMERY FIELD, CA US","2001-09-19","0.00",,,"70","77","63"
"USW00003131","SAN DIEGO MONTGOMERY FIELD, CA US","2001-09-20","0.00",,,"68","74","62"
"USW00003131","SAN DIEGO MONTGOMERY FIELD, CA US","2001-09-21","0.00",,,"69","77","60"
"USW00003131","SAN DIEGO MONTGOMERY FIELD, CA US","2001-09-22","0.00",,,"69","78","59"
"USW00003131","SAN DIEGO MONTGOMERY FIELD, CA US","2001-09-23","0.00",,,"69","78","60"
"USW00003131","SAN DIEGO MONTGOMERY FIELD, CA US","2001-09-24","0.00",,,"75","90","59"
"USW00003131","SAN DIEGO MONTGOMERY FIELD, CA US","2001-09-25","0.00",,,"78","92","63"
"USW00003131","SAN DIEGO MONTGOMERY FIELD, CA US","2001-09-26","0.00",,,"73","82","63"
"USW00003131","SAN DIEGO MONTGOMERY FIELD, CA US","2001-09-27","0.00",,,"70","81","59"
"USW00003131","SAN DIEGO MONTGOMERY FIELD, CA US","2001-09-28","0.00",,,"72","86","57"
"USW00003131","SAN DIEGO MONTGOMERY FIELD, CA US","2001-09-29","0.01",,,"72","87","56"
"USW00003131","SAN DIEGO MONTGOMERY FIELD, CA US","2001-09-30","0.00",,,"74","88","60"
"USW00003131","SAN DIEGO MONTGOMERY FIELD, CA US","2001-10-01","0.00",,,"80","93","67"
"USW00003131","SAN DIEGO MONTGOMERY FIELD, CA US","2001-10-02","0.00",,,"71","79","63"
"USW00003131","SAN DIEGO MONTGOMERY FIELD, CA US","2001-10-03","0.00",,,"70","78","61"
"USW00003131","SAN DIEGO MONTGOMERY FIELD, CA US","2001-10-04","0.00",,,"71","79","62"
"USW00003131","SAN DIEGO MONTGOMERY FIELD, CA US","2001-10-05","0.00",,,"65","68","61"
"USW00003131","SAN DIEGO MONTGOMERY FIELD, CA US","2001-10-06","0.00",,,"66","71","61"
"USW00003131","SAN DIEGO MONTGOMERY FIELD, CA US","2001-10-07","0.00",,,"67","72","62"
"USW00003131","SAN DIEGO MONTGOMERY FIELD, CA US","2001-10-08","0.00",,,"65","67","62"
"USW00003131","SAN DIEGO MONTGOMERY FIELD, CA US","2001-10-09","0.00",,,"63","66","60"
"USW00003131","SAN DIEGO MONTGOMERY FIELD, CA US","2001-10-10","0.00",,,"66","72","60"
"USW00003131","SAN DIEGO MONTGOMERY FIELD, CA US","2001-10-11","0.00",,,"68","78","58"
"USW00003131","SAN DIEGO MONTGOMERY FIELD, CA US","2001-10-12","0.00",,,"69","81","56"
"USW00003131","SAN DIEGO MONTGOMERY FIELD, CA US","2001-10-13","0.00",,,"72","87","57"
"USW00003131","SAN DIEGO MONTGOMERY FIELD, CA US","2001-10-14","0.00",,,"69","84","54"
"USW00003131","SAN DIEGO MONTGOMERY FIELD, CA US","2001-10-15","0.00",,,"70","84","56"
"USW00003131","SAN DIEGO MONTGOMERY FIELD, CA US","2001-10-16","0.01",,,"70","83","56"
"USW00003131","SAN DIEGO MONTGOMERY FIELD, CA US","2001-10-17","0.00",,,"67","78","55"
"USW00003131","SAN DIEGO MONTGOMERY FIELD, CA US","2001-10-18","0.00",,,"67","82","52"
"USW00003131","SAN DIEGO MONTGOMERY FIELD, CA US","2001-10-19","0.01",,,"68","79","56"
"USW00003131","SAN DIEGO MONTGOMERY FIELD, CA US","2001-10-20","0.00",,,"67","73","60"
"USW00003131","SAN DIEGO MONTGOMERY FIELD, CA US","2001-10-21","0.00",,,"65","70","60"
"USW00003131","SAN DIEGO MONTGOMERY FIELD, CA US","2001-10-22","0.00",,,"66","72","59"
"USW00003131","SAN DIEGO MONTGOMERY FIELD, CA US","2001-10-23","0.00",,,"64","70","58"
"USW00003131","SAN DIEGO MONTGOMERY FIELD, CA US","2001-10-24","0.00",,,"64","70","58"
"USW00003131","SAN DIEGO MONTGOMERY FIELD, CA US","2001-10-25","0.00",,,"64","74","53"
"USW00003131","SAN DIEGO MONTGOMERY FIELD, CA US","2001-10-26","0.00",,,"64","73","55"
"USW00003131","SAN DIEGO MONTGOMERY FIELD, CA US","2001-10-27","0.00",,,"66","72","59"
"USW00003131","SAN DIEGO MONTGOMERY FIELD, CA US","2001-10-28","0.00",,,"64","67","61"
"USW00003131","SAN DIEGO MONTGOMERY FIELD, CA US","2001-10-29","0.00",,,"66","74","57"
"USW00003131","SAN DIEGO MONTGOMERY FIELD, CA US","2001-10-30","0.00",,,"67","77","56"
"USW00003131","SAN DIEGO MONTGOMERY FIELD, CA US","2001-10-31","0.00",,,"66","72","59"
"USW00003131","SAN DIEGO MONTGOMERY FIELD, CA US","2001-11-01","0.00",,,"64","71","56"
"USW00003131","SAN DIEGO MONTGOMERY FIELD, CA US","2001-11-02","0.00",,,"63","69","56"
"USW00003131","SAN DIEGO MONTGOMERY FIELD, CA US","2001-11-03","0.00",,,"62","70","54"
"USW00003131","SAN DIEGO MONTGOMERY FIELD, CA US","2001-11-04","0.03",,,"68","74","61"
"USW00003131","SAN DIEGO MONTGOMERY FIELD, CA US","2001-11-05","0.00",,,"65","70","59"
"USW00003131","SAN DIEGO MONTGOMERY FIELD, CA US","2001-11-06","0.00",,,"61","63","59"
"USW00003131","SAN DIEGO MONTGOMERY FIELD, CA US","2001-11-07","0.00",,,"60","65","55"
"USW00003131","SAN DIEGO MONTGOMERY FIELD, CA US","2001-11-08","0.00",,,"68","82","53"
"USW00003131","SAN DIEGO MONTGOMERY FIELD, CA US","2001-11-09","0.00",,,"62","66","58"
"USW00003131","SAN DIEGO MONTGOMERY FIELD, CA US","2001-11-10","0.00",,,"74","87","60"
"USW00003131","SAN DIEGO MONTGOMERY FIELD, CA US","2001-11-11","0.00",,,"76","94","58"
"USW00003131","SAN DIEGO MONTGOMERY FIELD, CA US","2001-11-12","0.18",,,"63","70","56"
"USW00003131","SAN DIEGO MONTGOMERY FIELD, CA US","2001-11-13","0.00",,,"58","65","51"
"USW00003131","SAN DIEGO MONTGOMERY FIELD, CA US","2001-11-14","0.01",,,"59","71","47"
"USW00003131","SAN DIEGO MONTGOMERY FIELD, CA US","2001-11-15","0.00",,,"62","74","49"
"USW00003131","SAN DIEGO MONTGOMERY FIELD, CA US","2001-11-16","0.00",,,"62","74","49"
"USW00003131","SAN DIEGO MONTGOMERY FIELD, CA US","2001-11-17","0.01",,,"62","73","50"
"USW00003131","SAN DIEGO MONTGOMERY FIELD, CA US","2001-11-18","0.00",,,"60","70","50"
"USW00003131","SAN DIEGO MONTGOMERY FIELD, CA US","2001-11-19","0.00",,,"61","74","47"
"USW00003131","SAN DIEGO MONTGOMERY FIELD, CA US","2001-11-20","0.01",,,"64","78","50"
"USW00003131","SAN DIEGO MONTGOMERY FIELD, CA US","2001-11-21","0.00",,,"62","74","50"
"USW00003131","SAN DIEGO MONTGOMERY FIELD, CA US","2001-11-22","0.00",,,"61","65","56"
"USW00003131","SAN DIEGO MONTGOMERY FIELD, CA US","2001-11-23","0.00",,,"59","67","50"
"USW00003131","SAN DIEGO MONTGOMERY FIELD, CA US","2001-11-24","0.51",,,"55","63","47"
"USW00003131","SAN DIEGO MONTGOMERY FIELD, CA US","2001-11-25","0.00",,,"55","60","50"
"USW00003131","SAN DIEGO MONTGOMERY FIELD, CA US","2001-11-26","0.00",,,"55","63","46"
"USW00003131","SAN DIEGO MONTGOMERY FIELD, CA US","2001-11-27","0.00",,,"53","63","42"
"USW00003131","SAN DIEGO MONTGOMERY FIELD, CA US","2001-11-28","0.00",,,"50","63","37"
"USW00003131","SAN DIEGO MONTGOMERY FIELD, CA US","2001-11-29","0.12",,,"52","58","46"
"USW00003131","SAN DIEGO MONTGOMERY FIELD, CA US","2001-11-30","0.00",,,"55","62","48"
"USW00003131","SAN DIEGO MONTGOMERY FIELD, CA US","2001-12-01","0.01",,,"53","63","42"
"USW00003131","SAN DIEGO MONTGOMERY FIELD, CA US","2001-12-02","0.00",,,"53","62","43"
"USW00003131","SAN DIEGO MONTGOMERY FIELD, CA US","2001-12-03","0.14",,,"56","62","50"
"USW00003131","SAN DIEGO MONTGOMERY FIELD, CA US","2001-12-04","0.00",,,"51","59","43"
"USW00003131","SAN DIEGO MONTGOMERY FIELD, CA US","2001-12-05","0.00",,,"51","63","39"
"USW00003131","SAN DIEGO MONTGOMERY FIELD, CA US","2001-12-06","0.00",,,"57","71","43"
"USW00003131","SAN DIEGO MONTGOMERY FIELD, CA US","2001-12-07","0.00",,,"65","83","47"
"USW00003131","SAN DIEGO MONTGOMERY FIELD, CA US","2001-12-08","0.00",,,"63","80","46"
"USW00003131","SAN DIEGO MONTGOMERY FIELD, CA US","2001-12-09","0.06",,,"53","65","41"
"USW00003131","SAN DIEGO MONTGOMERY FIELD, CA US","2001-12-10","0.05",,,"51","58","43"
"USW00003131","SAN DIEGO MONTGOMERY FIELD, CA US","2001-12-11","0.00",,,"50","58","42"
"USW00003131","SAN DIEGO MONTGOMERY FIELD, CA US","2001-12-12","0.00",,,"52","62","41"
"USW00003131","SAN DIEGO MONTGOMERY FIELD, CA US","2001-12-13","0.00",,,"52","63","40"
"USW00003131","SAN DIEGO MONTGOMERY FIELD, CA US","2001-12-14","0.07",,,"48","56","40"
"USW00003131","SAN DIEGO MONTGOMERY FIELD, CA US","2001-12-15","0.00",,,"50","59","41"
"USW00003131","SAN DIEGO MONTGOMERY FIELD, CA US","2001-12-16","0.00",,,"49","62","36"
"USW00003131","SAN DIEGO MONTGOMERY FIELD, CA US","2001-12-17","0.00",,,"51","64","38"
"USW00003131","SAN DIEGO MONTGOMERY FIELD, CA US","2001-12-18","0.00",,,"52","64","40"
"USW00003131","SAN DIEGO MONTGOMERY FIELD, CA US","2001-12-19","0.00",,,"60","76","43"
"USW00003131","SAN DIEGO MONTGOMERY FIELD, CA US","2001-12-20","0.00",,,"51","60","42"
"USW00003131","SAN DIEGO MONTGOMERY FIELD, CA US","2001-12-21","0.21",,,"53","58","47"
"USW00003131","SAN DIEGO MONTGOMERY FIELD, CA US","2001-12-22","0.00",,,"51","60","42"
"USW00003131","SAN DIEGO MONTGOMERY FIELD, CA US","2001-12-23","0.00",,,"52","61","43"
"USW00003131","SAN DIEGO MONTGOMERY FIELD, CA US","2001-12-24","0.00",,,"55","69","40"
"USW00003131","SAN DIEGO MONTGOMERY FIELD, CA US","2001-12-25","0.00",,,"56","69","42"
"USW00003131","SAN DIEGO MONTGOMERY FIELD, CA US","2001-12-26","0.00",,,"54","68","39"
"USW00003131","SAN DIEGO MONTGOMERY FIELD, CA US","2001-12-27","0.00",,,"56","69","43"
"USW00003131","SAN DIEGO MONTGOMERY FIELD, CA US","2001-12-28","0.00",,,"56","67","44"
"USW00003131","SAN DIEGO MONTGOMERY FIELD, CA US","2001-12-29","0.00",,,"57","65","48"
"USW00003131","SAN DIEGO MONTGOMERY FIELD, CA US","2001-12-30","0.00",,,"58","62","54"
"USW00003131","SAN DIEGO MONTGOMERY FIELD, CA US","2001-12-31","0.00",,,"57","62","51"
"USW00003131","SAN DIEGO MONTGOMERY FIELD, CA US","2002-01-01","0.00",,,"55","63","47"
"USW00003131","SAN DIEGO MONTGOMERY FIELD, CA US","2002-01-02","0.00",,,"57","63","51"
"USW00003131","SAN DIEGO MONTGOMERY FIELD, CA US","2002-01-03","0.08",,,"59","64","53"
"USW00003131","SAN DIEGO MONTGOMERY FIELD, CA US","2002-01-04","0.00",,,"57","67","47"
"USW00003131","SAN DIEGO MONTGOMERY FIELD, CA US","2002-01-05","0.00",,,"58","70","45"
"USW00003131","SAN DIEGO MONTGOMERY FIELD, CA US","2002-01-06","0.00",,,"58","70","46"
"USW00003131","SAN DIEGO MONTGOMERY FIELD, CA US","2002-01-07","0.00",,,"63","75","50"
"USW00003131","SAN DIEGO MONTGOMERY FIELD, CA US","2002-01-08","0.00",,,"60","72","48"
"USW00003131","SAN DIEGO MONTGOMERY FIELD, CA US","2002-01-09","0.00",,,"56","61","51"
"USW00003131","SAN DIEGO MONTGOMERY FIELD, CA US","2002-01-10","0.00",,,"56","66","46"
"USW00003131","SAN DIEGO MONTGOMERY FIELD, CA US","2002-01-11","0.00",,,"63","82","44"
"USW00003131","SAN DIEGO MONTGOMERY FIELD, CA US","2002-01-12","0.00",,,"64","81","46"
"USW00003131","SAN DIEGO MONTGOMERY FIELD, CA US","2002-01-13","0.00",,,"54","68","40"
"USW00003131","SAN DIEGO MONTGOMERY FIELD, CA US","2002-01-14","0.00",,,"54","60","48"
"USW00003131","SAN DIEGO MONTGOMERY FIELD, CA US","2002-01-15","0.00",,,"56","58","54"
"USW00003131","SAN DIEGO MONTGOMERY FIELD, CA US","2002-01-16","0.00",,,"53","61","45"
"USW00003131","SAN DIEGO MONTGOMERY FIELD, CA US","2002-01-17","0.00",,,"52","64","40"
"USW00003131","SAN DIEGO MONTGOMERY FIELD, CA US","2002-01-18","0.00",,,"49","61","36"
"USW00003131","SAN DIEGO MONTGOMERY FIELD, CA US","2002-01-19","0.00",,,"52","66","38"
"USW00003131","SAN DIEGO MONTGOMERY FIELD, CA US","2002-01-20","0.00",,,"52","64","39"
"USW00003131","SAN DIEGO MONTGOMERY FIELD, CA US","2002-01-21","0.00",,,"54","66","42"
"USW00003131","SAN DIEGO MONTGOMERY FIELD, CA US","2002-01-22","0.00",,,"52","58","46"
"USW00003131","SAN DIEGO MONTGOMERY FIELD, CA US","2002-01-23","0.00",,,"52","62","42"
"USW00003131","SAN DIEGO MONTGOMERY FIELD, CA US","2002-01-24","0.00",,,"52","63","40"
"USW00003131","SAN DIEGO MONTGOMERY FIELD, CA US","2002-01-25","0.00",,,"55","71","39"
"USW00003131","SAN DIEGO MONTGOMERY FIELD, CA US","2002-01-26","0.00",,,"51","63","39"
"USW00003131","SAN DIEGO MONTGOMERY FIELD, CA US","2002-01-27","0.00",,,"52","58","46"
"USW00003131","SAN DIEGO MONTGOMERY FIELD, CA US","2002-01-28","0.28",,,"51","55","47"
"USW00003131","SAN DIEGO MONTGOMERY FIELD, CA US","2002-01-29","0.11",,,"46","51","41"
"USW00003131","SAN DIEGO MONTGOMERY FIELD, CA US","2002-01-30","0.00",,,"45","55","35"
"USW00003131","SAN DIEGO MONTGOMERY FIELD, CA US","2002-01-31","0.00",,,"47","59","34"
"USW00003131","SAN DIEGO MONTGOMERY FIELD, CA US","2002-02-01","0.00",,,"47","60","33"
"USW00003131","SAN DIEGO MONTGOMERY FIELD, CA US","2002-02-02","0.00",,,"50","63","37"
"USW00003131","SAN DIEGO MONTGOMERY FIELD, CA US","2002-02-03","0.00",,,"52","67","36"
"USW00003131","SAN DIEGO MONTGOMERY FIELD, CA US","2002-02-04","0.00",,,"54","70","38"
"USW00003131","SAN DIEGO MONTGOMERY FIELD, CA US","2002-02-05","0.00",,,"55","71","39"
"USW00003131","SAN DIEGO MONTGOMERY FIELD, CA US","2002-02-06","0.00",,,"54","68","39"
"USW00003131","SAN DIEGO MONTGOMERY FIELD, CA US","2002-02-07","0.00",,,"52","63","40"
"USW00003131","SAN DIEGO MONTGOMERY FIELD, CA US","2002-02-08","0.00",,,"53","64","41"
"USW00003131","SAN DIEGO MONTGOMERY FIELD, CA US","2002-02-09","0.00",,,"61","79","43"
"USW00003131","SAN DIEGO MONTGOMERY FIELD, CA US","2002-02-10","0.00",,,"61","78","44"
"USW00003131","SAN DIEGO MONTGOMERY FIELD, CA US","2002-02-11","0.00",,,"60","77","43"
"USW00003131","SAN DIEGO MONTGOMERY FIELD, CA US","2002-02-12","0.00",,,"57","71","43"
"USW00003131","SAN DIEGO MONTGOMERY FIELD, CA US","2002-02-13","0.00",,,"57","70","44"
"USW00003131","SAN DIEGO MONTGOMERY FIELD, CA US","2002-02-14","0.00",,,"56","64","47"
"USW00003131","SAN DIEGO MONTGOMERY FIELD, CA US","2002-02-15","0.00",,,"57","67","46"
"USW00003131","SAN DIEGO MONTGOMERY FIELD, CA US","2002-02-16","0.00",,,"57","61","52"
"USW00003131","SAN DIEGO MONTGOMERY FIELD, CA US","2002-02-17","0.10",,,"54","57","50"
"USW00003131","SAN DIEGO MONTGOMERY FIELD, CA US","2002-02-18","0.00",,,"51","58","44"
"USW00003131","SAN DIEGO MONTGOMERY FIELD, CA US","2002-02-19","0.00",,,"51","62","40"
"USW00003131","SAN DIEGO MONTGOMERY FIELD, CA US","2002-02-20","0.00",,,"55","66","44"
"USW00003131","SAN DIEGO MONTGOMERY FIELD, CA US","2002-02-21","0.00",,,"67","88","46"
"USW00003131","SAN DIEGO MONTGOMERY FIELD, CA US","2002-02-22","0.00",,,"71","91","51"
"USW00003131","SAN DIEGO MONTGOMERY FIELD, CA US","2002-02-23","0.00",,,"60","71","49"
"USW00003131","SAN DIEGO MONTGOMERY FIELD, CA US","2002-02-24","0.00",,,"58","67","49"
"USW00003131","SAN DIEGO MONTGOMERY FIELD, CA US","2002-02-25","0.00",,,"61","76","46"
"USW00003131","SAN DIEGO MONTGOMERY FIELD, CA US","2002-02-26","0.00",,,"66","85","47"
"USW00003131","SAN DIEGO MONTGOMERY FIELD, CA US","2002-02-27","0.00",,,"61","75","47"
"USW00003131","SAN DIEGO MONTGOMERY FIELD, CA US","2002-02-28","0.00",,,"57","60","53"
"USW00003131","SAN DIEGO MONTGOMERY FIELD, CA US","2002-03-01","0.00",,,"58","66","50"
"USW00003131","SAN DIEGO MONTGOMERY FIELD, CA US","2002-03-02","0.00",,,"58","71","45"
"USW00003131","SAN DIEGO MONTGOMERY FIELD, CA US","2002-03-03","0.00",,,"54","69","39"
"USW00003131","SAN DIEGO MONTGOMERY FIELD, CA US","2002-03-04","0.00",,,"59","77","40"
"USW00003131","SAN DIEGO MONTGOMERY FIELD, CA US","2002-03-05","0.00",,,"56","68","43"
"USW00003131","SAN DIEGO MONTGOMERY FIELD, CA US","2002-03-06","0.00",,,"56","66","46"
"USW00003131","SAN DIEGO MONTGOMERY FIELD, CA US","2002-03-07","0.14",,,"57","60","53"
"USW00003131","SAN DIEGO MONTGOMERY FIELD, CA US","2002-03-08","0.07",,,"54","59","48"
"USW00003131","SAN DIEGO MONTGOMERY FIELD, CA US","2002-03-09","0.00",,,"59","75","43"
"USW00003131","SAN DIEGO MONTGOMERY FIELD, CA US","2002-03-10","0.00",,,"58","69","47"
"USW00003131","SAN DIEGO MONTGOMERY FIELD, CA US","2002-03-11","0.00",,,"60","75","44"
"USW00003131","SAN DIEGO MONTGOMERY FIELD, CA US","2002-03-12","0.00",,,"60","68","51"
"USW00003131","SAN DIEGO MONTGOMERY FIELD, CA US","2002-03-13","0.00",,,"59","64","54"
"USW00003131","SAN DIEGO MONTGOMERY FIELD, CA US","2002-03-14","0.00",,,"52","60","43"
"USW00003131","SAN DIEGO MONTGOMERY FIELD, CA US","2002-03-15","0.04",,,"53","62","43"
"USW00003131","SAN DIEGO MONTGOMERY FIELD, CA US","2002-03-16","0.11",,,"53","58","47"
"USW00003131","SAN DIEGO MONTGOMERY FIELD, CA US","2002-03-17","0.30",,,"52","59","45"
"USW00003131","SAN DIEGO MONTGOMERY FIELD, CA US","2002-03-18","0.03",,,"52","60","43"
"USW00003131","SAN DIEGO MONTGOMERY FIELD, CA US","2002-03-19","0.00",,,"54","68","39"
"USW00003131","SAN DIEGO MONTGOMERY FIELD, CA US","2002-03-20","0.00",,,"60","76","44"
"USW00003131","SAN DIEGO MONTGOMERY FIELD, CA US","2002-03-21","0.00",,,"62","76","48"
"USW00003131","SAN DIEGO MONTGOMERY FIELD, CA US","2002-03-22","0.00",,,"58","67","48"
"USW00003131","SAN DIEGO MONTGOMERY FIELD, CA US","2002-03-23","0.01",,,"58","64","52"
"USW00003131","SAN DIEGO MONTGOMERY FIELD, CA US","2002-03-24","0.01",,,"54","60","47"
"USW00003131","SAN DIEGO MONTGOMERY FIELD, CA US","2002-03-25","0.00",,,"55","64","45"
"USW00003131","SAN DIEGO MONTGOMERY FIELD, CA US","2002-03-26","0.00",,,"58","67","48"
"USW00003131","SAN DIEGO MONTGOMERY FIELD, CA US","2002-03-27","0.00",,,"53","57","49"
"USW00003131","SAN DIEGO MONTGOMERY FIELD, CA US","2002-03-28","0.00",,,"56","59","53"
"USW00003131","SAN DIEGO MONTGOMERY FIELD, CA US","2002-03-29","0.00",,,"56","63","48"
"USW00003131","SAN DIEGO MONTGOMERY FIELD, CA US","2002-03-30","0.00",,,"59","64","53"
"USW00003131","SAN DIEGO MONTGOMERY FIELD, CA US","2002-03-31","0.00",,,"59","65","52"
"USW00003131","SAN DIEGO MONTGOMERY FIELD, CA US","2002-04-01","0.00",,,"59","65","52"
"USW00003131","SAN DIEGO MONTGOMERY FIELD, CA US","2002-04-02","0.00",,,"58","62","54"
"USW00003131","SAN DIEGO MONTGOMERY FIELD, CA US","2002-04-03","0.00",,,"58","62","53"
"USW00003131","SAN DIEGO MONTGOMERY FIELD, CA US","2002-04-04","0.00",,,"58","65","51"
"USW00003131","SAN DIEGO MONTGOMERY FIELD, CA US","2002-04-05","0.00",,,"57","65","48"
"USW00003131","SAN DIEGO MONTGOMERY FIELD, CA US","2002-04-06","0.12",,,"58","62","53"
"USW00003131","SAN DIEGO MONTGOMERY FIELD, CA US","2002-04-07","0.00",,,"59","64","53"
"USW00003131","SAN DIEGO MONTGOMERY FIELD, CA US","2002-04-08","0.00",,,"61","66","56"
"USW00003131","SAN DIEGO MONTGOMERY FIELD, CA US","2002-04-09","0.00",,,"61","66","55"
"USW00003131","SAN DIEGO MONTGOMERY FIELD, CA US","2002-04-10","0.00",,,"60","67","53"
"USW00003131","SAN DIEGO MONTGOMERY FIELD, CA US","2002-04-11","0.00",,,"62","68","55"
"USW00003131","SAN DIEGO MONTGOMERY FIELD, CA US","2002-04-12","0.00",,,"60","65","55"
"USW00003131","SAN DIEGO MONTGOMERY FIELD, CA US","2002-04-13","0.00",,,"64","71","56"
"USW00003131","SAN DIEGO MONTGOMERY FIELD, CA US","2002-04-14","0.00",,,"61","67","55"
"USW00003131","SAN DIEGO MONTGOMERY FIELD, CA US","2002-04-15","0.05",,,"56","58","54"
"USW00003131","SAN DIEGO MONTGOMERY FIELD, CA US","2002-04-16","0.00",,,"57","63","50"
"USW00003131","SAN DIEGO MONTGOMERY FIELD, CA US","2002-04-17","0.00",,,"59","64","53"
"USW00003131","SAN DIEGO MONTGOMERY FIELD, CA US","2002-04-18","0.00",,,"55","63","47"
"USW00003131","SAN DIEGO MONTGOMERY FIELD, CA US","2002-04-19","0.00",,,"56","64","48"
"USW00003131","SAN DIEGO MONTGOMERY FIELD, CA US","2002-04-20","0.00",,,"57","65","49"
"USW00003131","SAN DIEGO MONTGOMERY FIELD, CA US","2002-04-21","0.00",,,"58","69","47"
"USW00003131","SAN DIEGO MONTGOMERY FIELD, CA US","2002-04-22","0.00",,,"62","74","50"
"USW00003131","SAN DIEGO MONTGOMERY FIELD, CA US","2002-04-23","0.00",,,"67","79","54"
"USW00003131","SAN DIEGO MONTGOMERY FIELD, CA US","2002-04-24","0.20",,,"60","64","55"
"USW00003131","SAN DIEGO MONTGOMERY FIELD, CA US","2002-04-25","0.00",,,"61","67","54"
"USW00003131","SAN DIEGO MONTGOMERY FIELD, CA US","2002-04-26","0.32",,,"58","62","54"
"USW00003131","SAN DIEGO MONTGOMERY FIELD, CA US","2002-04-27","0.00",,,"57","62","52"
"USW00003131","SAN DIEGO MONTGOMERY FIELD, CA US","2002-04-28","0.00",,,"58","67","48"
"USW00003131","SAN DIEGO MONTGOMERY FIELD, CA US","2002-04-29","0.00",,,"58","68","48"
"USW00003131","SAN DIEGO MONTGOMERY FIELD, CA US","2002-04-30","0.03",,,"59","63","54"
"USW00003131","SAN DIEGO MONTGOMERY FIELD, CA US","2002-05-01","0.00",,,"56","63","49"
"USW00003131","SAN DIEGO MONTGOMERY FIELD, CA US","2002-05-02","0.00",,,"56","64","48"
"USW00003131","SAN DIEGO MONTGOMERY FIELD, CA US","2002-05-03","0.00",,,"58","66","50"
"USW00003131","SAN DIEGO MONTGOMERY FIELD, CA US","2002-05-04","0.00",,,"60","66","53"
"USW00003131","SAN DIEGO MONTGOMERY FIELD, CA US","2002-05-05","0.00",,,"60","65","54"
"USW00003131","SAN DIEGO MONTGOMERY FIELD, CA US","2002-05-06","0.00",,,"61","66","55"
"USW00003131","SAN DIEGO MONTGOMERY FIELD, CA US","2002-05-07","0.00",,,"58","62","54"
"USW00003131","SAN DIEGO MONTGOMERY FIELD, CA US","2002-05-08","0.00",,,"60","65","55"
"USW00003131","SAN DIEGO MONTGOMERY FIELD, CA US","2002-05-09","0.00",,,"62","70","54"
"USW00003131","SAN DIEGO MONTGOMERY FIELD, CA US","2002-05-10","0.00",,,"62","67","56"
"USW00003131","SAN DIEGO MONTGOMERY FIELD, CA US","2002-05-11","0.00",,,"61","68","54"
"USW00003131","SAN DIEGO MONTGOMERY FIELD, CA US","2002-05-12","0.00",,,"69","86","52"
"USW00003131","SAN DIEGO MONTGOMERY FIELD, CA US","2002-05-13","0.00",,,"71","84","57"
"USW00003131","SAN DIEGO MONTGOMERY FIELD, CA US","2002-05-14","0.00",,,"64","71","56"
"USW00003131","SAN DIEGO MONTGOMERY FIELD, CA US","2002-05-15","0.00",,,"60","64","56"
"USW00003131","SAN DIEGO MONTGOMERY FIELD, CA US","2002-05-16","0.00",,,"60","65","55"
"USW00003131","SAN DIEGO MONTGOMERY FIELD, CA US","2002-05-17","0.00",,,"63","68","57"
"USW00003131","SAN DIEGO MONTGOMERY FIELD, CA US","2002-05-18","0.00",,,"60","63","57"
"USW00003131","SAN DIEGO MONTGOMERY FIELD, CA US","2002-05-19","0.00",,,"61","65","56"
"USW00003131","SAN DIEGO MONTGOMERY FIELD, CA US","2002-05-20","0.01",,,"61","66","56"
"USW00003131","SAN DIEGO MONTGOMERY FIELD, CA US","2002-05-21","0.00",,,"59","65","53"
"USW00003131","SAN DIEGO MONTGOMERY FIELD, CA US","2002-05-22","0.00",,,"60","71","49"
"USW00003131","SAN DIEGO MONTGOMERY FIELD, CA US","2002-05-23","0.00",,,"61","69","53"
"USW00003131","SAN DIEGO MONTGOMERY FIELD, CA US","2002-05-24","0.00",,,"62","68","56"
"USW00003131","SAN DIEGO MONTGOMERY FIELD, CA US","2002-05-25","0.00",,,"61","66","55"
"USW00003131","SAN DIEGO MONTGOMERY FIELD, CA US","2002-05-26","0.00",,,"62","67","57"
"USW00003131","SAN DIEGO MONTGOMERY FIELD, CA US","2002-05-27","0.00",,,"63","69","57"
"USW00003131","SAN DIEGO MONTGOMERY FIELD, CA US","2002-05-28","0.00",,,"64","71","56"
"USW00003131","SAN DIEGO MONTGOMERY FIELD, CA US","2002-05-29","0.00",,,"67","75","59"
"USW00003131","SAN DIEGO MONTGOMERY FIELD, CA US","2002-05-30","0.00",,,"67","76","57"
"USW00003131","SAN DIEGO MONTGOMERY FIELD, CA US","2002-05-31","0.00",,,"66","72","59"
"USW00003131","SAN DIEGO MONTGOMERY FIELD, CA US","2002-06-01","0.00",,,"66","72","60"
"USW00003131","SAN DIEGO MONTGOMERY FIELD, CA US","2002-06-02","0.00",,,"64","68","59"
"USW00003131","SAN DIEGO MONTGOMERY FIELD, CA US","2002-06-03","0.00",,,"62","67","57"
"USW00003131","SAN DIEGO MONTGOMERY FIELD, CA US","2002-06-04","0.00",,,"64","72","55"
"USW00003131","SAN DIEGO MONTGOMERY FIELD, CA US","2002-06-05","0.00",,,"71","82","59"
"USW00003131","SAN DIEGO MONTGOMERY FIELD, CA US","2002-06-06","0.00",,,"68","77","59"
"USW00003131","SAN DIEGO MONTGOMERY FIELD, CA US","2002-06-07","0.00",,,"65","70","59"
"USW00003131","SAN DIEGO MONTGOMERY FIELD, CA US","2002-06-08","0.00",,,"62","66","58"
"USW00003131","SAN DIEGO MONTGOMERY FIELD, CA US","2002-06-09","0.00",,,"62","66","58"
"USW00003131","SAN DIEGO MONTGOMERY FIELD, CA US","2002-06-10","0.00",,,"64","69","59"
"USW00003131","SAN DIEGO MONTGOMERY FIELD, CA US","2002-06-11","0.00",,,"65","70","60"
"USW00003131","SAN DIEGO MONTGOMERY FIELD, CA US","2002-06-12","0.00",,,"66","72","59"
"USW00003131","SAN DIEGO MONTGOMERY FIELD, CA US","2002-06-13","0.00",,,"66","72","60"
"USW00003131","SAN DIEGO MONTGOMERY FIELD, CA US","2002-06-14","0.00",,,"67","75","59"
"USW00003131","SAN DIEGO MONTGOMERY FIELD, CA US","2002-06-15","0.00",,,"68","79","57"
"USW00003131","SAN DIEGO MONTGOMERY FIELD, CA US","2002-06-16","0.00",,,"67","78","56"
"USW00003131","SAN DIEGO MONTGOMERY FIELD, CA US","2002-06-17","0.00",,,"68","76","60"
"USW00003131","SAN DIEGO MONTGOMERY FIELD, CA US","2002-06-18","0.00",,,"68","76","60"
"USW00003131","SAN DIEGO MONTGOMERY FIELD, CA US","2002-06-19","0.00",,,"65","70","59"
"USW00003131","SAN DIEGO MONTGOMERY FIELD, CA US","2002-06-20","0.00",,,"62","65","59"
"USW00003131","SAN DIEGO MONTGOMERY FIELD, CA US","2002-06-21","0.00",,,"64","69","59"
"USW00003131","SAN DIEGO MONTGOMERY FIELD, CA US","2002-06-22","0.00",,,"68","74","61"
"USW00003131","SAN DIEGO MONTGOMERY FIELD, CA US","2002-06-23","0.00",,,"66","73","59"
"USW00003131","SAN DIEGO MONTGOMERY FIELD, CA US","2002-06-24","0.00",,,"66","73","59"
"USW00003131","SAN DIEGO MONTGOMERY FIELD, CA US","2002-06-25","0.00",,,"68","78","57"
"USW00003131","SAN DIEGO MONTGOMERY FIELD, CA US","2002-06-26","0.00",,,"68","76","59"
"USW00003131","SAN DIEGO MONTGOMERY FIELD, CA US","2002-06-27","0.00",,,"65","73","57"
"USW00003131","SAN DIEGO MONTGOMERY FIELD, CA US","2002-06-28","0.00",,,"66","73","59"
"USW00003131","SAN DIEGO MONTGOMERY FIELD, CA US","2002-06-29","0.00",,,"67","73","60"
"USW00003131","SAN DIEGO MONTGOMERY FIELD, CA US","2002-06-30","0.00",,,"67","73","60"
"USW00003131","SAN DIEGO MONTGOMERY FIELD, CA US","2002-07-01","0.00",,,"69","78","59"
"USW00003131","SAN DIEGO MONTGOMERY FIELD, CA US","2002-07-02","0.00",,,"71","81","60"
"USW00003131","SAN DIEGO MONTGOMERY FIELD, CA US","2002-07-03","0.00",,,"68","73","62"
"USW00003131","SAN DIEGO MONTGOMERY FIELD, CA US","2002-07-04","0.00",,,"66","71","60"
"USW00003131","SAN DIEGO MONTGOMERY FIELD, CA US","2002-07-05","0.00",,,"66","71","60"
"USW00003131","SAN DIEGO MONTGOMERY FIELD, CA US","2002-07-06","0.00",,,"67","72","61"
"USW00003131","SAN DIEGO MONTGOMERY FIELD, CA US","2002-07-07","0.00",,,"68","74","62"
"USW00003131","SAN DIEGO MONTGOMERY FIELD, CA US","2002-07-08","0.00",,,"70","78","62"
"USW00003131","SAN DIEGO MONTGOMERY FIELD, CA US","2002-07-09","0.00",,,"70","78","62"
"USW00003131","SAN DIEGO MONTGOMERY FIELD, CA US","2002-07-10","0.00",,,"69","75","63"
"USW00003131","SAN DIEGO MONTGOMERY FIELD, CA US","2002-07-11","0.00",,,"71","77","64"
"USW00003131","SAN DIEGO MONTGOMERY FIELD, CA US","2002-07-12","0.00",,,"71","78","63"
"USW00003131","SAN DIEGO MONTGOMERY FIELD, CA US","2002-07-13","0.00",,,"72","80","64"
"USW00003131","SAN DIEGO MONTGOMERY FIELD, CA US","2002-07-14","0.00",,,"70","76","63"
"USW00003131","SAN DIEGO MONTGOMERY FIELD, CA US","2002-07-15","0.00",,,"70","77","63"
"USW00003131","SAN DIEGO MONTGOMERY FIELD, CA US","2002-07-16","0.00",,,"70","76","63"
"USW00003131","SAN DIEGO MONTGOMERY FIELD, CA US","2002-07-17","0.00",,,"69","75","63"
"USW00003131","SAN DIEGO MONTGOMERY FIELD, CA US","2002-07-18","0.00",,,"68","73","63"
"USW00003131","SAN DIEGO MONTGOMERY FIELD, CA US","2002-07-19","0.00",,,"68","73","62"
"USW00003131","SAN DIEGO MONTGOMERY FIELD, CA US","2002-07-20","0.00",,,"66","72","60"
"USW00003131","SAN DIEGO MONTGOMERY FIELD, CA US","2002-07-21","0.00",,,"67","71","62"
"USW00003131","SAN DIEGO MONTGOMERY FIELD, CA US","2002-07-22","0.00",,,"68","74","62"
"USW00003131","SAN DIEGO MONTGOMERY FIELD, CA US","2002-07-23","0.00",,,"72","81","63"
"USW00003131","SAN DIEGO MONTGOMERY FIELD, CA US","2002-07-24","0.00",,,"77","87","66"
"USW00003131","SAN DIEGO MONTGOMERY FIELD, CA US","2002-07-25","0.00",,,"73","81","65"
"USW00003131","SAN DIEGO MONTGOMERY FIELD, CA US","2002-07-26","0.00",,,"69","75","63"
"USW00003131","SAN DIEGO MONTGOMERY FIELD, CA US","2002-07-27","0.00",,,"68","73","62"
"USW00003131","SAN DIEGO MONTGOMERY FIELD, CA US","2002-07-28","0.00",,,"69","75","63"
"USW00003131","SAN DIEGO MONTGOMERY FIELD, CA US","2002-07-29","0.00",,,"67","75","58"
"USW00003131","SAN DIEGO MONTGOMERY FIELD, CA US","2002-07-30","0.00",,,"69","75","62"
"USW00003131","SAN DIEGO MONTGOMERY FIELD, CA US","2002-07-31","0.00",,,"70","78","62"
"USW00003131","SAN DIEGO MONTGOMERY FIELD, CA US","2002-08-01","0.00",,,"69","75","63"
"USW00003131","SAN DIEGO MONTGOMERY FIELD, CA US","2002-08-02","0.00",,,"70","75","64"
"USW00003131","SAN DIEGO MONTGOMERY FIELD, CA US","2002-08-03","0.00",,,"69","75","63"
"USW00003131","SAN DIEGO MONTGOMERY FIELD, CA US","2002-08-04","0.00",,,"69","77","61"
"USW00003131","SAN DIEGO MONTGOMERY FIELD, CA US","2002-08-05","0.00",,,"70","77","63"
"USW00003131","SAN DIEGO MONTGOMERY FIELD, CA US","2002-08-06","0.00",,,"70","77","62"
"USW00003131","SAN DIEGO MONTGOMERY FIELD, CA US","2002-08-07","0.00",,,"70","78","62"
"USW00003131","SAN DIEGO MONTGOMERY FIELD, CA US","2002-08-08","0.00",,,"71","82","59"
"USW00003131","SAN DIEGO MONTGOMERY FIELD, CA US","2002-08-09","0.00",,,"73","84","62"
"USW00003131","SAN DIEGO MONTGOMERY FIELD, CA US","2002-08-10","0.00",,,"74","86","62"
"USW00003131","SAN DIEGO MONTGOMERY FIELD, CA US","2002-08-11","0.00",,,"71","78","64"
"USW00003131","SAN DIEGO MONTGOMERY FIELD, CA US","2002-08-12","0.00",,,"71","78","64"
"USW00003131","SAN DIEGO MONTGOMERY FIELD, CA US","2002-08-13","0.00",,,"69","76","62"
"USW00003131","SAN DIEGO MONTGOMERY FIELD, CA US","2002-08-14","0.00",,,"69","76","62"
"USW00003131","SAN DIEGO MONTGOMERY FIELD, CA US","2002-08-15","0.00",,,"70","75","64"
"USW00003131","SAN DIEGO MONTGOMERY FIELD, CA US","2002-08-16","0.00",,,"69","74","63"
"USW00003131","SAN DIEGO MONTGOMERY FIELD, CA US","2002-08-17","0.00",,,"69","74","64"
"USW00003131","SAN DIEGO MONTGOMERY FIELD, CA US","2002-08-18","0.00",,,"66","70","62"
"USW00003131","SAN DIEGO MONTGOMERY FIELD, CA US","2002-08-19","0.00",,,"67","71","62"
"USW00003131","SAN DIEGO MONTGOMERY FIELD, CA US","2002-08-20","0.00",,,"69","74","64"
"USW00003131","SAN DIEGO MONTGOMERY FIELD, CA US","2002-08-21","0.00",,,"70","74","65"
"USW00003131","SAN DIEGO MONTGOMERY FIELD, CA US","2002-08-22","0.00",,,"70","76","63"
"USW00003131","SAN DIEGO MONTGOMERY FIELD, CA US","2002-08-23","0.00",,,"71","80","61"
"USW00003131","SAN DIEGO MONTGOMERY FIELD, CA US","2002-08-24","0.00",,,"71","81","60"
"USW00003131","SAN DIEGO MONTGOMERY FIELD, CA US","2002-08-25","0.00",,,"71","82","59"
"USW00003131","SAN DIEGO MONTGOMERY FIELD, CA US","2002-08-26","0.00",,,"69","77","61"
"USW00003131","SAN DIEGO MONTGOMERY FIELD, CA US","2002-08-27","0.00",,,"67","72","61"
"USW00003131","SAN DIEGO MONTGOMERY FIELD, CA US","2002-08-28","0.00",,,"68","73","62"
"USW00003131","SAN DIEGO MONTGOMERY FIELD, CA US","2002-08-29","0.00",,,"69","76","61"
"USW00003131","SAN DIEGO MONTGOMERY FIELD, CA US","2002-08-30","0.00",,,"70","79","60"
"USW00003131","SAN DIEGO MONTGOMERY FIELD, CA US","2002-08-31","0.00",,,"79","94","63"
"USW00003131","SAN DIEGO MONTGOMERY FIELD, CA US","2002-09-01","0.00",,,"82","97","67"
"USW00003131","SAN DIEGO MONTGOMERY FIELD, CA US","2002-09-02","0.00",,,"79","87","70"
"USW00003131","SAN DIEGO MONTGOMERY FIELD, CA US","2002-09-03","0.00",,,"76","86","66"
"USW00003131","SAN DIEGO MONTGOMERY FIELD, CA US","2002-09-04","0.00",,,"73","81","64"
"USW00003131","SAN DIEGO MONTGOMERY FIELD, CA US","2002-09-05","0.00",,,"74","79","68"
"USW00003131","SAN DIEGO MONTGOMERY FIELD, CA US","2002-09-06","0.11",,,"75","82","67"
"USW00003131","SAN DIEGO MONTGOMERY FIELD, CA US","2002-09-07","0.14",,,"69","74","63"
"USW00003131","SAN DIEGO MONTGOMERY FIELD, CA US","2002-09-08","0.00",,,"71","79","62"
"USW00003131","SAN DIEGO MONTGOMERY FIELD, CA US","2002-09-09","0.00",,,"72","82","61"
"USW00003131","SAN DIEGO MONTGOMERY FIELD, CA US","2002-09-10","0.00",,,"75","86","64"
"USW00003131","SAN DIEGO MONTGOMERY FIELD, CA US","2002-09-11","0.00",,,"73","82","63"
"USW00003131","SAN DIEGO MONTGOMERY FIELD, CA US","2002-09-12","0.00",,,"71","79","62"
"USW00003131","SAN DIEGO MONTGOMERY FIELD, CA US","2002-09-13","0.00",,,"72","82","61"
"USW00003131","SAN DIEGO MONTGOMERY FIELD, CA US","2002-09-14","0.00",,,"71","80","61"
"USW00003131","SAN DIEGO MONTGOMERY FIELD, CA US","2002-09-15","0.00",,,"73","84","62"
"USW00003131","SAN DIEGO MONTGOMERY FIELD, CA US","2002-09-16","0.00",,,"68","76","60"
"USW00003131","SAN DIEGO MONTGOMERY FIELD, CA US","2002-09-17","0.00",,,"65","71","58"
"USW00003131","SAN DIEGO MONTGOMERY FIELD, CA US","2002-09-18","0.00",,,"66","71","60"
"USW00003131","SAN DIEGO MONTGOMERY FIELD, CA US","2002-09-19","0.00",,,"69","78","59"
"USW00003131","SAN DIEGO MONTGOMERY FIELD, CA US","2002-09-20","0.00",,,"71","81","61"
"USW00003131","SAN DIEGO MONTGOMERY FIELD, CA US","2002-09-21","0.00",,,"73","85","61"
"USW00003131","SAN DIEGO MONTGOMERY FIELD, CA US","2002-09-22","0.00",,,"76","89","62"
"USW00003131","SAN DIEGO MONTGOMERY FIELD, CA US","2002-09-23","0.00",,,"78","94","61"
"USW00003131","SAN DIEGO MONTGOMERY FIELD, CA US","2002-09-24","0.00",,,"73","86","60"
"USW00003131","SAN DIEGO MONTGOMERY FIELD, CA US","2002-09-25","0.00",,,"70","79","61"
"USW00003131","SAN DIEGO MONTGOMERY FIELD, CA US","2002-09-26","0.00",,,"71","78","63"
"USW00003131","SAN DIEGO MONTGOMERY FIELD, CA US","2002-09-27","0.00",,,"68","72","63"
"USW00003131","SAN DIEGO MONTGOMERY FIELD, CA US","2002-09-28","0.00",,,"66","70","62"
"USW00003131","SAN DIEGO MONTGOMERY FIELD, CA US","2002-09-29","0.12",,,"66","72","59"
"USW00003131","SAN DIEGO MONTGOMERY FIELD, CA US","2002-09-30","0.00",,,"65","71","58"
"USW00003131","SAN DIEGO MONTGOMERY FIELD, CA US","2002-10-01","0.09",,,"59","64","54"
"USW00003131","SAN DIEGO MONTGOMERY FIELD, CA US","2002-10-02","0.00",,,"60","69","51"
"USW00003131","SAN DIEGO MONTGOMERY FIELD, CA US","2002-10-03","0.00",,,"63","74","51"
"USW00003131","SAN DIEGO MONTGOMERY FIELD, CA US","2002-10-04","0.00",,,"64","76","52"
"USW00003131","SAN DIEGO MONTGOMERY FIELD, CA US","2002-10-05","0.00",,,"67","79","54"
"USW00003131","SAN DIEGO MONTGOMERY FIELD, CA US","2002-10-06","0.00",,,"70","84","56"
"USW00003131","SAN DIEGO MONTGOMERY FIELD, CA US","2002-10-07","0.00",,,"72","86","57"
"USW00003131","SAN DIEGO MONTGOMERY FIELD, CA US","2002-10-08","0.00",,,"69","82","56"
"USW00003131","SAN DIEGO MONTGOMERY FIELD, CA US","2002-10-09","0.00",,,"70","78","61"
"USW00003131","SAN DIEGO MONTGOMERY FIELD, CA US","2002-10-10","0.00",,,"67","73","60"
"USW00003131","SAN DIEGO MONTGOMERY FIELD, CA US","2002-10-11","0.00",,,"66","71","61"
"USW00003131","SAN DIEGO MONTGOMERY FIELD, CA US","2002-10-12","0.00",,,"64","71","57"
"USW00003131","SAN DIEGO MONTGOMERY FIELD, CA US","2002-10-13","0.00",,,"66","72","59"
"USW00003131","SAN DIEGO MONTGOMERY FIELD, CA US","2002-10-14","0.00",,,"65","70","59"
"USW00003131","SAN DIEGO MONTGOMERY FIELD, CA US","2002-10-15","0.00",,,"63","67","58"
"USW00003131","SAN DIEGO MONTGOMERY FIELD, CA US","2002-10-16","0.00",,,"60","63","57"
"USW00003131","SAN DIEGO MONTGOMERY FIELD, CA US","2002-10-17","0.00",,,"62","65","58"
"USW00003131","SAN DIEGO MONTGOMERY FIELD, CA US","2002-10-18","0.00",,,"63","65","60"
"USW00003131","SAN DIEGO MONTGOMERY FIELD, CA US","2002-10-19","0.00",,,"63","68","58"
"USW00003131","SAN DIEGO MONTGOMERY FIELD, CA US","2002-10-20","0.00",,,"63","70","56"
"USW00003131","SAN DIEGO MONTGOMERY FIELD, CA US","2002-10-21","0.00",,,"62","67","57"
"USW00003131","SAN DIEGO MONTGOMERY FIELD, CA US","2002-10-22","0.00",,,"63","66","60"
"USW00003131","SAN DIEGO MONTGOMERY FIELD, CA US","2002-10-23","0.00",,,"64","68","59"
"USW00003131","SAN DIEGO MONTGOMERY FIELD, CA US","2002-10-24","0.00",,,"61","64","58"
"USW00003131","SAN DIEGO MONTGOMERY FIELD, CA US","2002-10-25","0.01",,,"62","67","56"
"USW00003131","SAN DIEGO MONTGOMERY FIELD, CA US","2002-10-26","0.03",,,"59","65","52"
"USW00003131","SAN DIEGO MONTGOMERY FIELD, CA US","2002-10-27","0.00",,,"60","66","53"
"USW00003131","SAN DIEGO MONTGOMERY FIELD, CA US","2002-10-28","0.00",,,"59","69","49"
"USW00003131","SAN DIEGO MONTGOMERY FIELD, CA US","2002-10-29","0.00",,,"61","65","57"
"USW00003131","SAN DIEGO MONTGOMERY FIELD, CA US","2002-10-30","0.00",,,"61","66","55"
"USW00003131","SAN DIEGO MONTGOMERY FIELD, CA US","2002-10-31","0.00",,,"62","67","56"
"USW00003131","SAN DIEGO MONTGOMERY FIELD, CA US","2002-11-01","0.00",,,"62","65","58"
"USW00003131","SAN DIEGO MONTGOMERY FIELD, CA US","2002-11-02","0.00",,,"60","67","52"
"USW00003131","SAN DIEGO MONTGOMERY FIELD, CA US","2002-11-03","0.00",,,"62","76","48"
"USW00003131","SAN DIEGO MONTGOMERY FIELD, CA US","2002-11-04","0.00",,,"61","68","53"
"USW00003131","SAN DIEGO MONTGOMERY FIELD, CA US","2002-11-05","0.00",,,"62","77","47"
"USW00003131","SAN DIEGO MONTGOMERY FIELD, CA US","2002-11-06","0.00",,,"63","77","48"
"USW00003131","SAN DIEGO MONTGOMERY FIELD, CA US","2002-11-07","0.00",,,"59","72","46"
"USW00003131","SAN DIEGO MONTGOMERY FIELD, CA US","2002-11-08","0.66",,,"60","63","57"
"USW00003131","SAN DIEGO MONTGOMERY FIELD, CA US","2002-11-09","0.28",,,"64","66","61"
"USW00003131","SAN DIEGO MONTGOMERY FIELD, CA US","2002-11-10","0.00",,,"60","67","53"
"USW00003131","SAN DIEGO MONTGOMERY FIELD, CA US","2002-11-11","0.00",,,"61","72","50"
"USW00003131","SAN DIEGO MONTGOMERY FIELD, CA US","2002-11-12","0.00",,,"66","80","52"
"USW00003131","SAN DIEGO MONTGOMERY FIELD, CA US","2002-11-13","0.00",,,"64","75","52"
"USW00003131","SAN DIEGO MONTGOMERY FIELD, CA US","2002-11-14","0.00",,,"62","72","52"
"USW00003131","SAN DIEGO MONTGOMERY FIELD, CA US","2002-11-15","0.00",,,"69","86","51"
"USW00003131","SAN DIEGO MONTGOMERY FIELD, CA US","2002-11-16","0.00",,,"68","84","52"
"USW00003131","SAN DIEGO MONTGOMERY FIELD, CA US","2002-11-17","0.00",,,"62","75","49"
"USW00003131","SAN DIEGO MONTGOMERY FIELD, CA US","2002-11-18","0.00",,,"65","82","48"
"USW00003131","SAN DIEGO MONTGOMERY FIELD, CA US","2002-11-19","0.00",,,"69","85","52"
"USW00003131","SAN DIEGO MONTGOMERY FIELD, CA US","2002-11-20","0.01",,,"72","87","56"
"USW00003131","SAN DIEGO MONTGOMERY FIELD, CA US","2002-11-21","0.00",,,"73","88","58"
"USW00003131","SAN DIEGO MONTGOMERY FIELD, CA US","2002-11-22","0.00",,,"65","77","52"
"USW00003131","SAN DIEGO MONTGOMERY FIELD, CA US","2002-11-23","0.00",,,"58","64","51"
"USW00003131","SAN DIEGO MONTGOMERY FIELD, CA US","2002-11-24","0.00",,,"57","67","47"
"USW00003131","SAN DIEGO MONTGOMERY FIELD, CA US","2002-11-25","0.00",,,"59","69","49"
"USW00003131","SAN DIEGO MONTGOMERY FIELD, CA US","2002-11-26","0.00",,,"61","71","50"
"USW00003131","SAN DIEGO MONTGOMERY FIELD, CA US","2002-11-27","0.00",,,"61","69","53"
"USW00003131","SAN DIEGO MONTGOMERY FIELD, CA US","2002-11-28","0.04",,,"64","75","52"
"USW00003131","SAN DIEGO MONTGOMERY FIELD, CA US","2002-11-29","0.34",,,"60","66","54"
"USW00003131","SAN DIEGO MONTGOMERY FIELD, CA US","2002-11-30","0.00",,,"58","65","51"
"USW00003131","SAN DIEGO MONTGOMERY FIELD, CA US","2002-12-01","0.01",,,"56","65","47"
"USW00003131","SAN DIEGO MONTGOMERY FIELD, CA US","2002-12-02","0.00",,,"59","69","48"
"USW00003131","SAN DIEGO MONTGOMERY FIELD, CA US","2002-12-03","0.00",,,"57","66","47"
"USW00003131","SAN DIEGO MONTGOMERY FIELD, CA US","2002-12-04","0.00",,,"58","69","46"
"USW00003131","SAN DIEGO MONTGOMERY FIELD, CA US","2002-12-05","0.00",,,"60","74","45"
"USW00003131","SAN DIEGO MONTGOMERY FIELD, CA US","2002-12-06","0.00",,,"56","67","44"
"USW00003131","SAN DIEGO MONTGOMERY FIELD, CA US","2002-12-07","0.00",,,"58","66","50"
"USW00003131","SAN DIEGO MONTGOMERY FIELD, CA US","2002-12-08","0.00",,,"58","68","47"
"USW00003131","SAN DIEGO MONTGOMERY FIELD, CA US","2002-12-09","0.00",,,"60","69","50"
"USW00003131","SAN DIEGO MONTGOMERY FIELD, CA US","2002-12-10","0.00",,,"57","65","49"
"USW00003131","SAN DIEGO MONTGOMERY FIELD, CA US","2002-12-11","0.00",,,"58","67","48"
"USW00003131","SAN DIEGO MONTGOMERY FIELD, CA US","2002-12-12","0.00",,,"57","69","45"
"USW00003131","SAN DIEGO MONTGOMERY FIELD, CA US","2002-12-13","0.00",,,"58","70","45"
"USW00003131","SAN DIEGO MONTGOMERY FIELD, CA US","2002-12-14","0.00",,,"58","69","47"
"USW00003131","SAN DIEGO MONTGOMERY FIELD, CA US","2002-12-15","0.00",,,"59","66","51"
"USW00003131","SAN DIEGO MONTGOMERY FIELD, CA US","2002-12-16","0.86",,,"57","64","49"
"USW00003131","SAN DIEGO MONTGOMERY FIELD, CA US","2002-12-17","0.16",,,"57","60","53"
"USW00003131","SAN DIEGO MONTGOMERY FIELD, CA US","2002-12-18","0.14",,,"51","59","43"
"USW00003131","SAN DIEGO MONTGOMERY FIELD, CA US","2002-12-19","0.00",,,"49","60","38"
"USW00003131","SAN DIEGO MONTGOMERY FIELD, CA US","2002-12-20","0.47",,,"53","58","47"
"USW00003131","SAN DIEGO MONTGOMERY FIELD, CA US","2002-12-21","0.30",,,"51","55","46"
"USW00003131","SAN DIEGO MONTGOMERY FIELD, CA US","2002-12-22","0.00",,,"50","57","43"
"USW00003131","SAN DIEGO MONTGOMERY FIELD, CA US","2002-12-23","0.00",,,"50","60","39"
"USW00003131","SAN DIEGO MONTGOMERY FIELD, CA US","2002-12-24","0.00",,,"49","59","39"
"USW00003131","SAN DIEGO MONTGOMERY FIELD, CA US","2002-12-25","0.00",,,"50","61","38"
"USW00003131","SAN DIEGO MONTGOMERY FIELD, CA US","2002-12-26","0.00",,,"53","65","40"
"USW00003131","SAN DIEGO MONTGOMERY FIELD, CA US","2002-12-27","0.00",,,"56","70","42"
"USW00003131","SAN DIEGO MONTGOMERY FIELD, CA US","2002-12-28","0.00",,,"55","66","44"
"USW00003131","SAN DIEGO MONTGOMERY FIELD, CA US","2002-12-29","0.47",,,"53","58","47"
"USW00003131","SAN DIEGO MONTGOMERY FIELD, CA US","2002-12-30","0.00",,,"52","61","43"
"USW00003131","SAN DIEGO MONTGOMERY FIELD, CA US","2002-12-31","0.00",,,"53","60","45"
"USW00003131","SAN DIEGO MONTGOMERY FIELD, CA US","2003-01-01","0.00",,,"56","69","43"
"USW00003131","SAN DIEGO MONTGOMERY FIELD, CA US","2003-01-02","0.00",,,"60","76","43"
"USW00003131","SAN DIEGO MONTGOMERY FIELD, CA US","2003-01-03","0.00",,,"64","80","48"
"USW00003131","SAN DIEGO MONTGOMERY FIELD, CA US","2003-01-04","0.00",,,"65","79","50"
"USW00003131","SAN DIEGO MONTGOMERY FIELD, CA US","2003-01-05","0.00",,,"63","77","49"
"USW00003131","SAN DIEGO MONTGOMERY FIELD, CA US","2003-01-06","0.00",,,"63","74","51"
"USW00003131","SAN DIEGO MONTGOMERY FIELD, CA US","2003-01-07","0.00",,,"67","80","54"
"USW00003131","SAN DIEGO MONTGOMERY FIELD, CA US","2003-01-08","0.00",,,"59","66","51"
"USW00003131","SAN DIEGO MONTGOMERY FIELD, CA US","2003-01-09","0.00",,,"56","64","47"
"USW00003131","SAN DIEGO MONTGOMERY FIELD, CA US","2003-01-10","0.00",,,"55","64","46"
"USW00003131","SAN DIEGO MONTGOMERY FIELD, CA US","2003-01-11","0.00",,,"54","63","45"
"USW00003131","SAN DIEGO MONTGOMERY FIELD, CA US","2003-01-12","0.00",,,"56","64","48"
"USW00003131","SAN DIEGO MONTGOMERY FIELD, CA US","2003-01-13","0.01",,,"59","70","47"
"USW00003131","SAN DIEGO MONTGOMERY FIELD, CA US","2003-01-14","0.01",,,"57","68","45"
"USW00003131","SAN DIEGO MONTGOMERY FIELD, CA US","2003-01-15","0.00",,,"58","72","43"
"USW00003131","SAN DIEGO MONTGOMERY FIELD, CA US","2003-01-16","0.00",,,"65","83","46"
"USW00003131","SAN DIEGO MONTGOMERY FIELD, CA US","2003-01-17","0.00",,,"63","79","47"
"USW00003131","SAN DIEGO MONTGOMERY FIELD, CA US","2003-01-18","0.00",,,"62","77","46"
"USW00003131","SAN DIEGO MONTGOMERY FIELD, CA US","2003-01-19","0.02",,,"58","71","44"
"USW00003131","SAN DIEGO MONTGOMERY FIELD, CA US","2003-01-20","0.04",,,"59","65","52"
"USW00003131","SAN DIEGO MONTGOMERY FIELD, CA US","2003-01-21","0.00",,,"59","68","49"
"USW00003131","SAN DIEGO MONTGOMERY FIELD, CA US","2003-01-22","0.00",,,"59","70","47"
"USW00003131","SAN DIEGO MONTGOMERY FIELD, CA US","2003-01-23","0.00",,,"61","72","50"
"USW00003131","SAN DIEGO MONTGOMERY FIELD, CA US","2003-01-24","0.00",,,"60","72","48"
"USW00003131","SAN DIEGO MONTGOMERY FIELD, CA US","2003-01-25","0.00",,,"67","82","51"
"USW00003131","SAN DIEGO MONTGOMERY FIELD, CA US","2003-01-26","0.00",,,"68","84","52"
"USW00003131","SAN DIEGO MONTGOMERY FIELD, CA US","2003-01-27","0.00",,,"67","81","53"
"USW00003131","SAN DIEGO MONTGOMERY FIELD, CA US","2003-01-28","0.00",,,"59","70","48"
"USW00003131","SAN DIEGO MONTGOMERY FIELD, CA US","2003-01-29","0.00",,,"66","79","52"
"USW00003131","SAN DIEGO MONTGOMERY FIELD, CA US","2003-01-30","0.00",,,"64","80","47"
"USW00003131","SAN DIEGO MONTGOMERY FIELD, CA US","2003-01-31","0.00",,,"72","88","55"
"USW00003131","SAN DIEGO MONTGOMERY FIELD, CA US","2003-02-01","0.00",,,"63","72","53"
"USW00003131","SAN DIEGO MONTGOMERY FIELD, CA US","2003-02-02","0.00",,,"59","69","49"
"USW00003131","SAN DIEGO MONTGOMERY FIELD, CA US","2003-02-03","0.00",,,"59","73","44"
"USW00003131","SAN DIEGO MONTGOMERY FIELD, CA US","2003-02-04","0.00",,,"57","71","43"
"USW00003131","SAN DIEGO MONTGOMERY FIELD, CA US","2003-02-05","0.00",,,"55","67","42"
"USW00003131","SAN DIEGO MONTGOMERY FIELD, CA US","2003-02-06","0.00",,,"52","64","40"
"USW00003131","SAN DIEGO MONTGOMERY FIELD, CA US","2003-02-07","0.00",,,"54","65","42"
"USW00003131","SAN DIEGO MONTGOMERY FIELD, CA US","2003-02-08","0.02",,,"56","63","48"
"USW00003131","SAN DIEGO MONTGOMERY FIELD, CA US","2003-02-09","0.00",,,"55","67","43"
"USW00003131","SAN DIEGO MONTGOMERY FIELD, CA US","2003-02-10","0.00",,,"58","72","43"
"USW00003131","SAN DIEGO MONTGOMERY FIELD, CA US","2003-02-11","0.60",,,"59","64","54"
"USW00003131","SAN DIEGO MONTGOMERY FIELD, CA US","2003-02-12","1.28",,,"63","68","57"
"USW00003131","SAN DIEGO MONTGOMERY FIELD, CA US","2003-02-13","0.59",,,"60","62","57"
"USW00003131","SAN DIEGO MONTGOMERY FIELD, CA US","2003-02-14","0.14",,,"60","64","55"
"USW00003131","SAN DIEGO MONTGOMERY FIELD, CA US","2003-02-15","0.00",,,"58","64","51"
"USW00003131","SAN DIEGO MONTGOMERY FIELD, CA US","2003-02-16","0.00",,,"60","64","55"
"USW00003131","SAN DIEGO MONTGOMERY FIELD, CA US","2003-02-17","0.00",,,"60","65","54"
"USW00003131","SAN DIEGO MONTGOMERY FIELD, CA US","2003-02-18","0.00",,,"59","67","50"
"USW00003131","SAN DIEGO MONTGOMERY FIELD, CA US","2003-02-19","0.00",,,"57","64","49"
"USW00003131","SAN DIEGO MONTGOMERY FIELD, CA US","2003-02-20","0.00",,,"57","64","49"
"USW00003131","SAN DIEGO MONTGOMERY FIELD, CA US","2003-02-21","0.00",,,"59","72","45"
"USW00003131","SAN DIEGO MONTGOMERY FIELD, CA US","2003-02-22","0.00",,,"55","65","45"
"USW00003131","SAN DIEGO MONTGOMERY FIELD, CA US","2003-02-23","0.02",,,"58","62","53"
"USW00003131","SAN DIEGO MONTGOMERY FIELD, CA US","2003-02-24","0.03",,,"56","61","51"
"USW00003131","SAN DIEGO MONTGOMERY FIELD, CA US","2003-02-25","0.43",,,"54","57","50"
"USW00003131","SAN DIEGO MONTGOMERY FIELD, CA US","2003-02-26","0.11",,,"57","61","52"
"USW00003131","SAN DIEGO MONTGOMERY FIELD, CA US","2003-02-27","0.33",,,"53","58","48"
"USW00003131","SAN DIEGO MONTGOMERY FIELD, CA US","2003-02-28","0.00",,,"55","60","50"
"USW00003131","SAN DIEGO MONTGOMERY FIELD, CA US","2003-03-01","0.00",,,"55","61","48"
"USW00003131","SAN DIEGO MONTGOMERY FIELD, CA US","2003-03-02","0.00",,,"57","65","48"
"USW00003131","SAN DIEGO MONTGOMERY FIELD, CA US","2003-03-03","0.00",,,"52","59","45"
"USW00003131","SAN DIEGO MONTGOMERY FIELD, CA US","2003-03-04","0.08",,,"53","59","47"
"USW00003131","SAN DIEGO MONTGOMERY FIELD, CA US","2003-03-05","0.00",,,"53","62","43"
"USW00003131","SAN DIEGO MONTGOMERY FIELD, CA US","2003-03-06","0.00",,,"55","66","43"
"USW00003131","SAN DIEGO MONTGOMERY FIELD, CA US","2003-03-07","0.01",,,"54","63","45"
"USW00003131","SAN DIEGO MONTGOMERY FIELD, CA US","2003-03-08","0.00",,,"59","66","51"
"USW00003131","SAN DIEGO MONTGOMERY FIELD, CA US","2003-03-09","0.00",,,"60","71","49"
"USW00003131","SAN DIEGO MONTGOMERY FIELD, CA US","2003-03-10","0.00",,,"60","72","48"
"USW00003131","SAN DIEGO MONTGOMERY FIELD, CA US","2003-03-11","0.00",,,"59","69","49"
"USW00003131","SAN DIEGO MONTGOMERY FIELD, CA US","2003-03-12","0.00",,,"61","69","53"
"USW00003131","SAN DIEGO MONTGOMERY FIELD, CA US","2003-03-13","0.00",,,"62","69","55"
"USW00003131","SAN DIEGO MONTGOMERY FIELD, CA US","2003-03-14","0.00",,,"62","68","55"
"USW00003131","SAN DIEGO MONTGOMERY FIELD, CA US","2003-03-15","0.80",,,"58","62","54"
"USW00003131","SAN DIEGO MONTGOMERY FIELD, CA US","2003-03-16","0.53",,,"57","60","54"
"USW00003131","SAN DIEGO MONTGOMERY FIELD, CA US","2003-03-17","0.00",,,"57","60","53"
"USW00003131","SAN DIEGO MONTGOMERY FIELD, CA US","2003-03-18","0.00",,,"55","64","46"
"USW00003131","SAN DIEGO MONTGOMERY FIELD, CA US","2003-03-19","0.00",,,"56","66","46"
"USW00003131","SAN DIEGO MONTGOMERY FIELD, CA US","2003-03-20","0.00",,,"56","62","49"
"USW00003131","SAN DIEGO MONTGOMERY FIELD, CA US","2003-03-21","0.00",,,"59","70","48"
"USW00003131","SAN DIEGO MONTGOMERY FIELD, CA US","2003-03-22","0.00",,,"63","75","50"
"USW00003131","SAN DIEGO MONTGOMERY FIELD, CA US","2003-03-23","0.00",,,"58","67","48"
"USW00003131","SAN DIEGO MONTGOMERY FIELD, CA US","2003-03-24","0.00",,,"59","63","54"
"USW00003131","SAN DIEGO MONTGOMERY FIELD, CA US","2003-03-25","0.00",,,"63","70","55"
"USW00003131","SAN DIEGO MONTGOMERY FIELD, CA US","2003-03-26","0.00",,,"64","77","51"
"USW00003131","SAN DIEGO MONTGOMERY FIELD, CA US","2003-03-27","0.01",,,"62","69","54"
"USW00003131","SAN DIEGO MONTGOMERY FIELD, CA US","2003-03-28","0.00",,,"67","80","53"
"USW00003131","SAN DIEGO MONTGOMERY FIELD, CA US","2003-03-29","0.00",,,"65","78","52"
"USW00003131","SAN DIEGO MONTGOMERY FIELD, CA US","2003-03-30","0.00",,,"69","87","50"
"USW00003131","SAN DIEGO MONTGOMERY FIELD, CA US","2003-03-31","0.00",,,"68","83","53"
"USW00003131","SAN DIEGO MONTGOMERY FIELD, CA US","2003-04-01","0.00",,,"60","69","51"
"USW00003131","SAN DIEGO MONTGOMERY FIELD, CA US","2003-04-02","0.00",,,"59","63","54"
"USW00003131","SAN DIEGO MONTGOMERY FIELD, CA US","2003-04-03","0.00",,,"54","61","46"
"USW00003131","SAN DIEGO MONTGOMERY FIELD, CA US","2003-04-04","0.00",,,"52","61","43"
"USW00003131","SAN DIEGO MONTGOMERY FIELD, CA US","2003-04-05","0.00",,,"55","62","47"
"USW00003131","SAN DIEGO MONTGOMERY FIELD, CA US","2003-04-06","0.00",,,"54","65","42"
"USW00003131","SAN DIEGO MONTGOMERY FIELD, CA US","2003-04-07","0.00",,,"61","75","46"
"USW00003131","SAN DIEGO MONTGOMERY FIELD, CA US","2003-04-08","0.00",,,"67","84","50"
"USW00003131","SAN DIEGO MONTGOMERY FIELD, CA US","2003-04-09","0.00",,,"65","79","51"
"USW00003131","SAN DIEGO MONTGOMERY FIELD, CA US","2003-04-10","0.00",,,"60","68","52"
"USW00003131","SAN DIEGO MONTGOMERY FIELD, CA US","2003-04-11","0.00",,,"61","70","52"
"USW00003131","SAN DIEGO MONTGOMERY FIELD, CA US","2003-04-12","0.02",,,"64","72","56"
"USW00003131","SAN DIEGO MONTGOMERY FIELD, CA US","2003-04-13","0.10",,,"63","68","57"
"USW00003131","SAN DIEGO MONTGOMERY FIELD, CA US","2003-04-14","1.29",,,"58","65","51"
"USW00003131","SAN DIEGO MONTGOMERY FIELD, CA US","2003-04-15","0.01",,,"56","61","50"
"USW00003131","SAN DIEGO MONTGOMERY FIELD, CA US","2003-04-16","0.00",,,"56","66","46"
"USW00003131","SAN DIEGO MONTGOMERY FIELD, CA US","2003-04-17","0.43",,,"54","60","48"
"USW00003131","SAN DIEGO MONTGOMERY FIELD, CA US","2003-04-18","0.01",,,"55","60","50"
"USW00003131","SAN DIEGO MONTGOMERY FIELD, CA US","2003-04-19","0.00",,,"58","67","48"
"USW00003131","SAN DIEGO MONTGOMERY FIELD, CA US","2003-04-20","0.00",,,"62","73","50"
"USW00003131","SAN DIEGO MONTGOMERY FIELD, CA US","2003-04-21","0.00",,,"59","63","54"
"USW00003131","SAN DIEGO MONTGOMERY FIELD, CA US","2003-04-22","0.00",,,"57","61","52"
"USW00003131","SAN DIEGO MONTGOMERY FIELD, CA US","2003-04-23","0.00",,,"56","63","48"
"USW00003131","SAN DIEGO MONTGOMERY FIELD, CA US","2003-04-24","0.00",,,"59","65","53"
"USW00003131","SAN DIEGO MONTGOMERY FIELD, CA US","2003-04-25","0.00",,,"60","68","51"
"USW00003131","SAN DIEGO MONTGOMERY FIELD, CA US","2003-04-26","0.00",,,"59","66","51"
"USW00003131","SAN DIEGO MONTGOMERY FIELD, CA US","2003-04-27","0.00",,,"58","66","50"
"USW00003131","SAN DIEGO MONTGOMERY FIELD, CA US","2003-04-28","0.00",,,"59","68","50"
"USW00003131","SAN DIEGO MONTGOMERY FIELD, CA US","2003-04-29","0.00",,,"57","64","50"
"USW00003131","SAN DIEGO MONTGOMERY FIELD, CA US","2003-04-30","0.00",,,"57","65","48"
"USW00003131","SAN DIEGO MONTGOMERY FIELD, CA US","2003-05-01","0.00",,,"58","66","50"
"USW00003131","SAN DIEGO MONTGOMERY FIELD, CA US","2003-05-02","0.00",,,"58","65","51"
"USW00003131","SAN DIEGO MONTGOMERY FIELD, CA US","2003-05-03","0.43",,,"58","62","54"
"USW00003131","SAN DIEGO MONTGOMERY FIELD, CA US","2003-05-04","0.05",,,"59","65","53"
"USW00003131","SAN DIEGO MONTGOMERY FIELD, CA US","2003-05-05","0.00",,,"58","65","51"
"USW00003131","SAN DIEGO MONTGOMERY FIELD, CA US","2003-05-06","0.00",,,"58","61","54"
"USW00003131","SAN DIEGO MONTGOMERY FIELD, CA US","2003-05-07","0.03",,,"59","63","55"
"USW00003131","SAN DIEGO MONTGOMERY FIELD, CA US","2003-05-08","0.00",,,"57","62","52"
"USW00003131","SAN DIEGO MONTGOMERY FIELD, CA US","2003-05-09","0.00",,,"58","64","51"
"USW00003131","SAN DIEGO MONTGOMERY FIELD, CA US","2003-05-10","0.00",,,"57","69","45"
"USW00003131","SAN DIEGO MONTGOMERY FIELD, CA US","2003-05-11","0.00",,,"61","72","49"
"USW00003131","SAN DIEGO MONTGOMERY FIELD, CA US","2003-05-12","0.00",,,"63","75","51"
"USW00003131","SAN DIEGO MONTGOMERY FIELD, CA US","2003-05-13","0.00",,,"65","73","57"
"USW00003131","SAN DIEGO MONTGOMERY FIELD, CA US","2003-05-14","0.00",,,"61","66","56"
"USW00003131","SAN DIEGO MONTGOMERY FIELD, CA US","2003-05-15","0.00",,,"61","70","51"
"USW00003131","SAN DIEGO MONTGOMERY FIELD, CA US","2003-05-16","0.00",,,"63","73","53"
"USW00003131","SAN DIEGO MONTGOMERY FIELD, CA US","2003-05-17","0.00",,,"63","69","56"
"USW00003131","SAN DIEGO MONTGOMERY FIELD, CA US","2003-05-18","0.05",,,"62","68","56"
"USW00003131","SAN DIEGO MONTGOMERY FIELD, CA US","2003-05-19","0.00",,,"64","74","53"
"USW00003131","SAN DIEGO MONTGOMERY FIELD, CA US","2003-05-20","0.00",,,"67","78","55"
"USW00003131","SAN DIEGO MONTGOMERY FIELD, CA US","2003-05-21","0.00",,,"70","82","57"
"USW00003131","SAN DIEGO MONTGOMERY FIELD, CA US","2003-05-22","0.00",,,"66","74","58"
"USW00003131","SAN DIEGO MONTGOMERY FIELD, CA US","2003-05-23","0.00",,,"62","67","57"
"USW00003131","SAN DIEGO MONTGOMERY FIELD, CA US","2003-05-24","0.00",,,"61","65","57"
"USW00003131","SAN DIEGO MONTGOMERY FIELD, CA US","2003-05-25","0.00",,,"63","68","58"
"USW00003131","SAN DIEGO MONTGOMERY FIELD, CA US","2003-05-26","0.00",,,"65","71","59"
"USW00003131","SAN DIEGO MONTGOMERY FIELD, CA US","2003-05-27","0.00",,,"67","75","59"
"USW00003131","SAN DIEGO MONTGOMERY FIELD, CA US","2003-05-28","0.00",,,"72","84","59"
"USW00003131","SAN DIEGO MONTGOMERY FIELD, CA US","2003-05-29","0.00",,,"64","70","58"
"USW00003131","SAN DIEGO MONTGOMERY FIELD, CA US","2003-05-30","0.02",,,"66","71","60"
"USW00003131","SAN DIEGO MONTGOMERY FIELD, CA US","2003-05-31","0.00",,,"65","70","60"
"USW00003131","SAN DIEGO MONTGOMERY FIELD, CA US","2003-06-01","0.00",,,"65","70","59"
"USW00003131","SAN DIEGO MONTGOMERY FIELD, CA US","2003-06-02","0.00",,,"62","65","59"
"USW00003131","SAN DIEGO MONTGOMERY FIELD, CA US","2003-06-03","0.00",,,"62","65","58"
"USW00003131","SAN DIEGO MONTGOMERY FIELD, CA US","2003-06-04","0.00",,,"65","71","58"
"USW00003131","SAN DIEGO MONTGOMERY FIELD, CA US","2003-06-05","0.00",,,"64","67","60"
"USW00003131","SAN DIEGO MONTGOMERY FIELD, CA US","2003-06-06","0.00",,,"63","65","60"
"USW00003131","SAN DIEGO MONTGOMERY FIELD, CA US","2003-06-07","0.00",,,"61","63","59"
"USW00003131","SAN DIEGO MONTGOMERY FIELD, CA US","2003-06-08","0.00",,,"62","66","58"
"USW00003131","SAN DIEGO MONTGOMERY FIELD, CA US","2003-06-09","0.00",,,"61","64","58"
"USW00003131","SAN DIEGO MONTGOMERY FIELD, CA US","2003-06-10","0.00",,,"64","67","60"
"USW00003131","SAN DIEGO MONTGOMERY FIELD, CA US","2003-06-11","0.00",,,"65","70","59"
"USW00003131","SAN DIEGO MONTGOMERY FIELD, CA US","2003-06-12","0.00",,,"65","69","60"
"USW00003131","SAN DIEGO MONTGOMERY FIELD, CA US","2003-06-13","0.00",,,"67","72","61"
"USW00003131","SAN DIEGO MONTGOMERY FIELD, CA US","2003-06-14","0.00",,,"68","75","61"
"USW00003131","SAN DIEGO MONTGOMERY FIELD, CA US","2003-06-15","0.00",,,"66","72","60"
"USW00003131","SAN DIEGO MONTGOMERY FIELD, CA US","2003-06-16","0.00",,,"63","67","59"
"USW00003131","SAN DIEGO MONTGOMERY FIELD, CA US","2003-06-17","0.00",,,"65","70","59"
"USW00003131","SAN DIEGO MONTGOMERY FIELD, CA US","2003-06-18","0.00",,,"62","64","59"
"USW00003131","SAN DIEGO MONTGOMERY FIELD, CA US","2003-06-19","0.00",,,"61","64","58"
"USW00003131","SAN DIEGO MONTGOMERY FIELD, CA US","2003-06-20","0.06",,,"61","64","57"
"USW00003131","SAN DIEGO MONTGOMERY FIELD, CA US","2003-06-21","0.00",,,"61","63","59"
"USW00003131","SAN DIEGO MONTGOMERY FIELD, CA US","2003-06-22","0.00",,,"62","66","58"
"USW00003131","SAN DIEGO MONTGOMERY FIELD, CA US","2003-06-23","0.00",,,"62","65","59"
"USW00003131","SAN DIEGO MONTGOMERY FIELD, CA US","2003-06-24","0.00",,,"64","69","58"
"USW00003131","SAN DIEGO MONTGOMERY FIELD, CA US","2003-06-25","0.00",,,"64","74","54"
"USW00003131","SAN DIEGO MONTGOMERY FIELD, CA US","2003-06-26","0.00",,,"69","80","57"
"USW00003131","SAN DIEGO MONTGOMERY FIELD, CA US","2003-06-27","0.00",,,"68","77","59"
"USW00003131","SAN DIEGO MONTGOMERY FIELD, CA US","2003-06-28","0.00",,,"68","75","60"
"USW00003131","SAN DIEGO MONTGOMERY FIELD, CA US","2003-06-29","0.00",,,"69","76","61"
"USW00003131","SAN DIEGO MONTGOMERY FIELD, CA US","2003-06-30","0.00",,,"71","81","60"
"USW00003131","SAN DIEGO MONTGOMERY FIELD, CA US","2003-07-01","0.00",,,"69","77","60"
"USW00003131","SAN DIEGO MONTGOMERY FIELD, CA US","2003-07-02","0.00",,,"69","77","60"
"USW00003131","SAN DIEGO MONTGOMERY FIELD, CA US","2003-07-03","0.00",,,"77","90","63"
"USW00003131","SAN DIEGO MONTGOMERY FIELD, CA US","2003-07-04","0.00",,,"74","86","62"
"USW00003131","SAN DIEGO MONTGOMERY FIELD, CA US","2003-07-05","0.00",,,"71","80","62"
"USW00003131","SAN DIEGO MONTGOMERY FIELD, CA US","2003-07-06","0.00",,,"67","72","61"
"USW00003131","SAN DIEGO MONTGOMERY FIELD, CA US","2003-07-07","0.00",,,"67","72","61"
"USW00003131","SAN DIEGO MONTGOMERY FIELD, CA US","2003-07-08","0.00",,,"68","73","62"
"USW00003131","SAN DIEGO MONTGOMERY FIELD, CA US","2003-07-09","0.00",,,"68","76","60"
"USW00003131","SAN DIEGO MONTGOMERY FIELD, CA US","2003-07-10","0.00",,,"71","79","62"
"USW00003131","SAN DIEGO MONTGOMERY FIELD, CA US","2003-07-11","0.00",,,"73","84","62"
"USW00003131","SAN DIEGO MONTGOMERY FIELD, CA US","2003-07-12","0.00",,,"74","84","63"
"USW00003131","SAN DIEGO MONTGOMERY FIELD, CA US","2003-07-13","0.00",,,"72","81","62"
"USW00003131","SAN DIEGO MONTGOMERY FIELD, CA US","2003-07-14","0.00",,,"71","77","64"
"USW00003131","SAN DIEGO MONTGOMERY FIELD, CA US","2003-07-15","0.00",,,"70","75","64"
"USW00003131","SAN DIEGO MONTGOMERY FIELD, CA US","2003-07-16","0.01",,,"80","94","65"
"USW00003131","SAN DIEGO MONTGOMERY FIELD, CA US","2003-07-17","0.00",,,"73","78","67"
"USW00003131","SAN DIEGO MONTGOMERY FIELD, CA US","2003-07-18","0.01",,,"72","76","67"
"USW00003131","SAN DIEGO MONTGOMERY FIELD, CA US","2003-07-19","0.01",,,"75","82","67"
"USW00003131","SAN DIEGO MONTGOMERY FIELD, CA US","2003-07-20","0.00",,,"77","87","66"
"USW00003131","SAN DIEGO MONTGOMERY FIELD, CA US","2003-07-21","0.00",,,"74","80","67"
"USW00003131","SAN DIEGO MONTGOMERY FIELD, CA US","2003-07-22","0.00",,,"69","72","65"
"USW00003131","SAN DIEGO MONTGOMERY FIELD, CA US","2003-07-23","0.00",,,"72","78","65"
"USW00003131","SAN DIEGO MONTGOMERY FIELD, CA US","2003-07-24","0.00",,,"69","74","64"
"USW00003131","SAN DIEGO MONTGOMERY FIELD, CA US","2003-07-25","0.00",,,"71","77","64"
"USW00003131","SAN DIEGO MONTGOMERY FIELD, CA US","2003-07-26","0.00",,,"72","78","66"
"USW00003131","SAN DIEGO MONTGOMERY FIELD, CA US","2003-07-27","0.00",,,"72","77","66"
"USW00003131","SAN DIEGO MONTGOMERY FIELD, CA US","2003-07-28","0.00",,,"72","78","65"
"USW00003131","SAN DIEGO MONTGOMERY FIELD, CA US","2003-07-29","0.00",,,"74","80","67"
"USW00003131","SAN DIEGO MONTGOMERY FIELD, CA US","2003-07-30","0.01",,,"74","82","66"
"USW00003131","SAN DIEGO MONTGOMERY FIELD, CA US","2003-07-31","0.00",,,"73","78","67"
"USW00003131","SAN DIEGO MONTGOMERY FIELD, CA US","2003-08-01","0.00",,,"74","80","67"
"USW00003131","SAN DIEGO MONTGOMERY FIELD, CA US","2003-08-02","0.00",,,"72","79","65"
"USW00003131","SAN DIEGO MONTGOMERY FIELD, CA US","2003-08-03","0.00",,,"73","80","65"
"USW00003131","SAN DIEGO MONTGOMERY FIELD, CA US","2003-08-04","0.00",,,"74","82","65"
"USW00003131","SAN DIEGO MONTGOMERY FIELD, CA US","2003-08-05","0.00",,,"73","82","64"
"USW00003131","SAN DIEGO MONTGOMERY FIELD, CA US","2003-08-06","0.00",,,"71","79","62"
"USW00003131","SAN DIEGO MONTGOMERY FIELD, CA US","2003-08-07","0.00",,,"73","83","62"
"USW00003131","SAN DIEGO MONTGOMERY FIELD, CA US","2003-08-08","0.00",,,"75","87","63"
"USW00003131","SAN DIEGO MONTGOMERY FIELD, CA US","2003-08-09","0.00",,,"78","88","68"
"USW00003131","SAN DIEGO MONTGOMERY FIELD, CA US","2003-08-10","0.00",,,"81","93","69"
"USW00003131","SAN DIEGO MONTGOMERY FIELD, CA US","2003-08-11","0.00",,,"80","91","69"
"USW00003131","SAN DIEGO MONTGOMERY FIELD, CA US","2003-08-12","0.00",,,"80","90","69"
"USW00003131","SAN DIEGO MONTGOMERY FIELD, CA US","2003-08-13","0.00",,,"77","88","65"
"USW00003131","SAN DIEGO MONTGOMERY FIELD, CA US","2003-08-14","0.00",,,"78","89","67"
"USW00003131","SAN DIEGO MONTGOMERY FIELD, CA US","2003-08-15","0.00",,,"80","89","71"
"USW00003131","SAN DIEGO MONTGOMERY FIELD, CA US","2003-08-16","0.00",,,"77","86","67"
"USW00003131","SAN DIEGO MONTGOMERY FIELD, CA US","2003-08-17","0.00",,,"77","87","67"
"USW00003131","SAN DIEGO MONTGOMERY FIELD, CA US","2003-08-18","0.00",,,"72","79","65"
"USW00003131","SAN DIEGO MONTGOMERY FIELD, CA US","2003-08-19","0.00",,,"72","79","64"
"USW00003131","SAN DIEGO MONTGOMERY FIELD, CA US","2003-08-20","0.00",,,"72","79","65"
"USW00003131","SAN DIEGO MONTGOMERY FIELD, CA US","2003-08-21","0.00",,,"75","82","68"
"USW00003131","SAN DIEGO MONTGOMERY FIELD, CA US","2003-08-22","0.00",,,"70","74","66"
"USW00003131","SAN DIEGO MONTGOMERY FIELD, CA US","2003-08-23","0.00",,,"72","80","64"
"USW00003131","SAN DIEGO MONTGOMERY FIELD, CA US","2003-08-24","0.00",,,"75","84","66"
"USW00003131","SAN DIEGO MONTGOMERY FIELD, CA US","2003-08-25","0.00",,,"74","82","66"
"USW00003131","SAN DIEGO MONTGOMERY FIELD, CA US","2003-08-26","0.00",,,"75","84","66"
"USW00003131","SAN DIEGO MONTGOMERY FIELD, CA US","2003-08-27","0.00",,,"73","80","66"
"USW00003131","SAN DIEGO MONTGOMERY FIELD, CA US","2003-08-28","0.02",,,"75","83","67"
"USW00003131","SAN DIEGO MONTGOMERY FIELD, CA US","2003-08-29","0.00",,,"72","78","66"
"USW00003131","SAN DIEGO MONTGOMERY FIELD, CA US","2003-08-30","0.00",,,"71","76","65"
"USW00003131","SAN DIEGO MONTGOMERY FIELD, CA US","2003-08-31","0.00",,,"72","78","65"
"USW00003131","SAN DIEGO MONTGOMERY FIELD, CA US","2003-09-01","0.00",,,"71","76","65"
"USW00003131","SAN DIEGO MONTGOMERY FIELD, CA US","2003-09-02","0.00",,,"72","79","65"
"USW00003131","SAN DIEGO MONTGOMERY FIELD, CA US","2003-09-03","0.00",,,"72","79","65"
"USW00003131","SAN DIEGO MONTGOMERY FIELD, CA US","2003-09-04","0.00",,,"75","84","66"
"USW00003131","SAN DIEGO MONTGOMERY FIELD, CA US","2003-09-05","0.00",,,"81","93","69"
"USW00003131","SAN DIEGO MONTGOMERY FIELD, CA US","2003-09-06","0.00",,,"79","88","69"
"USW00003131","SAN DIEGO MONTGOMERY FIELD, CA US","2003-09-07","0.00",,,"76","85","66"
"USW00003131","SAN DIEGO MONTGOMERY FIELD, CA US","2003-09-08","0.00",,,"70","75","64"
"USW00003131","SAN DIEGO MONTGOMERY FIELD, CA US","2003-09-09","0.00",,,"69","73","64"
"USW00003131","SAN DIEGO MONTGOMERY FIELD, CA US","2003-09-10","0.00",,,"70","76","64"
"USW00003131","SAN DIEGO MONTGOMERY FIELD, CA US","2003-09-11","0.00",,,"71","79","62"
"USW00003131","SAN DIEGO MONTGOMERY FIELD, CA US","2003-09-12","0.00",,,"71","79","63"
"USW00003131","SAN DIEGO MONTGOMERY FIELD, CA US","2003-09-13","0.00",,,"70","77","63"
"USW00003131","SAN DIEGO MONTGOMERY FIELD, CA US","2003-09-14","0.00",,,"72","78","65"
"USW00003131","SAN DIEGO MONTGOMERY FIELD, CA US","2003-09-15","0.00",,,"71","77","64"
"USW00003131","SAN DIEGO MONTGOMERY FIELD, CA US","2003-09-16","0.00",,,"69","77","61"
"USW00003131","SAN DIEGO MONTGOMERY FIELD, CA US","2003-09-17","0.00",,,"68","75","60"
"USW00003131","SAN DIEGO MONTGOMERY FIELD, CA US","2003-09-18","0.00",,,"69","77","60"
"USW00003131","SAN DIEGO MONTGOMERY FIELD, CA US","2003-09-19","0.00",,,"71","82","59"
"USW00003131","SAN DIEGO MONTGOMERY FIELD, CA US","2003-09-20","0.00",,,"71","81","60"
"USW00003131","SAN DIEGO MONTGOMERY FIELD, CA US","2003-09-21","0.00",,,"72","81","62"
"USW00003131","SAN DIEGO MONTGOMERY FIELD, CA US","2003-09-22","0.00",,,"71","81","61"
"USW00003131","SAN DIEGO MONTGOMERY FIELD, CA US","2003-09-23","0.00",,,"66","71","60"
"USW00003131","SAN DIEGO MONTGOMERY FIELD, CA US","2003-09-24","0.00",,,"68","72","64"
"USW00003131","SAN DIEGO MONTGOMERY FIELD, CA US","2003-09-25","0.00",,,"69","74","64"
"USW00003131","SAN DIEGO MONTGOMERY FIELD, CA US","2003-09-26","0.00",,,"68","74","62"
"USW00003131","SAN DIEGO MONTGOMERY FIELD, CA US","2003-09-27","0.00",,,"69","74","63"
"USW00003131","SAN DIEGO MONTGOMERY FIELD, CA US","2003-09-28","0.00",,,"67","72","62"
"USW00003131","SAN DIEGO MONTGOMERY FIELD, CA US","2003-09-29","0.00",,,"69","74","63"
"USW00003131","SAN DIEGO MONTGOMERY FIELD, CA US","2003-09-30","0.00",,,"69","74","64"
"USW00003131","SAN DIEGO MONTGOMERY FIELD, CA US","2003-10-01","0.00",,,"70","76","63"
"USW00003131","SAN DIEGO MONTGOMERY FIELD, CA US","2003-10-02","0.00",,,"65","69","61"
"USW00003131","SAN DIEGO MONTGOMERY FIELD, CA US","2003-10-03","0.00",,,"65","69","60"
"USW00003131","SAN DIEGO MONTGOMERY FIELD, CA US","2003-10-04","0.00",,,"65","70","59"
"USW00003131","SAN DIEGO MONTGOMERY FIELD, CA US","2003-10-05","0.00",,,"65","67","62"
"USW00003131","SAN DIEGO MONTGOMERY FIELD, CA US","2003-10-06","0.00",,,"67","71","63"
"USW00003131","SAN DIEGO MONTGOMERY FIELD, CA US","2003-10-07","0.00",,,"67","73","61"
"USW00003131","SAN DIEGO MONTGOMERY FIELD, CA US","2003-10-08","0.00",,,"68","76","60"
"USW00003131","SAN DIEGO MONTGOMERY FIELD, CA US","2003-10-09","0.00",,,"69","75","62"
"USW00003131","SAN DIEGO MONTGOMERY FIELD, CA US","2003-10-10","0.00",,,"66","68","63"
"USW00003131","SAN DIEGO MONTGOMERY FIELD, CA US","2003-10-11","0.00",,,"67","70","63"
"USW00003131","SAN DIEGO MONTGOMERY FIELD, CA US","2003-10-12","0.00",,,"70","79","60"
"USW00003131","SAN DIEGO MONTGOMERY FIELD, CA US","2003-10-13","0.00",,,"70","82","57"
"USW00003131","SAN DIEGO MONTGOMERY FIELD, CA US","2003-10-14","0.00",,,"68","75","60"
"USW00003131","SAN DIEGO MONTGOMERY FIELD, CA US","2003-10-15","0.00",,,"68","73","62"
"USW00003131","SAN DIEGO MONTGOMERY FIELD, CA US","2003-10-16","0.04",,,"70","80","59"
"USW00003131","SAN DIEGO MONTGOMERY FIELD, CA US","2003-10-17","0.00",,,"72","86","58"
"USW00003131","SAN DIEGO MONTGOMERY FIELD, CA US","2003-10-18","0.00",,,"73","84","61"
"USW00003131","SAN DIEGO MONTGOMERY FIELD, CA US","2003-10-19","0.00",,,"73","84","62"
"USW00003131","SAN DIEGO MONTGOMERY FIELD, CA US","2003-10-20","0.00",,,"77","91","62"
"USW00003131","SAN DIEGO MONTGOMERY FIELD, CA US","2003-10-21","0.00",,,"78","95","61"
"USW00003131","SAN DIEGO MONTGOMERY FIELD, CA US","2003-10-22","0.00",,,"76","92","60"
"USW00003131","SAN DIEGO MONTGOMERY FIELD, CA US","2003-10-23","0.00",,,"73","87","58"
"USW00003131","SAN DIEGO MONTGOMERY FIELD, CA US","2003-10-24","0.00",,,"70","79","60"
"USW00003131","SAN DIEGO MONTGOMERY FIELD, CA US","2003-10-25","0.01",,,"68","80","56"
"USW00003131","SAN DIEGO MONTGOMERY FIELD, CA US","2003-10-26","0.00",,,"74","88","59"
"USW00003131","SAN DIEGO MONTGOMERY FIELD, CA US","2003-10-27","0.00",,,"71","82","60"
"USW00003131","SAN DIEGO MONTGOMERY FIELD, CA US","2003-10-28","0.00",,,"69","82","56"
"USW00003131","SAN DIEGO MONTGOMERY FIELD, CA US","2003-10-29","0.00",,,"63","68","57"
"USW00003131","SAN DIEGO MONTGOMERY FIELD, CA US","2003-10-30","0.00",,,"64","68","59"
"USW00003131","SAN DIEGO MONTGOMERY FIELD, CA US","2003-10-31","0.00",,,"59","65","53"
"USW00003131","SAN DIEGO MONTGOMERY FIELD, CA US","2003-11-01","0.19",,,"58","64","52"
"USW00003131","SAN DIEGO MONTGOMERY FIELD, CA US","2003-11-02","0.00",,,"58","63","52"
"USW00003131","SAN DIEGO MONTGOMERY FIELD, CA US","2003-11-03","0.01",,,"59","65","52"
"USW00003131","SAN DIEGO MONTGOMERY FIELD, CA US","2003-11-04","0.02",,,"56","63","49"
"USW00003131","SAN DIEGO MONTGOMERY FIELD, CA US","2003-11-05","0.00",,,"55","65","44"
"USW00003131","SAN DIEGO MONTGOMERY FIELD, CA US","2003-11-06","0.00",,,"60","69","50"
"USW00003131","SAN DIEGO MONTGOMERY FIELD, CA US","2003-11-07","0.00",,,"62","71","52"
"USW00003131","SAN DIEGO MONTGOMERY FIELD, CA US","2003-11-08","0.00",,,"63","77","48"
"USW00003131","SAN DIEGO MONTGOMERY FIELD, CA US","2003-11-09","0.00",,,"61","69","52"
"USW00003131","SAN DIEGO MONTGOMERY FIELD, CA US","2003-11-10","0.02",,,"66","72","59"
"USW00003131","SAN DIEGO MONTGOMERY FIELD, CA US","2003-11-11","0.00",,,"62","68","56"
"USW00003131","SAN DIEGO MONTGOMERY FIELD, CA US","2003-11-12","0.25",,,"60","64","56"
"USW00003131","SAN DIEGO MONTGOMERY FIELD, CA US","2003-11-13","0.00",,,"61","68","53"
"USW00003131","SAN DIEGO MONTGOMERY FIELD, CA US","2003-11-14","0.01",,,"58","66","49"
"USW00003131","SAN DIEGO MONTGOMERY FIELD, CA US","2003-11-15","0.04",,,"56","64","48"
"USW00003131","SAN DIEGO MONTGOMERY FIELD, CA US","2003-11-16","0.00",,,"57","64","50"
"USW00003131","SAN DIEGO MONTGOMERY FIELD, CA US","2003-11-17","0.00",,,"56","63","48"
"USW00003131","SAN DIEGO MONTGOMERY FIELD, CA US","2003-11-18","0.01",,,"63","77","48"
"USW00003131","SAN DIEGO MONTGOMERY FIELD, CA US","2003-11-19","0.00",,,"65","82","48"
"USW00003131","SAN DIEGO MONTGOMERY FIELD, CA US","2003-11-20","0.01",,,"60","69","51"
"USW00003131","SAN DIEGO MONTGOMERY FIELD, CA US","2003-11-21","0.00",,,"60","63","56"
"USW00003131","SAN DIEGO MONTGOMERY FIELD, CA US","2003-11-22","0.00",,,"56","65","46"
"USW00003131","SAN DIEGO MONTGOMERY FIELD, CA US","2003-11-23","0.00",,,"55","69","41"
"USW00003131","SAN DIEGO MONTGOMERY FIELD, CA US","2003-11-24","0.00",,,"54","65","42"
"USW00003131","SAN DIEGO MONTGOMERY FIELD, CA US","2003-11-25","0.00",,,"55","63","47"
"USW00003131","SAN DIEGO MONTGOMERY FIELD, CA US","2003-11-26","0.00",,,"54","62","46"
"USW00003131","SAN DIEGO MONTGOMERY FIELD, CA US","2003-11-27","0.00",,,"60","75","44"
"USW00003131","SAN DIEGO MONTGOMERY FIELD, CA US","2003-11-28","0.00",,,"62","78","45"
"USW00003131","SAN DIEGO MONTGOMERY FIELD, CA US","2003-11-29","0.00",,,"62","75","49"
"USW00003131","SAN DIEGO MONTGOMERY FIELD, CA US","2003-11-30","0.00",,,"59","72","45"
"USW00003131","SAN DIEGO MONTGOMERY FIELD, CA US","2003-12-01","0.00",,,"57","67","46"
"USW00003131","SAN DIEGO MONTGOMERY FIELD, CA US","2003-12-02","0.01",,,"55","66","44"
"USW00003131","SAN DIEGO MONTGOMERY FIELD, CA US","2003-12-03","0.01",,,"57","69","45"
"USW00003131","SAN DIEGO MONTGOMERY FIELD, CA US","2003-12-04","0.01",,,"56","67","45"
"USW00003131","SAN DIEGO MONTGOMERY FIELD, CA US","2003-12-05","0.00",,,"59","73","45"
"USW00003131","SAN DIEGO MONTGOMERY FIELD, CA US","2003-12-06","0.01",,,"56","69","43"
"USW00003131","SAN DIEGO MONTGOMERY FIELD, CA US","2003-12-07","0.14",,,"58","61","54"
"USW00003131","SAN DIEGO MONTGOMERY FIELD, CA US","2003-12-08","0.01",,,"56","64","48"
"USW00003131","SAN DIEGO MONTGOMERY FIELD, CA US","2003-12-09","0.00",,,"57","71","42"
"USW00003131","SAN DIEGO MONTGOMERY FIELD, CA US","2003-12-10","0.00",,,"55","62","47"
"USW00003131","SAN DIEGO MONTGOMERY FIELD, CA US","2003-12-11","0.05",,,"53","61","45"
"USW00003131","SAN DIEGO MONTGOMERY FIELD, CA US","2003-12-12","0.00",,,"51","62","39"
"USW00003131","SAN DIEGO MONTGOMERY FIELD, CA US","2003-12-13","0.00",,,"53","65","41"
"USW00003131","SAN DIEGO MONTGOMERY FIELD, CA US","2003-12-14","0.02",,,"52","63","41"
"USW00003131","SAN DIEGO MONTGOMERY FIELD, CA US","2003-12-15","0.01",,,"55","67","42"
"USW00003131","SAN DIEGO MONTGOMERY FIELD, CA US","2003-12-16","0.00",,,"56","72","39"
"USW00003131","SAN DIEGO MONTGOMERY FIELD, CA US","2003-12-17","0.00",,,"57","73","40"
"USW00003131","SAN DIEGO MONTGOMERY FIELD, CA US","2003-12-18","0.00",,,"58","74","42"
"USW00003131","SAN DIEGO MONTGOMERY FIELD, CA US","2003-12-19","0.00",,,"59","74","44"
"USW00003131","SAN DIEGO MONTGOMERY FIELD, CA US","2003-12-20","0.00",,,"57","67","47"
"USW00003131","SAN DIEGO MONTGOMERY FIELD, CA US","2003-12-21","0.00",,,"57","65","49"
"USW00003131","SAN DIEGO MONTGOMERY FIELD, CA US","2003-12-22","0.00",,,"59","75","42"
"USW00003131","SAN DIEGO MONTGOMERY FIELD, CA US","2003-12-23","0.02",,,"57","64","49"
"USW00003131","SAN DIEGO MONTGOMERY FIELD, CA US","2003-12-24","0.09",,,"55","65","45"
"USW00003131","SAN DIEGO MONTGOMERY FIELD, CA US","2003-12-25","0.60",,,"56","60","52"
"USW00003131","SAN DIEGO MONTGOMERY FIELD, CA US","2003-12-26","0.00",,,"51","56","46"
"USW00003131","SAN DIEGO MONTGOMERY FIELD, CA US","2003-12-27","0.00",,,"48","57","38"
"USW00003131","SAN DIEGO MONTGOMERY FIELD, CA US","2003-12-28","0.00",,,"48","61","34"
"USW00003131","SAN DIEGO MONTGOMERY FIELD, CA US","2003-12-29","0.00",,,"49","59","38"
"USW00003131","SAN DIEGO MONTGOMERY FIELD, CA US","2003-12-30","0.00",,,"52","60","43"
"USW00003131","SAN DIEGO MONTGOMERY FIELD, CA US","2003-12-31","0.00",,,"51","65","37"
"USW00003131","SAN DIEGO MONTGOMERY FIELD, CA US","2004-01-01","0.00",,,"52","63","40"
"USW00003131","SAN DIEGO MONTGOMERY FIELD, CA US","2004-01-02","0.39",,,"53","63","42"
"USW00003131","SAN DIEGO MONTGOMERY FIELD, CA US","2004-01-03","0.03",,,"51","57","44"
"USW00003131","SAN DIEGO MONTGOMERY FIELD, CA US","2004-01-04","0.00",,,"51","61","40"
"USW00003131","SAN DIEGO MONTGOMERY FIELD, CA US","2004-01-05","0.00",,,"53","68","38"
"USW00003131","SAN DIEGO MONTGOMERY FIELD, CA US","2004-01-06","0.00",,,"52","64","40"
"USW00003131","SAN DIEGO MONTGOMERY FIELD, CA US","2004-01-07","0.00",,,"58","68","47"
"USW00003131","SAN DIEGO MONTGOMERY FIELD, CA US","2004-01-08","0.00",,,"55","68","42"
"USW00003131","SAN DIEGO MONTGOMERY FIELD, CA US","2004-01-09","0.00",,,"59","71","47"
"USW00003131","SAN DIEGO MONTGOMERY FIELD, CA US","2004-01-10","0.00",,,"59","73","45"
"USW00003131","SAN DIEGO MONTGOMERY FIELD, CA US","2004-01-11","0.00",,,"58","70","45"
"USW00003131","SAN DIEGO MONTGOMERY FIELD, CA US","2004-01-12","0.00",,,"60","70","49"
"USW00003131","SAN DIEGO MONTGOMERY FIELD, CA US","2004-01-13","0.00",,,"63","80","45"
"USW00003131","SAN DIEGO MONTGOMERY FIELD, CA US","2004-01-14","0.00",,,"64","78","49"
"USW00003131","SAN DIEGO MONTGOMERY FIELD, CA US","2004-01-15","0.00",,,"55","62","48"
"USW00003131","SAN DIEGO MONTGOMERY FIELD, CA US","2004-01-16","0.00",,,"57","64","49"
"USW00003131","SAN DIEGO MONTGOMERY FIELD, CA US","2004-01-17","0.00",,,"54","63","45"
"USW00003131","SAN DIEGO MONTGOMERY FIELD, CA US","2004-01-18","0.00",,,"57","63","50"
"USW00003131","SAN DIEGO MONTGOMERY FIELD, CA US","2004-01-19","0.00",,,"58","64","52"
"USW00003131","SAN DIEGO MONTGOMERY FIELD, CA US","2004-01-20","0.00",,,"56","61","50"
"USW00003131","SAN DIEGO MONTGOMERY FIELD, CA US","2004-01-21","0.00",,,"56","65","47"
"USW00003131","SAN DIEGO MONTGOMERY FIELD, CA US","2004-01-22","0.00",,,"55","69","41"
"USW00003131","SAN DIEGO MONTGOMERY FIELD, CA US","2004-01-23","0.00",,,"58","70","45"
"USW00003131","SAN DIEGO MONTGOMERY FIELD, CA US","2004-01-24","0.01",,,"51","58","43"
"USW00003131","SAN DIEGO MONTGOMERY FIELD, CA US","2004-01-25","0.12",,,"54","60","47"
"USW00003131","SAN DIEGO MONTGOMERY FIELD, CA US","2004-01-26","0.00",,,"53","63","42"
"USW00003131","SAN DIEGO MONTGOMERY FIELD, CA US","2004-01-27","0.00",,,"53","61","44"
"USW00003131","SAN DIEGO MONTGOMERY FIELD, CA US","2004-01-28","0.02",,,"56","62","49"
"USW00003131","SAN DIEGO MONTGOMERY FIELD, CA US","2004-01-29","0.01",,,"55","67","43"
"USW00003131","SAN DIEGO MONTGOMERY FIELD, CA US","2004-01-30","0.00",,,"54","62","45"
"USW00003131","SAN DIEGO MONTGOMERY FIELD, CA US","2004-01-31","0.03",,,"53","61","45"
"USW00003131","SAN DIEGO MONTGOMERY FIELD, CA US","2004-02-01","0.00",,,"53","64","42"
"USW00003131","SAN DIEGO MONTGOMERY FIELD, CA US","2004-02-02","0.28",,,"53","63","42"
"USW00003131","SAN DIEGO MONTGOMERY FIELD, CA US","2004-02-03","0.11",,,"53","58","48"
"USW00003131","SAN DIEGO MONTGOMERY FIELD, CA US","2004-02-04","0.00",,,"53","60","46"
"USW00003131","SAN DIEGO MONTGOMERY FIELD, CA US","2004-02-05","0.00",,,"54","65","42"
"USW00003131","SAN DIEGO MONTGOMERY FIELD, CA US","2004-02-06","0.00",,,"54","68","40"
"USW00003131","SAN DIEGO MONTGOMERY FIELD, CA US","2004-02-07","0.00",,,"55","67","42"
"USW00003131","SAN DIEGO MONTGOMERY FIELD, CA US","2004-02-08","0.00",,,"57","70","43"
"USW00003131","SAN DIEGO MONTGOMERY FIELD, CA US","2004-02-09","0.00",,,"54","68","40"
"USW00003131","SAN DIEGO MONTGOMERY FIELD, CA US","2004-02-10","0.00",,,"56","68","43"
"USW00003131","SAN DIEGO MONTGOMERY FIELD, CA US","2004-02-11","0.00",,,"53","66","40"
"USW00003131","SAN DIEGO MONTGOMERY FIELD, CA US","2004-02-12","0.00",,,"57","72","42"
"USW00003131","SAN DIEGO MONTGOMERY FIELD, CA US","2004-02-13","0.00",,,"53","67","39"
"USW00003131","SAN DIEGO MONTGOMERY FIELD, CA US","2004-02-14","0.00",,,"54","65","43"
"USW00003131","SAN DIEGO MONTGOMERY FIELD, CA US","2004-02-15","0.00",,,"52","63","41"
"USW00003131","SAN DIEGO MONTGOMERY FIELD, CA US","2004-02-16","0.00",,,"58","69","47"
"USW00003131","SAN DIEGO MONTGOMERY FIELD, CA US","2004-02-17","0.00",,,"61","74","48"
"USW00003131","SAN DIEGO MONTGOMERY FIELD, CA US","2004-02-18","0.32",,,"57","66","47"
"USW00003131","SAN DIEGO MONTGOMERY FIELD, CA US","2004-02-19","0.00",,,"55","63","47"
"USW00003131","SAN DIEGO MONTGOMERY FIELD, CA US","2004-02-20","0.00",,,"56","60","52"
"USW00003131","SAN DIEGO MONTGOMERY FIELD, CA US","2004-02-21","0.04",,,"53","57","48"
"USW00003131","SAN DIEGO MONTGOMERY FIELD, CA US","2004-02-22","0.89",,,"55","59","50"
"USW00003131","SAN DIEGO MONTGOMERY FIELD, CA US","2004-02-23","0.29",,,"54","59","49"
"USW00003131","SAN DIEGO MONTGOMERY FIELD, CA US","2004-02-24","0.00",,,"53","60","46"
"USW00003131","SAN DIEGO MONTGOMERY FIELD, CA US","2004-02-25","0.00",,,"54","65","43"
"USW00003131","SAN DIEGO MONTGOMERY FIELD, CA US","2004-02-26","0.88",,,"56","59","52"
"USW00003131","SAN DIEGO MONTGOMERY FIELD, CA US","2004-02-27","0.06",,,"53","58","48"
"USW00003131","SAN DIEGO MONTGOMERY FIELD, CA US","2004-02-28","0.00",,,"52","59","45"
"USW00003131","SAN DIEGO MONTGOMERY FIELD, CA US","2004-02-29","0.00",,,"52","60","43"
"USW00003131","SAN DIEGO MONTGOMERY FIELD, CA US","2004-03-01","0.08",,,"52","59","44"
"USW00003131","SAN DIEGO MONTGOMERY FIELD, CA US","2004-03-02","0.18",,,"53","57","48"
"USW00003131","SAN DIEGO MONTGOMERY FIELD, CA US","2004-03-03","0.00",,,"55","65","44"
"USW00003131","SAN DIEGO MONTGOMERY FIELD, CA US","2004-03-04","0.00",,,"57","63","51"
"USW00003131","SAN DIEGO MONTGOMERY FIELD, CA US","2004-03-05","0.00",,,"58","65","51"
"USW00003131","SAN DIEGO MONTGOMERY FIELD, CA US","2004-03-06","0.00",,,"59","70","48"
"USW00003131","SAN DIEGO MONTGOMERY FIELD, CA US","2004-03-07","0.00",,,"67","84","49"
"USW00003131","SAN DIEGO MONTGOMERY FIELD, CA US","2004-03-08","0.00",,,"72","88","56"
"USW00003131","SAN DIEGO MONTGOMERY FIELD, CA US","2004-03-09","0.00",,,"70","83","56"
"USW00003131","SAN DIEGO MONTGOMERY FIELD, CA US","2004-03-10","0.00",,,"64","71","56"
"USW00003131","SAN DIEGO MONTGOMERY FIELD, CA US","2004-03-11","0.00",,,"63","70","55"
"USW00003131","SAN DIEGO MONTGOMERY FIELD, CA US","2004-03-12","0.00",,,"61","65","56"
"USW00003131","SAN DIEGO MONTGOMERY FIELD, CA US","2004-03-13","0.00",,,"62","68","56"
"USW00003131","SAN DIEGO MONTGOMERY FIELD, CA US","2004-03-14","0.00",,,"61","69","52"
"USW00003131","SAN DIEGO MONTGOMERY FIELD, CA US","2004-03-15","0.00",,,"61","68","54"
"USW00003131","SAN DIEGO MONTGOMERY FIELD, CA US","2004-03-16","0.00",,,"63","73","53"
"USW00003131","SAN DIEGO MONTGOMERY FIELD, CA US","2004-03-17","0.00",,,"66","78","53"
"USW00003131","SAN DIEGO MONTGOMERY FIELD, CA US","2004-03-18","0.00",,,"61","67","54"
"USW00003131","SAN DIEGO MONTGOMERY FIELD, CA US","2004-03-19","0.00",,,"61","67","55"
"USW00003131","SAN DIEGO MONTGOMERY FIELD, CA US","2004-03-20","0.00",,,"64","74","54"
"USW00003131","SAN DIEGO MONTGOMERY FIELD, CA US","2004-03-21","0.00",,,"60","65","55"
"USW00003131","SAN DIEGO MONTGOMERY FIELD, CA US","2004-03-22","0.00",,,"64","73","54"
"USW00003131","SAN DIEGO MONTGOMERY FIELD, CA US","2004-03-23","0.00",,,"58","61","55"
"USW00003131","SAN DIEGO MONTGOMERY FIELD, CA US","2004-03-24","0.00",,,"61","65","57"
"USW00003131","SAN DIEGO MONTGOMERY FIELD, CA US","2004-03-25","0.00",,,"61","70","51"
"USW00003131","SAN DIEGO MONTGOMERY FIELD, CA US","2004-03-26","0.01",,,"58","64","52"
"USW00003131","SAN DIEGO MONTGOMERY FIELD, CA US","2004-03-27","0.00",,,"59","69","49"
"USW00003131","SAN DIEGO MONTGOMERY FIELD, CA US","2004-03-28","0.00",,,"70","89","51"
"USW00003131","SAN DIEGO MONTGOMERY FIELD, CA US","2004-03-29","0.00",,,"73","92","54"
"USW00003131","SAN DIEGO MONTGOMERY FIELD, CA US","2004-03-30","0.00",,,"64","73","55"
"USW00003131","SAN DIEGO MONTGOMERY FIELD, CA US","2004-03-31","0.00",,,"60","64","55"
"USW00003131","SAN DIEGO MONTGOMERY FIELD, CA US","2004-04-01","0.20",,,"58","64","52"
"USW00003131","SAN DIEGO MONTGOMERY FIELD, CA US","2004-04-02","0.00",,,"57","64","49"
"USW00003131","SAN DIEGO MONTGOMERY FIELD, CA US","2004-04-03","0.00",,,"60","66","53"
"USW00003131","SAN DIEGO MONTGOMERY FIELD, CA US","2004-04-04","0.00",,,"62","70","54"
"USW00003131","SAN DIEGO MONTGOMERY FIELD, CA US","2004-04-05","0.00",,,"64","70","57"
"USW00003131","SAN DIEGO MONTGOMERY FIELD, CA US","2004-04-06","0.00",,,"61","65","57"
"USW00003131","SAN DIEGO MONTGOMERY FIELD, CA US","2004-04-07","0.00",,,"62","66","57"
"USW00003131","SAN DIEGO MONTGOMERY FIELD, CA US","2004-04-08","0.00",,,"62","65","58"
"USW00003131","SAN DIEGO MONTGOMERY FIELD, CA US","2004-04-09","0.00",,,"64","70","58"
"USW00003131","SAN DIEGO MONTGOMERY FIELD, CA US","2004-04-10","0.00",,,"64","69","59"
"USW00003131","SAN DIEGO MONTGOMERY FIELD, CA US","2004-04-11","0.00",,,"68","78","58"
"USW00003131","SAN DIEGO MONTGOMERY FIELD, CA US","2004-04-12","0.00",,,"65","75","55"
"USW00003131","SAN DIEGO MONTGOMERY FIELD, CA US","2004-04-13","0.00",,,"62","70","54"
"USW00003131","SAN DIEGO MONTGOMERY FIELD, CA US","2004-04-14","0.00",,,"61","68","54"
"USW00003131","SAN DIEGO MONTGOMERY FIELD, CA US","2004-04-15","0.00",,,"60","68","51"
"USW00003131","SAN DIEGO MONTGOMERY FIELD, CA US","2004-04-16","0.00",,,"62","67","56"
"USW00003131","SAN DIEGO MONTGOMERY FIELD, CA US","2004-04-17","0.27",,,"57","61","52"
"USW00003131","SAN DIEGO MONTGOMERY FIELD, CA US","2004-04-18","0.00",,,"57","65","48"
"USW00003131","SAN DIEGO MONTGOMERY FIELD, CA US","2004-04-19","0.00",,,"58","66","50"
"USW00003131","SAN DIEGO MONTGOMERY FIELD, CA US","2004-04-20","0.00",,,"60","68","52"
"USW00003131","SAN DIEGO MONTGOMERY FIELD, CA US","2004-04-21","0.00",,,"62","68","56"
"USW00003131","SAN DIEGO MONTGOMERY FIELD, CA US","2004-04-22","0.00",,,"61","66","55"
"USW00003131","SAN DIEGO MONTGOMERY FIELD, CA US","2004-04-23","0.00",,,"67","82","52"
"USW00003131","SAN DIEGO MONTGOMERY FIELD, CA US","2004-04-24","0.00",,,"67","80","54"
"USW00003131","SAN DIEGO MONTGOMERY FIELD, CA US","2004-04-25","0.00",,,"71","86","55"
"USW00003131","SAN DIEGO MONTGOMERY FIELD, CA US","2004-04-26","0.00",,,"78","97","59"
"USW00003131","SAN DIEGO MONTGOMERY FIELD, CA US","2004-04-27","0.00",,,"74","90","58"
"USW00003131","SAN DIEGO MONTGOMERY FIELD, CA US","2004-04-28","0.00",,,"63","70","56"
"USW00003131","SAN DIEGO MONTGOMERY FIELD, CA US","2004-04-29","0.00",,,"62","67","56"
"USW00003131","SAN DIEGO MONTGOMERY FIELD, CA US","2004-04-30","0.00",,,"61","70","52"
"USW00003131","SAN DIEGO MONTGOMERY FIELD, CA US","2004-05-01","0.00",,,"70","86","54"
"USW00003131","SAN DIEGO MONTGOMERY FIELD, CA US","2004-05-02","0.00",,,"79","98","60"
"USW00003131","SAN DIEGO MONTGOMERY FIELD, CA US","2004-05-03","0.00",,,"85","102","67"
"USW00003131","SAN DIEGO MONTGOMERY FIELD, CA US","2004-05-04","0.00",,,"74","87","61"
"USW00003131","SAN DIEGO MONTGOMERY FIELD, CA US","2004-05-05","0.00",,,"69","80","58"
"USW00003131","SAN DIEGO MONTGOMERY FIELD, CA US","2004-05-06","0.00",,,"75","91","58"
"USW00003131","SAN DIEGO MONTGOMERY FIELD, CA US","2004-05-07","0.00",,,"68","76","59"
"USW00003131","SAN DIEGO MONTGOMERY FIELD, CA US","2004-05-08","0.00",,,"69","80","57"
"USW00003131","SAN DIEGO MONTGOMERY FIELD, CA US","2004-05-09","0.00",,,"69","79","59"
"USW00003131","SAN DIEGO MONTGOMERY FIELD, CA US","2004-05-10","0.00",,,"64","68","60"
"USW00003131","SAN DIEGO MONTGOMERY FIELD, CA US","2004-05-11","0.00",,,"64","70","57"
"USW00003131","SAN DIEGO MONTGOMERY FIELD, CA US","2004-05-12","0.00",,,"63","69","57"
"USW00003131","SAN DIEGO MONTGOMERY FIELD, CA US","2004-05-13","0.00",,,"67","77","57"
"USW00003131","SAN DIEGO MONTGOMERY FIELD, CA US","2004-05-14","0.00",,,"72","84","59"
"USW00003131","SAN DIEGO MONTGOMERY FIELD, CA US","2004-05-15","0.00",,,"68","78","58"
"USW00003131","SAN DIEGO MONTGOMERY FIELD, CA US","2004-05-16","0.00",,,"64","69","59"
"USW00003131","SAN DIEGO MONTGOMERY FIELD, CA US","2004-05-17","0.00",,,"65","69","60"
"USW00003131","SAN DIEGO MONTGOMERY FIELD, CA US","2004-05-18","0.00",,,"65","72","58"
"USW00003131","SAN DIEGO MONTGOMERY FIELD, CA US","2004-05-19","0.00",,,"65","70","59"
"USW00003131","SAN DIEGO MONTGOMERY FIELD, CA US","2004-05-20","0.00",,,"65","69","60"
"USW00003131","SAN DIEGO MONTGOMERY FIELD, CA US","2004-05-21","0.00",,,"63","66","60"
"USW00003131","SAN DIEGO MONTGOMERY FIELD, CA US","2004-05-22","0.00",,,"64","68","59"
"USW00003131","SAN DIEGO MONTGOMERY FIELD, CA US","2004-05-23","0.00",,,"64","68","59"
"USW00003131","SAN DIEGO MONTGOMERY FIELD, CA US","2004-05-24","0.00",,,"62","66","58"
"USW00003131","SAN DIEGO MONTGOMERY FIELD, CA US","2004-05-25","0.00",,,"63","67","59"
"USW00003131","SAN DIEGO MONTGOMERY FIELD, CA US","2004-05-26","0.00",,,"63","68","58"
"USW00003131","SAN DIEGO MONTGOMERY FIELD, CA US","2004-05-27","0.00",,,"63","68","58"
"USW00003131","SAN DIEGO MONTGOMERY FIELD, CA US","2004-05-28","0.00",,,"63","65","60"
"USW00003131","SAN DIEGO MONTGOMERY FIELD, CA US","2004-05-29","0.00",,,"65","71","59"
"USW00003131","SAN DIEGO MONTGOMERY FIELD, CA US","2004-05-30","0.00",,,"68","78","57"
"USW00003131","SAN DIEGO MONTGOMERY FIELD, CA US","2004-05-31","0.00",,,"71","83","58"
"USW00003131","SAN DIEGO MONTGOMERY FIELD, CA US","2004-06-01","0.00",,,"68","76","60"
"USW00003131","SAN DIEGO MONTGOMERY FIELD, CA US","2004-06-02","0.00",,,"68","74","61"
"USW00003131","SAN DIEGO MONTGOMERY FIELD, CA US","2004-06-03","0.00",,,"68","74","61"
"USW00003131","SAN DIEGO MONTGOMERY FIELD, CA US","2004-06-04","0.00",,,"69","76","61"
"USW00003131","SAN DIEGO MONTGOMERY FIELD, CA US","2004-06-05","0.00",,,"70","79","61"
"USW00003131","SAN DIEGO MONTGOMERY FIELD, CA US","2004-06-06","0.00",,,"66","71","60"
"USW00003131","SAN DIEGO MONTGOMERY FIELD, CA US","2004-06-07","0.00",,,"66","69","62"
"USW00003131","SAN DIEGO MONTGOMERY FIELD, CA US","2004-06-08","0.00",,,"65","70","60"
"USW00003131","SAN DIEGO MONTGOMERY FIELD, CA US","2004-06-09","0.00",,,"63","69","56"
"USW00003131","SAN DIEGO MONTGOMERY FIELD, CA US","2004-06-10","0.00",,,"65","73","56"
"USW00003131","SAN DIEGO MONTGOMERY FIELD, CA US","2004-06-11","0.00",,,"64","70","58"
"USW00003131","SAN DIEGO MONTGOMERY FIELD, CA US","2004-06-12","0.00",,,"66","72","60"
"USW00003131","SAN DIEGO MONTGOMERY FIELD, CA US","2004-06-13","0.00",,,"66","73","58"
"USW00003131","SAN DIEGO MONTGOMERY FIELD, CA US","2004-06-14","0.00",,,"65","71","58"
"USW00003131","SAN DIEGO MONTGOMERY FIELD, CA US","2004-06-15","0.00",,,"66","71","61"
"USW00003131","SAN DIEGO MONTGOMERY FIELD, CA US","2004-06-16","0.00",,,"65","67","62"
"USW00003131","SAN DIEGO MONTGOMERY FIELD, CA US","2004-06-17","0.00",,,"66","69","63"
"USW00003131","SAN DIEGO MONTGOMERY FIELD, CA US","2004-06-18","0.00",,,"66","70","62"
"USW00003131","SAN DIEGO MONTGOMERY FIELD, CA US","2004-06-19","0.00",,,"67","71","62"
"USW00003131","SAN DIEGO MONTGOMERY FIELD, CA US","2004-06-20","0.00",,,"66","70","61"
"USW00003131","SAN DIEGO MONTGOMERY FIELD, CA US","2004-06-21","0.00",,,"64","68","60"
"USW00003131","SAN DIEGO MONTGOMERY FIELD, CA US","2004-06-22","0.00",,,"65","69","61"
"USW00003131","SAN DIEGO MONTGOMERY FIELD, CA US","2004-06-23","0.00",,,"68","74","62"
"USW00003131","SAN DIEGO MONTGOMERY FIELD, CA US","2004-06-24","0.00",,,"70","76","63"
"USW00003131","SAN DIEGO MONTGOMERY FIELD, CA US","2004-06-25","0.00",,,"70","78","61"
"USW00003131","SAN DIEGO MONTGOMERY FIELD, CA US","2004-06-26","0.00",,,"68","76","60"
"USW00003131","SAN DIEGO MONTGOMERY FIELD, CA US","2004-06-27","0.00",,,"65","70","60"
"USW00003131","SAN DIEGO MONTGOMERY FIELD, CA US","2004-06-28","0.00",,,"65","68","61"
"USW00003131","SAN DIEGO MONTGOMERY FIELD, CA US","2004-06-29","0.00",,,"66","71","61"
"USW00003131","SAN DIEGO MONTGOMERY FIELD, CA US","2004-06-30","0.00",,,"67","71","62"
"USW00003131","SAN DIEGO MONTGOMERY FIELD, CA US","2004-07-01","0.00",,,"65","72","58"
"USW00003131","SAN DIEGO MONTGOMERY FIELD, CA US","2004-07-02","0.00",,,"68","73","62"
"USW00003131","SAN DIEGO MONTGOMERY FIELD, CA US","2004-07-03","0.00",,,"69","74","63"
"USW00003131","SAN DIEGO MONTGOMERY FIELD, CA US","2004-07-04","0.00",,,"69","74","63"
"USW00003131","SAN DIEGO MONTGOMERY FIELD, CA US","2004-07-05","0.00",,,"70","77","63"
"USW00003131","SAN DIEGO MONTGOMERY FIELD, CA US","2004-07-06","0.00",,,"69","74","63"
"USW00003131","SAN DIEGO MONTGOMERY FIELD, CA US","2004-07-07","0.00",,,"69","74","64"
"USW00003131","SAN DIEGO MONTGOMERY FIELD, CA US","2004-07-08","0.00",,,"69","75","63"
"USW00003131","SAN DIEGO MONTGOMERY FIELD, CA US","2004-07-09","0.00",,,"69","75","63"
"USW00003131","SAN DIEGO MONTGOMERY FIELD, CA US","2004-07-10","0.00",,,"70","75","64"
"USW00003131","SAN DIEGO MONTGOMERY FIELD, CA US","2004-07-11","0.00",,,"72","81","62"
"USW00003131","SAN DIEGO MONTGOMERY FIELD, CA US","2004-07-12","0.00",,,"73","83","62"
"USW00003131","SAN DIEGO MONTGOMERY FIELD, CA US","2004-07-13","0.00",,,"76","89","62"
"USW00003131","SAN DIEGO MONTGOMERY FIELD, CA US","2004-07-14","0.00",,,"75","85","64"
"USW00003131","SAN DIEGO MONTGOMERY FIELD, CA US","2004-07-15","0.00",,,"79","86","72"
"USW00003131","SAN DIEGO MONTGOMERY FIELD, CA US","2004-07-16","0.00",,,"79","88","69"
"USW00003131","SAN DIEGO MONTGOMERY FIELD, CA US","2004-07-17","0.00",,,"76","85","66"
"USW00003131","SAN DIEGO MONTGOMERY FIELD, CA US","2004-07-18","0.00",,,"76","86","66"
"USW00003131","SAN DIEGO MONTGOMERY FIELD, CA US","2004-07-19","0.00",,,"78","87","69"
"USW00003131","SAN DIEGO MONTGOMERY FIELD, CA US","2004-07-20","0.00",,,"76","86","66"
"USW00003131","SAN DIEGO MONTGOMERY FIELD, CA US","2004-07-21","0.00",,,"74","82","65"
"USW00003131","SAN DIEGO MONTGOMERY FIELD, CA US","2004-07-22","0.00",,,"72","79","65"
"USW00003131","SAN DIEGO MONTGOMERY FIELD, CA US","2004-07-23","0.00",,,"71","77","65"
"USW00003131","SAN DIEGO MONTGOMERY FIELD, CA US","2004-07-24","0.00",,,"71","76","65"
"USW00003131","SAN DIEGO MONTGOMERY FIELD, CA US","2004-07-25","0.00",,,"74","83","65"
"USW00003131","SAN DIEGO MONTGOMERY FIELD, CA US","2004-07-26","0.00",,,"73","80","65"
"USW00003131","SAN DIEGO MONTGOMERY FIELD, CA US","2004-07-27","0.00",,,"74","82","65"
"USW00003131","SAN DIEGO MONTGOMERY FIELD, CA US","2004-07-28","0.00",,,"72","80","64"
"USW00003131","SAN DIEGO MONTGOMERY FIELD, CA US","2004-07-29","0.00",,,"71","78","64"
"USW00003131","SAN DIEGO MONTGOMERY FIELD, CA US","2004-07-30","0.00",,,"70","77","63"
"USW00003131","SAN DIEGO MONTGOMERY FIELD, CA US","2004-07-31","0.00",,,"70","76","64"
"USW00003131","SAN DIEGO MONTGOMERY FIELD, CA US","2004-08-01","0.00",,,"69","74","64"
"USW00003131","SAN DIEGO MONTGOMERY FIELD, CA US","2004-08-02","0.00",,,"70","75","65"
"USW00003131","SAN DIEGO MONTGOMERY FIELD, CA US","2004-08-03","0.00",,,"71","76","65"
"USW00003131","SAN DIEGO MONTGOMERY FIELD, CA US","2004-08-04","0.00",,,"69","73","65"
"USW00003131","SAN DIEGO MONTGOMERY FIELD, CA US","2004-08-05","0.00",,,"69","75","63"
"USW00003131","SAN DIEGO MONTGOMERY FIELD, CA US","2004-08-06","0.00",,,"73","84","61"
"USW00003131","SAN DIEGO MONTGOMERY FIELD, CA US","2004-08-07","0.00",,,"74","84","64"
"USW00003131","SAN DIEGO MONTGOMERY FIELD, CA US","2004-08-08","0.00",,,"73","81","65"
"USW00003131","SAN DIEGO MONTGOMERY FIELD, CA US","2004-08-09","0.00",,,"73","82","64"
"USW00003131","SAN DIEGO MONTGOMERY FIELD, CA US","2004-08-10","0.00",,,"74","82","65"
"USW00003131","SAN DIEGO MONTGOMERY FIELD, CA US","2004-08-11","0.00",,,"76","84","67"
"USW00003131","SAN DIEGO MONTGOMERY FIELD, CA US","2004-08-12","0.00",,,"75","85","65"
"USW00003131","SAN DIEGO MONTGOMERY FIELD, CA US","2004-08-13","0.00",,,"75","82","67"
"USW00003131","SAN DIEGO MONTGOMERY FIELD, CA US","2004-08-14","0.00",,,"72","77","66"
"USW00003131","SAN DIEGO MONTGOMERY FIELD, CA US","2004-08-15","0.00",,,"71","76","65"
"USW00003131","SAN DIEGO MONTGOMERY FIELD, CA US","2004-08-16","0.00",,,"70","76","64"
"USW00003131","SAN DIEGO MONTGOMERY FIELD, CA US","2004-08-17","0.00",,,"71","78","64"
"USW00003131","SAN DIEGO MONTGOMERY FIELD, CA US","2004-08-18","0.00",,,"70","77","63"
"USW00003131","SAN DIEGO MONTGOMERY FIELD, CA US","2004-08-19","0.00",,,"71","76","65"
"USW00003131","SAN DIEGO MONTGOMERY FIELD, CA US","2004-08-20","0.00",,,"71","76","65"
"USW00003131","SAN DIEGO MONTGOMERY FIELD, CA US","2004-08-21","0.00",,,"72","77","66"
"USW00003131","SAN DIEGO MONTGOMERY FIELD, CA US","2004-08-22","0.00",,,"72","79","65"
"USW00003131","SAN DIEGO MONTGOMERY FIELD, CA US","2004-08-23","0.00",,,"70","77","63"
"USW00003131","SAN DIEGO MONTGOMERY FIELD, CA US","2004-08-24","0.00",,,"70","77","63"
"USW00003131","SAN DIEGO MONTGOMERY FIELD, CA US","2004-08-25","0.00",,,"70","77","62"
"USW00003131","SAN DIEGO MONTGOMERY FIELD, CA US","2004-08-26","0.00",,,"72","77","66"
"USW00003131","SAN DIEGO MONTGOMERY FIELD, CA US","2004-08-27","0.00",,,"70","76","64"
"USW00003131","SAN DIEGO MONTGOMERY FIELD, CA US","2004-08-28","0.00",,,"71","80","62"
"USW00003131","SAN DIEGO MONTGOMERY FIELD, CA US","2004-08-29","0.00",,,"73","82","64"
"USW00003131","SAN DIEGO MONTGOMERY FIELD, CA US","2004-08-30","0.00",,,"73","82","64"
"USW00003131","SAN DIEGO MONTGOMERY FIELD, CA US","2004-08-31","0.00",,,"75","85","64"
"USW00003131","SAN DIEGO MONTGOMERY FIELD, CA US","2004-09-01","0.01",,,"75","86","63"
"USW00003131","SAN DIEGO MONTGOMERY FIELD, CA US","2004-09-02","0.00",,,"74","84","64"
"USW00003131","SAN DIEGO MONTGOMERY FIELD, CA US","2004-09-03","0.00",,,"68","73","63"
"USW00003131","SAN DIEGO MONTGOMERY FIELD, CA US","2004-09-04","0.00",,,"73","87","59"
"USW00003131","SAN DIEGO MONTGOMERY FIELD, CA US","2004-09-05","0.00",,,"82","99","65"
"USW00003131","SAN DIEGO MONTGOMERY FIELD, CA US","2004-09-06","0.00",,,"75","84","65"
"USW00003131","SAN DIEGO MONTGOMERY FIELD, CA US","2004-09-07","0.00",,,"78","89","67"
"USW00003131","SAN DIEGO MONTGOMERY FIELD, CA US","2004-09-08","0.00",,,"76","82","70"
"USW00003131","SAN DIEGO MONTGOMERY FIELD, CA US","2004-09-09","0.00",,,"79","87","70"
"USW00003131","SAN DIEGO MONTGOMERY FIELD, CA US","2004-09-10","0.00",,,"79","90","68"
"USW00003131","SAN DIEGO MONTGOMERY FIELD, CA US","2004-09-11","0.00",,,"81","92","70"
"USW00003131","SAN DIEGO MONTGOMERY FIELD, CA US","2004-09-12","0.00",,,"74","81","67"
"USW00003131","SAN DIEGO MONTGOMERY FIELD, CA US","2004-09-13","0.00",,,"71","76","66"
"USW00003131","SAN DIEGO MONTGOMERY FIELD, CA US","2004-09-14","0.00",,,"72","75","68"
"USW00003131","SAN DIEGO MONTGOMERY FIELD, CA US","2004-09-15","0.00",,,"73","77","68"
"USW00003131","SAN DIEGO MONTGOMERY FIELD, CA US","2004-09-16","0.00",,,"73","78","68"
"USW00003131","SAN DIEGO MONTGOMERY FIELD, CA US","2004-09-17","0.00",,,"75","81","69"
"USW00003131","SAN DIEGO MONTGOMERY FIELD, CA US","2004-09-18","0.00",,,"73","79","66"
"USW00003131","SAN DIEGO MONTGOMERY FIELD, CA US","2004-09-19","0.00",,,"68","71","64"
"USW00003131","SAN DIEGO MONTGOMERY FIELD, CA US","2004-09-20","0.00",,,"67","74","59"
"USW00003131","SAN DIEGO MONTGOMERY FIELD, CA US","2004-09-21","0.00",,,"73","88","57"
"USW00003131","SAN DIEGO MONTGOMERY FIELD, CA US","2004-09-22","0.00",,,"75","90","59"
"USW00003131","SAN DIEGO MONTGOMERY FIELD, CA US","2004-09-23","0.00",,,"75","88","61"
"USW00003131","SAN DIEGO MONTGOMERY FIELD, CA US","2004-09-24","0.00",,,"74","88","60"
"USW00003131","SAN DIEGO MONTGOMERY FIELD, CA US","2004-09-25","0.00",,,"73","83","62"
"USW00003131","SAN DIEGO MONTGOMERY FIELD, CA US","2004-09-26","0.00",,,"73","81","64"
"USW00003131","SAN DIEGO MONTGOMERY FIELD, CA US","2004-09-27","0.00",,,"73","82","63"
"USW00003131","SAN DIEGO MONTGOMERY FIELD, CA US","2004-09-28","0.00",,,"67","72","62"
"USW00003131","SAN DIEGO MONTGOMERY FIELD, CA US","2004-09-29","0.00",,,"68","74","61"
"USW00003131","SAN DIEGO MONTGOMERY FIELD, CA US","2004-09-30","0.00",,,"65","69","61"
"USW00003131","SAN DIEGO MONTGOMERY FIELD, CA US","2004-10-01","0.00",,,"68","74","61"
"USW00003131","SAN DIEGO MONTGOMERY FIELD, CA US","2004-10-02","0.00",,,"65","73","57"
"USW00003131","SAN DIEGO MONTGOMERY FIELD, CA US","2004-10-03","0.00",,,"68","73","62"
"USW00003131","SAN DIEGO MONTGOMERY FIELD, CA US","2004-10-04","0.00",,,"69","75","62"
"USW00003131","SAN DIEGO MONTGOMERY FIELD, CA US","2004-10-05","0.00",,,"68","75","61"
"USW00003131","SAN DIEGO MONTGOMERY FIELD, CA US","2004-10-06","0.00",,,"67","75","59"
"USW00003131","SAN DIEGO MONTGOMERY FIELD, CA US","2004-10-07","0.00",,,"71","81","60"
"USW00003131","SAN DIEGO MONTGOMERY FIELD, CA US","2004-10-08","0.00",,,"75","90","59"
"USW00003131","SAN DIEGO MONTGOMERY FIELD, CA US","2004-10-09","0.00",,,"68","76","59"
"USW00003131","SAN DIEGO MONTGOMERY FIELD, CA US","2004-10-10","0.00",,,"64","70","57"
"USW00003131","SAN DIEGO MONTGOMERY FIELD, CA US","2004-10-11","0.00",,,"64","71","57"
"USW00003131","SAN DIEGO MONTGOMERY FIELD, CA US","2004-10-12","0.00",,,"69","75","62"
"USW00003131","SAN DIEGO MONTGOMERY FIELD, CA US","2004-10-13","0.00",,,"69","74","63"
"USW00003131","SAN DIEGO MONTGOMERY FIELD, CA US","2004-10-14","0.00",,,"67","76","57"
"USW00003131","SAN DIEGO MONTGOMERY FIELD, CA US","2004-10-15","0.00",,,"68","74","61"
"USW00003131","SAN DIEGO MONTGOMERY FIELD, CA US","2004-10-16","0.00",,,"67","71","62"
"USW00003131","SAN DIEGO MONTGOMERY FIELD, CA US","2004-10-17","0.07",,,"67","71","63"
"USW00003131","SAN DIEGO MONTGOMERY FIELD, CA US","2004-10-18","0.35",,,"66","69","63"
"USW00003131","SAN DIEGO MONTGOMERY FIELD, CA US","2004-10-19","0.75",,,"64","66","61"
"USW00003131","SAN DIEGO MONTGOMERY FIELD, CA US","2004-10-20","0.97",,,"63","67","58"
"USW00003131","SAN DIEGO MONTGOMERY FIELD, CA US","2004-10-21","0.07",,,"59","65","53"
"USW00003131","SAN DIEGO MONTGOMERY FIELD, CA US","2004-10-22","0.00",,,"60","68","52"
"USW00003131","SAN DIEGO MONTGOMERY FIELD, CA US","2004-10-23","0.01",,,"61","70","51"
"USW00003131","SAN DIEGO MONTGOMERY FIELD, CA US","2004-10-24","0.00",,,"62","69","54"
"USW00003131","SAN DIEGO MONTGOMERY FIELD, CA US","2004-10-25","0.00",,,"62","67","57"
"USW00003131","SAN DIEGO MONTGOMERY FIELD, CA US","2004-10-26","0.00",,,"61","66","55"
"USW00003131","SAN DIEGO MONTGOMERY FIELD, CA US","2004-10-27","2.71",,,"56","58","53"
"USW00003131","SAN DIEGO MONTGOMERY FIELD, CA US","2004-10-28","0.12",,,"59","63","54"
"USW00003131","SAN DIEGO MONTGOMERY FIELD, CA US","2004-10-29","0.00",,,"58","66","49"
"USW00003131","SAN DIEGO MONTGOMERY FIELD, CA US","2004-10-30","0.00",,,"59","70","48"
"USW00003131","SAN DIEGO MONTGOMERY FIELD, CA US","2004-10-31","0.00",,,"60","69","50"
"USW00003131","SAN DIEGO MONTGOMERY FIELD, CA US","2004-11-01","0.01",,,"63","75","50"
"USW00003131","SAN DIEGO MONTGOMERY FIELD, CA US","2004-11-02","0.00",,,"61","73","49"
"USW00003131","SAN DIEGO MONTGOMERY FIELD, CA US","2004-11-03","0.00",,,"58","70","46"
"USW00003131","SAN DIEGO MONTGOMERY FIELD, CA US","2004-11-04","0.00",,,"57","64","50"
"USW00003131","SAN DIEGO MONTGOMERY FIELD, CA US","2004-11-05","0.00",,,"56","65","47"
"USW00003131","SAN DIEGO MONTGOMERY FIELD, CA US","2004-11-06","0.00",,,"58","69","46"
"USW00003131","SAN DIEGO MONTGOMERY FIELD, CA US","2004-11-07","0.06",,,"58","65","50"
"USW00003131","SAN DIEGO MONTGOMERY FIELD, CA US","2004-11-08","0.01",,,"59","65","52"
"USW00003131","SAN DIEGO MONTGOMERY FIELD, CA US","2004-11-09","0.00",,,"59","65","52"
"USW00003131","SAN DIEGO MONTGOMERY FIELD, CA US","2004-11-10","0.00",,,"58","67","49"
"USW00003131","SAN DIEGO MONTGOMERY FIELD, CA US","2004-11-11","0.00",,,"59","67","51"
"USW00003131","SAN DIEGO MONTGOMERY FIELD, CA US","2004-11-12","0.00",,,"60","67","52"
"USW00003131","SAN DIEGO MONTGOMERY FIELD, CA US","2004-11-13","0.04",,,"60","69","51"
"USW00003131","SAN DIEGO MONTGOMERY FIELD, CA US","2004-11-14","0.01",,,"62","76","48"
"USW00003131","SAN DIEGO MONTGOMERY FIELD, CA US","2004-11-15","0.00",,,"67","78","55"
"USW00003131","SAN DIEGO MONTGOMERY FIELD, CA US","2004-11-16","0.00",,,"62","73","51"
"USW00003131","SAN DIEGO MONTGOMERY FIELD, CA US","2004-11-17","0.00",,,"63","74","51"
"USW00003131","SAN DIEGO MONTGOMERY FIELD, CA US","2004-11-18","0.00",,,"62","74","49"
"USW00003131","SAN DIEGO MONTGOMERY FIELD, CA US","2004-11-19","0.01",,,"59","69","49"
"USW00003131","SAN DIEGO MONTGOMERY FIELD, CA US","2004-11-20","0.00",,,"59","63","55"
"USW00003131","SAN DIEGO MONTGOMERY FIELD, CA US","2004-11-21","0.21",,,"51","58","43"
"USW00003131","SAN DIEGO MONTGOMERY FIELD, CA US","2004-11-22","0.00",,,"52","60","43"
"USW00003131","SAN DIEGO MONTGOMERY FIELD, CA US","2004-11-23","0.00",,,"52","62","42"
"USW00003131","SAN DIEGO MONTGOMERY FIELD, CA US","2004-11-24","0.01",,,"56","67","45"
"USW00003131","SAN DIEGO MONTGOMERY FIELD, CA US","2004-11-25","0.00",,,"57","69","45"
"USW00003131","SAN DIEGO MONTGOMERY FIELD, CA US","2004-11-26","0.00",,,"60","66","53"
"USW00003131","SAN DIEGO MONTGOMERY FIELD, CA US","2004-11-27","0.08",,,"54","60","48"
"USW00003131","SAN DIEGO MONTGOMERY FIELD, CA US","2004-11-28","0.01",,,"55","63","46"
"USW00003131","SAN DIEGO MONTGOMERY FIELD, CA US","2004-11-29","0.00",,,"51","62","39"
"USW00003131","SAN DIEGO MONTGOMERY FIELD, CA US","2004-11-30","0.00",,,"48","62","34"
"USW00003131","SAN DIEGO MONTGOMERY FIELD, CA US","2004-12-01","0.00",,,"49","63","35"
"USW00003131","SAN DIEGO MONTGOMERY FIELD, CA US","2004-12-02","0.00",,,"51","64","37"
"USW00003131","SAN DIEGO MONTGOMERY FIELD, CA US","2004-12-03","0.00",,,"53","67","38"
"USW00003131","SAN DIEGO MONTGOMERY FIELD, CA US","2004-12-04","0.25",,,"48","55","41"
"USW00003131","SAN DIEGO MONTGOMERY FIELD, CA US","2004-12-05","0.28",,,"51","54","47"
"USW00003131","SAN DIEGO MONTGOMERY FIELD, CA US","2004-12-06","0.00",,,"54","61","46"
"USW00003131","SAN DIEGO MONTGOMERY FIELD, CA US","2004-12-07","0.00",,,"51","57","45"
"USW00003131","SAN DIEGO MONTGOMERY FIELD, CA US","2004-12-08","0.05",,,"57","62","51"
"USW00003131","SAN DIEGO MONTGOMERY FIELD, CA US","2004-12-09","0.01",,,"57","64","49"
"USW00003131","SAN DIEGO MONTGOMERY FIELD, CA US","2004-12-10","0.01",,,"65","82","48"
"USW00003131","SAN DIEGO MONTGOMERY FIELD, CA US","2004-12-11","0.01",,,"63","74","51"
"USW00003131","SAN DIEGO MONTGOMERY FIELD, CA US","2004-12-12","0.00",,,"56","63","49"
"USW00003131","SAN DIEGO MONTGOMERY FIELD, CA US","2004-12-13","0.00",,,"58","63","52"
"USW00003131","SAN DIEGO MONTGOMERY FIELD, CA US","2004-12-14","0.01",,,"62","78","45"
"USW00003131","SAN DIEGO MONTGOMERY FIELD, CA US","2004-12-15","0.00",,,"61","75","46"
"USW00003131","SAN DIEGO MONTGOMERY FIELD, CA US","2004-12-16","0.01",,,"62","76","47"
"USW00003131","SAN DIEGO MONTGOMERY FIELD, CA US","2004-12-17","0.00",,,"61","74","47"
"USW00003131","SAN DIEGO MONTGOMERY FIELD, CA US","2004-12-18","0.00",,,"62","80","43"
"USW00003131","SAN DIEGO MONTGOMERY FIELD, CA US","2004-12-19","0.00",,,"64","80","48"
"USW00003131","SAN DIEGO MONTGOMERY FIELD, CA US","2004-12-20","0.00",,,"57","68","46"
"USW00003131","SAN DIEGO MONTGOMERY FIELD, CA US","2004-12-21","0.00",,,"56","64","48"
"USW00003131","SAN DIEGO MONTGOMERY FIELD, CA US","2004-12-22","0.00",,,"56","68","43"
"USW00003131","SAN DIEGO MONTGOMERY FIELD, CA US","2004-12-23","0.00",,,"54","66","42"
"USW00003131","SAN DIEGO MONTGOMERY FIELD, CA US","2004-12-24","0.00",,,"55","66","44"
"USW00003131","SAN DIEGO MONTGOMERY FIELD, CA US","2004-12-25","0.00",,,"53","66","40"
"USW00003131","SAN DIEGO MONTGOMERY FIELD, CA US","2004-12-26","0.00",,,"51","59","42"
"USW00003131","SAN DIEGO MONTGOMERY FIELD, CA US","2004-12-27","0.00",,,"58","65","50"
"USW00003131","SAN DIEGO MONTGOMERY FIELD, CA US","2004-12-28","0.99",,,"58","61","55"
"USW00003131","SAN DIEGO MONTGOMERY FIELD, CA US","2004-12-29","0.09",,,"57","62","52"
"USW00003131","SAN DIEGO MONTGOMERY FIELD, CA US","2004-12-30","0.03",,,"55","61","48"
"USW00003131","SAN DIEGO MONTGOMERY FIELD, CA US","2004-12-31","0.02",,,"52","58","46"
"USW00003131","SAN DIEGO MONTGOMERY FIELD, CA US","2005-01-01","0.01",,,"51","60","41"
"USW00003131","SAN DIEGO MONTGOMERY FIELD, CA US","2005-01-02","0.00",,,"50","57","42"
"USW00003131","SAN DIEGO MONTGOMERY FIELD, CA US","2005-01-03","1.00",,,"53","58","47"
"USW00003131","SAN DIEGO MONTGOMERY FIELD, CA US","2005-01-04","0.47",,,"48","52","44"
"USW00003131","SAN DIEGO MONTGOMERY FIELD, CA US","2005-01-05","0.04",,,"51","59","43"
"USW00003131","SAN DIEGO MONTGOMERY FIELD, CA US","2005-01-06","0.00",,,"49","57","41"
"USW00003131","SAN DIEGO MONTGOMERY FIELD, CA US","2005-01-07","0.72",,,"49","54","44"
"USW00003131","SAN DIEGO MONTGOMERY FIELD, CA US","2005-01-08","0.19",,,"57","60","54"
"USW00003131","SAN DIEGO MONTGOMERY FIELD, CA US","2005-01-09","1.18",,,"61","64","58"
"USW00003131","SAN DIEGO MONTGOMERY FIELD, CA US","2005-01-10","0.19",,,"59","61","56"
"USW00003131","SAN DIEGO MONTGOMERY FIELD, CA US","2005-01-11","1.10",,,"55","59","50"
"USW00003131","SAN DIEGO MONTGOMERY FIELD, CA US","2005-01-12","0.00",,,"53","61","44"
"USW00003131","SAN DIEGO MONTGOMERY FIELD, CA US","2005-01-13","0.00",,,"53","63","42"
"USW00003131","SAN DIEGO MONTGOMERY FIELD, CA US","2005-01-14","0.00",,,"56","67","44"
"USW00003131","SAN DIEGO MONTGOMERY FIELD, CA US","2005-01-15","0.00",,,"57","71","43"
"USW00003131","SAN DIEGO MONTGOMERY FIELD, CA US","2005-01-16","0.00",,,"60","75","44"
"USW00003131","SAN DIEGO MONTGOMERY FIELD, CA US","2005-01-17","0.00",,,"64","81","47"
"USW00003131","SAN DIEGO MONTGOMERY FIELD, CA US","2005-01-18","0.00",,,"66","81","50"
"USW00003131","SAN DIEGO MONTGOMERY FIELD, CA US","2005-01-19","0.00",,,"69","85","52"
"USW00003131","SAN DIEGO MONTGOMERY FIELD, CA US","2005-01-20","0.00",,,"64","74","53"
"USW00003131","SAN DIEGO MONTGOMERY FIELD, CA US","2005-01-21","0.00",,,"60","69","51"
"USW00003131","SAN DIEGO MONTGOMERY FIELD, CA US","2005-01-22","0.00",,,"64","76","51"
"USW00003131","SAN DIEGO MONTGOMERY FIELD, CA US","2005-01-23","0.01",,,"62","73","50"
"USW00003131","SAN DIEGO MONTGOMERY FIELD, CA US","2005-01-24","0.00",,,"61","70","51"
"USW00003131","SAN DIEGO MONTGOMERY FIELD, CA US","2005-01-25","0.01",,,"61","69","52"
"USW00003131","SAN DIEGO MONTGOMERY FIELD, CA US","2005-01-26","0.11",,,"60","63","56"
"USW00003131","SAN DIEGO MONTGOMERY FIELD, CA US","2005-01-27","0.00",,,"56","62","49"
"USW00003131","SAN DIEGO MONTGOMERY FIELD, CA US","2005-01-28","0.23",,,"55","63","46"
"USW00003131","SAN DIEGO MONTGOMERY FIELD, CA US","2005-01-29","0.03",,,"53","60","45"
"USW00003131","SAN DIEGO MONTGOMERY FIELD, CA US","2005-01-30","0.00",,,"53","63","42"
"USW00003131","SAN DIEGO MONTGOMERY FIELD, CA US","2005-01-31","0.00",,,"56","69","42"
"USW00003131","SAN DIEGO MONTGOMERY FIELD, CA US","2005-02-01","0.00",,,"57","71","42"
"USW00003131","SAN DIEGO MONTGOMERY FIELD, CA US","2005-02-02","0.00",,,"60","70","50"
"USW00003131","SAN DIEGO MONTGOMERY FIELD, CA US","2005-02-03","0.00",,,"60","69","50"
"USW00003131","SAN DIEGO MONTGOMERY FIELD, CA US","2005-02-04","0.00",,,"61","75","47"
"USW00003131","SAN DIEGO MONTGOMERY FIELD, CA US","2005-02-05","0.00",,,"55","65","45"
"USW00003131","SAN DIEGO MONTGOMERY FIELD, CA US","2005-02-06","0.00",,,"53","57","49"
"USW00003131","SAN DIEGO MONTGOMERY FIELD, CA US","2005-02-07","0.00",,,"55","61","49"
"USW00003131","SAN DIEGO MONTGOMERY FIELD, CA US","2005-02-08","0.00",,,"56","64","47"
"USW00003131","SAN DIEGO MONTGOMERY FIELD, CA US","2005-02-09","0.00",,,"60","73","47"
"USW00003131","SAN DIEGO MONTGOMERY FIELD, CA US","2005-02-10","0.08",,,"59","65","52"
"USW00003131","SAN DIEGO MONTGOMERY FIELD, CA US","2005-02-11","0.65",,,"59","63","54"
"USW00003131","SAN DIEGO MONTGOMERY FIELD, CA US","2005-02-12","0.77",,,"56","58","53"
"USW00003131","SAN DIEGO MONTGOMERY FIELD, CA US","2005-02-13","0.33",,,"60","65","55"
"USW00003131","SAN DIEGO MONTGOMERY FIELD, CA US","2005-02-14","0.03",,,"56","61","50"
"USW00003131","SAN DIEGO MONTGOMERY FIELD, CA US","2005-02-15","0.00",,,"55","62","48"
"USW00003131","SAN DIEGO MONTGOMERY FIELD, CA US","2005-02-16","0.00",,,"58","70","46"
"USW00003131","SAN DIEGO MONTGOMERY FIELD, CA US","2005-02-17","0.04",,,"60","67","52"
"USW00003131","SAN DIEGO MONTGOMERY FIELD, CA US","2005-02-18","0.46",,,"60","65","54"
"USW00003131","SAN DIEGO MONTGOMERY FIELD, CA US","2005-02-19","0.28",,,"58","62","53"
"USW00003131","SAN DIEGO MONTGOMERY FIELD, CA US","2005-02-20","0.01",,,"57","63","50"
"USW00003131","SAN DIEGO MONTGOMERY FIELD, CA US","2005-02-21","1.78",,,"58","61","54"
"USW00003131","SAN DIEGO MONTGOMERY FIELD, CA US","2005-02-22","1.08",,,"57","62","52"
"USW00003131","SAN DIEGO MONTGOMERY FIELD, CA US","2005-02-23","0.21",,,"56","60","51"
"USW00003131","SAN DIEGO MONTGOMERY FIELD, CA US","2005-02-24","0.00",,,"54","63","45"
"USW00003131","SAN DIEGO MONTGOMERY FIELD, CA US","2005-02-25","0.00",,,"56","64","48"
"USW00003131","SAN DIEGO MONTGOMERY FIELD, CA US","2005-02-26","0.00",,,"59","62","55"
"USW00003131","SAN DIEGO MONTGOMERY FIELD, CA US","2005-02-27","0.00",,,"57","64","50"
"USW00003131","SAN DIEGO MONTGOMERY FIELD, CA US","2005-02-28","0.00",,,"57","64","49"
"USW00003131","SAN DIEGO MONTGOMERY FIELD, CA US","2005-03-01","0.00",,,"58","64","52"
"USW00003131","SAN DIEGO MONTGOMERY FIELD, CA US","2005-03-02","0.03",,,"60","66","53"
"USW00003131","SAN DIEGO MONTGOMERY FIELD, CA US","2005-03-03","0.01",,,"58","64","52"
"USW00003131","SAN DIEGO MONTGOMERY FIELD, CA US","2005-03-04","1.05",,,"56","61","51"
"USW00003131","SAN DIEGO MONTGOMERY FIELD, CA US","2005-03-05","0.63",,,"57","63","50"
"USW00003131","SAN DIEGO MONTGOMERY FIELD, CA US","2005-03-06","0.00",,,"57","63","51"
"USW00003131","SAN DIEGO MONTGOMERY FIELD, CA US","2005-03-07","0.00",,,"60","68","52"
"USW00003131","SAN DIEGO MONTGOMERY FIELD, CA US","2005-03-08","0.00",,,"61","66","55"
"USW00003131","SAN DIEGO MONTGOMERY FIELD, CA US","2005-03-09","0.00",,,"61","67","54"
"USW00003131","SAN DIEGO MONTGOMERY FIELD, CA US","2005-03-10","0.01",,,"63","71","54"
"USW00003131","SAN DIEGO MONTGOMERY FIELD, CA US","2005-03-11","0.00",,,"62","67","56"
"USW00003131","SAN DIEGO MONTGOMERY FIELD, CA US","2005-03-12","0.01",,,"60","64","56"
"USW00003131","SAN DIEGO MONTGOMERY FIELD, CA US","2005-03-13","0.00",,,"60","62","57"
"USW00003131","SAN DIEGO MONTGOMERY FIELD, CA US","2005-03-14","0.01",,,"58","66","50"
"USW00003131","SAN DIEGO MONTGOMERY FIELD, CA US","2005-03-15","0.00",,,"62","74","49"
"USW00003131","SAN DIEGO MONTGOMERY FIELD, CA US","2005-03-16","0.00",,,"60","75","44"
"USW00003131","SAN DIEGO MONTGOMERY FIELD, CA US","2005-03-17","0.00",,,"59","67","51"
"USW00003131","SAN DIEGO MONTGOMERY FIELD, CA US","2005-03-18","0.00",,,"58","63","53"
"USW00003131","SAN DIEGO MONTGOMERY FIELD, CA US","2005-03-19","0.00",,,,,
"USW00003131","SAN DIEGO MONTGOMERY FIELD, CA US","2005-03-20","0.00",,,,,
"USW00003131","SAN DIEGO MONTGOMERY FIELD, CA US","2005-03-21","0.00",,,,,
"USW00003131","SAN DIEGO MONTGOMERY FIELD, CA US","2005-03-22","0.47",,,"59","67","50"
"USW00003131","SAN DIEGO MONTGOMERY FIELD, CA US","2005-03-23","0.00",,,"57","61","53"
"USW00003131","SAN DIEGO MONTGOMERY FIELD, CA US","2005-03-24","0.17",,,"56","61","51"
"USW00003131","SAN DIEGO MONTGOMERY FIELD, CA US","2005-03-25","0.00",,,"57","64","49"
"USW00003131","SAN DIEGO MONTGOMERY FIELD, CA US","2005-03-26","0.00",,,"59","72","46"
"USW00003131","SAN DIEGO MONTGOMERY FIELD, CA US","2005-03-27","0.00",,,"62","74","50"
"USW00003131","SAN DIEGO MONTGOMERY FIELD, CA US","2005-03-28","0.02",,,"58","64","52"
"USW00003131","SAN DIEGO MONTGOMERY FIELD, CA US","2005-03-29","0.00",,,"57","65","49"
"USW00003131","SAN DIEGO MONTGOMERY FIELD, CA US","2005-03-30","0.00",,,"60","69","51"
"USW00003131","SAN DIEGO MONTGOMERY FIELD, CA US","2005-03-31","0.00",,,"63","78","48"
"USW00003131","SAN DIEGO MONTGOMERY FIELD, CA US","2005-04-01","0.00",,,"63","79","47"
"USW00003131","SAN DIEGO MONTGOMERY FIELD, CA US","2005-04-02","0.00",,,"65","80","50"
"USW00003131","SAN DIEGO MONTGOMERY FIELD, CA US","2005-04-03","0.00",,,"59","67","51"
"USW00003131","SAN DIEGO MONTGOMERY FIELD, CA US","2005-04-04","0.00",,,"58","64","51"
"USW00003131","SAN DIEGO MONTGOMERY FIELD, CA US","2005-04-05","0.00",,,"63","80","46"
"USW00003131","SAN DIEGO MONTGOMERY FIELD, CA US","2005-04-06","0.00",,,"71","88","53"
"USW00003131","SAN DIEGO MONTGOMERY FIELD, CA US","2005-04-07","0.00",,,"61","71","50"
"USW00003131","SAN DIEGO MONTGOMERY FIELD, CA US","2005-04-08","0.00",,,"57","64","49"
"USW00003131","SAN DIEGO MONTGOMERY FIELD, CA US","2005-04-09","0.00",,,"57","63","50"
"USW00003131","SAN DIEGO MONTGOMERY FIELD, CA US","2005-04-10","0.00",,,"59","70","47"
"USW00003131","SAN DIEGO MONTGOMERY FIELD, CA US","2005-04-11","0.00",,,"63","77","49"
"USW00003131","SAN DIEGO MONTGOMERY FIELD, CA US","2005-04-12","0.00",,,"64","76","52"
"USW00003131","SAN DIEGO MONTGOMERY FIELD, CA US","2005-04-13","0.00",,,"60","69","50"
"USW00003131","SAN DIEGO MONTGOMERY FIELD, CA US","2005-04-14","0.00",,,"61","71","51"
"USW00003131","SAN DIEGO MONTGOMERY FIELD, CA US","2005-04-15","0.00",,,"61","72","49"
"USW00003131","SAN DIEGO MONTGOMERY FIELD, CA US","2005-04-16","0.00",,,"62","72","51"
"USW00003131","SAN DIEGO MONTGOMERY FIELD, CA US","2005-04-17","0.00",,,"61","68","53"
"USW00003131","SAN DIEGO MONTGOMERY FIELD, CA US","2005-04-18","0.01",,,"59","64","54"
"USW00003131","SAN DIEGO MONTGOMERY FIELD, CA US","2005-04-19","0.00",,,"56","62","49"
"USW00003131","SAN DIEGO MONTGOMERY FIELD, CA US","2005-04-20","0.00",,,"57","69","45"
"USW00003131","SAN DIEGO MONTGOMERY FIELD, CA US","2005-04-21","0.00",,,"62","74","50"
"USW00003131","SAN DIEGO MONTGOMERY FIELD, CA US","2005-04-22","0.02",,,"57","62","52"
"USW00003131","SAN DIEGO MONTGOMERY FIELD, CA US","2005-04-23","0.00",,,"59","68","49"
"USW00003131","SAN DIEGO MONTGOMERY FIELD, CA US","2005-04-24","0.01",,,"60","66","54"
"USW00003131","SAN DIEGO MONTGOMERY FIELD, CA US","2005-04-25","0.00",,,"58","66","50"
"USW00003131","SAN DIEGO MONTGOMERY FIELD, CA US","2005-04-26","0.00",,,"60","68","51"
"USW00003131","SAN DIEGO MONTGOMERY FIELD, CA US","2005-04-27","0.00",,,"60","65","54"
"USW00003131","SAN DIEGO MONTGOMERY FIELD, CA US","2005-04-28","0.40",,,"61","65","56"
"USW00003131","SAN DIEGO MONTGOMERY FIELD, CA US","2005-04-29","0.00",,,"60","67","53"
"USW00003131","SAN DIEGO MONTGOMERY FIELD, CA US","2005-04-30","0.00",,,"62","71","52"
"USW00003131","SAN DIEGO MONTGOMERY FIELD, CA US","2005-05-01","0.00",,,"62","69","55"
"USW00003131","SAN DIEGO MONTGOMERY FIELD, CA US","2005-05-02","0.00",,,"62","70","54"
"USW00003131","SAN DIEGO MONTGOMERY FIELD, CA US","2005-05-03","0.00",,,"63","71","55"
"USW00003131","SAN DIEGO MONTGOMERY FIELD, CA US","2005-05-04","0.00",,,"64","68","59"
"USW00003131","SAN DIEGO MONTGOMERY FIELD, CA US","2005-05-05","0.25",,,"63","67","59"
"USW00003131","SAN DIEGO MONTGOMERY FIELD, CA US","2005-05-06","0.03",,,"63","68","58"
"USW00003131","SAN DIEGO MONTGOMERY FIELD, CA US","2005-05-07","0.00",,,"60","67","53"
"USW00003131","SAN DIEGO MONTGOMERY FIELD, CA US","2005-05-08","0.00",,,"61","69","52"
"USW00003131","SAN DIEGO MONTGOMERY FIELD, CA US","2005-05-09","0.00",,,"63","71","55"
"USW00003131","SAN DIEGO MONTGOMERY FIELD, CA US","2005-05-10","0.00",,,"61","69","53"
"USW00003131","SAN DIEGO MONTGOMERY FIELD, CA US","2005-05-11","0.00",,,"61","72","50"
"USW00003131","SAN DIEGO MONTGOMERY FIELD, CA US","2005-05-12",,,,,,
"USW00003131","SAN DIEGO MONTGOMERY FIELD, CA US","2005-05-13","0.00",,,"69","84","53"
"USW00003131","SAN DIEGO MONTGOMERY FIELD, CA US","2005-05-14","0.00",,,"70","82","58"
"USW00003131","SAN DIEGO MONTGOMERY FIELD, CA US","2005-05-15","0.00",,,"69","77","60"
"USW00003131","SAN DIEGO MONTGOMERY FIELD, CA US","2005-05-16","0.00",,,"65","69","60"
"USW00003131","SAN DIEGO MONTGOMERY FIELD, CA US","2005-05-17","0.00",,,"64","70","57"
"USW00003131","SAN DIEGO MONTGOMERY FIELD, CA US","2005-05-18","0.00",,,"65","73","57"
"USW00003131","SAN DIEGO MONTGOMERY FIELD, CA US","2005-05-19","0.00",,,"68","78","57"
"USW00003131","SAN DIEGO MONTGOMERY FIELD, CA US","2005-05-20","0.00",,,"71","81","60"
"USW00003131","SAN DIEGO MONTGOMERY FIELD, CA US","2005-05-21","0.00",,,"71","83","59"
"USW00003131","SAN DIEGO MONTGOMERY FIELD, CA US","2005-05-22","0.01",,,"68","78","58"
"USW00003131","SAN DIEGO MONTGOMERY FIELD, CA US","2005-05-23","0.00",,,"66","72","59"
"USW00003131","SAN DIEGO MONTGOMERY FIELD, CA US","2005-05-24","0.00",,,"67","71","62"
"USW00003131","SAN DIEGO MONTGOMERY FIELD, CA US","2005-05-25","0.00",,,"69","76","61"
"USW00003131","SAN DIEGO MONTGOMERY FIELD, CA US","2005-05-26","0.00",,,"67","74","60"
"USW00003131","SAN DIEGO MONTGOMERY FIELD, CA US","2005-05-27","0.00",,,"66","71","60"
"USW00003131","SAN DIEGO MONTGOMERY FIELD, CA US","2005-05-28","0.00",,,"66","71","61"
"USW00003131","SAN DIEGO MONTGOMERY FIELD, CA US","2005-05-29","0.00",,,"66","72","60"
"USW00003131","SAN DIEGO MONTGOMERY FIELD, CA US","2005-05-30","0.00",,,"66","72","60"
"USW00003131","SAN DIEGO MONTGOMERY FIELD, CA US","2005-05-31","0.00",,,"66","72","60"
"USW00003131","SAN DIEGO MONTGOMERY FIELD, CA US","2005-06-01","0.00",,,"65","70","60"
"USW00003131","SAN DIEGO MONTGOMERY FIELD, CA US","2005-06-02","0.00",,,"65","68","61"
"USW00003131","SAN DIEGO MONTGOMERY FIELD, CA US","2005-06-03","0.00",,,"66","72","60"
"USW00003131","SAN DIEGO MONTGOMERY FIELD, CA US","2005-06-04","0.00",,,"65","70","60"
"USW00003131","SAN DIEGO MONTGOMERY FIELD, CA US","2005-06-05","0.00",,,"65","68","61"
"USW00003131","SAN DIEGO MONTGOMERY FIELD, CA US","2005-06-06","0.00",,,"67","73","60"
"USW00003131","SAN DIEGO MONTGOMERY FIELD, CA US","2005-06-07","0.00",,,"65","73","57"
"USW00003131","SAN DIEGO MONTGOMERY FIELD, CA US","2005-06-08","0.00",,,"65","74","56"
"USW00003131","SAN DIEGO MONTGOMERY FIELD, CA US","2005-06-09","0.00",,,"65","67","62"
"USW00003131","SAN DIEGO MONTGOMERY FIELD, CA US","2005-06-10","0.00",,,"66","71","61"
"USW00003131","SAN DIEGO MONTGOMERY FIELD, CA US","2005-06-11","0.00",,,"65","69","61"
"USW00003131","SAN DIEGO MONTGOMERY FIELD, CA US","2005-06-12","0.00",,,"66","70","62"
"USW00003131","SAN DIEGO MONTGOMERY FIELD, CA US","2005-06-13","0.00",,,"69","76","62"
"USW00003131","SAN DIEGO MONTGOMERY FIELD, CA US","2005-06-14","0.00",,,"66","68","63"
"USW00003131","SAN DIEGO MONTGOMERY FIELD, CA US","2005-06-15","0.00",,,"66","70","62"
"USW00003131","SAN DIEGO MONTGOMERY FIELD, CA US","2005-06-16","0.00",,,"67","71","62"
"USW00003131","SAN DIEGO MONTGOMERY FIELD, CA US","2005-06-17","0.00",,,"68","74","62"
"USW00003131","SAN DIEGO MONTGOMERY FIELD, CA US","2005-06-18","0.00",,,"66","73","59"
"USW00003131","SAN DIEGO MONTGOMERY FIELD, CA US","2005-06-19","0.00",,,"66","76","56"
"USW00003131","SAN DIEGO MONTGOMERY FIELD, CA US","2005-06-20","0.00",,,"69","79","59"
"USW00003131","SAN DIEGO MONTGOMERY FIELD, CA US","2005-06-21","0.00",,,"72","81","62"
"USW00003131","SAN DIEGO MONTGOMERY FIELD, CA US","2005-06-22","0.00",,,"71","81","61"
"USW00003131","SAN DIEGO MONTGOMERY FIELD, CA US","2005-06-23","0.00",,,"68","75","61"
"USW00003131","SAN DIEGO MONTGOMERY FIELD, CA US","2005-06-24","0.00",,,"68","77","59"
"USW00003131","SAN DIEGO MONTGOMERY FIELD, CA US","2005-06-25","0.00",,,"66","72","60"
"USW00003131","SAN DIEGO MONTGOMERY FIELD, CA US","2005-06-26","0.00",,,"67","74","60"
"USW00003131","SAN DIEGO MONTGOMERY FIELD, CA US","2005-06-27","0.00",,,"67","73","60"
"USW00003131","SAN DIEGO MONTGOMERY FIELD, CA US","2005-06-28","0.00",,,"69","75","62"
"USW00003131","SAN DIEGO MONTGOMERY FIELD, CA US","2005-06-29","0.00",,,"69","76","62"
"USW00003131","SAN DIEGO MONTGOMERY FIELD, CA US","2005-06-30","0.00",,,"68","74","61"
"USW00003131","SAN DIEGO MONTGOMERY FIELD, CA US","2005-07-01","0.00",,,"69","77","61"
"USW00003131","SAN DIEGO MONTGOMERY FIELD, CA US","2005-07-02","0.00",,,"70","76","63"
"USW00003131","SAN DIEGO MONTGOMERY FIELD, CA US","2005-07-03","0.00",,,"70","76","63"
"USW00003131","SAN DIEGO MONTGOMERY FIELD, CA US","2005-07-04","0.00",,,"70","77","62"
"USW00003131","SAN DIEGO MONTGOMERY FIELD, CA US","2005-07-05","0.00",,,"70","77","62"
"USW00003131","SAN DIEGO MONTGOMERY FIELD, CA US","2005-07-06","0.00",,,"69","74","63"
"USW00003131","SAN DIEGO MONTGOMERY FIELD, CA US","2005-07-07","0.00",,,"70","76","63"
"USW00003131","SAN DIEGO MONTGOMERY FIELD, CA US","2005-07-08","0.00",,,"68","73","63"
"USW00003131","SAN DIEGO MONTGOMERY FIELD, CA US","2005-07-09","0.00",,,"68","74","62"
"USW00003131","SAN DIEGO MONTGOMERY FIELD, CA US","2005-07-10","0.00",,,"68","74","62"
"USW00003131","SAN DIEGO MONTGOMERY FIELD, CA US","2005-07-11","0.00",,,"68","74","62"
"USW00003131","SAN DIEGO MONTGOMERY FIELD, CA US","2005-07-12","0.00",,,"70","76","63"
"USW00003131","SAN DIEGO MONTGOMERY FIELD, CA US","2005-07-13","0.00",,,"73","83","62"
"USW00003131","SAN DIEGO MONTGOMERY FIELD, CA US","2005-07-14","0.00",,,"77","89","64"
"USW00003131","SAN DIEGO MONTGOMERY FIELD, CA US","2005-07-15","0.00",,,"71","79","63"
"USW00003131","SAN DIEGO MONTGOMERY FIELD, CA US","2005-07-16","0.00",,,"70","76","63"
"USW00003131","SAN DIEGO MONTGOMERY FIELD, CA US","2005-07-17","0.00",,,"73","82","64"
"USW00003131","SAN DIEGO MONTGOMERY FIELD, CA US","2005-07-18","0.00",,,"72","78","65"
"USW00003131","SAN DIEGO MONTGOMERY FIELD, CA US","2005-07-19","0.00",,,"73","80","65"
"USW00003131","SAN DIEGO MONTGOMERY FIELD, CA US","2005-07-20","0.00",,,"80","93","67"
"USW00003131","SAN DIEGO MONTGOMERY FIELD, CA US","2005-07-21","0.00",,,"81","92","69"
"USW00003131","SAN DIEGO MONTGOMERY FIELD, CA US","2005-07-22","0.00",,,"81","92","69"
"USW00003131","SAN DIEGO MONTGOMERY FIELD, CA US","2005-07-23","0.00",,,"73","78","67"
"USW00003131","SAN DIEGO MONTGOMERY FIELD, CA US","2005-07-24","0.00",,,"74","80","67"
"USW00003131","SAN DIEGO MONTGOMERY FIELD, CA US","2005-07-25","0.00",,,"75","83","67"
"USW00003131","SAN DIEGO MONTGOMERY FIELD, CA US","2005-07-26","0.00",,,"75","83","67"
"USW00003131","SAN DIEGO MONTGOMERY FIELD, CA US","2005-07-27","0.00",,,"76","84","68"
"USW00003131","SAN DIEGO MONTGOMERY FIELD, CA US","2005-07-28","0.00",,,"75","82","68"
"USW00003131","SAN DIEGO MONTGOMERY FIELD, CA US","2005-07-29","0.00",,,"74","79","68"
"USW00003131","SAN DIEGO MONTGOMERY FIELD, CA US","2005-07-30","0.00",,,"74","80","68"
"USW00003131","SAN DIEGO MONTGOMERY FIELD, CA US","2005-07-31","0.00",,,"75","82","68"
"USW00003131","SAN DIEGO MONTGOMERY FIELD, CA US","2005-08-01","0.00",,,,"80","67"
"USW00003131","SAN DIEGO MONTGOMERY FIELD, CA US","2005-08-02","0.00",,,,"79","66"
"USW00003131","SAN DIEGO MONTGOMERY FIELD, CA US","2005-08-03","0.00",,,,"80","65"
"USW00003131","SAN DIEGO MONTGOMERY FIELD, CA US","2005-08-04","0.00",,,,"81","65"
"USW00003131","SAN DIEGO MONTGOMERY FIELD, CA US","2005-08-05","0.00",,,,"78","66"
"USW00003131","SAN DIEGO MONTGOMERY FIELD, CA US","2005-08-06","0.00",,,,"81","67"
"USW00003131","SAN DIEGO MONTGOMERY FIELD, CA US","2005-08-07","0.00",,,,"81","67"
"USW00003131","SAN DIEGO MONTGOMERY FIELD, CA US","2005-08-08","0.00",,,,"83","67"
"USW00003131","SAN DIEGO MONTGOMERY FIELD, CA US","2005-08-09","0.00",,,,"84","67"
"USW00003131","SAN DIEGO MONTGOMERY FIELD, CA US","2005-08-10","0.00",,,,"79","67"
"USW00003131","SAN DIEGO MONTGOMERY FIELD, CA US","2005-08-11","0.00",,,,"79","67"
"USW00003131","SAN DIEGO MONTGOMERY FIELD, CA US","2005-08-12","0.00",,,,"75","66"
"USW00003131","SAN DIEGO MONTGOMERY FIELD, CA US","2005-08-13","0.00",,,,"74","66"
"USW00003131","SAN DIEGO MONTGOMERY FIELD, CA US","2005-08-14","0.00",,,,"75","65"
"USW00003131","SAN DIEGO MONTGOMERY FIELD, CA US","2005-08-15","0.00",,,,"75","65"
"USW00003131","SAN DIEGO MONTGOMERY FIELD, CA US","2005-08-16","0.00",,,,"78","65"
"USW00003131","SAN DIEGO MONTGOMERY FIELD, CA US","2005-08-17","0.00",,,,"80","64"
"USW00003131","SAN DIEGO MONTGOMERY FIELD, CA US","2005-08-18","0.00",,,,"79","65"
"USW00003131","SAN DIEGO MONTGOMERY FIELD, CA US","2005-08-19","0.00",,,,"77","62"
"USW00003131","SAN DIEGO MONTGOMERY FIELD, CA US","2005-08-20","0.00",,,,"79","65"
"USW00003131","SAN DIEGO MONTGOMERY FIELD, CA US","2005-08-21","0.00",,,,"79","64"
"USW00003131","SAN DIEGO MONTGOMERY FIELD, CA US","2005-08-22","0.00",,,,"81","63"
"USW00003131","SAN DIEGO MONTGOMERY FIELD, CA US","2005-08-23","0.00",,,,"75","63"
"USW00003131","SAN DIEGO MONTGOMERY FIELD, CA US","2005-08-24","0.00",,,,"87","62"
"USW00003131","SAN DIEGO MONTGOMERY FIELD, CA US","2005-08-25","0.00",,,,"93","67"
"USW00003131","SAN DIEGO MONTGOMERY FIELD, CA US","2005-08-26","0.00",,,,"94","69"
"USW00003131","SAN DIEGO MONTGOMERY FIELD, CA US","2005-08-27","0.00",,,,"93","70"
"USW00003131","SAN DIEGO MONTGOMERY FIELD, CA US","2005-08-28","0.00",,,,"91","68"
"USW00003131","SAN DIEGO MONTGOMERY FIELD, CA US","2005-08-29","0.00",,,,"86","66"
"USW00003131","SAN DIEGO MONTGOMERY FIELD, CA US","2005-08-30","0.00",,,,"81","65"
"USW00003131","SAN DIEGO MONTGOMERY FIELD, CA US","2005-08-31","0.00",,,,"76","64"
"USW00003131","SAN DIEGO MONTGOMERY FIELD, CA US","2005-09-01","0.00",,,,"78","64"
"USW00003131","SAN DIEGO MONTGOMERY FIELD, CA US","2005-09-02","0.00",,,,"80","63"
"USW00003131","SAN DIEGO MONTGOMERY FIELD, CA US","2005-09-03","0.00",,,,"82","62"
"USW00003131","SAN DIEGO MONTGOMERY FIELD, CA US","2005-09-04","0.00",,,,"85","62"
"USW00003131","SAN DIEGO MONTGOMERY FIELD, CA US","2005-09-05","0.00",,,,"87","59"
"USW00003131","SAN DIEGO MONTGOMERY FIELD, CA US","2005-09-06","0.01",,,,"85","58"
"USW00003131","SAN DIEGO MONTGOMERY FIELD, CA US","2005-09-07","0.00",,,,"83","61"
"USW00003131","SAN DIEGO MONTGOMERY FIELD, CA US","2005-09-08","0.00",,,,"79","64"
"USW00003131","SAN DIEGO MONTGOMERY FIELD, CA US","2005-09-09","0.00",,,,"71","63"
"USW00003131","SAN DIEGO MONTGOMERY FIELD, CA US","2005-09-10","0.00",,,,"70","65"
"USW00003131","SAN DIEGO MONTGOMERY FIELD, CA US","2005-09-11","0.00",,,,"72","60"
"USW00003131","SAN DIEGO MONTGOMERY FIELD, CA US","2005-09-12","0.00",,,,"74","57"
"USW00003131","SAN DIEGO MONTGOMERY FIELD, CA US","2005-09-13","0.00",,,,"71","58"
"USW00003131","SAN DIEGO MONTGOMERY FIELD, CA US","2005-09-14","0.00",,,,"73","57"
"USW00003131","SAN DIEGO MONTGOMERY FIELD, CA US","2005-09-15","0.00",,,,"72","62"
"USW00003131","SAN DIEGO MONTGOMERY FIELD, CA US","2005-09-16","0.00",,,,"74","62"
"USW00003131","SAN DIEGO MONTGOMERY FIELD, CA US","2005-09-17","0.00",,,,"77","60"
"USW00003131","SAN DIEGO MONTGOMERY FIELD, CA US","2005-09-18","0.00",,,,"74","59"
"USW00003131","SAN DIEGO MONTGOMERY FIELD, CA US","2005-09-19","0.01",,,,"77","63"
"USW00003131","SAN DIEGO MONTGOMERY FIELD, CA US","2005-09-20","0.13",,,,"82","64"
"USW00003131","SAN DIEGO MONTGOMERY FIELD, CA US","2005-09-21","0.00",,,,"81","63"
"USW00003131","SAN DIEGO MONTGOMERY FIELD, CA US","2005-09-22","0.00",,,,"85","58"
"USW00003131","SAN DIEGO MONTGOMERY FIELD, CA US","2005-09-23","0.00",,,,"76","62"
"USW00003131","SAN DIEGO MONTGOMERY FIELD, CA US","2005-09-24","0.00",,,,"75","62"
"USW00003131","SAN DIEGO MONTGOMERY FIELD, CA US","2005-09-25","0.00",,,,"77","56"
"USW00003131","SAN DIEGO MONTGOMERY FIELD, CA US","2005-09-26","0.00",,,,"90","60"
"USW00003131","SAN DIEGO MONTGOMERY FIELD, CA US","2005-09-27","0.00",,,,"84","60"
"USW00003131","SAN DIEGO MONTGOMERY FIELD, CA US","2005-09-28","0.00",,,,"93","56"
"USW00003131","SAN DIEGO MONTGOMERY FIELD, CA US","2005-09-29","0.00",,,,"95","62"
"USW00003131","SAN DIEGO MONTGOMERY FIELD, CA US","2005-09-30","0.00",,,,"88","63"
"USW00003131","SAN DIEGO MONTGOMERY FIELD, CA US","2005-10-01","0.00",,,,"83","64"
"USW00003131","SAN DIEGO MONTGOMERY FIELD, CA US","2005-10-02","0.00",,,,"76","63"
"USW00003131","SAN DIEGO MONTGOMERY FIELD, CA US","2005-10-03","0.00",,,,"76","59"
"USW00003131","SAN DIEGO MONTGOMERY FIELD, CA US","2005-10-04","0.00",,,,"78","57"
"USW00003131","SAN DIEGO MONTGOMERY FIELD, CA US","2005-10-05","0.00",,,,"90","57"
"USW00003131","SAN DIEGO MONTGOMERY FIELD, CA US","2005-10-06","0.00",,,,"94","61"
"USW00003131","SAN DIEGO MONTGOMERY FIELD, CA US","2005-10-07","0.00",,,,"84","59"
"USW00003131","SAN DIEGO MONTGOMERY FIELD, CA US","2005-10-08","0.00",,,,"68","57"
"USW00003131","SAN DIEGO MONTGOMERY FIELD, CA US","2005-10-09","0.00",,,,"72","53"
"USW00003131","SAN DIEGO MONTGOMERY FIELD, CA US","2005-10-10","0.00",,,,"83","54"
"USW00003131","SAN DIEGO MONTGOMERY FIELD, CA US","2005-10-11","0.00",,,,"74","59"
"USW00003131","SAN DIEGO MONTGOMERY FIELD, CA US","2005-10-12","0.00",,,,"73","59"
"USW00003131","SAN DIEGO MONTGOMERY FIELD, CA US","2005-10-13","0.00",,,,"84","54"
"USW00003131","SAN DIEGO MONTGOMERY FIELD, CA US","2005-10-14","0.02",,,,"94","59"
"USW00003131","SAN DIEGO MONTGOMERY FIELD, CA US","2005-10-15","0.00",,,,"69","56"
"USW00003131","SAN DIEGO MONTGOMERY FIELD, CA US","2005-10-16","0.04",,,,"70","56"
"USW00003131","SAN DIEGO MONTGOMERY FIELD, CA US","2005-10-17","0.29",,,,"66","57"
"USW00003131","SAN DIEGO MONTGOMERY FIELD, CA US","2005-10-18","0.30",,,,"67","55"
"USW00003131","SAN DIEGO MONTGOMERY FIELD, CA US","2005-10-19","0.01",,,,"69","52"
"USW00003131","SAN DIEGO MONTGOMERY FIELD, CA US","2005-10-20","0.00",,,,"71","57"
"USW00003131","SAN DIEGO MONTGOMERY FIELD, CA US","2005-10-21","0.00",,,,"65","60"
"USW00003131","SAN DIEGO MONTGOMERY FIELD, CA US","2005-10-22","0.00",,,,"63","60"
"USW00003131","SAN DIEGO MONTGOMERY FIELD, CA US","2005-10-23","0.00",,,,"65","60"
"USW00003131","SAN DIEGO MONTGOMERY FIELD, CA US","2005-10-24","0.00",,,,"62","59"
"USW00003131","SAN DIEGO MONTGOMERY FIELD, CA US","2005-10-25","0.02",,,,"68","59"
"USW00003131","SAN DIEGO MONTGOMERY FIELD, CA US","2005-10-26","0.00",,,,"69","58"
"USW00003131","SAN DIEGO MONTGOMERY FIELD, CA US","2005-10-27","0.00",,,,"70","59"
"USW00003131","SAN DIEGO MONTGOMERY FIELD, CA US","2005-10-28","0.00",,,,"70","53"
"USW00003131","SAN DIEGO MONTGOMERY FIELD, CA US","2005-10-29","0.00",,,,"71","51"
"USW00003131","SAN DIEGO MONTGOMERY FIELD, CA US","2005-10-30","0.01",,,,"74","52"
"USW00003131","SAN DIEGO MONTGOMERY FIELD, CA US","2005-10-31","0.00",,,,"86","53"
"USW00003131","SAN DIEGO MONTGOMERY FIELD, CA US","2005-11-01","0.00",,,,"88","56"
"USW00003131","SAN DIEGO MONTGOMERY FIELD, CA US","2005-11-02","0.00",,,,"75","52"
"USW00003131","SAN DIEGO MONTGOMERY FIELD, CA US","2005-11-03","0.00",,,,"68","57"
"USW00003131","SAN DIEGO MONTGOMERY FIELD, CA US","2005-11-04","0.00",,,,"70","50"
"USW00003131","SAN DIEGO MONTGOMERY FIELD, CA US","2005-11-05","0.00",,,,"71","49"
"USW00003131","SAN DIEGO MONTGOMERY FIELD, CA US","2005-11-06","0.01",,,,"69","51"
"USW00003131","SAN DIEGO MONTGOMERY FIELD, CA US","2005-11-07","0.00",,,,"68","56"
"USW00003131","SAN DIEGO MONTGOMERY FIELD, CA US","2005-11-08","0.00",,,,"65","58"
"USW00003131","SAN DIEGO MONTGOMERY FIELD, CA US","2005-11-09","0.00",,,,"68","60"
"USW00003131","SAN DIEGO MONTGOMERY FIELD, CA US","2005-11-10","0.07",,,,"66","58"
"USW00003131","SAN DIEGO MONTGOMERY FIELD, CA US","2005-11-11","0.02",,,,"67","53"
"USW00003131","SAN DIEGO MONTGOMERY FIELD, CA US","2005-11-12","0.01",,,,"69","48"
"USW00003131","SAN DIEGO MONTGOMERY FIELD, CA US","2005-11-13","0.02",,,,"75","49"
"USW00003131","SAN DIEGO MONTGOMERY FIELD, CA US","2005-11-14","0.00",,,,"74","50"
"USW00003131","SAN DIEGO MONTGOMERY FIELD, CA US","2005-11-15","0.00",,,,"86","50"
"USW00003131","SAN DIEGO MONTGOMERY FIELD, CA US","2005-11-16","0.00",,,,"81","48"
"USW00003131","SAN DIEGO MONTGOMERY FIELD, CA US","2005-11-17","0.00",,,,"82","49"
"USW00003131","SAN DIEGO MONTGOMERY FIELD, CA US","2005-11-18","0.00",,,,"86","51"
"USW00003131","SAN DIEGO MONTGOMERY FIELD, CA US","2005-11-19","0.00",,,,"83","46"
"USW00003131","SAN DIEGO MONTGOMERY FIELD, CA US","2005-11-20","0.00",,,,"87","51"
"USW00003131","SAN DIEGO MONTGOMERY FIELD, CA US","2005-11-21","0.00",,,,"83","52"
"USW00003131","SAN DIEGO MONTGOMERY FIELD, CA US","2005-11-22","0.00",,,,"82","51"
"USW00003131","SAN DIEGO MONTGOMERY FIELD, CA US","2005-11-23","0.00",,,,"76","56"
"USW00003131","SAN DIEGO MONTGOMERY FIELD, CA US","2005-11-24","0.00",,,,"69","47"
"USW00003131","SAN DIEGO MONTGOMERY FIELD, CA US","2005-11-25","0.01",,,,"68","50"
"USW00003131","SAN DIEGO MONTGOMERY FIELD, CA US","2005-11-26","0.03",,,,"63","49"
"USW00003131","SAN DIEGO MONTGOMERY FIELD, CA US","2005-11-27","0.00",,,,"65","42"
"USW00003131","SAN DIEGO MONTGOMERY FIELD, CA US","2005-11-28","0.00",,,,"69","42"
"USW00003131","SAN DIEGO MONTGOMERY FIELD, CA US","2005-11-29","0.00",,,,"67","43"
"USW00003131","SAN DIEGO MONTGOMERY FIELD, CA US","2005-11-30","0.00",,,,"68","52"
"USW00003131","SAN DIEGO MONTGOMERY FIELD, CA US","2005-12-01","0.00",,,,"69","52"
"USW00003131","SAN DIEGO MONTGOMERY FIELD, CA US","2005-12-02","0.03",,,,"68","49"
"USW00003131","SAN DIEGO MONTGOMERY FIELD, CA US","2005-12-03","0.04",,,,"64","46"
"USW00003131","SAN DIEGO MONTGOMERY FIELD, CA US","2005-12-04","0.00",,,,"68","43"
"USW00003131","SAN DIEGO MONTGOMERY FIELD, CA US","2005-12-05","0.00",,,,"68","38"
"USW00003131","SAN DIEGO MONTGOMERY FIELD, CA US","2005-12-06","0.00",,,,"71","37"
"USW00003131","SAN DIEGO MONTGOMERY FIELD, CA US","2005-12-07","0.00",,,,"67","39"
"USW00003131","SAN DIEGO MONTGOMERY FIELD, CA US","2005-12-08","0.00",,,,"70","47"
"USW00003131","SAN DIEGO MONTGOMERY FIELD, CA US","2005-12-09","0.00",,,,"74","51"
"USW00003131","SAN DIEGO MONTGOMERY FIELD, CA US","2005-12-10","0.00",,,,"75","44"
"USW00003131","SAN DIEGO MONTGOMERY FIELD, CA US","2005-12-11","0.00",,,,"72","46"
"USW00003131","SAN DIEGO MONTGOMERY FIELD, CA US","2005-12-12","0.00",,,,"64","46"
"USW00003131","SAN DIEGO MONTGOMERY FIELD, CA US","2005-12-13","0.01",,,,"64","42"
"USW00003131","SAN DIEGO MONTGOMERY FIELD, CA US","2005-12-14","0.00",,,,"62","43"
"USW00003131","SAN DIEGO MONTGOMERY FIELD, CA US","2005-12-15","0.00",,,,"62","47"
"USW00003131","SAN DIEGO MONTGOMERY FIELD, CA US","2005-12-16","0.01",,,,"61","45"
"USW00003131","SAN DIEGO MONTGOMERY FIELD, CA US","2005-12-17","0.00",,,,"59","46"
"USW00003131","SAN DIEGO MONTGOMERY FIELD, CA US","2005-12-18","0.00",,,,"61","46"
"USW00003131","SAN DIEGO MONTGOMERY FIELD, CA US","2005-12-19","0.00",,,,"79","44"
"USW00003131","SAN DIEGO MONTGOMERY FIELD, CA US","2005-12-20","0.00",,,,"76","46"
"USW00003131","SAN DIEGO MONTGOMERY FIELD, CA US","2005-12-21","0.00",,,,"83","54"
"USW00003131","SAN DIEGO MONTGOMERY FIELD, CA US","2005-12-22","0.00",,,,"69","51"
"USW00003131","SAN DIEGO MONTGOMERY FIELD, CA US","2005-12-23","0.00",,,,"73","52"
"USW00003131","SAN DIEGO MONTGOMERY FIELD, CA US","2005-12-24","0.01",,,,"71","48"
"USW00003131","SAN DIEGO MONTGOMERY FIELD, CA US","2005-12-25","0.00",,,,"67","50"
"USW00003131","SAN DIEGO MONTGOMERY FIELD, CA US","2005-12-26","0.00",,,,"65","53"
"USW00003131","SAN DIEGO MONTGOMERY FIELD, CA US","2005-12-27","0.01",,,,"68","49"
"USW00003131","SAN DIEGO MONTGOMERY FIELD, CA US","2005-12-28","0.00",,,,"64","51"
"USW00003131","SAN DIEGO MONTGOMERY FIELD, CA US","2005-12-29","0.00",,,,"65","49"
"USW00003131","SAN DIEGO MONTGOMERY FIELD, CA US","2005-12-30","0.01",,,,"66","46"
"USW00003131","SAN DIEGO MONTGOMERY FIELD, CA US","2005-12-31","0.22",,,,"62","48"
"USW00003131","SAN DIEGO MONTGOMERY FIELD, CA US","2006-01-01","0.20",,,,"63","52"
"USW00003131","SAN DIEGO MONTGOMERY FIELD, CA US","2006-01-02","0.38",,,,"62","50"
"USW00003131","SAN DIEGO MONTGOMERY FIELD, CA US","2006-01-03","0.01",,,,"62","46"
"USW00003131","SAN DIEGO MONTGOMERY FIELD, CA US","2006-01-04","0.01",,,,"77","45"
"USW00003131","SAN DIEGO MONTGOMERY FIELD, CA US","2006-01-05","0.00",,,,"82","50"
"USW00003131","SAN DIEGO MONTGOMERY FIELD, CA US","2006-01-06","0.00",,,,"85","53"
"USW00003131","SAN DIEGO MONTGOMERY FIELD, CA US","2006-01-07","0.00",,,,"66","47"
"USW00003131","SAN DIEGO MONTGOMERY FIELD, CA US","2006-01-08","0.01",,,,"65","45"
"USW00003131","SAN DIEGO MONTGOMERY FIELD, CA US","2006-01-09","0.01",,,,"79","44"
"USW00003131","SAN DIEGO MONTGOMERY FIELD, CA US","2006-01-10","0.00",,,,"74","47"
"USW00003131","SAN DIEGO MONTGOMERY FIELD, CA US","2006-01-11","0.00",,,,"68","43"
"USW00003131","SAN DIEGO MONTGOMERY FIELD, CA US","2006-01-12","0.00",,,,"68","45"
"USW00003131","SAN DIEGO MONTGOMERY FIELD, CA US","2006-01-13","0.01",,,,"66","45"
"USW00003131","SAN DIEGO MONTGOMERY FIELD, CA US","2006-01-14","0.00",,,,"63","49"
"USW00003131","SAN DIEGO MONTGOMERY FIELD, CA US","2006-01-15","0.00",,,,"59","42"
"USW00003131","SAN DIEGO MONTGOMERY FIELD, CA US","2006-01-16","0.00",,,,"64","39"
"USW00003131","SAN DIEGO MONTGOMERY FIELD, CA US","2006-01-17","0.00",,,,"69","40"
"USW00003131","SAN DIEGO MONTGOMERY FIELD, CA US","2006-01-18","0.00",,,,"65","41"
"USW00003131","SAN DIEGO MONTGOMERY FIELD, CA US","2006-01-19","0.00",,,,"61","48"
"USW00003131","SAN DIEGO MONTGOMERY FIELD, CA US","2006-01-20","0.00",,,,"67","40"
"USW00003131","SAN DIEGO MONTGOMERY FIELD, CA US","2006-01-21","0.00",,,,"65","36"
"USW00003131","SAN DIEGO MONTGOMERY FIELD, CA US","2006-01-22","0.00",,,,"70","38"
"USW00003131","SAN DIEGO MONTGOMERY FIELD, CA US","2006-01-23","0.00",,,,"71","42"
"USW00003131","SAN DIEGO MONTGOMERY FIELD, CA US","2006-01-24","0.00",,,,"70","42"
"USW00003131","SAN DIEGO MONTGOMERY FIELD, CA US","2006-01-25","0.00",,,,"62","43"
"USW00003131","SAN DIEGO MONTGOMERY FIELD, CA US","2006-01-26","0.00",,,,"62","43"
"USW00003131","SAN DIEGO MONTGOMERY FIELD, CA US","2006-01-27","0.00",,,,"62","45"
"USW00003131","SAN DIEGO MONTGOMERY FIELD, CA US","2006-01-28","0.00",,,,"64","41"
"USW00003131","SAN DIEGO MONTGOMERY FIELD, CA US","2006-01-29","0.00",,,,"63","42"
"USW00003131","SAN DIEGO MONTGOMERY FIELD, CA US","2006-01-30","0.01",,,,"64","44"
"USW00003131","SAN DIEGO MONTGOMERY FIELD, CA US","2006-01-31","0.00",,,,"64","47"
"USW00003131","SAN DIEGO MONTGOMERY FIELD, CA US","2006-02-01","0.00",,,,"66","47"
"USW00003131","SAN DIEGO MONTGOMERY FIELD, CA US","2006-02-02","0.00",,,,"67","43"
"USW00003131","SAN DIEGO MONTGOMERY FIELD, CA US","2006-02-03","0.01",,,,"72","47"
"USW00003131","SAN DIEGO MONTGOMERY FIELD, CA US","2006-02-04","0.00",,,,"65","51"
"USW00003131","SAN DIEGO MONTGOMERY FIELD, CA US","2006-02-05","0.00",,,,"68","52"
"USW00003131","SAN DIEGO MONTGOMERY FIELD, CA US","2006-02-06","0.01",,,,"81","42"
"USW00003131","SAN DIEGO MONTGOMERY FIELD, CA US","2006-02-07","0.00",,,,"79","44"
"USW00003131","SAN DIEGO MONTGOMERY FIELD, CA US","2006-02-08","0.00",,,,"84","47"
"USW00003131","SAN DIEGO MONTGOMERY FIELD, CA US","2006-02-09","0.00",,,,"68","47"
"USW00003131","SAN DIEGO MONTGOMERY FIELD, CA US","2006-02-10","0.01",,,,"70","46"
"USW00003131","SAN DIEGO MONTGOMERY FIELD, CA US","2006-02-11","0.00",,,,"76","47"
"USW00003131","SAN DIEGO MONTGOMERY FIELD, CA US","2006-02-12","0.00",,,,"84","47"
"USW00003131","SAN DIEGO MONTGOMERY FIELD, CA US","2006-02-13","0.00",,,,"78","48"
"USW00003131","SAN DIEGO MONTGOMERY FIELD, CA US","2006-02-14","0.00",,,,"66","46"
"USW00003131","SAN DIEGO MONTGOMERY FIELD, CA US","2006-02-15","0.00",,,,"61","44"
"USW00003131","SAN DIEGO MONTGOMERY FIELD, CA US","2006-02-16","0.00",,,,"61","42"
"USW00003131","SAN DIEGO MONTGOMERY FIELD, CA US","2006-02-17","0.01",,,,"59","45"
"USW00003131","SAN DIEGO MONTGOMERY FIELD, CA US","2006-02-18","0.02",,,,"59","45"
"USW00003131","SAN DIEGO MONTGOMERY FIELD, CA US","2006-02-19","0.38",,,,"59","45"
"USW00003131","SAN DIEGO MONTGOMERY FIELD, CA US","2006-02-20","0.00",,,,"57","39"
"USW00003131","SAN DIEGO MONTGOMERY FIELD, CA US","2006-02-21","0.00",,,,"59","41"
"USW00003131","SAN DIEGO MONTGOMERY FIELD, CA US","2006-02-22","0.00",,,,"65","38"
"USW00003131","SAN DIEGO MONTGOMERY FIELD, CA US","2006-02-23","0.00",,,,"69","40"
"USW00003131","SAN DIEGO MONTGOMERY FIELD, CA US","2006-02-24","0.00",,,,"66","45"
"USW00003131","SAN DIEGO MONTGOMERY FIELD, CA US","2006-02-25","0.01",,,,"73","40"
"USW00003131","SAN DIEGO MONTGOMERY FIELD, CA US","2006-02-26","0.00",,,,"76","48"
"USW00003131","SAN DIEGO MONTGOMERY FIELD, CA US","2006-02-27","0.43",,,,"70","49"
"USW00003131","SAN DIEGO MONTGOMERY FIELD, CA US","2006-02-28","0.46",,,,"64","53"
"USW00003131","SAN DIEGO MONTGOMERY FIELD, CA US","2006-03-01","0.01",,,,"62","48"
"USW00003131","SAN DIEGO MONTGOMERY FIELD, CA US","2006-03-02","0.00",,,,"61","44"
"USW00003131","SAN DIEGO MONTGOMERY FIELD, CA US","2006-03-03","0.05",,,,"61","42"
"USW00003131","SAN DIEGO MONTGOMERY FIELD, CA US","2006-03-04","0.00",,,,"60","43"
"USW00003131","SAN DIEGO MONTGOMERY FIELD, CA US","2006-03-05","0.00",,,,"65","42"
"USW00003131","SAN DIEGO MONTGOMERY FIELD, CA US","2006-03-06","0.00",,,,"67","47"
"USW00003131","SAN DIEGO MONTGOMERY FIELD, CA US","2006-03-07","0.11",,,,"60","53"
"USW00003131","SAN DIEGO MONTGOMERY FIELD, CA US","2006-03-08","0.01",,,,"62","47"
"USW00003131","SAN DIEGO MONTGOMERY FIELD, CA US","2006-03-09","0.02",,,,"59","45"
"USW00003131","SAN DIEGO MONTGOMERY FIELD, CA US","2006-03-10","0.09",,,,"57","48"
"USW00003131","SAN DIEGO MONTGOMERY FIELD, CA US","2006-03-11","0.52",,,,"54","42"
"USW00003131","SAN DIEGO MONTGOMERY FIELD, CA US","2006-03-12","0.10",,,,"57","44"
"USW00003131","SAN DIEGO MONTGOMERY FIELD, CA US","2006-03-13","0.00",,,,"59","42"
"USW00003131","SAN DIEGO MONTGOMERY FIELD, CA US","2006-03-14","0.00",,,,"61","40"
"USW00003131","SAN DIEGO MONTGOMERY FIELD, CA US","2006-03-15","0.00",,,,"61","47"
"USW00003131","SAN DIEGO MONTGOMERY FIELD, CA US","2006-03-16","0.00",,,,"63","48"
"USW00003131","SAN DIEGO MONTGOMERY FIELD, CA US","2006-03-17","0.20",,,,"63","44"
"USW00003131","SAN DIEGO MONTGOMERY FIELD, CA US","2006-03-18","0.32",,,,"58","47"
"USW00003131","SAN DIEGO MONTGOMERY FIELD, CA US","2006-03-19","0.01",,,,"58","43"
"USW00003131","SAN DIEGO MONTGOMERY FIELD, CA US","2006-03-20","0.02",,,,"58","45"
"USW00003131","SAN DIEGO MONTGOMERY FIELD, CA US","2006-03-21","0.36",,,,"57","46"
"USW00003131","SAN DIEGO MONTGOMERY FIELD, CA US","2006-03-22","0.00",,,,"63","40"
"USW00003131","SAN DIEGO MONTGOMERY FIELD, CA US","2006-03-23","0.00",,,,"76","45"
"USW00003131","SAN DIEGO MONTGOMERY FIELD, CA US","2006-03-24","0.00",,,,"73","46"
"USW00003131","SAN DIEGO MONTGOMERY FIELD, CA US","2006-03-25","0.00",,,,"67","48"
"USW00003131","SAN DIEGO MONTGOMERY FIELD, CA US","2006-03-26","0.03",,,,"63","53"
"USW00003131","SAN DIEGO MONTGOMERY FIELD, CA US","2006-03-27","0.00",,,,"64","49"
"USW00003131","SAN DIEGO MONTGOMERY FIELD, CA US","2006-03-28","0.46",,,,"68","53"
"USW00003131","SAN DIEGO MONTGOMERY FIELD, CA US","2006-03-29","0.11",,,,"62","49"
"USW00003131","SAN DIEGO MONTGOMERY FIELD, CA US","2006-03-30","0.00",,,,"63","51"
"USW00003131","SAN DIEGO MONTGOMERY FIELD, CA US","2006-03-31","0.00",,,,"60","51"
"USW00003131","SAN DIEGO MONTGOMERY FIELD, CA US","2006-04-01","0.00",,,,"65","51"
"USW00003131","SAN DIEGO MONTGOMERY FIELD, CA US","2006-04-02","0.00",,,,"68","48"
"USW00003131","SAN DIEGO MONTGOMERY FIELD, CA US","2006-04-03","0.00",,,,"73","51"
"USW00003131","SAN DIEGO MONTGOMERY FIELD, CA US","2006-04-04","0.66",,,,"71","54"
"USW00003131","SAN DIEGO MONTGOMERY FIELD, CA US","2006-04-05","0.48",,,,"60","51"
"USW00003131","SAN DIEGO MONTGOMERY FIELD, CA US","2006-04-06","0.00",,,,"62","46"
"USW00003131","SAN DIEGO MONTGOMERY FIELD, CA US","2006-04-07","0.00",,,,"63","45"
"USW00003131","SAN DIEGO MONTGOMERY FIELD, CA US","2006-04-08","0.00",,,,"69","47"
"USW00003131","SAN DIEGO MONTGOMERY FIELD, CA US","2006-04-09","0.01",,,,"65","49"
"USW00003131","SAN DIEGO MONTGOMERY FIELD, CA US","2006-04-10","0.01",,,,"64","47"
"USW00003131","SAN DIEGO MONTGOMERY FIELD, CA US","2006-04-11","0.00",,,,"67","54"
"USW00003131","SAN DIEGO MONTGOMERY FIELD, CA US","2006-04-12","0.00",,,,"68","49"
"USW00003131","SAN DIEGO MONTGOMERY FIELD, CA US","2006-04-13","0.00",,,,"81","53"
"USW00003131","SAN DIEGO MONTGOMERY FIELD, CA US","2006-04-14","0.24",,,,"68","57"
"USW00003131","SAN DIEGO MONTGOMERY FIELD, CA US","2006-04-15","0.08",,,,"63","55"
"USW00003131","SAN DIEGO MONTGOMERY FIELD, CA US","2006-04-16","0.00",,,,"65","55"
"USW00003131","SAN DIEGO MONTGOMERY FIELD, CA US","2006-04-17","0.00",,,,"64","51"
"USW00003131","SAN DIEGO MONTGOMERY FIELD, CA US","2006-04-18","0.00",,,,"73","48"
"USW00003131","SAN DIEGO MONTGOMERY FIELD, CA US","2006-04-19","0.00",,,,"74","51"
"USW00003131","SAN DIEGO MONTGOMERY FIELD, CA US","2006-04-20","0.00",,,,"74","52"
"USW00003131","SAN DIEGO MONTGOMERY FIELD, CA US","2006-04-21","0.00",,,,"68","57"
"USW00003131","SAN DIEGO MONTGOMERY FIELD, CA US","2006-04-22","0.00",,,,"65","57"
"USW00003131","SAN DIEGO MONTGOMERY FIELD, CA US","2006-04-23","0.15",,,,"65","52"
"USW00003131","SAN DIEGO MONTGOMERY FIELD, CA US","2006-04-24","0.00",,,,"67","51"
"USW00003131","SAN DIEGO MONTGOMERY FIELD, CA US","2006-04-25","0.00",,,,"64","55"
"USW00003131","SAN DIEGO MONTGOMERY FIELD, CA US","2006-04-26","0.05",,,,"65","54"
"USW00003131","SAN DIEGO MONTGOMERY FIELD, CA US","2006-04-27","0.00",,,,"61","53"
"USW00003131","SAN DIEGO MONTGOMERY FIELD, CA US","2006-04-28","0.01",,,,"67","56"
"USW00003131","SAN DIEGO MONTGOMERY FIELD, CA US","2006-04-29","0.00",,,,"71","55"
"USW00003131","SAN DIEGO MONTGOMERY FIELD, CA US","2006-04-30","0.00",,,,"73","60"
"USW00003131","SAN DIEGO MONTGOMERY FIELD, CA US","2006-05-01","0.00",,,,"74","61"
"USW00003131","SAN DIEGO MONTGOMERY FIELD, CA US","2006-05-02","0.00",,,,"70","60"
"USW00003131","SAN DIEGO MONTGOMERY FIELD, CA US","2006-05-03","0.00",,,,"65","59"
"USW00003131","SAN DIEGO MONTGOMERY FIELD, CA US","2006-05-04","0.00",,,,"67","60"
"USW00003131","SAN DIEGO MONTGOMERY FIELD, CA US","2006-05-05","0.00",,,,"67","59"
"USW00003131","SAN DIEGO MONTGOMERY FIELD, CA US","2006-05-06","0.00",,,,"68","59"
"USW00003131","SAN DIEGO MONTGOMERY FIELD, CA US","2006-05-07","0.00",,,,"71","59"
"USW00003131","SAN DIEGO MONTGOMERY FIELD, CA US","2006-05-08","0.00",,,,"69","59"
"USW00003131","SAN DIEGO MONTGOMERY FIELD, CA US","2006-05-09","0.00",,,,"69","59"
"USW00003131","SAN DIEGO MONTGOMERY FIELD, CA US","2006-05-10","0.00",,,,"75","60"
"USW00003131","SAN DIEGO MONTGOMERY FIELD, CA US","2006-05-11","0.00",,,,"72","62"
"USW00003131","SAN DIEGO MONTGOMERY FIELD, CA US","2006-05-12","0.00",,,,"70","60"
"USW00003131","SAN DIEGO MONTGOMERY FIELD, CA US","2006-05-13","0.00",,,,"70","58"
"USW00003131","SAN DIEGO MONTGOMERY FIELD, CA US","2006-05-14","0.00",,,,"71","58"
"USW00003131","SAN DIEGO MONTGOMERY FIELD, CA US","2006-05-15","0.00",,,,"72","59"
"USW00003131","SAN DIEGO MONTGOMERY FIELD, CA US","2006-05-16","0.00",,,,"72","60"
"USW00003131","SAN DIEGO MONTGOMERY FIELD, CA US","2006-05-17","0.00",,,,"71","61"
"USW00003131","SAN DIEGO MONTGOMERY FIELD, CA US","2006-05-18","0.00",,,,"72","61"
"USW00003131","SAN DIEGO MONTGOMERY FIELD, CA US","2006-05-19","0.00",,,,"72","61"
"USW00003131","SAN DIEGO MONTGOMERY FIELD, CA US","2006-05-20","0.00",,,,"73","61"
"USW00003131","SAN DIEGO MONTGOMERY FIELD, CA US","2006-05-21","0.00",,,,"70","60"
"USW00003131","SAN DIEGO MONTGOMERY FIELD, CA US","2006-05-22","0.64",,,,"70","57"
"USW00003131","SAN DIEGO MONTGOMERY FIELD, CA US","2006-05-23","0.00",,,,"74","57"
"USW00003131","SAN DIEGO MONTGOMERY FIELD, CA US","2006-05-24","0.00",,,,"82","58"
"USW00003131","SAN DIEGO MONTGOMERY FIELD, CA US","2006-05-25","0.00",,,,"74","61"
"USW00003131","SAN DIEGO MONTGOMERY FIELD, CA US","2006-05-26","0.00",,,,"70","60"
"USW00003131","SAN DIEGO MONTGOMERY FIELD, CA US","2006-05-27","0.00",,,,"68","58"
"USW00003131","SAN DIEGO MONTGOMERY FIELD, CA US","2006-05-28","0.00",,,,"75","53"
"USW00003131","SAN DIEGO MONTGOMERY FIELD, CA US","2006-05-29","0.00",,,,"77","54"
"USW00003131","SAN DIEGO MONTGOMERY FIELD, CA US","2006-05-30","0.00",,,,"80","56"
"USW00003131","SAN DIEGO MONTGOMERY FIELD, CA US","2006-05-31","0.00",,,,"83","60"
"USW00003131","SAN DIEGO MONTGOMERY FIELD, CA US","2006-06-01","0.00",,,,"77","61"
"USW00003131","SAN DIEGO MONTGOMERY FIELD, CA US","2006-06-02","0.00",,,,"85","60"
"USW00003131","SAN DIEGO MONTGOMERY FIELD, CA US","2006-06-03","0.00",,,,"92","62"
"USW00003131","SAN DIEGO MONTGOMERY FIELD, CA US","2006-06-04","0.00",,,,"80","64"
"USW00003131","SAN DIEGO MONTGOMERY FIELD, CA US","2006-06-05","0.00",,,,"76","63"
"USW00003131","SAN DIEGO MONTGOMERY FIELD, CA US","2006-06-06","0.00",,,,"69","64"
"USW00003131","SAN DIEGO MONTGOMERY FIELD, CA US","2006-06-07","0.00",,,,"69","64"
"USW00003131","SAN DIEGO MONTGOMERY FIELD, CA US","2006-06-08","0.00",,,,"71","64"
"USW00003131","SAN DIEGO MONTGOMERY FIELD, CA US","2006-06-09","0.00",,,,"69","62"
"USW00003131","SAN DIEGO MONTGOMERY FIELD, CA US","2006-06-10","0.00",,,,"73","61"
"USW00003131","SAN DIEGO MONTGOMERY FIELD, CA US","2006-06-11","0.00",,,,"72","61"
"USW00003131","SAN DIEGO MONTGOMERY FIELD, CA US","2006-06-12","0.00",,,,"73","63"
"USW00003131","SAN DIEGO MONTGOMERY FIELD, CA US","2006-06-13","0.00",,,,"77","62"
"USW00003131","SAN DIEGO MONTGOMERY FIELD, CA US","2006-06-14","0.00",,,,"83","58"
"USW00003131","SAN DIEGO MONTGOMERY FIELD, CA US","2006-06-15","0.00",,,,"77","64"
"USW00003131","SAN DIEGO MONTGOMERY FIELD, CA US","2006-06-16","0.00",,,,"85","62"
"USW00003131","SAN DIEGO MONTGOMERY FIELD, CA US","2006-06-17","0.00",,,,"80","65"
"USW00003131","SAN DIEGO MONTGOMERY FIELD, CA US","2006-06-18","0.00",,,,"79","65"
"USW00003131","SAN DIEGO MONTGOMERY FIELD, CA US","2006-06-19","0.00",,,,"77","66"
"USW00003131","SAN DIEGO MONTGOMERY FIELD, CA US","2006-06-20","0.00",,,,"79","65"
"USW00003131","SAN DIEGO MONTGOMERY FIELD, CA US","2006-06-21","0.00",,,,"77","65"
"USW00003131","SAN DIEGO MONTGOMERY FIELD, CA US","2006-06-22","0.00",,,,"76","64"
"USW00003131","SAN DIEGO MONTGOMERY FIELD, CA US","2006-06-23","0.00",,,,"80","63"
"USW00003131","SAN DIEGO MONTGOMERY FIELD, CA US","2006-06-24","0.00",,,,"79","67"
"USW00003131","SAN DIEGO MONTGOMERY FIELD, CA US","2006-06-25","0.00",,,,"91","67"
"USW00003131","SAN DIEGO MONTGOMERY FIELD, CA US","2006-06-26","0.00",,,,"94","70"
"USW00003131","SAN DIEGO MONTGOMERY FIELD, CA US","2006-06-27","0.07",,,,"98","66"
"USW00003131","SAN DIEGO MONTGOMERY FIELD, CA US","2006-06-28","0.00",,,,"90","68"
"USW00003131","SAN DIEGO MONTGOMERY FIELD, CA US","2006-06-29","0.00",,,,"91","67"
"USW00003131","SAN DIEGO MONTGOMERY FIELD, CA US","2006-06-30","0.00",,,,"88","67"
"USW00003131","SAN DIEGO MONTGOMERY FIELD, CA US","2006-07-01","0.00",,,,"90","67"
"USW00003131","SAN DIEGO MONTGOMERY FIELD, CA US","2006-07-02","0.00",,,,"88","69"
"USW00003131","SAN DIEGO MONTGOMERY FIELD, CA US","2006-07-03","0.00",,,,"85","70"
"USW00003131","SAN DIEGO MONTGOMERY FIELD, CA US","2006-07-04","0.00",,,,"84","68"
"USW00003131","SAN DIEGO MONTGOMERY FIELD, CA US","2006-07-05","0.00",,,,"83","67"
"USW00003131","SAN DIEGO MONTGOMERY FIELD, CA US","2006-07-06","0.00",,,,"82","68"
"USW00003131","SAN DIEGO MONTGOMERY FIELD, CA US","2006-07-07","0.00",,,,"85","66"
"USW00003131","SAN DIEGO MONTGOMERY FIELD, CA US","2006-07-08","0.00",,,,"86","69"
"USW00003131","SAN DIEGO MONTGOMERY FIELD, CA US","2006-07-09","0.00",,,,"86","68"
"USW00003131","SAN DIEGO MONTGOMERY FIELD, CA US","2006-07-10","0.00",,,,"80","66"
"USW00003131","SAN DIEGO MONTGOMERY FIELD, CA US","2006-07-11","0.00",,,,"84","66"
"USW00003131","SAN DIEGO MONTGOMERY FIELD, CA US","2006-07-12","0.00",,,,"91","67"
"USW00003131","SAN DIEGO MONTGOMERY FIELD, CA US","2006-07-13","0.00",,,,"91","69"
"USW00003131","SAN DIEGO MONTGOMERY FIELD, CA US","2006-07-14","0.00",,,,"92","69"
"USW00003131","SAN DIEGO MONTGOMERY FIELD, CA US","2006-07-15","0.00",,,,"96","71"
"USW00003131","SAN DIEGO MONTGOMERY FIELD, CA US","2006-07-16","0.00",,,,"85","71"
"USW00003131","SAN DIEGO MONTGOMERY FIELD, CA US","2006-07-17","0.00",,,,"82","71"
"USW00003131","SAN DIEGO MONTGOMERY FIELD, CA US","2006-07-18","0.00",,,,"82","71"
"USW00003131","SAN DIEGO MONTGOMERY FIELD, CA US","2006-07-19","0.00",,,,"83","71"
"USW00003131","SAN DIEGO MONTGOMERY FIELD, CA US","2006-07-20","0.00",,,,"85","71"
"USW00003131","SAN DIEGO MONTGOMERY FIELD, CA US","2006-07-21","0.00",,,,"88","71"
"USW00003131","SAN DIEGO MONTGOMERY FIELD, CA US","2006-07-22","0.00",,,,"106","74"
"USW00003131","SAN DIEGO MONTGOMERY FIELD, CA US","2006-07-23","0.00",,,,"90","73"
"USW00003131","SAN DIEGO MONTGOMERY FIELD, CA US","2006-07-24","0.00",,,,"98","74"
"USW00003131","SAN DIEGO MONTGOMERY FIELD, CA US","2006-07-25","0.00",,,,"79","72"
"USW00003131","SAN DIEGO MONTGOMERY FIELD, CA US","2006-07-26","0.00",,,,"91","71"
"USW00003131","SAN DIEGO MONTGOMERY FIELD, CA US","2006-07-27","0.00",,,,"89","75"
"USW00003131","SAN DIEGO MONTGOMERY FIELD, CA US","2006-07-28","0.00",,,,"85","75"
"USW00003131","SAN DIEGO MONTGOMERY FIELD, CA US","2006-07-29","0.02",,,,"78","73"
"USW00003131","SAN DIEGO MONTGOMERY FIELD, CA US","2006-07-30","0.00",,,,"79","72"
"USW00003131","SAN DIEGO MONTGOMERY FIELD, CA US","2006-07-31","0.24",,,,,
"USW00003131","SAN DIEGO MONTGOMERY FIELD, CA US","2006-08-01","0.00",,,,,
"USW00003131","SAN DIEGO MONTGOMERY FIELD, CA US","2006-08-02","0.00",,,,"78","69"
"USW00003131","SAN DIEGO MONTGOMERY FIELD, CA US","2006-08-03","0.02",,,,"71","67"
"USW00003131","SAN DIEGO MONTGOMERY FIELD, CA US","2006-08-04","0.00",,,,"77","65"
"USW00003131","SAN DIEGO MONTGOMERY FIELD, CA US","2006-08-05","0.00",,,,"79","62"
"USW00003131","SAN DIEGO MONTGOMERY FIELD, CA US","2006-08-06","0.00",,,,"78","68"
"USW00003131","SAN DIEGO MONTGOMERY FIELD, CA US","2006-08-07","0.00",,,,"79","67"
"USW00003131","SAN DIEGO MONTGOMERY FIELD, CA US","2006-08-08","0.00",,,,"82","64"
"USW00003131","SAN DIEGO MONTGOMERY FIELD, CA US","2006-08-09","0.00",,,,"84","68"
"USW00003131","SAN DIEGO MONTGOMERY FIELD, CA US","2006-08-10","0.00",,,,"82","68"
"USW00003131","SAN DIEGO MONTGOMERY FIELD, CA US","2006-08-11","0.00",,,,"82","69"
"USW00003131","SAN DIEGO MONTGOMERY FIELD, CA US","2006-08-12","0.00",,,,"79","68"
"USW00003131","SAN DIEGO MONTGOMERY FIELD, CA US","2006-08-13","0.00",,,,"78","67"
"USW00003131","SAN DIEGO MONTGOMERY FIELD, CA US","2006-08-14","0.00",,,,"78","67"
"USW00003131","SAN DIEGO MONTGOMERY FIELD, CA US","2006-08-15","0.00",,,,"78","67"
"USW00003131","SAN DIEGO MONTGOMERY FIELD, CA US","2006-08-16","0.00",,,,"78","65"
"USW00003131","SAN DIEGO MONTGOMERY FIELD, CA US","2006-08-17","0.00",,,,"78","64"
"USW00003131","SAN DIEGO MONTGOMERY FIELD, CA US","2006-08-18","0.00",,,,"81","66"
"USW00003131","SAN DIEGO MONTGOMERY FIELD, CA US","2006-08-19","0.00",,,,"79","66"
"USW00003131","SAN DIEGO MONTGOMERY FIELD, CA US","2006-08-20","0.00",,,,"78","65"
"USW00003131","SAN DIEGO MONTGOMERY FIELD, CA US","2006-08-21","0.00",,,,"79","66"
"USW00003131","SAN DIEGO MONTGOMERY FIELD, CA US","2006-08-22","0.00",,,,"84","66"
"USW00003131","SAN DIEGO MONTGOMERY FIELD, CA US","2006-08-23","0.00",,,,"90","69"
"USW00003131","SAN DIEGO MONTGOMERY FIELD, CA US","2006-08-24","0.00",,,,"86","67"
"USW00003131","SAN DIEGO MONTGOMERY FIELD, CA US","2006-08-25","0.00",,,,"80","67"
"USW00003131","SAN DIEGO MONTGOMERY FIELD, CA US","2006-08-26","0.00",,,,"85","66"
"USW00003131","SAN DIEGO MONTGOMERY FIELD, CA US","2006-08-27","0.00",,,,"87","64"
"USW00003131","SAN DIEGO MONTGOMERY FIELD, CA US","2006-08-28","0.00",,,,"86","64"
"USW00003131","SAN DIEGO MONTGOMERY FIELD, CA US","2006-08-29","0.00",,,,"80","65"
"USW00003131","SAN DIEGO MONTGOMERY FIELD, CA US","2006-08-30","0.00",,,,"82","63"
"USW00003131","SAN DIEGO MONTGOMERY FIELD, CA US","2006-08-31","0.00",,,,"87","64"
"USW00003131","SAN DIEGO MONTGOMERY FIELD, CA US","2006-09-01","0.00",,,,"83","65"
"USW00003131","SAN DIEGO MONTGOMERY FIELD, CA US","2006-09-02","0.00",,,,"88","65"
"USW00003131","SAN DIEGO MONTGOMERY FIELD, CA US","2006-09-03","0.00",,,,"93","68"
"USW00003131","SAN DIEGO MONTGOMERY FIELD, CA US","2006-09-04","0.00",,,,"91","69"
"USW00003131","SAN DIEGO MONTGOMERY FIELD, CA US","2006-09-05","0.00",,,,"91","69"
"USW00003131","SAN DIEGO MONTGOMERY FIELD, CA US","2006-09-06","0.00",,,,"87","66"
"USW00003131","SAN DIEGO MONTGOMERY FIELD, CA US","2006-09-07","0.00",,,,"76","65"
"USW00003131","SAN DIEGO MONTGOMERY FIELD, CA US","2006-09-08","0.00",,,,"76","64"
"USW00003131","SAN DIEGO MONTGOMERY FIELD, CA US","2006-09-09","0.00",,,,"76","61"
"USW00003131","SAN DIEGO MONTGOMERY FIELD, CA US","2006-09-10","0.00",,,,"77","58"
"USW00003131","SAN DIEGO MONTGOMERY FIELD, CA US","2006-09-11","0.00",,,,"82","65"
"USW00003131","SAN DIEGO MONTGOMERY FIELD, CA US","2006-09-12","0.00",,,,"86","66"
"USW00003131","SAN DIEGO MONTGOMERY FIELD, CA US","2006-09-13","0.00",,,,"79","64"
"USW00003131","SAN DIEGO MONTGOMERY FIELD, CA US","2006-09-14","0.00",,,,"73","64"
"USW00003131","SAN DIEGO MONTGOMERY FIELD, CA US","2006-09-15","0.00",,,,"72","63"
"USW00003131","SAN DIEGO MONTGOMERY FIELD, CA US","2006-09-16","0.00",,,,"77","57"
"USW00003131","SAN DIEGO MONTGOMERY FIELD, CA US","2006-09-17","0.00",,,,"88","57"
"USW00003131","SAN DIEGO MONTGOMERY FIELD, CA US","2006-09-18","0.00",,,,"91","58"
"USW00003131","SAN DIEGO MONTGOMERY FIELD, CA US","2006-09-19","0.00",,,,"85","58"
"USW00003131","SAN DIEGO MONTGOMERY FIELD, CA US","2006-09-20","0.00",,,,"80","60"
"USW00003131","SAN DIEGO MONTGOMERY FIELD, CA US","2006-09-21","0.00",,,,"73","61"
"USW00003131","SAN DIEGO MONTGOMERY FIELD, CA US","2006-09-22","0.00",,,,"73","63"
"USW00003131","SAN DIEGO MONTGOMERY FIELD, CA US","2006-09-23","0.00",,,,"76","63"
"USW00003131","SAN DIEGO MONTGOMERY FIELD, CA US","2006-09-24","0.00",,,,"81","59"
"USW00003131","SAN DIEGO MONTGOMERY FIELD, CA US","2006-09-25","0.00",,,,"76","63"
"USW00003131","SAN DIEGO MONTGOMERY FIELD, CA US","2006-09-26","0.00",,,,"74","62"
"USW00003131","SAN DIEGO MONTGOMERY FIELD, CA US","2006-09-27","0.00",,,,"77","63"
"USW00003131","SAN DIEGO MONTGOMERY FIELD, CA US","2006-09-28","0.00",,,,"80","61"
"USW00003131","SAN DIEGO MONTGOMERY FIELD, CA US","2006-09-29","0.00",,,,"84","61"
"USW00003131","SAN DIEGO MONTGOMERY FIELD, CA US","2006-09-30","0.00",,,,"79","61"
"USW00003131","SAN DIEGO MONTGOMERY FIELD, CA US","2006-10-01","0.00",,,,"76","61"
"USW00003131","SAN DIEGO MONTGOMERY FIELD, CA US","2006-10-02","0.00",,,,"79","63"
"USW00003131","SAN DIEGO MONTGOMERY FIELD, CA US","2006-10-03","0.00",,,,"76","60"
"USW00003131","SAN DIEGO MONTGOMERY FIELD, CA US","2006-10-04","0.00",,,,"74","58"
"USW00003131","SAN DIEGO MONTGOMERY FIELD, CA US","2006-10-05","0.00",,,,"72","59"
"USW00003131","SAN DIEGO MONTGOMERY FIELD, CA US","2006-10-06","0.00",,,,"70","56"
"USW00003131","SAN DIEGO MONTGOMERY FIELD, CA US","2006-10-07","0.00",,,,"70","53"
"USW00003131","SAN DIEGO MONTGOMERY FIELD, CA US","2006-10-08","0.00",,,,"71","56"
"USW00003131","SAN DIEGO MONTGOMERY FIELD, CA US","2006-10-09","0.00",,,,"70","62"
"USW00003131","SAN DIEGO MONTGOMERY FIELD, CA US","2006-10-10","0.00",,,,"72","61"
"USW00003131","SAN DIEGO MONTGOMERY FIELD, CA US","2006-10-11","0.00",,,,"72","57"
"USW00003131","SAN DIEGO MONTGOMERY FIELD, CA US","2006-10-12","0.00",,,,"72","55"
"USW00003131","SAN DIEGO MONTGOMERY FIELD, CA US","2006-10-13","0.04",,,,"72","55"
"USW00003131","SAN DIEGO MONTGOMERY FIELD, CA US","2006-10-14","0.89",,,,"69","57"
"USW00003131","SAN DIEGO MONTGOMERY FIELD, CA US","2006-10-15","0.00",,,,"65","60"
"USW00003131","SAN DIEGO MONTGOMERY FIELD, CA US","2006-10-16","0.00",,,,"65","62"
"USW00003131","SAN DIEGO MONTGOMERY FIELD, CA US","2006-10-17","0.00",,,,"68","57"
"USW00003131","SAN DIEGO MONTGOMERY FIELD, CA US","2006-10-18","0.00",,,,"80","52"
"USW00003131","SAN DIEGO MONTGOMERY FIELD, CA US","2006-10-19","0.00",,,,"87","54"
"USW00003131","SAN DIEGO MONTGOMERY FIELD, CA US","2006-10-20","0.00",,,,"89","57"
"USW00003131","SAN DIEGO MONTGOMERY FIELD, CA US","2006-10-21","0.00",,,,"85","59"
"USW00003131","SAN DIEGO MONTGOMERY FIELD, CA US","2006-10-22","0.01",,,,"90","61"
"USW00003131","SAN DIEGO MONTGOMERY FIELD, CA US","2006-10-23","0.00",,,,"90","61"
"USW00003131","SAN DIEGO MONTGOMERY FIELD, CA US","2006-10-24","0.00",,,,"76","62"
"USW00003131","SAN DIEGO MONTGOMERY FIELD, CA US","2006-10-25","0.00",,,,"74","61"
"USW00003131","SAN DIEGO MONTGOMERY FIELD, CA US","2006-10-26","0.01",,,,"90","58"
"USW00003131","SAN DIEGO MONTGOMERY FIELD, CA US","2006-10-27","0.00",,,,"87","55"
"USW00003131","SAN DIEGO MONTGOMERY FIELD, CA US","2006-10-28","0.00",,,,"89","56"
"USW00003131","SAN DIEGO MONTGOMERY FIELD, CA US","2006-10-29","0.00",,,,"84","55"
"USW00003131","SAN DIEGO MONTGOMERY FIELD, CA US","2006-10-30","0.00",,,,"71","59"
"USW00003131","SAN DIEGO MONTGOMERY FIELD, CA US","2006-10-31","0.00",,,,"72","61"
"USW00003131","SAN DIEGO MONTGOMERY FIELD, CA US","2006-11-01","0.00",,,,"74","61"
"USW00003131","SAN DIEGO MONTGOMERY FIELD, CA US","2006-11-02","0.00",,,,"80","57"
"USW00003131","SAN DIEGO MONTGOMERY FIELD, CA US","2006-11-03","0.00",,,,"71","60"
"USW00003131","SAN DIEGO MONTGOMERY FIELD, CA US","2006-11-04","0.00",,,,"71","55"
"USW00003131","SAN DIEGO MONTGOMERY FIELD, CA US","2006-11-05","0.00",,,,"85","53"
"USW00003131","SAN DIEGO MONTGOMERY FIELD, CA US","2006-11-06","0.00",,,,"90","57"
"USW00003131","SAN DIEGO MONTGOMERY FIELD, CA US","2006-11-07","0.00",,,,"92","60"
"USW00003131","SAN DIEGO MONTGOMERY FIELD, CA US","2006-11-08","0.00",,,,"82","56"
"USW00003131","SAN DIEGO MONTGOMERY FIELD, CA US","2006-11-09","0.00",,,,"71","57"
"USW00003131","SAN DIEGO MONTGOMERY FIELD, CA US","2006-11-10","0.00",,,,"74","51"
"USW00003131","SAN DIEGO MONTGOMERY FIELD, CA US","2006-11-11","0.03",,,,"69","55"
"USW00003131","SAN DIEGO MONTGOMERY FIELD, CA US","2006-11-12","0.00",,,,"70","52"
"USW00003131","SAN DIEGO MONTGOMERY FIELD, CA US","2006-11-13","0.00",,,,"76","50"
"USW00003131","SAN DIEGO MONTGOMERY FIELD, CA US","2006-11-14","0.02",,,,"64","53"
"USW00003131","SAN DIEGO MONTGOMERY FIELD, CA US","2006-11-15","0.01",,,,"80","54"
"USW00003131","SAN DIEGO MONTGOMERY FIELD, CA US","2006-11-16","0.00",,,,"79","52"
"USW00003131","SAN DIEGO MONTGOMERY FIELD, CA US","2006-11-17","0.01",,,,"75","48"
"USW00003131","SAN DIEGO MONTGOMERY FIELD, CA US","2006-11-18","0.00",,,,"81","53"
"USW00003131","SAN DIEGO MONTGOMERY FIELD, CA US","2006-11-19","0.00",,,,"88","54"
"USW00003131","SAN DIEGO MONTGOMERY FIELD, CA US","2006-11-20","0.00",,,,"86","53"
"USW00003131","SAN DIEGO MONTGOMERY FIELD, CA US","2006-11-21","0.00",,,,"73","54"
"USW00003131","SAN DIEGO MONTGOMERY FIELD, CA US","2006-11-22","0.01",,,,"73","51"
"USW00003131","SAN DIEGO MONTGOMERY FIELD, CA US","2006-11-23","0.00",,,,"68","54"
"USW00003131","SAN DIEGO MONTGOMERY FIELD, CA US","2006-11-24","0.00",,,,"67","56"
"USW00003131","SAN DIEGO MONTGOMERY FIELD, CA US","2006-11-25","0.00",,,,"65","52"
"USW00003131","SAN DIEGO MONTGOMERY FIELD, CA US","2006-11-26","0.00",,,,"64","47"
"USW00003131","SAN DIEGO MONTGOMERY FIELD, CA US","2006-11-27","0.27",,,,"62","49"
"USW00003131","SAN DIEGO MONTGOMERY FIELD, CA US","2006-11-28","0.00",,,,"60","45"
"USW00003131","SAN DIEGO MONTGOMERY FIELD, CA US","2006-11-29","0.00",,,,"64","44"
"USW00003131","SAN DIEGO MONTGOMERY FIELD, CA US","2006-11-30","0.00",,,,"66","37"
"USW00003131","SAN DIEGO MONTGOMERY FIELD, CA US","2006-12-01","0.00",,,,"72","42"
"USW00003131","SAN DIEGO MONTGOMERY FIELD, CA US","2006-12-02","0.00",,,,"81","43"
"USW00003131","SAN DIEGO MONTGOMERY FIELD, CA US","2006-12-03","0.00",,,,"74","42"
"USW00003131","SAN DIEGO MONTGOMERY FIELD, CA US","2006-12-04","0.00",,,,"74","41"
"USW00003131","SAN DIEGO MONTGOMERY FIELD, CA US","2006-12-05","0.00",,,,"72","40"
"USW00003131","SAN DIEGO MONTGOMERY FIELD, CA US","2006-12-06","0.00",,,,"74","40"
"USW00003131","SAN DIEGO MONTGOMERY FIELD, CA US","2006-12-07","0.00",,,,"79","41"
"USW00003131","SAN DIEGO MONTGOMERY FIELD, CA US","2006-12-08","0.00",,,,"72","47"
"USW00003131","SAN DIEGO MONTGOMERY FIELD, CA US","2006-12-09","0.10",,,,"67","45"
"USW00003131","SAN DIEGO MONTGOMERY FIELD, CA US","2006-12-10","0.17",,,,"62","54"
"USW00003131","SAN DIEGO MONTGOMERY FIELD, CA US","2006-12-11","0.00",,,,"65","49"
"USW00003131","SAN DIEGO MONTGOMERY FIELD, CA US","2006-12-12","0.00",,,,"68","47"
"USW00003131","SAN DIEGO MONTGOMERY FIELD, CA US","2006-12-13","0.00",,,,"71","46"
"USW00003131","SAN DIEGO MONTGOMERY FIELD, CA US","2006-12-14","0.00",,,,"73","48"
"USW00003131","SAN DIEGO MONTGOMERY FIELD, CA US","2006-12-15","0.01",,,,"65","51"
"USW00003131","SAN DIEGO MONTGOMERY FIELD, CA US","2006-12-16","0.17",,,,"59","50"
"USW00003131","SAN DIEGO MONTGOMERY FIELD, CA US","2006-12-17","0.13",,,,"57","42"
"USW00003131","SAN DIEGO MONTGOMERY FIELD, CA US","2006-12-18","0.00",,,,"58","39"
"USW00003131","SAN DIEGO MONTGOMERY FIELD, CA US","2006-12-19","0.00",,,,"59","36"
"USW00003131","SAN DIEGO MONTGOMERY FIELD, CA US","2006-12-20","0.00",,,,"60","37"
"USW00003131","SAN DIEGO MONTGOMERY FIELD, CA US","2006-12-21","0.00",,,,"61","39"
"USW00003131","SAN DIEGO MONTGOMERY FIELD, CA US","2006-12-22","0.10",,,,"61","44"
"USW00003131","SAN DIEGO MONTGOMERY FIELD, CA US","2006-12-23","0.00",,,,"70","40"
"USW00003131","SAN DIEGO MONTGOMERY FIELD, CA US","2006-12-24","0.00",,,,"73","42"
"USW00003131","SAN DIEGO MONTGOMERY FIELD, CA US","2006-12-25","0.00",,,,"79","46"
"USW00003131","SAN DIEGO MONTGOMERY FIELD, CA US","2006-12-26","0.00",,,,"75","45"
"USW00003131","SAN DIEGO MONTGOMERY FIELD, CA US","2006-12-27","0.18",,,,"60","46"
"USW00003131","SAN DIEGO MONTGOMERY FIELD, CA US","2006-12-28","0.00",,,,"64","41"
"USW00003131","SAN DIEGO MONTGOMERY FIELD, CA US","2006-12-29","0.00",,,,"65","39"
"USW00003131","SAN DIEGO MONTGOMERY FIELD, CA US","2006-12-30","0.00",,,,"67","40"
"USW00003131","SAN DIEGO MONTGOMERY FIELD, CA US","2006-12-31","0.00",,,,"61","39"
"USW00003131","SAN DIEGO MONTGOMERY FIELD, CA US","2007-01-01","0.00",,,,"63","45"
"USW00003131","SAN DIEGO MONTGOMERY FIELD, CA US","2007-01-02","0.00",,,,"72","45"
"USW00003131","SAN DIEGO MONTGOMERY FIELD, CA US","2007-01-03","0.00",,,,"68","44"
"USW00003131","SAN DIEGO MONTGOMERY FIELD, CA US","2007-01-04","0.05",,,,"58","52"
"USW00003131","SAN DIEGO MONTGOMERY FIELD, CA US","2007-01-05","0.00",,,,"63","46"
"USW00003131","SAN DIEGO MONTGOMERY FIELD, CA US","2007-01-06","0.00",,,,"64","42"
"USW00003131","SAN DIEGO MONTGOMERY FIELD, CA US","2007-01-07","0.00",,,,"75","41"
"USW00003131","SAN DIEGO MONTGOMERY FIELD, CA US","2007-01-08","0.00",,,,"79","44"
"USW00003131","SAN DIEGO MONTGOMERY FIELD, CA US","2007-01-09","0.00",,,,"79","48"
"USW00003131","SAN DIEGO MONTGOMERY FIELD, CA US","2007-01-10","0.00",,,,"65","46"
"USW00003131","SAN DIEGO MONTGOMERY FIELD, CA US","2007-01-11","0.00",,,,"58","50"
"USW00003131","SAN DIEGO MONTGOMERY FIELD, CA US","2007-01-12","0.00",,,,"55","39"
"USW00003131","SAN DIEGO MONTGOMERY FIELD, CA US","2007-01-13","0.00",,,,"51","34"
"USW00003131","SAN DIEGO MONTGOMERY FIELD, CA US","2007-01-14","0.00",,,,"54","30"
"USW00003131","SAN DIEGO MONTGOMERY FIELD, CA US","2007-01-15","0.00",,,,"60","32"
"USW00003131","SAN DIEGO MONTGOMERY FIELD, CA US","2007-01-16","0.00",,,,"59","31"
"USW00003131","SAN DIEGO MONTGOMERY FIELD, CA US","2007-01-17","0.00",,,,"58","33"
"USW00003131","SAN DIEGO MONTGOMERY FIELD, CA US","2007-01-18","0.00",,,,"62","35"
"USW00003131","SAN DIEGO MONTGOMERY FIELD, CA US","2007-01-19","0.00",,,,"61","40"
"USW00003131","SAN DIEGO MONTGOMERY FIELD, CA US","2007-01-20","0.00",,,,"59","41"
"USW00003131","SAN DIEGO MONTGOMERY FIELD, CA US","2007-01-21","0.00",,,,"63","46"
"USW00003131","SAN DIEGO MONTGOMERY FIELD, CA US","2007-01-22","0.00",,,,"65","36"
"USW00003131","SAN DIEGO MONTGOMERY FIELD, CA US","2007-01-23","0.00",,,,"67","37"
"USW00003131","SAN DIEGO MONTGOMERY FIELD, CA US","2007-01-24","0.00",,,,"74","40"
"USW00003131","SAN DIEGO MONTGOMERY FIELD, CA US","2007-01-25","0.00",,,,"77","44"
"USW00003131","SAN DIEGO MONTGOMERY FIELD, CA US","2007-01-26","0.00",,,,"65","43"
"USW00003131","SAN DIEGO MONTGOMERY FIELD, CA US","2007-01-27","0.00",,,,"60","47"
"USW00003131","SAN DIEGO MONTGOMERY FIELD, CA US","2007-01-28","0.00",,,,"62","44"
"USW00003131","SAN DIEGO MONTGOMERY FIELD, CA US","2007-01-29","0.21",,,,"65","41"
"USW00003131","SAN DIEGO MONTGOMERY FIELD, CA US","2007-01-30","0.28",,,,"54","45"
"USW00003131","SAN DIEGO MONTGOMERY FIELD, CA US","2007-01-31","0.04",,,,"57","45"
"USW00003131","SAN DIEGO MONTGOMERY FIELD, CA US","2007-02-01","0.00",,,,"58","47"
"USW00003131","SAN DIEGO MONTGOMERY FIELD, CA US","2007-02-02","0.00",,,,"63","42"
"USW00003131","SAN DIEGO MONTGOMERY FIELD, CA US","2007-02-03","0.00",,,,"67","40"
"USW00003131","SAN DIEGO MONTGOMERY FIELD, CA US","2007-02-04","0.00",,,,"79","44"
"USW00003131","SAN DIEGO MONTGOMERY FIELD, CA US","2007-02-05","0.00",,,,"86","50"
"USW00003131","SAN DIEGO MONTGOMERY FIELD, CA US","2007-02-06","0.00",,,,"76","48"
"USW00003131","SAN DIEGO MONTGOMERY FIELD, CA US","2007-02-07","0.01",,,,"66","43"
"USW00003131","SAN DIEGO MONTGOMERY FIELD, CA US","2007-02-08","0.00",,,,"69","41"
"USW00003131","SAN DIEGO MONTGOMERY FIELD, CA US","2007-02-09","0.00",,,,"67","48"
"USW00003131","SAN DIEGO MONTGOMERY FIELD, CA US","2007-02-10","0.00",,,,"66","49"
"USW00003131","SAN DIEGO MONTGOMERY FIELD, CA US","2007-02-11","0.09",,,,"61","49"
"USW00003131","SAN DIEGO MONTGOMERY FIELD, CA US","2007-02-12","0.01",,,,"61","45"
"USW00003131","SAN DIEGO MONTGOMERY FIELD, CA US","2007-02-13","0.07",,,,"61","48"
"USW00003131","SAN DIEGO MONTGOMERY FIELD, CA US","2007-02-14","0.00",,,,"64","45"
"USW00003131","SAN DIEGO MONTGOMERY FIELD, CA US","2007-02-15","0.00",,,,"70","44"
"USW00003131","SAN DIEGO MONTGOMERY FIELD, CA US","2007-02-16","0.00",,,,"77","46"
"USW00003131","SAN DIEGO MONTGOMERY FIELD, CA US","2007-02-17","0.00",,,,"84","51"
"USW00003131","SAN DIEGO MONTGOMERY FIELD, CA US","2007-02-18","0.16",,,,"67","53"
"USW00003131","SAN DIEGO MONTGOMERY FIELD, CA US","2007-02-19","1.52",,,,"56","50"
"USW00003131","SAN DIEGO MONTGOMERY FIELD, CA US","2007-02-20","0.00",,,,"62","49"
"USW00003131","SAN DIEGO MONTGOMERY FIELD, CA US","2007-02-21","0.01",,,,"65","44"
"USW00003131","SAN DIEGO MONTGOMERY FIELD, CA US","2007-02-22","0.21",,,,"59","52"
"USW00003131","SAN DIEGO MONTGOMERY FIELD, CA US","2007-02-23","0.01",,,,"56","44"
"USW00003131","SAN DIEGO MONTGOMERY FIELD, CA US","2007-02-24","0.00",,,,"63","38"
"USW00003131","SAN DIEGO MONTGOMERY FIELD, CA US","2007-02-25","0.00",,,,"61","40"
"USW00003131","SAN DIEGO MONTGOMERY FIELD, CA US","2007-02-26","0.00",,,,"61","53"
"USW00003131","SAN DIEGO MONTGOMERY FIELD, CA US","2007-02-27","0.31",,,,"59","48"
"USW00003131","SAN DIEGO MONTGOMERY FIELD, CA US","2007-02-28","0.13",,,,"56","44"
"USW00003131","SAN DIEGO MONTGOMERY FIELD, CA US","2007-03-01","0.00",,,,"59","39"
"USW00003131","SAN DIEGO MONTGOMERY FIELD, CA US","2007-03-02","0.00",,,,"67","39"
"USW00003131","SAN DIEGO MONTGOMERY FIELD, CA US","2007-03-03","0.00",,,,"74","43"
"USW00003131","SAN DIEGO MONTGOMERY FIELD, CA US","2007-03-04","0.00",,,,"77","45"
"USW00003131","SAN DIEGO MONTGOMERY FIELD, CA US","2007-03-05","0.00",,,,"80","49"
"USW00003131","SAN DIEGO MONTGOMERY FIELD, CA US","2007-03-06","0.00",,,,"80","56"
"USW00003131","SAN DIEGO MONTGOMERY FIELD, CA US","2007-03-07","0.00",,,,"77","52"
"USW00003131","SAN DIEGO MONTGOMERY FIELD, CA US","2007-03-08","0.00",,,,"70","50"
"USW00003131","SAN DIEGO MONTGOMERY FIELD, CA US","2007-03-09","0.00",,,,"65","51"
"USW00003131","SAN DIEGO MONTGOMERY FIELD, CA US","2007-03-10","0.00",,,,"68","50"
"USW00003131","SAN DIEGO MONTGOMERY FIELD, CA US","2007-03-11","0.00",,,,"89","48"
"USW00003131","SAN DIEGO MONTGOMERY FIELD, CA US","2007-03-12","0.00",,,,"89","53"
"USW00003131","SAN DIEGO MONTGOMERY FIELD, CA US","2007-03-13","0.00",,,,"76","52"
"USW00003131","SAN DIEGO MONTGOMERY FIELD, CA US","2007-03-14","0.00",,,,"67","52"
"USW00003131","SAN DIEGO MONTGOMERY FIELD, CA US","2007-03-15","0.00",,,,"71","51"
"USW00003131","SAN DIEGO MONTGOMERY FIELD, CA US","2007-03-16","0.00",,,,"70","51"
"USW00003131","SAN DIEGO MONTGOMERY FIELD, CA US","2007-03-17","0.00",,,,"67","53"
"USW00003131","SAN DIEGO MONTGOMERY FIELD, CA US","2007-03-18","0.00",,,,"61","53"
"USW00003131","SAN DIEGO MONTGOMERY FIELD, CA US","2007-03-19","0.00",,,,"65","55"
"USW00003131","SAN DIEGO MONTGOMERY FIELD, CA US","2007-03-20","0.01",,,,"63","53"
"USW00003131","SAN DIEGO MONTGOMERY FIELD, CA US","2007-03-21","0.15",,,,"60","49"
"USW00003131","SAN DIEGO MONTGOMERY FIELD, CA US","2007-03-22","0.03",,,,"66","47"
"USW00003131","SAN DIEGO MONTGOMERY FIELD, CA US","2007-03-23","0.00",,,,"68","52"
"USW00003131","SAN DIEGO MONTGOMERY FIELD, CA US","2007-03-24","0.00",,,,"67","52"
"USW00003131","SAN DIEGO MONTGOMERY FIELD, CA US","2007-03-25","0.00",,,,"68","56"
"USW00003131","SAN DIEGO MONTGOMERY FIELD, CA US","2007-03-26","0.00",,,,"62","55"
"USW00003131","SAN DIEGO MONTGOMERY FIELD, CA US","2007-03-27","0.02",,,,"60","52"
"USW00003131","SAN DIEGO MONTGOMERY FIELD, CA US","2007-03-28","0.00",,,,"63","42"
"USW00003131","SAN DIEGO MONTGOMERY FIELD, CA US","2007-03-29","0.00",,,,"71","44"
"USW00003131","SAN DIEGO MONTGOMERY FIELD, CA US","2007-03-30","0.00",,,,"76","48"
"USW00003131","SAN DIEGO MONTGOMERY FIELD, CA US","2007-03-31","0.00",,,,"76","49"
"USW00003131","SAN DIEGO MONTGOMERY FIELD, CA US","2007-04-01","0.00",,,,"73","48"
"USW00003131","SAN DIEGO MONTGOMERY FIELD, CA US","2007-04-02","0.00",,,,"67","54"
"USW00003131","SAN DIEGO MONTGOMERY FIELD, CA US","2007-04-03","0.00",,,,"67","54"
"USW00003131","SAN DIEGO MONTGOMERY FIELD, CA US","2007-04-04","0.00",,,,"70","54"
"USW00003131","SAN DIEGO MONTGOMERY FIELD, CA US","2007-04-05","0.00",,,,"70","55"
"USW00003131","SAN DIEGO MONTGOMERY FIELD, CA US","2007-04-06","0.00",,,,"63","56"
"USW00003131","SAN DIEGO MONTGOMERY FIELD, CA US","2007-04-07","0.00",,,,"61","56"
"USW00003131","SAN DIEGO MONTGOMERY FIELD, CA US","2007-04-08","0.00",,,,"62","57"
"USW00003131","SAN DIEGO MONTGOMERY FIELD, CA US","2007-04-09","0.00",,,,"67","56"
"USW00003131","SAN DIEGO MONTGOMERY FIELD, CA US","2007-04-10","0.00",,,,"69","55"
"USW00003131","SAN DIEGO MONTGOMERY FIELD, CA US","2007-04-11","0.00",,,,"68","55"
"USW00003131","SAN DIEGO MONTGOMERY FIELD, CA US","2007-04-12","0.00",,,,"62","50"
"USW00003131","SAN DIEGO MONTGOMERY FIELD, CA US","2007-04-13","0.00",,,,"70","45"
"USW00003131","SAN DIEGO MONTGOMERY FIELD, CA US","2007-04-14","0.00",,,,"71","47"
"USW00003131","SAN DIEGO MONTGOMERY FIELD, CA US","2007-04-15","0.00",,,,"60","49"
"USW00003131","SAN DIEGO MONTGOMERY FIELD, CA US","2007-04-16","0.00",,,,"64","48"
"USW00003131","SAN DIEGO MONTGOMERY FIELD, CA US","2007-04-17","0.00",,,,"65","50"
"USW00003131","SAN DIEGO MONTGOMERY FIELD, CA US","2007-04-18","0.00",,,,"63","49"
"USW00003131","SAN DIEGO MONTGOMERY FIELD, CA US","2007-04-19","0.00",,,,"67","44"
"USW00003131","SAN DIEGO MONTGOMERY FIELD, CA US","2007-04-20","0.62",,,,"58","49"
"USW00003131","SAN DIEGO MONTGOMERY FIELD, CA US","2007-04-21","0.01",,,,"61","47"
"USW00003131","SAN DIEGO MONTGOMERY FIELD, CA US","2007-04-22","0.07",,,,"63","49"
"USW00003131","SAN DIEGO MONTGOMERY FIELD, CA US","2007-04-23","0.01",,,,"63","52"
"USW00003131","SAN DIEGO MONTGOMERY FIELD, CA US","2007-04-24","0.00",,,,"72","50"
"USW00003131","SAN DIEGO MONTGOMERY FIELD, CA US","2007-04-25","0.00",,,,"77","52"
"USW00003131","SAN DIEGO MONTGOMERY FIELD, CA US","2007-04-26","0.00",,,,"65","56"
"USW00003131","SAN DIEGO MONTGOMERY FIELD, CA US","2007-04-27","0.00",,,,"73","54"
"USW00003131","SAN DIEGO MONTGOMERY FIELD, CA US","2007-04-28","0.00",,,,"77","56"
"USW00003131","SAN DIEGO MONTGOMERY FIELD, CA US","2007-04-29","0.00",,,,"67","57"
"USW00003131","SAN DIEGO MONTGOMERY FIELD, CA US","2007-04-30","0.00",,,,"71","58"
"USW00003131","SAN DIEGO MONTGOMERY FIELD, CA US","2007-05-01","0.00",,,,"63","59"
"USW00003131","SAN DIEGO MONTGOMERY FIELD, CA US","2007-05-02","0.00",,,,"68","58"
"USW00003131","SAN DIEGO MONTGOMERY FIELD, CA US","2007-05-03","0.00",,,,"66","56"
"USW00003131","SAN DIEGO MONTGOMERY FIELD, CA US","2007-05-04","0.00",,,,"66","53"
"USW00003131","SAN DIEGO MONTGOMERY FIELD, CA US","2007-05-05","0.00",,,,"67","55"
"USW00003131","SAN DIEGO MONTGOMERY FIELD, CA US","2007-05-06","0.00",,,,"83","51"
"USW00003131","SAN DIEGO MONTGOMERY FIELD, CA US","2007-05-07","0.00",,,,"91","54"
"USW00003131","SAN DIEGO MONTGOMERY FIELD, CA US","2007-05-08","0.00",,,,"93","58"
"USW00003131","SAN DIEGO MONTGOMERY FIELD, CA US","2007-05-09","0.00",,,,"86","57"
"USW00003131","SAN DIEGO MONTGOMERY FIELD, CA US","2007-05-10","0.00",,,,"78","55"
"USW00003131","SAN DIEGO MONTGOMERY FIELD, CA US","2007-05-11","0.00",,,,"73","55"
"USW00003131","SAN DIEGO MONTGOMERY FIELD, CA US","2007-05-12","0.00",,,,"67","56"
"USW00003131","SAN DIEGO MONTGOMERY FIELD, CA US","2007-05-13","0.00",,,,"68","55"
"USW00003131","SAN DIEGO MONTGOMERY FIELD, CA US","2007-05-14","0.00",,,,"68","57"
"USW00003131","SAN DIEGO MONTGOMERY FIELD, CA US","2007-05-15","0.00",,,,"65","57"
"USW00003131","SAN DIEGO MONTGOMERY FIELD, CA US","2007-05-16","0.00",,,,"64","57"
"USW00003131","SAN DIEGO MONTGOMERY FIELD, CA US","2007-05-17","0.00",,,,"66","56"
"USW00003131","SAN DIEGO MONTGOMERY FIELD, CA US","2007-05-18","0.00",,,,"68","57"
"USW00003131","SAN DIEGO MONTGOMERY FIELD, CA US","2007-05-19","0.00",,,,"68","58"
"USW00003131","SAN DIEGO MONTGOMERY FIELD, CA US","2007-05-20","0.00",,,,"68","57"
"USW00003131","SAN DIEGO MONTGOMERY FIELD, CA US","2007-05-21","0.00",,,,"62","58"
"USW00003131","SAN DIEGO MONTGOMERY FIELD, CA US","2007-05-22","0.00",,,,"64","56"
"USW00003131","SAN DIEGO MONTGOMERY FIELD, CA US","2007-05-23","0.00",,,,"70","58"
"USW00003131","SAN DIEGO MONTGOMERY FIELD, CA US","2007-05-24","0.00",,,,"71","57"
"USW00003131","SAN DIEGO MONTGOMERY FIELD, CA US","2007-05-25","0.00",,,,"69","59"
"USW00003131","SAN DIEGO MONTGOMERY FIELD, CA US","2007-05-26","0.00",,,,"70","58"
"USW00003131","SAN DIEGO MONTGOMERY FIELD, CA US","2007-05-27","0.00",,,,"69","57"
"USW00003131","SAN DIEGO MONTGOMERY FIELD, CA US","2007-05-28","0.00",,,,"67","57"
"USW00003131","SAN DIEGO MONTGOMERY FIELD, CA US","2007-05-29","0.00",,,,"69","57"
"USW00003131","SAN DIEGO MONTGOMERY FIELD, CA US","2007-05-30","0.00",,,,"71","55"
"USW00003131","SAN DIEGO MONTGOMERY FIELD, CA US","2007-05-31","0.00",,,,"69","57"
"USW00003131","SAN DIEGO MONTGOMERY FIELD, CA US","2007-06-01","0.00",,,,"70","57"
"USW00003131","SAN DIEGO MONTGOMERY FIELD, CA US","2007-06-02","0.00",,,,"69","59"
"USW00003131","SAN DIEGO MONTGOMERY FIELD, CA US","2007-06-03","0.00",,,,"70","59"
"USW00003131","SAN DIEGO MONTGOMERY FIELD, CA US","2007-06-04","0.00",,,,"72","59"
"USW00003131","SAN DIEGO MONTGOMERY FIELD, CA US","2007-06-05","0.00",,,,"69","57"
"USW00003131","SAN DIEGO MONTGOMERY FIELD, CA US","2007-06-06","0.00",,,,"68","56"
"USW00003131","SAN DIEGO MONTGOMERY FIELD, CA US","2007-06-07","0.00",,,,"70","53"
"USW00003131","SAN DIEGO MONTGOMERY FIELD, CA US","2007-06-08","0.00",,,,"68","54"
"USW00003131","SAN DIEGO MONTGOMERY FIELD, CA US","2007-06-09","0.00",,,,"67","57"
"USW00003131","SAN DIEGO MONTGOMERY FIELD, CA US","2007-06-10","0.00",,,,"68","57"
"USW00003131","SAN DIEGO MONTGOMERY FIELD, CA US","2007-06-11","0.00",,,,"68","59"
"USW00003131","SAN DIEGO MONTGOMERY FIELD, CA US","2007-06-12","0.00",,,,"73","60"
"USW00003131","SAN DIEGO MONTGOMERY FIELD, CA US","2007-06-13","0.00",,,,"78","60"
"USW00003131","SAN DIEGO MONTGOMERY FIELD, CA US","2007-06-14","0.00",,,,"79","59"
"USW00003131","SAN DIEGO MONTGOMERY FIELD, CA US","2007-06-15","0.00",,,,"79","60"
"USW00003131","SAN DIEGO MONTGOMERY FIELD, CA US","2007-06-16","0.00",,,,"76","60"
"USW00003131","SAN DIEGO MONTGOMERY FIELD, CA US","2007-06-17","0.00",,,,"73","60"
"USW00003131","SAN DIEGO MONTGOMERY FIELD, CA US","2007-06-18","0.00",,,,"73","59"
"USW00003131","SAN DIEGO MONTGOMERY FIELD, CA US","2007-06-19","0.00",,,,"75","59"
"USW00003131","SAN DIEGO MONTGOMERY FIELD, CA US","2007-06-20","0.00",,,,"79","59"
"USW00003131","SAN DIEGO MONTGOMERY FIELD, CA US","2007-06-21","0.00",,,,"78","60"
"USW00003131","SAN DIEGO MONTGOMERY FIELD, CA US","2007-06-22","0.00",,,,"77","58"
"USW00003131","SAN DIEGO MONTGOMERY FIELD, CA US","2007-06-23","0.00",,,,"70","59"
"USW00003131","SAN DIEGO MONTGOMERY FIELD, CA US","2007-06-24","0.00",,,,"73","59"
"USW00003131","SAN DIEGO MONTGOMERY FIELD, CA US","2007-06-25","0.00",,,,"74","59"
"USW00003131","SAN DIEGO MONTGOMERY FIELD, CA US","2007-06-26","0.00",,,,"76","60"
"USW00003131","SAN DIEGO MONTGOMERY FIELD, CA US","2007-06-27","0.00",,,,"77","59"
"USW00003131","SAN DIEGO MONTGOMERY FIELD, CA US","2007-06-28","0.00",,,,"77","59"
"USW00003131","SAN DIEGO MONTGOMERY FIELD, CA US","2007-06-29","0.00",,,,"77","63"
"USW00003131","SAN DIEGO MONTGOMERY FIELD, CA US","2007-06-30","0.00",,,,"81","62"
"USW00003131","SAN DIEGO MONTGOMERY FIELD, CA US","2007-07-01","0.00",,,,"82","64"
"USW00003131","SAN DIEGO MONTGOMERY FIELD, CA US","2007-07-02","0.00",,,,"84","65"
"USW00003131","SAN DIEGO MONTGOMERY FIELD, CA US","2007-07-03","0.00",,,,"79","63"
"USW00003131","SAN DIEGO MONTGOMERY FIELD, CA US","2007-07-04","0.00",,,,"77","61"
"USW00003131","SAN DIEGO MONTGOMERY FIELD, CA US","2007-07-05","0.00",,,,"79","64"
"USW00003131","SAN DIEGO MONTGOMERY FIELD, CA US","2007-07-06","0.00",,,,"77","65"
"USW00003131","SAN DIEGO MONTGOMERY FIELD, CA US","2007-07-07","0.00",,,,"80","63"
"USW00003131","SAN DIEGO MONTGOMERY FIELD, CA US","2007-07-08","0.00",,,,"73","63"
"USW00003131","SAN DIEGO MONTGOMERY FIELD, CA US","2007-07-09","0.00",,,,"73","62"
"USW00003131","SAN DIEGO MONTGOMERY FIELD, CA US","2007-07-10","0.00",,,,"73","63"
"USW00003131","SAN DIEGO MONTGOMERY FIELD, CA US","2007-07-11","0.00",,,,"76","64"
"USW00003131","SAN DIEGO MONTGOMERY FIELD, CA US","2007-07-12","0.00",,,,"78","63"
"USW00003131","SAN DIEGO MONTGOMERY FIELD, CA US","2007-07-13","0.00",,,,"84","62"
"USW00003131","SAN DIEGO MONTGOMERY FIELD, CA US","2007-07-14","0.00",,,,"79","66"
"USW00003131","SAN DIEGO MONTGOMERY FIELD, CA US","2007-07-15","0.00",,,,"76","64"
"USW00003131","SAN DIEGO MONTGOMERY FIELD, CA US","2007-07-16","0.00",,,,"75","63"
"USW00003131","SAN DIEGO MONTGOMERY FIELD, CA US","2007-07-17","0.00",,,,"76","63"
"USW00003131","SAN DIEGO MONTGOMERY FIELD, CA US","2007-07-18","0.00",,,,"80","65"
"USW00003131","SAN DIEGO MONTGOMERY FIELD, CA US","2007-07-19","0.00",,,,"76","64"
"USW00003131","SAN DIEGO MONTGOMERY FIELD, CA US","2007-07-20","0.00",,,,"73","63"
"USW00003131","SAN DIEGO MONTGOMERY FIELD, CA US","2007-07-21","0.00",,,,"74","62"
"USW00003131","SAN DIEGO MONTGOMERY FIELD, CA US","2007-07-22","0.00",,,,"76","64"
"USW00003131","SAN DIEGO MONTGOMERY FIELD, CA US","2007-07-23","0.00",,,,"78","65"
"USW00003131","SAN DIEGO MONTGOMERY FIELD, CA US","2007-07-24","0.00",,,,"79","66"
"USW00003131","SAN DIEGO MONTGOMERY FIELD, CA US","2007-07-25","0.00",,,,"83","66"
"USW00003131","SAN DIEGO MONTGOMERY FIELD, CA US","2007-07-26","0.00",,,,"88","67"
"USW00003131","SAN DIEGO MONTGOMERY FIELD, CA US","2007-07-27","0.00",,,,"90","68"
"USW00003131","SAN DIEGO MONTGOMERY FIELD, CA US","2007-07-28","0.00",,,,"81","66"
"USW00003131","SAN DIEGO MONTGOMERY FIELD, CA US","2007-07-29","0.00",,,,"78","64"
"USW00003131","SAN DIEGO MONTGOMERY FIELD, CA US","2007-07-30","0.00",,,,"77","64"
"USW00003131","SAN DIEGO MONTGOMERY FIELD, CA US","2007-07-31","0.00",,,,"75","66"
"USW00003131","SAN DIEGO MONTGOMERY FIELD, CA US","2007-08-01","0.00",,,,"78","65"
"USW00003131","SAN DIEGO MONTGOMERY FIELD, CA US","2007-08-02","0.00",,,,"82","67"
"USW00003131","SAN DIEGO MONTGOMERY FIELD, CA US","2007-08-03","0.00",,,,"82","67"
"USW00003131","SAN DIEGO MONTGOMERY FIELD, CA US","2007-08-04","0.00",,,,"77","66"
"USW00003131","SAN DIEGO MONTGOMERY FIELD, CA US","2007-08-05","0.00",,,,"76","67"
"USW00003131","SAN DIEGO MONTGOMERY FIELD, CA US","2007-08-06","0.00",,,,"77","66"
"USW00003131","SAN DIEGO MONTGOMERY FIELD, CA US","2007-08-07","0.00",,,,"74","64"
"USW00003131","SAN DIEGO MONTGOMERY FIELD, CA US","2007-08-08","0.00",,,,"79","62"
"USW00003131","SAN DIEGO MONTGOMERY FIELD, CA US","2007-08-09","0.00",,,,"78","65"
"USW00003131","SAN DIEGO MONTGOMERY FIELD, CA US","2007-08-10","0.00",,,,"78","65"
"USW00003131","SAN DIEGO MONTGOMERY FIELD, CA US","2007-08-11","0.00",,,,"80","65"
"USW00003131","SAN DIEGO MONTGOMERY FIELD, CA US","2007-08-12","0.00",,,,"83","65"
"USW00003131","SAN DIEGO MONTGOMERY FIELD, CA US","2007-08-13","0.00",,,,"87","66"
"USW00003131","SAN DIEGO MONTGOMERY FIELD, CA US","2007-08-14","0.00",,,,"88","67"
"USW00003131","SAN DIEGO MONTGOMERY FIELD, CA US","2007-08-15","0.00",,,,"87","69"
"USW00003131","SAN DIEGO MONTGOMERY FIELD, CA US","2007-08-16","0.00",,,,"84","70"
"USW00003131","SAN DIEGO MONTGOMERY FIELD, CA US","2007-08-17","0.00",,,,"84","68"
"USW00003131","SAN DIEGO MONTGOMERY FIELD, CA US","2007-08-18","0.00",,,,"87","68"
"USW00003131","SAN DIEGO MONTGOMERY FIELD, CA US","2007-08-19","0.00",,,,"87","66"
"USW00003131","SAN DIEGO MONTGOMERY FIELD, CA US","2007-08-20","0.00",,,,"91","67"
"USW00003131","SAN DIEGO MONTGOMERY FIELD, CA US","2007-08-21","0.00",,,,"89","68"
"USW00003131","SAN DIEGO MONTGOMERY FIELD, CA US","2007-08-22","0.00",,,,"78","67"
"USW00003131","SAN DIEGO MONTGOMERY FIELD, CA US","2007-08-23","0.00",,,,"76","65"
"USW00003131","SAN DIEGO MONTGOMERY FIELD, CA US","2007-08-24","0.00",,,,"77","65"
"USW00003131","SAN DIEGO MONTGOMERY FIELD, CA US","2007-08-25","0.00",,,,"80","68"
"USW00003131","SAN DIEGO MONTGOMERY FIELD, CA US","2007-08-26","0.00",,,,"91","69"
"USW00003131","SAN DIEGO MONTGOMERY FIELD, CA US","2007-08-27","0.00",,,,"84","68"
"USW00003131","SAN DIEGO MONTGOMERY FIELD, CA US","2007-08-28","0.00",,,,"86","67"
"USW00003131","SAN DIEGO MONTGOMERY FIELD, CA US","2007-08-29","0.00",,,,"87","68"
"USW00003131","SAN DIEGO MONTGOMERY FIELD, CA US","2007-08-30","0.00",,,,"88","69"
"USW00003131","SAN DIEGO MONTGOMERY FIELD, CA US","2007-08-31","0.00",,,,"91","72"
"USW00003131","SAN DIEGO MONTGOMERY FIELD, CA US","2007-09-01","0.00",,,,"96","73"
"USW00003131","SAN DIEGO MONTGOMERY FIELD, CA US","2007-09-02","0.00",,,,"98","73"
"USW00003131","SAN DIEGO MONTGOMERY FIELD, CA US","2007-09-03","0.00",,,,"104","76"
"USW00003131","SAN DIEGO MONTGOMERY FIELD, CA US","2007-09-04","0.00",,,,"87","69"
"USW00003131","SAN DIEGO MONTGOMERY FIELD, CA US","2007-09-05","0.00",,,,"77","65"
"USW00003131","SAN DIEGO MONTGOMERY FIELD, CA US","2007-09-06","0.00",,,,"75","65"
"USW00003131","SAN DIEGO MONTGOMERY FIELD, CA US","2007-09-07","0.00",,,,"76","62"
"USW00003131","SAN DIEGO MONTGOMERY FIELD, CA US","2007-09-08","0.00",,,,"75","64"
"USW00003131","SAN DIEGO MONTGOMERY FIELD, CA US","2007-09-09","0.00",,,,"77","63"
"USW00003131","SAN DIEGO MONTGOMERY FIELD, CA US","2007-09-10","0.00",,,,"80","61"
"USW00003131","SAN DIEGO MONTGOMERY FIELD, CA US","2007-09-11","0.00",,,,"84","62"
"USW00003131","SAN DIEGO MONTGOMERY FIELD, CA US","2007-09-12","0.00",,,,"83","63"
"USW00003131","SAN DIEGO MONTGOMERY FIELD, CA US","2007-09-13","0.00",,,,"84","63"
"USW00003131","SAN DIEGO MONTGOMERY FIELD, CA US","2007-09-14","0.00",,,,"78","63"
"USW00003131","SAN DIEGO MONTGOMERY FIELD, CA US","2007-09-15","0.00",,,,"80","61"
"USW00003131","SAN DIEGO MONTGOMERY FIELD, CA US","2007-09-16","0.00",,,,"77","57"
"USW00003131","SAN DIEGO MONTGOMERY FIELD, CA US","2007-09-17","0.00",,,,"72","61"
"USW00003131","SAN DIEGO MONTGOMERY FIELD, CA US","2007-09-18","0.00",,,,"75","59"
"USW00003131","SAN DIEGO MONTGOMERY FIELD, CA US","2007-09-19","0.00",,,,"69","62"
"USW00003131","SAN DIEGO MONTGOMERY FIELD, CA US","2007-09-20","0.00",,,,"71","57"
"USW00003131","SAN DIEGO MONTGOMERY FIELD, CA US","2007-09-21","0.00",,,,"74","53"
"USW00003131","SAN DIEGO MONTGOMERY FIELD, CA US","2007-09-22","0.08",,,,"70","59"
"USW00003131","SAN DIEGO MONTGOMERY FIELD, CA US","2007-09-23","0.00",,,,"71","54"
"USW00003131","SAN DIEGO MONTGOMERY FIELD, CA US","2007-09-24","0.00",,,,"74","55"
"USW00003131","SAN DIEGO MONTGOMERY FIELD, CA US","2007-09-25","0.00",,,,"74","58"
"USW00003131","SAN DIEGO MONTGOMERY FIELD, CA US","2007-09-26","0.00",,,,"83","60"
"USW00003131","SAN DIEGO MONTGOMERY FIELD, CA US","2007-09-27","0.01",,,,"75","60"
"USW00003131","SAN DIEGO MONTGOMERY FIELD, CA US","2007-09-28","0.00",,,,"71","62"
"USW00003131","SAN DIEGO MONTGOMERY FIELD, CA US","2007-09-29","0.00",,,,"72","59"
"USW00003131","SAN DIEGO MONTGOMERY FIELD, CA US","2007-09-30","0.00",,,,"82","55"
"USW00003131","SAN DIEGO MONTGOMERY FIELD, CA US","2007-10-01","0.00",,,,"81","63"
"USW00003131","SAN DIEGO MONTGOMERY FIELD, CA US","2007-10-02","0.00",,,,"85","60"
"USW00003131","SAN DIEGO MONTGOMERY FIELD, CA US","2007-10-03","0.00",,,,"83","61"
"USW00003131","SAN DIEGO MONTGOMERY FIELD, CA US","2007-10-04","0.00",,,,"71","63"
"USW00003131","SAN DIEGO MONTGOMERY FIELD, CA US","2007-10-05","0.00",,,,"68","53"
"USW00003131","SAN DIEGO MONTGOMERY FIELD, CA US","2007-10-06","0.00",,,,"70","51"
"USW00003131","SAN DIEGO MONTGOMERY FIELD, CA US","2007-10-07","0.00",,,,"87","50"
"USW00003131","SAN DIEGO MONTGOMERY FIELD, CA US","2007-10-08","0.00",,,,"84","52"
"USW00003131","SAN DIEGO MONTGOMERY FIELD, CA US","2007-10-09","0.00",,,,"78","53"
"USW00003131","SAN DIEGO MONTGOMERY FIELD, CA US","2007-10-10","0.00",,,,"71","54"
"USW00003131","SAN DIEGO MONTGOMERY FIELD, CA US","2007-10-11","0.00",,,,"71","56"
"USW00003131","SAN DIEGO MONTGOMERY FIELD, CA US","2007-10-12","0.00",,,,"68","55"
"USW00003131","SAN DIEGO MONTGOMERY FIELD, CA US","2007-10-13","0.18",,,,"69","58"
"USW00003131","SAN DIEGO MONTGOMERY FIELD, CA US","2007-10-14","0.00",,,,"69","56"
"USW00003131","SAN DIEGO MONTGOMERY FIELD, CA US","2007-10-15","0.00",,,,"65","60"
"USW00003131","SAN DIEGO MONTGOMERY FIELD, CA US","2007-10-16","0.00",,,,"68","57"
"USW00003131","SAN DIEGO MONTGOMERY FIELD, CA US","2007-10-17","0.04",,,,"68","54"
"USW00003131","SAN DIEGO MONTGOMERY FIELD, CA US","2007-10-18","0.00",,,,"74","52"
"USW00003131","SAN DIEGO MONTGOMERY FIELD, CA US","2007-10-19","0.00",,,,"85","56"
"USW00003131","SAN DIEGO MONTGOMERY FIELD, CA US","2007-10-20","0.00",,,,"72","53"
"USW00003131","SAN DIEGO MONTGOMERY FIELD, CA US","2007-10-21","0.00",,,,"86","54"
"USW00003131","SAN DIEGO MONTGOMERY FIELD, CA US","2007-10-22","0.00",,,,"86","58"
"USW00003131","SAN DIEGO MONTGOMERY FIELD, CA US","2007-10-23","0.00",,,,"89","59"
"USW00003131","SAN DIEGO MONTGOMERY FIELD, CA US","2007-10-24","0.00",,,,"94","60"
"USW00003131","SAN DIEGO MONTGOMERY FIELD, CA US","2007-10-25","0.00",,,,"87","58"
"USW00003131","SAN DIEGO MONTGOMERY FIELD, CA US","2007-10-26","0.00",,,,"73","51"
"USW00003131","SAN DIEGO MONTGOMERY FIELD, CA US","2007-10-27","0.00",,,,"79","59"
"USW00003131","SAN DIEGO MONTGOMERY FIELD, CA US","2007-10-28","0.00",,,,"87","58"
"USW00003131","SAN DIEGO MONTGOMERY FIELD, CA US","2007-10-29","0.00",,,,"80","60"
"USW00003131","SAN DIEGO MONTGOMERY FIELD, CA US","2007-10-30","0.00",,,,"69","54"
"USW00003131","SAN DIEGO MONTGOMERY FIELD, CA US","2007-10-31","0.00",,,,"71","52"
"USW00003131","SAN DIEGO MONTGOMERY FIELD, CA US","2007-11-01","0.01",,,,"65","53"
"USW00003131","SAN DIEGO MONTGOMERY FIELD, CA US","2007-11-02","0.00",,,,"69","57"
"USW00003131","SAN DIEGO MONTGOMERY FIELD, CA US","2007-11-03","0.00",,,,"76","55"
"USW00003131","SAN DIEGO MONTGOMERY FIELD, CA US","2007-11-04","0.00",,,,"69","54"
"USW00003131","SAN DIEGO MONTGOMERY FIELD, CA US","2007-11-05","0.00",,,,"65","57"
"USW00003131","SAN DIEGO MONTGOMERY FIELD, CA US","2007-11-06","0.00",,,,"64","57"
"USW00003131","SAN DIEGO MONTGOMERY FIELD, CA US","2007-11-07","0.00",,,,"65","57"
"USW00003131","SAN DIEGO MONTGOMERY FIELD, CA US","2007-11-08","0.00",,,,"62","58"
"USW00003131","SAN DIEGO MONTGOMERY FIELD, CA US","2007-11-09","0.00",,,,"63","56"
"USW00003131","SAN DIEGO MONTGOMERY FIELD, CA US","2007-11-10","0.00",,,,"66","51"
"USW00003131","SAN DIEGO MONTGOMERY FIELD, CA US","2007-11-11","0.06",,,,"66","48"
"USW00003131","SAN DIEGO MONTGOMERY FIELD, CA US","2007-11-12","0.00",,,,"76","56"
"USW00003131","SAN DIEGO MONTGOMERY FIELD, CA US","2007-11-13","0.00",,,,"84","55"
"USW00003131","SAN DIEGO MONTGOMERY FIELD, CA US","2007-11-14","0.00",,,,"88","57"
"USW00003131","SAN DIEGO MONTGOMERY FIELD, CA US","2007-11-15","0.00",,,,"85","55"
"USW00003131","SAN DIEGO MONTGOMERY FIELD, CA US","2007-11-16","0.00",,,,"67","55"
"USW00003131","SAN DIEGO MONTGOMERY FIELD, CA US","2007-11-17","0.00",,,,"67","57"
"USW00003131","SAN DIEGO MONTGOMERY FIELD, CA US","2007-11-18","0.00",,,,"68","54"
"USW00003131","SAN DIEGO MONTGOMERY FIELD, CA US","2007-11-19","0.00",,,,"69","52"
"USW00003131","SAN DIEGO MONTGOMERY FIELD, CA US","2007-11-20","0.00",,,,"64","52"
"USW00003131","SAN DIEGO MONTGOMERY FIELD, CA US","2007-11-21","0.00",,,,"68","55"
"USW00003131","SAN DIEGO MONTGOMERY FIELD, CA US","2007-11-22","0.00",,,,"63","50"
"USW00003131","SAN DIEGO MONTGOMERY FIELD, CA US","2007-11-23","0.00",,,,"64","49"
"USW00003131","SAN DIEGO MONTGOMERY FIELD, CA US","2007-11-24","0.01",,,,"74","41"
"USW00003131","SAN DIEGO MONTGOMERY FIELD, CA US","2007-11-25","0.00",,,,"67","46"
"USW00003131","SAN DIEGO MONTGOMERY FIELD, CA US","2007-11-26","0.00",,,,"76","50"
"USW00003131","SAN DIEGO MONTGOMERY FIELD, CA US","2007-11-27","0.00",,,,"72","50"
"USW00003131","SAN DIEGO MONTGOMERY FIELD, CA US","2007-11-28","0.00",,,,"76","49"
"USW00003131","SAN DIEGO MONTGOMERY FIELD, CA US","2007-11-29","0.00",,,,"74","50"
"USW00003131","SAN DIEGO MONTGOMERY FIELD, CA US","2007-11-30","1.59",,,,"66","54"
"USW00003131","SAN DIEGO MONTGOMERY FIELD, CA US","2007-12-01","0.02",,,,"59","48"
"USW00003131","SAN DIEGO MONTGOMERY FIELD, CA US","2007-12-02","0.01",,,,"62","43"
"USW00003131","SAN DIEGO MONTGOMERY FIELD, CA US","2007-12-03","0.00",,,,"70","44"
"USW00003131","SAN DIEGO MONTGOMERY FIELD, CA US","2007-12-04","0.00",,,,"77","46"
"USW00003131","SAN DIEGO MONTGOMERY FIELD, CA US","2007-12-05","0.00",,,,"70","48"
"USW00003131","SAN DIEGO MONTGOMERY FIELD, CA US","2007-12-06","0.00",,,,"64","53"
"USW00003131","SAN DIEGO MONTGOMERY FIELD, CA US","2007-12-07","0.34",,,,"59","52"
"USW00003131","SAN DIEGO MONTGOMERY FIELD, CA US","2007-12-08","0.64",,,,"58","45"
"USW00003131","SAN DIEGO MONTGOMERY FIELD, CA US","2007-12-09","0.01",,,,"57","43"
"USW00003131","SAN DIEGO MONTGOMERY FIELD, CA US","2007-12-10","0.00",,,,"62","43"
"USW00003131","SAN DIEGO MONTGOMERY FIELD, CA US","2007-12-11","0.09",,,,"62","44"
"USW00003131","SAN DIEGO MONTGOMERY FIELD, CA US","2007-12-12","0.00",,,,"63","40"
"USW00003131","SAN DIEGO MONTGOMERY FIELD, CA US","2007-12-13","0.00",,,,"61","40"
"USW00003131","SAN DIEGO MONTGOMERY FIELD, CA US","2007-12-14","0.00",,,,"63","38"
"USW00003131","SAN DIEGO MONTGOMERY FIELD, CA US","2007-12-15","0.00",,,,"66","42"
"USW00003131","SAN DIEGO MONTGOMERY FIELD, CA US","2007-12-16","0.00",,,,"66","43"
"USW00003131","SAN DIEGO MONTGOMERY FIELD, CA US","2007-12-17","0.00",,,,"61","42"
"USW00003131","SAN DIEGO MONTGOMERY FIELD, CA US","2007-12-18","0.02",,,,"63","42"
"USW00003131","SAN DIEGO MONTGOMERY FIELD, CA US","2007-12-19","0.17",,,,"59","53"
"USW00003131","SAN DIEGO MONTGOMERY FIELD, CA US","2007-12-20","0.05",,,,"61","51"
"USW00003131","SAN DIEGO MONTGOMERY FIELD, CA US","2007-12-21","0.00",,,,"61","44"
"USW00003131","SAN DIEGO MONTGOMERY FIELD, CA US","2007-12-22","0.00",,,,"64","38"
"USW00003131","SAN DIEGO MONTGOMERY FIELD, CA US","2007-12-23","0.00",,,,"74","39"
"USW00003131","SAN DIEGO MONTGOMERY FIELD, CA US","2007-12-24","0.00",,,,"75","45"
"USW00003131","SAN DIEGO MONTGOMERY FIELD, CA US","2007-12-25","0.00",,,,"69","43"
"USW00003131","SAN DIEGO MONTGOMERY FIELD, CA US","2007-12-26","0.00",,,,"59","39"
"USW00003131","SAN DIEGO MONTGOMERY FIELD, CA US","2007-12-27","0.00",,,,"57","40"
"USW00003131","SAN DIEGO MONTGOMERY FIELD, CA US","2007-12-28","0.00",,,,"58","38"
"USW00003131","SAN DIEGO MONTGOMERY FIELD, CA US","2007-12-29","0.02",,,,"59","45"
"USW00003131","SAN DIEGO MONTGOMERY FIELD, CA US","2007-12-30","0.00",,,,"60","40"
"USW00003131","SAN DIEGO MONTGOMERY FIELD, CA US","2007-12-31","0.01",,,,"72","42"
"USW00003131","SAN DIEGO MONTGOMERY FIELD, CA US","2008-01-01","0.00",,,,"76","42"
"USW00003131","SAN DIEGO MONTGOMERY FIELD, CA US","2008-01-02","0.00",,,,"74","47"
"USW00003131","SAN DIEGO MONTGOMERY FIELD, CA US","2008-01-03","0.00",,,,"64","49"
"USW00003131","SAN DIEGO MONTGOMERY FIELD, CA US","2008-01-04","0.01",,,,"61","48"
"USW00003131","SAN DIEGO MONTGOMERY FIELD, CA US","2008-01-05","1.10",,,,"57","53"
"USW00003131","SAN DIEGO MONTGOMERY FIELD, CA US","2008-01-06","0.63",,,,"58","50"
"USW00003131","SAN DIEGO MONTGOMERY FIELD, CA US","2008-01-07","0.43",,,,"57","45"
"USW00003131","SAN DIEGO MONTGOMERY FIELD, CA US","2008-01-08","0.01",,,,"59","42"
"USW00003131","SAN DIEGO MONTGOMERY FIELD, CA US","2008-01-09","0.00",,,,"60","46"
"USW00003131","SAN DIEGO MONTGOMERY FIELD, CA US","2008-01-10","0.01",,,,"62","44"
"USW00003131","SAN DIEGO MONTGOMERY FIELD, CA US","2008-01-11","0.01",,,,"66","45"
"USW00003131","SAN DIEGO MONTGOMERY FIELD, CA US","2008-01-12","0.01",,,,"69","44"
"USW00003131","SAN DIEGO MONTGOMERY FIELD, CA US","2008-01-13","0.00",,,,"77","47"
"USW00003131","SAN DIEGO MONTGOMERY FIELD, CA US","2008-01-14","0.00",,,,"76","46"
"USW00003131","SAN DIEGO MONTGOMERY FIELD, CA US","2008-01-15","0.00",,,,"66","43"
"USW00003131","SAN DIEGO MONTGOMERY FIELD, CA US","2008-01-16","0.00",,,,"60","44"
"USW00003131","SAN DIEGO MONTGOMERY FIELD, CA US","2008-01-17","0.00",,,,"66","43"
"USW00003131","SAN DIEGO MONTGOMERY FIELD, CA US","2008-01-18","0.00",,,,"63","38"
"USW00003131","SAN DIEGO MONTGOMERY FIELD, CA US","2008-01-19","0.00",,,,"67","40"
"USW00003131","SAN DIEGO MONTGOMERY FIELD, CA US","2008-01-20","0.00",,,,"60","38"
"USW00003131","SAN DIEGO MONTGOMERY FIELD, CA US","2008-01-21","0.06",,,,"54","49"
"USW00003131","SAN DIEGO MONTGOMERY FIELD, CA US","2008-01-22","0.04",,,,"61","45"
"USW00003131","SAN DIEGO MONTGOMERY FIELD, CA US","2008-01-23","0.59",,,,"61","40"
"USW00003131","SAN DIEGO MONTGOMERY FIELD, CA US","2008-01-24","0.06",,,,"57","42"
"USW00003131","SAN DIEGO MONTGOMERY FIELD, CA US","2008-01-25","0.00",,,,"60","46"
"USW00003131","SAN DIEGO MONTGOMERY FIELD, CA US","2008-01-26","0.30",,,,"66","45"
"USW00003131","SAN DIEGO MONTGOMERY FIELD, CA US","2008-01-27","0.46",,,,"62","55"
"USW00003131","SAN DIEGO MONTGOMERY FIELD, CA US","2008-01-28","0.15",,,,"56","47"
"USW00003131","SAN DIEGO MONTGOMERY FIELD, CA US","2008-01-29","0.01",,,,"55","43"
"USW00003131","SAN DIEGO MONTGOMERY FIELD, CA US","2008-01-30","0.00",,,,"57","43"
"USW00003131","SAN DIEGO MONTGOMERY FIELD, CA US","2008-01-31","0.00",,,,"63","40"
"USW00003131","SAN DIEGO MONTGOMERY FIELD, CA US","2008-02-01","0.00",,,,"59","40"
"USW00003131","SAN DIEGO MONTGOMERY FIELD, CA US","2008-02-02","0.00",,,,"58","47"
"USW00003131","SAN DIEGO MONTGOMERY FIELD, CA US","2008-02-03","0.56",,,,"55","49"
"USW00003131","SAN DIEGO MONTGOMERY FIELD, CA US","2008-02-04","0.07",,,,"57","43"
"USW00003131","SAN DIEGO MONTGOMERY FIELD, CA US","2008-02-05","0.00",,,,"60","39"
"USW00003131","SAN DIEGO MONTGOMERY FIELD, CA US","2008-02-06","0.00",,,,"61","39"
"USW00003131","SAN DIEGO MONTGOMERY FIELD, CA US","2008-02-07","0.00",,,,"69","41"
"USW00003131","SAN DIEGO MONTGOMERY FIELD, CA US","2008-02-08","0.00",,,,"77","43"
"USW00003131","SAN DIEGO MONTGOMERY FIELD, CA US","2008-02-09","0.00",,,,"80","46"
"USW00003131","SAN DIEGO MONTGOMERY FIELD, CA US","2008-02-10","0.00",,,,"78","47"
"USW00003131","SAN DIEGO MONTGOMERY FIELD, CA US","2008-02-11","0.00",,,,"75","46"
"USW00003131","SAN DIEGO MONTGOMERY FIELD, CA US","2008-02-12","0.00",,,,"80","46"
"USW00003131","SAN DIEGO MONTGOMERY FIELD, CA US","2008-02-13","0.00",,,,"60","49"
"USW00003131","SAN DIEGO MONTGOMERY FIELD, CA US","2008-02-14","0.31",,,,"55","40"
"USW00003131","SAN DIEGO MONTGOMERY FIELD, CA US","2008-02-15","0.00",,,,"62","37"
"USW00003131","SAN DIEGO MONTGOMERY FIELD, CA US","2008-02-16","0.00",,,,"66","39"
"USW00003131","SAN DIEGO MONTGOMERY FIELD, CA US","2008-02-17","0.00",,,,"61","43"
"USW00003131","SAN DIEGO MONTGOMERY FIELD, CA US","2008-02-18","0.01",,,,"62","44"
"USW00003131","SAN DIEGO MONTGOMERY FIELD, CA US","2008-02-19","0.00",,,,"60","52"
"USW00003131","SAN DIEGO MONTGOMERY FIELD, CA US","2008-02-20","0.15",,,,"57","51"
"USW00003131","SAN DIEGO MONTGOMERY FIELD, CA US","2008-02-21","0.00",,,,"61","46"
"USW00003131","SAN DIEGO MONTGOMERY FIELD, CA US","2008-02-22","0.48",,,,"56","50"
"USW00003131","SAN DIEGO MONTGOMERY FIELD, CA US","2008-02-23","0.02",,,,"63","44"
"USW00003131","SAN DIEGO MONTGOMERY FIELD, CA US","2008-02-24","0.19",,,,"58","51"
"USW00003131","SAN DIEGO MONTGOMERY FIELD, CA US","2008-02-25","0.01",,,,"63","45"
"USW00003131","SAN DIEGO MONTGOMERY FIELD, CA US","2008-02-26","0.01",,,,"76","45"
"USW00003131","SAN DIEGO MONTGOMERY FIELD, CA US","2008-02-27","0.00",,,,"78","47"
"USW00003131","SAN DIEGO MONTGOMERY FIELD, CA US","2008-02-28","0.00",,,,"64","45"
"USW00003131","SAN DIEGO MONTGOMERY FIELD, CA US","2008-02-29","0.00",,,,"62","52"
"USW00003131","SAN DIEGO MONTGOMERY FIELD, CA US","2008-03-01","0.00",,,,"60","52"
"USW00003131","SAN DIEGO MONTGOMERY FIELD, CA US","2008-03-02","0.00",,,,"67","50"
"USW00003131","SAN DIEGO MONTGOMERY FIELD, CA US","2008-03-03","0.00",,,,"71","46"
"USW00003131","SAN DIEGO MONTGOMERY FIELD, CA US","2008-03-04","0.00",,,,"66","42"
"USW00003131","SAN DIEGO MONTGOMERY FIELD, CA US","2008-03-05","0.00",,,,"63","49"
"USW00003131","SAN DIEGO MONTGOMERY FIELD, CA US","2008-03-06","0.00",,,,"73","45"
"USW00003131","SAN DIEGO MONTGOMERY FIELD, CA US","2008-03-07","0.00",,,,"75","46"
"USW00003131","SAN DIEGO MONTGOMERY FIELD, CA US","2008-03-08","0.00",,,,"70","46"
"USW00003131","SAN DIEGO MONTGOMERY FIELD, CA US","2008-03-09","0.01",,,,"76","46"
"USW00003131","SAN DIEGO MONTGOMERY FIELD, CA US","2008-03-10","0.00",,,,"79","49"
"USW00003131","SAN DIEGO MONTGOMERY FIELD, CA US","2008-03-11","0.00",,,,"80","51"
"USW00003131","SAN DIEGO MONTGOMERY FIELD, CA US","2008-03-12","0.00",,,,"73","50"
"USW00003131","SAN DIEGO MONTGOMERY FIELD, CA US","2008-03-13","0.00",,,,"69","54"
"USW00003131","SAN DIEGO MONTGOMERY FIELD, CA US","2008-03-14","0.00",,,,"63","49"
"USW00003131","SAN DIEGO MONTGOMERY FIELD, CA US","2008-03-15","0.01",,,,"59","48"
"USW00003131","SAN DIEGO MONTGOMERY FIELD, CA US","2008-03-16","0.09",,,,"60","43"
"USW00003131","SAN DIEGO MONTGOMERY FIELD, CA US","2008-03-17","0.00",,,,"64","41"
"USW00003131","SAN DIEGO MONTGOMERY FIELD, CA US","2008-03-18","0.00",,,,"68","43"
"USW00003131","SAN DIEGO MONTGOMERY FIELD, CA US","2008-03-19","0.00",,,,"64","52"
"USW00003131","SAN DIEGO MONTGOMERY FIELD, CA US","2008-03-20","0.00",,,,"68","51"
"USW00003131","SAN DIEGO MONTGOMERY FIELD, CA US","2008-03-21","0.00",,,,"73","48"
"USW00003131","SAN DIEGO MONTGOMERY FIELD, CA US","2008-03-22","0.00",,,,"82","50"
"USW00003131","SAN DIEGO MONTGOMERY FIELD, CA US","2008-03-23","0.00",,,,"88","52"
"USW00003131","SAN DIEGO MONTGOMERY FIELD, CA US","2008-03-24","0.00",,,,"84","53"
"USW00003131","SAN DIEGO MONTGOMERY FIELD, CA US","2008-03-25","0.00",,,,"72","51"
"USW00003131","SAN DIEGO MONTGOMERY FIELD, CA US","2008-03-26","0.00",,,,"69","54"
"USW00003131","SAN DIEGO MONTGOMERY FIELD, CA US","2008-03-27","0.00",,,,"69","52"
"USW00003131","SAN DIEGO MONTGOMERY FIELD, CA US","2008-03-28","0.00",,,,"66","50"
"USW00003131","SAN DIEGO MONTGOMERY FIELD, CA US","2008-03-29","0.05",,,,"66","52"
"USW00003131","SAN DIEGO MONTGOMERY FIELD, CA US","2008-03-30","0.02",,,,"60","52"
"USW00003131","SAN DIEGO MONTGOMERY FIELD, CA US","2008-03-31","0.00",,,,"61","47"
"USW00003131","SAN DIEGO MONTGOMERY FIELD, CA US","2008-04-01","0.00",,,,"62","46"
"USW00003131","SAN DIEGO MONTGOMERY FIELD, CA US","2008-04-02","0.00",,,,"63","48"
"USW00003131","SAN DIEGO MONTGOMERY FIELD, CA US","2008-04-03","0.01",,,,"69","52"
"USW00003131","SAN DIEGO MONTGOMERY FIELD, CA US","2008-04-04","0.00",,,,"69","54"
"USW00003131","SAN DIEGO MONTGOMERY FIELD, CA US","2008-04-05","0.00",,,,"63","54"
"USW00003131","SAN DIEGO MONTGOMERY FIELD, CA US","2008-04-06","0.00",,,,"63","51"
"USW00003131","SAN DIEGO MONTGOMERY FIELD, CA US","2008-04-07","0.00",,,,"65","54"
"USW00003131","SAN DIEGO MONTGOMERY FIELD, CA US","2008-04-08","0.00",,,,"63","48"
"USW00003131","SAN DIEGO MONTGOMERY FIELD, CA US","2008-04-09","0.00",,,,"63","48"
"USW00003131","SAN DIEGO MONTGOMERY FIELD, CA US","2008-04-10","0.00",,,,"70","46"
"USW00003131","SAN DIEGO MONTGOMERY FIELD, CA US","2008-04-11","0.00",,,,"84","49"
"USW00003131","SAN DIEGO MONTGOMERY FIELD, CA US","2008-04-12","0.00",,,,"93","51"
"USW00003131","SAN DIEGO MONTGOMERY FIELD, CA US","2008-04-13","0.00",,,,"94","57"
"USW00003131","SAN DIEGO MONTGOMERY FIELD, CA US","2008-04-14","0.00",,,,"82","54"
"USW00003131","SAN DIEGO MONTGOMERY FIELD, CA US","2008-04-15","0.00",,,,"63","52"
"USW00003131","SAN DIEGO MONTGOMERY FIELD, CA US","2008-04-16","0.00",,,,"66","52"
"USW00003131","SAN DIEGO MONTGOMERY FIELD, CA US","2008-04-17","0.00",,,,"82","48"
"USW00003131","SAN DIEGO MONTGOMERY FIELD, CA US","2008-04-18","0.00",,,,"80","52"
"USW00003131","SAN DIEGO MONTGOMERY FIELD, CA US","2008-04-19","0.00",,,,"58","53"
"USW00003131","SAN DIEGO MONTGOMERY FIELD, CA US","2008-04-20","0.00",,,,"64","51"
"USW00003131","SAN DIEGO MONTGOMERY FIELD, CA US","2008-04-21","0.00",,,,"64","49"
"USW00003131","SAN DIEGO MONTGOMERY FIELD, CA US","2008-04-22","0.00",,,,"67","48"
"USW00003131","SAN DIEGO MONTGOMERY FIELD, CA US","2008-04-23","0.00",,,,"66","54"
"USW00003131","SAN DIEGO MONTGOMERY FIELD, CA US","2008-04-24","0.00",,,,"68","50"
"USW00003131","SAN DIEGO MONTGOMERY FIELD, CA US","2008-04-25","0.00",,,,"86","50"
"USW00003131","SAN DIEGO MONTGOMERY FIELD, CA US","2008-04-26","0.00",,,,"88","56"
"USW00003131","SAN DIEGO MONTGOMERY FIELD, CA US","2008-04-27","0.00",,,,"96","63"
"USW00003131","SAN DIEGO MONTGOMERY FIELD, CA US","2008-04-28","0.00",,,,"93","57"
"USW00003131","SAN DIEGO MONTGOMERY FIELD, CA US","2008-04-29","0.00",,,,"72","57"
"USW00003131","SAN DIEGO MONTGOMERY FIELD, CA US","2008-04-30","0.00",,,,"60","54"
"USW00003131","SAN DIEGO MONTGOMERY FIELD, CA US","2008-05-01","0.00",,,,"68","50"
"USW00003131","SAN DIEGO MONTGOMERY FIELD, CA US","2008-05-02","0.00",,,,"81","52"
"USW00003131","SAN DIEGO MONTGOMERY FIELD, CA US","2008-05-03","0.00",,,,"76","54"
"USW00003131","SAN DIEGO MONTGOMERY FIELD, CA US","2008-05-04","0.00",,,,"66","56"
"USW00003131","SAN DIEGO MONTGOMERY FIELD, CA US","2008-05-05","0.00",,,,"63","55"
"USW00003131","SAN DIEGO MONTGOMERY FIELD, CA US","2008-05-06","0.01",,,,"60","55"
"USW00003131","SAN DIEGO MONTGOMERY FIELD, CA US","2008-05-07","0.00",,,,"64","55"
"USW00003131","SAN DIEGO MONTGOMERY FIELD, CA US","2008-05-08","0.00",,,,"67","55"
"USW00003131","SAN DIEGO MONTGOMERY FIELD, CA US","2008-05-09","0.00",,,,"62","56"
"USW00003131","SAN DIEGO MONTGOMERY FIELD, CA US","2008-05-10","0.00",,,,"68","54"
"USW00003131","SAN DIEGO MONTGOMERY FIELD, CA US","2008-05-11","0.00",,,,"68","57"
"USW00003131","SAN DIEGO MONTGOMERY FIELD, CA US","2008-05-12","0.00",,,,"64","54"
"USW00003131","SAN DIEGO MONTGOMERY FIELD, CA US","2008-05-13","0.00",,,,"70","54"
"USW00003131","SAN DIEGO MONTGOMERY FIELD, CA US","2008-05-14","0.00",,,,,
"USW00003131","SAN DIEGO MONTGOMERY FIELD, CA US","2008-05-15","0.00",,,,"79","58"
"USW00003131","SAN DIEGO MONTGOMERY FIELD, CA US","2008-05-16","0.00",,,,"92","58"
"USW00003131","SAN DIEGO MONTGOMERY FIELD, CA US","2008-05-17","0.00",,,,"90","62"
"USW00003131","SAN DIEGO MONTGOMERY FIELD, CA US","2008-05-18","0.00",,,,"91","63"
"USW00003131","SAN DIEGO MONTGOMERY FIELD, CA US","2008-05-19","0.00",,,,"86","63"
"USW00003131","SAN DIEGO MONTGOMERY FIELD, CA US","2008-05-20","0.00",,,,"71","59"
"USW00003131","SAN DIEGO MONTGOMERY FIELD, CA US","2008-05-21","0.00",,,,"69","58"
"USW00003131","SAN DIEGO MONTGOMERY FIELD, CA US","2008-05-22","0.00",,,,"64","55"
"USW00003131","SAN DIEGO MONTGOMERY FIELD, CA US","2008-05-23","0.24",,,,"60","51"
"USW00003131","SAN DIEGO MONTGOMERY FIELD, CA US","2008-05-24","0.01",,,,"63","50"
"USW00003131","SAN DIEGO MONTGOMERY FIELD, CA US","2008-05-25","0.00",,,,"65","49"
"USW00003131","SAN DIEGO MONTGOMERY FIELD, CA US","2008-05-26","0.00",,,,"66","55"
"USW00003131","SAN DIEGO MONTGOMERY FIELD, CA US","2008-05-27","0.00",,,,"68","55"
"USW00003131","SAN DIEGO MONTGOMERY FIELD, CA US","2008-05-28","0.00",,,,"70","53"
"USW00003131","SAN DIEGO MONTGOMERY FIELD, CA US","2008-05-29","0.00",,,,"74","52"
"USW00003131","SAN DIEGO MONTGOMERY FIELD, CA US","2008-05-30","0.00",,,,"72","54"
"USW00003131","SAN DIEGO MONTGOMERY FIELD, CA US","2008-05-31","0.00",,,,"68","58"
"USW00003131","SAN DIEGO MONTGOMERY FIELD, CA US","2008-06-01","0.00",,,,"72","58"
"USW00003131","SAN DIEGO MONTGOMERY FIELD, CA US","2008-06-02","0.00",,,,"72","56"
"USW00003131","SAN DIEGO MONTGOMERY FIELD, CA US","2008-06-03","0.00",,,,"68","58"
"USW00003131","SAN DIEGO MONTGOMERY FIELD, CA US","2008-06-04","0.01",,,,"63","57"
"USW00003131","SAN DIEGO MONTGOMERY FIELD, CA US","2008-06-05","0.00",,,,"74","55"
"USW00003131","SAN DIEGO MONTGOMERY FIELD, CA US","2008-06-06","0.01",,,,"82","56"
"USW00003131","SAN DIEGO MONTGOMERY FIELD, CA US","2008-06-07","0.00",,,,"67","58"
"USW00003131","SAN DIEGO MONTGOMERY FIELD, CA US","2008-06-08","0.00",,,,"69","58"
"USW00003131","SAN DIEGO MONTGOMERY FIELD, CA US","2008-06-09","0.00",,,,"73","58"
"USW00003131","SAN DIEGO MONTGOMERY FIELD, CA US","2008-06-10","0.00",,,,"69","58"
"USW00003131","SAN DIEGO MONTGOMERY FIELD, CA US","2008-06-11","0.00",,,,"70","58"
"USW00003131","SAN DIEGO MONTGOMERY FIELD, CA US","2008-06-12","0.00",,,,"70","60"
"USW00003131","SAN DIEGO MONTGOMERY FIELD, CA US","2008-06-13","0.00",,,,"75","59"
"USW00003131","SAN DIEGO MONTGOMERY FIELD, CA US","2008-06-14","0.00",,,,"75","61"
"USW00003131","SAN DIEGO MONTGOMERY FIELD, CA US","2008-06-15","0.00",,,,"83","60"
"USW00003131","SAN DIEGO MONTGOMERY FIELD, CA US","2008-06-16","0.00",,,,"79","59"
"USW00003131","SAN DIEGO MONTGOMERY FIELD, CA US","2008-06-17","0.00",,,,"84","60"
"USW00003131","SAN DIEGO MONTGOMERY FIELD, CA US","2008-06-18","0.00",,,,"91","59"
"USW00003131","SAN DIEGO MONTGOMERY FIELD, CA US","2008-06-19","0.00",,,,"93","65"
"USW00003131","SAN DIEGO MONTGOMERY FIELD, CA US","2008-06-20","0.00",,,,"98","63"
"USW00003131","SAN DIEGO MONTGOMERY FIELD, CA US","2008-06-21","0.00",,,,"99","67"
"USW00003131","SAN DIEGO MONTGOMERY FIELD, CA US","2008-06-22","0.00",,,,"90","65"
"USW00003131","SAN DIEGO MONTGOMERY FIELD, CA US","2008-06-23","0.00",,,,"81","64"
"USW00003131","SAN DIEGO MONTGOMERY FIELD, CA US","2008-06-24","0.00",,,,"75","62"
"USW00003131","SAN DIEGO MONTGOMERY FIELD, CA US","2008-06-25","0.00",,,,"73","61"
"USW00003131","SAN DIEGO MONTGOMERY FIELD, CA US","2008-06-26","0.00",,,,"72","62"
"USW00003131","SAN DIEGO MONTGOMERY FIELD, CA US","2008-06-27","0.00",,,,"72","61"
"USW00003131","SAN DIEGO MONTGOMERY FIELD, CA US","2008-06-28","0.00",,,,"78","62"
"USW00003131","SAN DIEGO MONTGOMERY FIELD, CA US","2008-06-29","0.00",,,,"80","64"
"USW00003131","SAN DIEGO MONTGOMERY FIELD, CA US","2008-06-30","0.00",,,,"81","64"
"USW00003131","SAN DIEGO MONTGOMERY FIELD, CA US","2008-07-01","0.00",,,,"81","63"
"USW00003131","SAN DIEGO MONTGOMERY FIELD, CA US","2008-07-02","0.00",,,,"78","63"
"USW00003131","SAN DIEGO MONTGOMERY FIELD, CA US","2008-07-03","0.00",,,,"80","63"
"USW00003131","SAN DIEGO MONTGOMERY FIELD, CA US","2008-07-04","0.00",,,,"83","63"
"USW00003131","SAN DIEGO MONTGOMERY FIELD, CA US","2008-07-05","0.00",,,,"79","64"
"USW00003131","SAN DIEGO MONTGOMERY FIELD, CA US","2008-07-06","0.00",,,,"76","64"
"USW00003131","SAN DIEGO MONTGOMERY FIELD, CA US","2008-07-07","0.00",,,,"77","62"
"USW00003131","SAN DIEGO MONTGOMERY FIELD, CA US","2008-07-08","0.00",,,,"77","63"
"USW00003131","SAN DIEGO MONTGOMERY FIELD, CA US","2008-07-09","0.00",,,,"72","62"
"USW00003131","SAN DIEGO MONTGOMERY FIELD, CA US","2008-07-10","0.00",,,,"76","63"
"USW00003131","SAN DIEGO MONTGOMERY FIELD, CA US","2008-07-11","0.00",,,,"74","66"
"USW00003131","SAN DIEGO MONTGOMERY FIELD, CA US","2008-07-12","0.00",,,,"79","65"
"USW00003131","SAN DIEGO MONTGOMERY FIELD, CA US","2008-07-13","0.00",,,,"81","66"
"USW00003131","SAN DIEGO MONTGOMERY FIELD, CA US","2008-07-14","0.00",,,,"81","66"
"USW00003131","SAN DIEGO MONTGOMERY FIELD, CA US","2008-07-15","0.00",,,,"84","66"
"USW00003131","SAN DIEGO MONTGOMERY FIELD, CA US","2008-07-16","0.00",,,,"81","67"
"USW00003131","SAN DIEGO MONTGOMERY FIELD, CA US","2008-07-17","0.00",,,,"78","65"
"USW00003131","SAN DIEGO MONTGOMERY FIELD, CA US","2008-07-18","0.00",,,,"77","64"
"USW00003131","SAN DIEGO MONTGOMERY FIELD, CA US","2008-07-19","0.00",,,,"72","63"
"USW00003131","SAN DIEGO MONTGOMERY FIELD, CA US","2008-07-20","0.00",,,,"74","63"
"USW00003131","SAN DIEGO MONTGOMERY FIELD, CA US","2008-07-21","0.00",,,,"77","61"
"USW00003131","SAN DIEGO MONTGOMERY FIELD, CA US","2008-07-22","0.00",,,,"76","63"
"USW00003131","SAN DIEGO MONTGOMERY FIELD, CA US","2008-07-23","0.00",,,,"78","63"
"USW00003131","SAN DIEGO MONTGOMERY FIELD, CA US","2008-07-24","0.00",,,,"79","62"
"USW00003131","SAN DIEGO MONTGOMERY FIELD, CA US","2008-07-25","0.00",,,,"78","64"
"USW00003131","SAN DIEGO MONTGOMERY FIELD, CA US","2008-07-26","0.00",,,,"76","66"
"USW00003131","SAN DIEGO MONTGOMERY FIELD, CA US","2008-07-27","0.00",,,,"74","66"
"USW00003131","SAN DIEGO MONTGOMERY FIELD, CA US","2008-07-28","0.00",,,,"76","66"
"USW00003131","SAN DIEGO MONTGOMERY FIELD, CA US","2008-07-29","0.00",,,,"77","65"
"USW00003131","SAN DIEGO MONTGOMERY FIELD, CA US","2008-07-30","0.00",,,,"77","64"
"USW00003131","SAN DIEGO MONTGOMERY FIELD, CA US","2008-07-31","0.00",,,,"78","64"
"USW00003131","SAN DIEGO MONTGOMERY FIELD, CA US","2008-08-01","0.00",,,,"79","65"
"USW00003131","SAN DIEGO MONTGOMERY FIELD, CA US","2008-08-02","0.00",,,,"77","64"
"USW00003131","SAN DIEGO MONTGOMERY FIELD, CA US","2008-08-03","0.00",,,,"81","65"
"USW00003131","SAN DIEGO MONTGOMERY FIELD, CA US","2008-08-04","0.00",,,,"82","68"
"USW00003131","SAN DIEGO MONTGOMERY FIELD, CA US","2008-08-05","0.00",,,,"81","66"
"USW00003131","SAN DIEGO MONTGOMERY FIELD, CA US","2008-08-06","0.00",,,,"85","66"
"USW00003131","SAN DIEGO MONTGOMERY FIELD, CA US","2008-08-07","0.00",,,,"86","69"
"USW00003131","SAN DIEGO MONTGOMERY FIELD, CA US","2008-08-08","0.00",,,,"83","68"
"USW00003131","SAN DIEGO MONTGOMERY FIELD, CA US","2008-08-09","0.00",,,,"83","67"
"USW00003131","SAN DIEGO MONTGOMERY FIELD, CA US","2008-08-10","0.00",,,,"82","66"
"USW00003131","SAN DIEGO MONTGOMERY FIELD, CA US","2008-08-11","0.00",,,,"78","65"
"USW00003131","SAN DIEGO MONTGOMERY FIELD, CA US","2008-08-12","0.00",,,,"79","65"
"USW00003131","SAN DIEGO MONTGOMERY FIELD, CA US","2008-08-13","0.00",,,,"79","64"
"USW00003131","SAN DIEGO MONTGOMERY FIELD, CA US","2008-08-14","0.00",,,,"85","66"
"USW00003131","SAN DIEGO MONTGOMERY FIELD, CA US","2008-08-15","0.00",,,,"81","68"
"USW00003131","SAN DIEGO MONTGOMERY FIELD, CA US","2008-08-16","0.00",,,,"83","68"
"USW00003131","SAN DIEGO MONTGOMERY FIELD, CA US","2008-08-17","0.00",,,,"82","67"
"USW00003131","SAN DIEGO MONTGOMERY FIELD, CA US","2008-08-18","0.00",,,,"80","67"
"USW00003131","SAN DIEGO MONTGOMERY FIELD, CA US","2008-08-19","0.00",,,,"79","64"
"USW00003131","SAN DIEGO MONTGOMERY FIELD, CA US","2008-08-20","0.00",,,,"77","62"
"USW00003131","SAN DIEGO MONTGOMERY FIELD, CA US","2008-08-21","0.00",,,,"77","64"
"USW00003131","SAN DIEGO MONTGOMERY FIELD, CA US","2008-08-22","0.00",,,,"77","67"
"USW00003131","SAN DIEGO MONTGOMERY FIELD, CA US","2008-08-23","0.00",,,,"80","67"
"USW00003131","SAN DIEGO MONTGOMERY FIELD, CA US","2008-08-24","0.00",,,,"81","67"
"USW00003131","SAN DIEGO MONTGOMERY FIELD, CA US","2008-08-25","0.00",,,,"82","67"
"USW00003131","SAN DIEGO MONTGOMERY FIELD, CA US","2008-08-26","0.00",,,,"80","67"
"USW00003131","SAN DIEGO MONTGOMERY FIELD, CA US","2008-08-27","0.00",,,,"80","67"
"USW00003131","SAN DIEGO MONTGOMERY FIELD, CA US","2008-08-28","0.00",,,,"79","66"
"USW00003131","SAN DIEGO MONTGOMERY FIELD, CA US","2008-08-29","0.00",,,,"86","66"
"USW00003131","SAN DIEGO MONTGOMERY FIELD, CA US","2008-08-30","0.00",,,,"85","69"
"USW00003131","SAN DIEGO MONTGOMERY FIELD, CA US","2008-08-31","0.00",,,,"81","68"
"USW00003131","SAN DIEGO MONTGOMERY FIELD, CA US","2008-09-01","0.00",,,,"77","67"
"USW00003131","SAN DIEGO MONTGOMERY FIELD, CA US","2008-09-02","0.00",,,,"83","65"
"USW00003131","SAN DIEGO MONTGOMERY FIELD, CA US","2008-09-03","0.00",,,,"86","65"
"USW00003131","SAN DIEGO MONTGOMERY FIELD, CA US","2008-09-04","0.00",,,,"88","66"
"USW00003131","SAN DIEGO MONTGOMERY FIELD, CA US","2008-09-05","0.00",,,,"86","66"
"USW00003131","SAN DIEGO MONTGOMERY FIELD, CA US","2008-09-06","0.00",,,,"90","65"
"USW00003131","SAN DIEGO MONTGOMERY FIELD, CA US","2008-09-07","0.00",,,,"83","65"
"USW00003131","SAN DIEGO MONTGOMERY FIELD, CA US","2008-09-08","0.00",,,,"77","65"
"USW00003131","SAN DIEGO MONTGOMERY FIELD, CA US","2008-09-09","0.00",,,,"82","62"
"USW00003131","SAN DIEGO MONTGOMERY FIELD, CA US","2008-09-10","0.00",,,,"75","65"
"USW00003131","SAN DIEGO MONTGOMERY FIELD, CA US","2008-09-11","0.00",,,,"74","65"
"USW00003131","SAN DIEGO MONTGOMERY FIELD, CA US","2008-09-12","0.00",,,,"70","66"
"USW00003131","SAN DIEGO MONTGOMERY FIELD, CA US","2008-09-13","0.00",,,,"76","66"
"USW00003131","SAN DIEGO MONTGOMERY FIELD, CA US","2008-09-14","0.00",,,,"77","65"
"USW00003131","SAN DIEGO MONTGOMERY FIELD, CA US","2008-09-15","0.00",,,,"83","63"
"USW00003131","SAN DIEGO MONTGOMERY FIELD, CA US","2008-09-16","0.00",,,,"75","64"
"USW00003131","SAN DIEGO MONTGOMERY FIELD, CA US","2008-09-17","0.00",,,,"79","65"
"USW00003131","SAN DIEGO MONTGOMERY FIELD, CA US","2008-09-18","0.00",,,,"82","66"
"USW00003131","SAN DIEGO MONTGOMERY FIELD, CA US","2008-09-19","0.00",,,,"81","64"
"USW00003131","SAN DIEGO MONTGOMERY FIELD, CA US","2008-09-20","0.00",,,,"72","64"
"USW00003131","SAN DIEGO MONTGOMERY FIELD, CA US","2008-09-21","0.00",,,,"72","60"
"USW00003131","SAN DIEGO MONTGOMERY FIELD, CA US","2008-09-22","0.00",,,,"74","62"
"USW00003131","SAN DIEGO MONTGOMERY FIELD, CA US","2008-09-23","0.00",,,,"78","59"
"USW00003131","SAN DIEGO MONTGOMERY FIELD, CA US","2008-09-24","0.00",,,,"88","63"
"USW00003131","SAN DIEGO MONTGOMERY FIELD, CA US","2008-09-25","0.00",,,,"88","63"
"USW00003131","SAN DIEGO MONTGOMERY FIELD, CA US","2008-09-26","0.00",,,,"86","64"
"USW00003131","SAN DIEGO MONTGOMERY FIELD, CA US","2008-09-27","0.00",,,,"81","63"
"USW00003131","SAN DIEGO MONTGOMERY FIELD, CA US","2008-09-28","0.00",,,,"77","61"
"USW00003131","SAN DIEGO MONTGOMERY FIELD, CA US","2008-09-29","0.00",,,,"85","63"
"USW00003131","SAN DIEGO MONTGOMERY FIELD, CA US","2008-09-30","0.00",,,,"95","65"
"USW00003131","SAN DIEGO MONTGOMERY FIELD, CA US","2008-10-01","0.00",,,,"95","70"
"USW00003131","SAN DIEGO MONTGOMERY FIELD, CA US","2008-10-02","0.00",,,,"87","66"
"USW00003131","SAN DIEGO MONTGOMERY FIELD, CA US","2008-10-03","0.00",,,,"74","65"
"USW00003131","SAN DIEGO MONTGOMERY FIELD, CA US","2008-10-04","0.05",,,,"71","62"
"USW00003131","SAN DIEGO MONTGOMERY FIELD, CA US","2008-10-05","0.00",,,,"72","59"
"USW00003131","SAN DIEGO MONTGOMERY FIELD, CA US","2008-10-06","0.00",,,,"82","58"
"USW00003131","SAN DIEGO MONTGOMERY FIELD, CA US","2008-10-07","0.00",,,,"95","59"
"USW00003131","SAN DIEGO MONTGOMERY FIELD, CA US","2008-10-08","0.00",,,,"97","63"
"USW00003131","SAN DIEGO MONTGOMERY FIELD, CA US","2008-10-09","0.00",,,,"73","62"
"USW00003131","SAN DIEGO MONTGOMERY FIELD, CA US","2008-10-10","0.00",,,,"71","59"
"USW00003131","SAN DIEGO MONTGOMERY FIELD, CA US","2008-10-11","0.00",,,,"67","52"
"USW00003131","SAN DIEGO MONTGOMERY FIELD, CA US","2008-10-12","0.00",,,,"71","47"
"USW00003131","SAN DIEGO MONTGOMERY FIELD, CA US","2008-10-13","0.00",,,,"81","47"
"USW00003131","SAN DIEGO MONTGOMERY FIELD, CA US","2008-10-14","0.00",,,,"84","58"
"USW00003131","SAN DIEGO MONTGOMERY FIELD, CA US","2008-10-15","0.00",,,,"89","54"
"USW00003131","SAN DIEGO MONTGOMERY FIELD, CA US","2008-10-16","0.00",,,,"85","54"
"USW00003131","SAN DIEGO MONTGOMERY FIELD, CA US","2008-10-17","0.00",,,,"86","57"
"USW00003131","SAN DIEGO MONTGOMERY FIELD, CA US","2008-10-18","0.00",,,,"78","56"
"USW00003131","SAN DIEGO MONTGOMERY FIELD, CA US","2008-10-19","0.00",,,,"71","59"
"USW00003131","SAN DIEGO MONTGOMERY FIELD, CA US","2008-10-20","0.00",,,,"73","54"
"USW00003131","SAN DIEGO MONTGOMERY FIELD, CA US","2008-10-21","0.00",,,,"75","52"
"USW00003131","SAN DIEGO MONTGOMERY FIELD, CA US","2008-10-22","0.01",,,,"94","53"
"USW00003131","SAN DIEGO MONTGOMERY FIELD, CA US","2008-10-23","0.00",,,,"91","55"
"USW00003131","SAN DIEGO MONTGOMERY FIELD, CA US","2008-10-24","0.00",,,,"85","54"
"USW00003131","SAN DIEGO MONTGOMERY FIELD, CA US","2008-10-25","0.00",,,,"85","53"
"USW00003131","SAN DIEGO MONTGOMERY FIELD, CA US","2008-10-26","0.00",,,,"83","52"
"USW00003131","SAN DIEGO MONTGOMERY FIELD, CA US","2008-10-27","0.00",,,,"91","53"
"USW00003131","SAN DIEGO MONTGOMERY FIELD, CA US","2008-10-28","0.00",,,,"90","59"
"USW00003131","SAN DIEGO MONTGOMERY FIELD, CA US","2008-10-29","0.00",,,,"88","58"
"USW00003131","SAN DIEGO MONTGOMERY FIELD, CA US","2008-10-30","0.00",,,,"80","57"
"USW00003131","SAN DIEGO MONTGOMERY FIELD, CA US","2008-10-31","0.00",,,,"86","60"
"USW00003131","SAN DIEGO MONTGOMERY FIELD, CA US","2008-11-01","0.00",,,,"87","61"
"USW00003131","SAN DIEGO MONTGOMERY FIELD, CA US","2008-11-02","0.00",,,,"70","54"
"USW00003131","SAN DIEGO MONTGOMERY FIELD, CA US","2008-11-03","0.01",,,,"67","56"
"USW00003131","SAN DIEGO MONTGOMERY FIELD, CA US","2008-11-04","0.27",,,,"65","51"
"USW00003131","SAN DIEGO MONTGOMERY FIELD, CA US","2008-11-05","0.00",,,,"69","48"
"USW00003131","SAN DIEGO MONTGOMERY FIELD, CA US","2008-11-06","0.00",,,,"77","49"
"USW00003131","SAN DIEGO MONTGOMERY FIELD, CA US","2008-11-07","0.00",,,,"83","52"
"USW00003131","SAN DIEGO MONTGOMERY FIELD, CA US","2008-11-08","0.00",,,,"81","54"
"USW00003131","SAN DIEGO MONTGOMERY FIELD, CA US","2008-11-09","0.02",,,,"63","54"
"USW00003131","SAN DIEGO MONTGOMERY FIELD, CA US","2008-11-10","0.01",,,,"66","50"
"USW00003131","SAN DIEGO MONTGOMERY FIELD, CA US","2008-11-11","0.00",,,,"70","49"
"USW00003131","SAN DIEGO MONTGOMERY FIELD, CA US","2008-11-12","0.00",,,,"78","50"
"USW00003131","SAN DIEGO MONTGOMERY FIELD, CA US","2008-11-13","0.00",,,,"79","53"
"USW00003131","SAN DIEGO MONTGOMERY FIELD, CA US","2008-11-14","0.00",,,,"88","53"
"USW00003131","SAN DIEGO MONTGOMERY FIELD, CA US","2008-11-15","0.00",,,,"90","56"
"USW00003131","SAN DIEGO MONTGOMERY FIELD, CA US","2008-11-16","0.00",,,,"91","55"
"USW00003131","SAN DIEGO MONTGOMERY FIELD, CA US","2008-11-17","0.00",,,,"88","54"
"USW00003131","SAN DIEGO MONTGOMERY FIELD, CA US","2008-11-18","0.00",,,,"87","52"
"USW00003131","SAN DIEGO MONTGOMERY FIELD, CA US","2008-11-19","0.00",,,,"81","52"
"USW00003131","SAN DIEGO MONTGOMERY FIELD, CA US","2008-11-20","0.00",,,,"76","49"
"USW00003131","SAN DIEGO MONTGOMERY FIELD, CA US","2008-11-21","0.00",,,,"82","53"
"USW00003131","SAN DIEGO MONTGOMERY FIELD, CA US","2008-11-22","0.00",,,,"74","53"
"USW00003131","SAN DIEGO MONTGOMERY FIELD, CA US","2008-11-23","0.00",,,,"67","53"
"USW00003131","SAN DIEGO MONTGOMERY FIELD, CA US","2008-11-24","0.01",,,,"69","49"
"USW00003131","SAN DIEGO MONTGOMERY FIELD, CA US","2008-11-25","0.08",,,,"78","58"
"USW00003131","SAN DIEGO MONTGOMERY FIELD, CA US","2008-11-26","0.90",,,,"67","57"
"USW00003131","SAN DIEGO MONTGOMERY FIELD, CA US","2008-11-27","0.33",,,,"64","56"
"USW00003131","SAN DIEGO MONTGOMERY FIELD, CA US","2008-11-28","0.01",,,,"66","53"
"USW00003131","SAN DIEGO MONTGOMERY FIELD, CA US","2008-11-29","0.00",,,,"68","49"
"USW00003131","SAN DIEGO MONTGOMERY FIELD, CA US","2008-11-30","0.01",,,,"74","50"
"USW00003131","SAN DIEGO MONTGOMERY FIELD, CA US","2008-12-01","0.01",,,,"76","49"
"USW00003131","SAN DIEGO MONTGOMERY FIELD, CA US","2008-12-02","0.00",,,,"64","54"
"USW00003131","SAN DIEGO MONTGOMERY FIELD, CA US","2008-12-03","0.00",,,,"66","55"
"USW00003131","SAN DIEGO MONTGOMERY FIELD, CA US","2008-12-04","0.00",,,,"65","51"
"USW00003131","SAN DIEGO MONTGOMERY FIELD, CA US","2008-12-05","0.00",,,,"76","50"
"USW00003131","SAN DIEGO MONTGOMERY FIELD, CA US","2008-12-06","0.00",,,,"77","49"
"USW00003131","SAN DIEGO MONTGOMERY FIELD, CA US","2008-12-07","0.00",,,,"64","58"
"USW00003131","SAN DIEGO MONTGOMERY FIELD, CA US","2008-12-08","0.00",,,,"61","50"
"USW00003131","SAN DIEGO MONTGOMERY FIELD, CA US","2008-12-09","0.00",,,,"74","49"
"USW00003131","SAN DIEGO MONTGOMERY FIELD, CA US","2008-12-10","0.00",,,,"71","45"
"USW00003131","SAN DIEGO MONTGOMERY FIELD, CA US","2008-12-11","0.00",,,,"74","47"
"USW00003131","SAN DIEGO MONTGOMERY FIELD, CA US","2008-12-12","0.00",,,,"66","51"
"USW00003131","SAN DIEGO MONTGOMERY FIELD, CA US","2008-12-13","0.00",,,,"60","54"
"USW00003131","SAN DIEGO MONTGOMERY FIELD, CA US","2008-12-14","0.00",,,,"58","45"
"USW00003131","SAN DIEGO MONTGOMERY FIELD, CA US","2008-12-15","1.28",,,,"55","46"
"USW00003131","SAN DIEGO MONTGOMERY FIELD, CA US","2008-12-16","0.11",,,,"59","49"
"USW00003131","SAN DIEGO MONTGOMERY FIELD, CA US","2008-12-17","1.70",,,,"53","48"
"USW00003131","SAN DIEGO MONTGOMERY FIELD, CA US","2008-12-18","0.05",,,,"57","43"
"USW00003131","SAN DIEGO MONTGOMERY FIELD, CA US","2008-12-19","0.00",,,,"57","40"
"USW00003131","SAN DIEGO MONTGOMERY FIELD, CA US","2008-12-20","0.00",,,,"61","38"
"USW00003131","SAN DIEGO MONTGOMERY FIELD, CA US","2008-12-21","0.00",,,,"63","41"
"USW00003131","SAN DIEGO MONTGOMERY FIELD, CA US","2008-12-22","0.43",,,,"57","45"
"USW00003131","SAN DIEGO MONTGOMERY FIELD, CA US","2008-12-23","0.03",,,,"56","45"
"USW00003131","SAN DIEGO MONTGOMERY FIELD, CA US","2008-12-24","0.02",,,,"57","43"
"USW00003131","SAN DIEGO MONTGOMERY FIELD, CA US","2008-12-25","0.07",,,,"60","48"
"USW00003131","SAN DIEGO MONTGOMERY FIELD, CA US","2008-12-26","0.08",,,,"54","40"
"USW00003131","SAN DIEGO MONTGOMERY FIELD, CA US","2008-12-27","0.06",,,,"59","36"
"USW00003131","SAN DIEGO MONTGOMERY FIELD, CA US","2008-12-28","0.00",,,,"64","37"
"USW00003131","SAN DIEGO MONTGOMERY FIELD, CA US","2008-12-29","0.00",,,,"71","42"
"USW00003131","SAN DIEGO MONTGOMERY FIELD, CA US","2008-12-30","0.00",,,,"72","44"
"USW00003131","SAN DIEGO MONTGOMERY FIELD, CA US","2008-12-31","0.01",,,,"70","44"
"USW00003131","SAN DIEGO MONTGOMERY FIELD, CA US","2009-01-01","0.01",,,,"69","43"
"USW00003131","SAN DIEGO MONTGOMERY FIELD, CA US","2009-01-02","0.01",,,,"55","48"
"USW00003131","SAN DIEGO MONTGOMERY FIELD, CA US","2009-01-03","0.01",,,,"57","50"
"USW00003131","SAN DIEGO MONTGOMERY FIELD, CA US","2009-01-04","0.00",,,,"63","43"
"USW00003131","SAN DIEGO MONTGOMERY FIELD, CA US","2009-01-05","0.00",,,,"60","38"
"USW00003131","SAN DIEGO MONTGOMERY FIELD, CA US","2009-01-06","0.00",,,,"63","44"
"USW00003131","SAN DIEGO MONTGOMERY FIELD, CA US","2009-01-07","0.01",,,,"71","44"
"USW00003131","SAN DIEGO MONTGOMERY FIELD, CA US","2009-01-08","0.00",,,,"70","47"
"USW00003131","SAN DIEGO MONTGOMERY FIELD, CA US","2009-01-09","0.00",,,,"67","50"
"USW00003131","SAN DIEGO MONTGOMERY FIELD, CA US","2009-01-10","0.00",,,,"77","42"
"USW00003131","SAN DIEGO MONTGOMERY FIELD, CA US","2009-01-11","0.00",,,,"80","46"
"USW00003131","SAN DIEGO MONTGOMERY FIELD, CA US","2009-01-12","0.00",,,,"86","52"
"USW00003131","SAN DIEGO MONTGOMERY FIELD, CA US","2009-01-13","0.00",,,,"82","52"
"USW00003131","SAN DIEGO MONTGOMERY FIELD, CA US","2009-01-14","0.00",,,,"85","47"
"USW00003131","SAN DIEGO MONTGOMERY FIELD, CA US","2009-01-15","0.00",,,,"81","49"
"USW00003131","SAN DIEGO MONTGOMERY FIELD, CA US","2009-01-16","0.00",,,,"80","47"
"USW00003131","SAN DIEGO MONTGOMERY FIELD, CA US","2009-01-17","0.00",,,,"79","47"
"USW00003131","SAN DIEGO MONTGOMERY FIELD, CA US","2009-01-18","0.00",,,,"82","51"
"USW00003131","SAN DIEGO MONTGOMERY FIELD, CA US","2009-01-19","0.00",,,,"82","55"
"USW00003131","SAN DIEGO MONTGOMERY FIELD, CA US","2009-01-20","0.00",,,,"83","55"
"USW00003131","SAN DIEGO MONTGOMERY FIELD, CA US","2009-01-21","0.00",,,,"74","57"
"USW00003131","SAN DIEGO MONTGOMERY FIELD, CA US","2009-01-22","0.00",,,,"74","58"
"USW00003131","SAN DIEGO MONTGOMERY FIELD, CA US","2009-01-23","0.02",,,,"64","57"
"USW00003131","SAN DIEGO MONTGOMERY FIELD, CA US","2009-01-24","0.00",,,,"66","52"
"USW00003131","SAN DIEGO MONTGOMERY FIELD, CA US","2009-01-25","0.05",,,,"61","52"
"USW00003131","SAN DIEGO MONTGOMERY FIELD, CA US","2009-01-26","0.03",,,,"58","44"
"USW00003131","SAN DIEGO MONTGOMERY FIELD, CA US","2009-01-27","0.00",,,,"64","40"
"USW00003131","SAN DIEGO MONTGOMERY FIELD, CA US","2009-01-28","0.00",,,,"70","39"
"USW00003131","SAN DIEGO MONTGOMERY FIELD, CA US","2009-01-29","0.00",,,,"79","44"
"USW00003131","SAN DIEGO MONTGOMERY FIELD, CA US","2009-01-30","0.00",,,,"78","47"
"USW00003131","SAN DIEGO MONTGOMERY FIELD, CA US","2009-01-31","0.00",,,,"77","47"
"USW00003131","SAN DIEGO MONTGOMERY FIELD, CA US","2009-02-01","0.00",,,,"71","42"
"USW00003131","SAN DIEGO MONTGOMERY FIELD, CA US","2009-02-02","0.00",,,,"80","48"
"USW00003131","SAN DIEGO MONTGOMERY FIELD, CA US","2009-02-03","0.00",,,,"84","45"
"USW00003131","SAN DIEGO MONTGOMERY FIELD, CA US","2009-02-04","0.00",,,,"81","49"
"USW00003131","SAN DIEGO MONTGOMERY FIELD, CA US","2009-02-05","0.19",,,,"64","48"
"USW00003131","SAN DIEGO MONTGOMERY FIELD, CA US","2009-02-06","0.38",,,,"61","55"
"USW00003131","SAN DIEGO MONTGOMERY FIELD, CA US","2009-02-07","3.08",,,,"58","49"
"USW00003131","SAN DIEGO MONTGOMERY FIELD, CA US","2009-02-08","0.03",,,,"60","46"
"USW00003131","SAN DIEGO MONTGOMERY FIELD, CA US","2009-02-09","0.68",,,,"56","50"
"USW00003131","SAN DIEGO MONTGOMERY FIELD, CA US","2009-02-10","0.00",,,,"58","39"
"USW00003131","SAN DIEGO MONTGOMERY FIELD, CA US","2009-02-11","0.00",,,,"60","39"
"USW00003131","SAN DIEGO MONTGOMERY FIELD, CA US","2009-02-12","0.06",,,,"59","45"
"USW00003131","SAN DIEGO MONTGOMERY FIELD, CA US","2009-02-13","0.13",,,,"59","44"
"USW00003131","SAN DIEGO MONTGOMERY FIELD, CA US","2009-02-14","0.00",,,,"59","45"
"USW00003131","SAN DIEGO MONTGOMERY FIELD, CA US","2009-02-15","0.00",,,,"58","44"
"USW00003131","SAN DIEGO MONTGOMERY FIELD, CA US","2009-02-16","0.80",,,,"58","48"
"USW00003131","SAN DIEGO MONTGOMERY FIELD, CA US","2009-02-17","0.04",,,,"60","44"
"USW00003131","SAN DIEGO MONTGOMERY FIELD, CA US","2009-02-18","0.00",,,,"63","43"
"USW00003131","SAN DIEGO MONTGOMERY FIELD, CA US","2009-02-19","0.00",,,,"73","43"
"USW00003131","SAN DIEGO MONTGOMERY FIELD, CA US","2009-02-20","0.00",,,,"73","44"
"USW00003131","SAN DIEGO MONTGOMERY FIELD, CA US","2009-02-21","0.00",,,,"73","49"
"USW00003131","SAN DIEGO MONTGOMERY FIELD, CA US","2009-02-22","0.00",,,,"75","57"
"USW00003131","SAN DIEGO MONTGOMERY FIELD, CA US","2009-02-23","0.00",,,,"77","53"
"USW00003131","SAN DIEGO MONTGOMERY FIELD, CA US","2009-02-24","0.00",,,,"70","50"
"USW00003131","SAN DIEGO MONTGOMERY FIELD, CA US","2009-02-25","0.01",,,,"64","51"
"USW00003131","SAN DIEGO MONTGOMERY FIELD, CA US","2009-02-26","0.00",,,,"64","46"
"USW00003131","SAN DIEGO MONTGOMERY FIELD, CA US","2009-02-27","0.00",,,,"69","51"
"USW00003131","SAN DIEGO MONTGOMERY FIELD, CA US","2009-02-28","0.00",,,,"86","51"
"USW00003131","SAN DIEGO MONTGOMERY FIELD, CA US","2009-03-01","0.00",,,,"83","52"
"USW00003131","SAN DIEGO MONTGOMERY FIELD, CA US","2009-03-02","0.00",,,,"87","53"
"USW00003131","SAN DIEGO MONTGOMERY FIELD, CA US","2009-03-03","0.00",,,,"70","52"
"USW00003131","SAN DIEGO MONTGOMERY FIELD, CA US","2009-03-04","0.00",,,,"66","48"
"USW00003131","SAN DIEGO MONTGOMERY FIELD, CA US","2009-03-05","0.03",,,,"63","48"
"USW00003131","SAN DIEGO MONTGOMERY FIELD, CA US","2009-03-06","0.00",,,,"62","44"
"USW00003131","SAN DIEGO MONTGOMERY FIELD, CA US","2009-03-07","0.00",,,,"62","46"
"USW00003131","SAN DIEGO MONTGOMERY FIELD, CA US","2009-03-08","0.00",,,,"63","49"
"USW00003131","SAN DIEGO MONTGOMERY FIELD, CA US","2009-03-09","0.00",,,,"62","52"
"USW00003131","SAN DIEGO MONTGOMERY FIELD, CA US","2009-03-10","0.00",,,,"62","49"
"USW00003131","SAN DIEGO MONTGOMERY FIELD, CA US","2009-03-11","0.00",,,,"62","44"
"USW00003131","SAN DIEGO MONTGOMERY FIELD, CA US","2009-03-12","0.00",,,,"62","49"
"USW00003131","SAN DIEGO MONTGOMERY FIELD, CA US","2009-03-13","0.00",,,,"65","44"
"USW00003131","SAN DIEGO MONTGOMERY FIELD, CA US","2009-03-14","0.00",,,,"63","54"
"USW00003131","SAN DIEGO MONTGOMERY FIELD, CA US","2009-03-15","0.00",,,,"62","49"
"USW00003131","SAN DIEGO MONTGOMERY FIELD, CA US","2009-03-16","0.00",,,,"69","46"
"USW00003131","SAN DIEGO MONTGOMERY FIELD, CA US","2009-03-17","0.00",,,,"80","50"
"USW00003131","SAN DIEGO MONTGOMERY FIELD, CA US","2009-03-18","0.00",,,,"81","50"
"USW00003131","SAN DIEGO MONTGOMERY FIELD, CA US","2009-03-19","0.00",,,,"71","52"
"USW00003131","SAN DIEGO MONTGOMERY FIELD, CA US","2009-03-20","0.00",,,,"64","52"
"USW00003131","SAN DIEGO MONTGOMERY FIELD, CA US","2009-03-21","0.00",,,,"65","56"
"USW00003131","SAN DIEGO MONTGOMERY FIELD, CA US","2009-03-22","0.13",,,,"60","49"
"USW00003131","SAN DIEGO MONTGOMERY FIELD, CA US","2009-03-23","0.00",,,,"64","42"
"USW00003131","SAN DIEGO MONTGOMERY FIELD, CA US","2009-03-24","0.00",,,,"76","45"
"USW00003131","SAN DIEGO MONTGOMERY FIELD, CA US","2009-03-25","0.00",,,,"75","46"
"USW00003131","SAN DIEGO MONTGOMERY FIELD, CA US","2009-03-26","0.00",,,,"65","53"
"USW00003131","SAN DIEGO MONTGOMERY FIELD, CA US","2009-03-27","0.00",,,,"77","52"
"USW00003131","SAN DIEGO MONTGOMERY FIELD, CA US","2009-03-28","0.00",,,,"79","49"
"USW00003131","SAN DIEGO MONTGOMERY FIELD, CA US","2009-03-29","0.00",,,,"63","55"
"USW00003131","SAN DIEGO MONTGOMERY FIELD, CA US","2009-03-30","0.00",,,,"69","53"
"USW00003131","SAN DIEGO MONTGOMERY FIELD, CA US","2009-03-31","0.00",,,,"72","49"
"USW00003131","SAN DIEGO MONTGOMERY FIELD, CA US","2009-04-01","0.00",,,,"66","51"
"USW00003131","SAN DIEGO MONTGOMERY FIELD, CA US","2009-04-02","0.00",,,,"64","57"
"USW00003131","SAN DIEGO MONTGOMERY FIELD, CA US","2009-04-03","0.00",,,,"63","54"
"USW00003131","SAN DIEGO MONTGOMERY FIELD, CA US","2009-04-04","0.00",,,,"68","48"
"USW00003131","SAN DIEGO MONTGOMERY FIELD, CA US","2009-04-05","0.00",,,,"81","47"
"USW00003131","SAN DIEGO MONTGOMERY FIELD, CA US","2009-04-06","0.00",,,,"84","50"
"USW00003131","SAN DIEGO MONTGOMERY FIELD, CA US","2009-04-07","0.08",,,,"68","49"
"USW00003131","SAN DIEGO MONTGOMERY FIELD, CA US","2009-04-08","0.00",,,,"66","55"
"USW00003131","SAN DIEGO MONTGOMERY FIELD, CA US","2009-04-09","0.00",,,,"66","49"
"USW00003131","SAN DIEGO MONTGOMERY FIELD, CA US","2009-04-10","0.08",,,,"62","54"
"USW00003131","SAN DIEGO MONTGOMERY FIELD, CA US","2009-04-11","0.00",,,,"60","50"
"USW00003131","SAN DIEGO MONTGOMERY FIELD, CA US","2009-04-12","0.00",,,,"69","47"
"USW00003131","SAN DIEGO MONTGOMERY FIELD, CA US","2009-04-13","0.00",,,,"75","50"
"USW00003131","SAN DIEGO MONTGOMERY FIELD, CA US","2009-04-14","0.00",,,,"65","53"
"USW00003131","SAN DIEGO MONTGOMERY FIELD, CA US","2009-04-15","0.00",,,,"61","48"
"USW00003131","SAN DIEGO MONTGOMERY FIELD, CA US","2009-04-16","0.00",,,,"65","46"
"USW00003131","SAN DIEGO MONTGOMERY FIELD, CA US","2009-04-17","0.00",,,,"74","47"
"USW00003131","SAN DIEGO MONTGOMERY FIELD, CA US","2009-04-18","0.00",,,,"82","50"
"USW00003131","SAN DIEGO MONTGOMERY FIELD, CA US","2009-04-19","0.00",,,,"93","57"
"USW00003131","SAN DIEGO MONTGOMERY FIELD, CA US","2009-04-20","0.00",,,,"100","61"
"USW00003131","SAN DIEGO MONTGOMERY FIELD, CA US","2009-04-21","0.00",,,,"87","62"
"USW00003131","SAN DIEGO MONTGOMERY FIELD, CA US","2009-04-22","0.00",,,,"71","58"
"USW00003131","SAN DIEGO MONTGOMERY FIELD, CA US","2009-04-23","0.00",,,,"67","58"
"USW00003131","SAN DIEGO MONTGOMERY FIELD, CA US","2009-04-24","0.00",,,,"63","58"
"USW00003131","SAN DIEGO MONTGOMERY FIELD, CA US","2009-04-25","0.00",,,,"63","52"
"USW00003131","SAN DIEGO MONTGOMERY FIELD, CA US","2009-04-26","0.00",,,,"66","49"
"USW00003131","SAN DIEGO MONTGOMERY FIELD, CA US","2009-04-27","0.00",,,,"64","57"
"USW00003131","SAN DIEGO MONTGOMERY FIELD, CA US","2009-04-28","0.00",,,,"65","56"
"USW00003131","SAN DIEGO MONTGOMERY FIELD, CA US","2009-04-29","0.00",,,,"65","55"
"USW00003131","SAN DIEGO MONTGOMERY FIELD, CA US","2009-04-30","0.00",,,,"72","51"
"USW00003131","SAN DIEGO MONTGOMERY FIELD, CA US","2009-05-01","0.00",,,,"76","55"
"USW00003131","SAN DIEGO MONTGOMERY FIELD, CA US","2009-05-02","0.00",,,,"72","60"
"USW00003131","SAN DIEGO MONTGOMERY FIELD, CA US","2009-05-03","0.00",,,,"73","58"
"USW00003131","SAN DIEGO MONTGOMERY FIELD, CA US","2009-05-04","0.00",,,,"74","58"
"USW00003131","SAN DIEGO MONTGOMERY FIELD, CA US","2009-05-05","0.00",,,,"75","56"
"USW00003131","SAN DIEGO MONTGOMERY FIELD, CA US","2009-05-06","0.00",,,,"80","59"
"USW00003131","SAN DIEGO MONTGOMERY FIELD, CA US","2009-05-07","0.00",,,,"80","59"
"USW00003131","SAN DIEGO MONTGOMERY FIELD, CA US","2009-05-08","0.00",,,,"74","58"
"USW00003131","SAN DIEGO MONTGOMERY FIELD, CA US","2009-05-09","0.00",,,,"74","58"
"USW00003131","SAN DIEGO MONTGOMERY FIELD, CA US","2009-05-10","0.00",,,,"71","59"
"USW00003131","SAN DIEGO MONTGOMERY FIELD, CA US","2009-05-11","0.00",,,,"73","59"
"USW00003131","SAN DIEGO MONTGOMERY FIELD, CA US","2009-05-12","0.00",,,,"69","60"
"USW00003131","SAN DIEGO MONTGOMERY FIELD, CA US","2009-05-13","0.00",,,,"71","59"
"USW00003131","SAN DIEGO MONTGOMERY FIELD, CA US","2009-05-14","0.00",,,,"71","59"
"USW00003131","SAN DIEGO MONTGOMERY FIELD, CA US","2009-05-15","0.00",,,,"72","59"
"USW00003131","SAN DIEGO MONTGOMERY FIELD, CA US","2009-05-16","0.00",,,,"73","58"
"USW00003131","SAN DIEGO MONTGOMERY FIELD, CA US","2009-05-17","0.00",,,,"75","59"
"USW00003131","SAN DIEGO MONTGOMERY FIELD, CA US","2009-05-18","0.00",,,,"78","61"
"USW00003131","SAN DIEGO MONTGOMERY FIELD, CA US","2009-05-19","0.00",,,,"76","61"
"USW00003131","SAN DIEGO MONTGOMERY FIELD, CA US","2009-05-20","0.00",,,,"82","60"
"USW00003131","SAN DIEGO MONTGOMERY FIELD, CA US","2009-05-21","0.00",,,,"71","59"
"USW00003131","SAN DIEGO MONTGOMERY FIELD, CA US","2009-05-22","0.00",,,,"70","60"
"USW00003131","SAN DIEGO MONTGOMERY FIELD, CA US","2009-05-23","0.00",,,,"69","59"
"USW00003131","SAN DIEGO MONTGOMERY FIELD, CA US","2009-05-24","0.00",,,,"68","59"
"USW00003131","SAN DIEGO MONTGOMERY FIELD, CA US","2009-05-25","0.00",,,,"68","59"
"USW00003131","SAN DIEGO MONTGOMERY FIELD, CA US","2009-05-26","0.00",,,,"71","60"
"USW00003131","SAN DIEGO MONTGOMERY FIELD, CA US","2009-05-27","0.00",,,,"72","61"
"USW00003131","SAN DIEGO MONTGOMERY FIELD, CA US","2009-05-28","0.00",,,,"67","60"
"USW00003131","SAN DIEGO MONTGOMERY FIELD, CA US","2009-05-29","0.00",,,,"64","59"
"USW00003131","SAN DIEGO MONTGOMERY FIELD, CA US","2009-05-30","0.02",,,,"63","60"
"USW00003131","SAN DIEGO MONTGOMERY FIELD, CA US","2009-05-31","0.01",,,,"66","59"
"USW00003131","SAN DIEGO MONTGOMERY FIELD, CA US","2009-06-01","0.00",,,,"73","60"
"USW00003131","SAN DIEGO MONTGOMERY FIELD, CA US","2009-06-02","0.00",,,,"76","60"
"USW00003131","SAN DIEGO MONTGOMERY FIELD, CA US","2009-06-03","0.00",,,,"73","62"
"USW00003131","SAN DIEGO MONTGOMERY FIELD, CA US","2009-06-04","0.00",,,,"72","62"
"USW00003131","SAN DIEGO MONTGOMERY FIELD, CA US","2009-06-05","0.00",,,,"72","59"
"USW00003131","SAN DIEGO MONTGOMERY FIELD, CA US","2009-06-06","0.01",,,,"72","61"
"USW00003131","SAN DIEGO MONTGOMERY FIELD, CA US","2009-06-07","0.00",,,,"74","58"
"USW00003131","SAN DIEGO MONTGOMERY FIELD, CA US","2009-06-08","0.00",,,,"72","62"
"USW00003131","SAN DIEGO MONTGOMERY FIELD, CA US","2009-06-09","0.00",,,,"72","62"
"USW00003131","SAN DIEGO MONTGOMERY FIELD, CA US","2009-06-10","0.00",,,,"68","62"
"USW00003131","SAN DIEGO MONTGOMERY FIELD, CA US","2009-06-11","0.00",,,,"70","62"
"USW00003131","SAN DIEGO MONTGOMERY FIELD, CA US","2009-06-12","0.00",,,,"70","62"
"USW00003131","SAN DIEGO MONTGOMERY FIELD, CA US","2009-06-13","0.00",,,,"72","62"
"USW00003131","SAN DIEGO MONTGOMERY FIELD, CA US","2009-06-14","0.00",,,,"72","58"
"USW00003131","SAN DIEGO MONTGOMERY FIELD, CA US","2009-06-15","0.00",,,,"74","60"
"USW00003131","SAN DIEGO MONTGOMERY FIELD, CA US","2009-06-16","0.02",,,,"77","64"
"USW00003131","SAN DIEGO MONTGOMERY FIELD, CA US","2009-06-17","0.00",,,,"74","64"
"USW00003131","SAN DIEGO MONTGOMERY FIELD, CA US","2009-06-18","0.00",,,,"74","63"
"USW00003131","SAN DIEGO MONTGOMERY FIELD, CA US","2009-06-19","0.00",,,,"74","63"
"USW00003131","SAN DIEGO MONTGOMERY FIELD, CA US","2009-06-20","0.00",,,,"68","62"
"USW00003131","SAN DIEGO MONTGOMERY FIELD, CA US","2009-06-21","0.00",,,,"73","62"
"USW00003131","SAN DIEGO MONTGOMERY FIELD, CA US","2009-06-22","0.00",,,,"72","58"
"USW00003131","SAN DIEGO MONTGOMERY FIELD, CA US","2009-06-23","0.00",,,,"73","60"
"USW00003131","SAN DIEGO MONTGOMERY FIELD, CA US","2009-06-24","0.00",,,,"73","64"
"USW00003131","SAN DIEGO MONTGOMERY FIELD, CA US","2009-06-25","0.00",,,,"76","64"
"USW00003131","SAN DIEGO MONTGOMERY FIELD, CA US","2009-06-26","0.00",,,,"78","62"
"USW00003131","SAN DIEGO MONTGOMERY FIELD, CA US","2009-06-27","0.00",,,,"82","61"
"USW00003131","SAN DIEGO MONTGOMERY FIELD, CA US","2009-06-28","0.00",,,,"86","63"
"USW00003131","SAN DIEGO MONTGOMERY FIELD, CA US","2009-06-29","0.00",,,,"78","64"
"USW00003131","SAN DIEGO MONTGOMERY FIELD, CA US","2009-06-30","0.00",,,,"80","63"
"USW00003131","SAN DIEGO MONTGOMERY FIELD, CA US","2009-07-01","0.00",,,,"77","64"
"USW00003131","SAN DIEGO MONTGOMERY FIELD, CA US","2009-07-02","0.00",,,,"77","64"
"USW00003131","SAN DIEGO MONTGOMERY FIELD, CA US","2009-07-03","0.00",,,,"77","64"
"USW00003131","SAN DIEGO MONTGOMERY FIELD, CA US","2009-07-04","0.00",,,,"80","63"
"USW00003131","SAN DIEGO MONTGOMERY FIELD, CA US","2009-07-05","0.00",,,,"78","64"
"USW00003131","SAN DIEGO MONTGOMERY FIELD, CA US","2009-07-06","0.00",,,,"78","64"
"USW00003131","SAN DIEGO MONTGOMERY FIELD, CA US","2009-07-07","0.00",,,,"74","61"
"USW00003131","SAN DIEGO MONTGOMERY FIELD, CA US","2009-07-08","0.00",,,,"79","61"
"USW00003131","SAN DIEGO MONTGOMERY FIELD, CA US","2009-07-09","0.00",,,,"78","63"
"USW00003131","SAN DIEGO MONTGOMERY FIELD, CA US","2009-07-10","0.00",,,,"86","62"
"USW00003131","SAN DIEGO MONTGOMERY FIELD, CA US","2009-07-11","0.00",,,,"88","65"
"USW00003131","SAN DIEGO MONTGOMERY FIELD, CA US","2009-07-12","0.00",,,,"92","67"
"USW00003131","SAN DIEGO MONTGOMERY FIELD, CA US","2009-07-13","0.00",,,,"93","66"
"USW00003131","SAN DIEGO MONTGOMERY FIELD, CA US","2009-07-14","0.00",,,,"85","69"
"USW00003131","SAN DIEGO MONTGOMERY FIELD, CA US","2009-07-15","0.00",,,,"83","68"
"USW00003131","SAN DIEGO MONTGOMERY FIELD, CA US","2009-07-16","0.00",,,,"88","68"
"USW00003131","SAN DIEGO MONTGOMERY FIELD, CA US","2009-07-17","0.00",,,,"91","69"
"USW00003131","SAN DIEGO MONTGOMERY FIELD, CA US","2009-07-18","0.00",,,,"93","69"
"USW00003131","SAN DIEGO MONTGOMERY FIELD, CA US","2009-07-19","0.00",,,,"89","70"
"USW00003131","SAN DIEGO MONTGOMERY FIELD, CA US","2009-07-20","0.00",,,,"91","71"
"USW00003131","SAN DIEGO MONTGOMERY FIELD, CA US","2009-07-21","0.00",,,,"90","72"
"USW00003131","SAN DIEGO MONTGOMERY FIELD, CA US","2009-07-22","0.00",,,,"86","71"
"USW00003131","SAN DIEGO MONTGOMERY FIELD, CA US","2009-07-23","0.00",,,,"82","70"
"USW00003131","SAN DIEGO MONTGOMERY FIELD, CA US","2009-07-24","0.00",,,,"81","69"
"USW00003131","SAN DIEGO MONTGOMERY FIELD, CA US","2009-07-25","0.00",,,,"84","71"
"USW00003131","SAN DIEGO MONTGOMERY FIELD, CA US","2009-07-26","0.00",,,,"83","71"
"USW00003131","SAN DIEGO MONTGOMERY FIELD, CA US","2009-07-27","0.00",,,,"88","71"
"USW00003131","SAN DIEGO MONTGOMERY FIELD, CA US","2009-07-28","0.00",,,,"82","69"
"USW00003131","SAN DIEGO MONTGOMERY FIELD, CA US","2009-07-29","0.00",,,,"80","69"
"USW00003131","SAN DIEGO MONTGOMERY FIELD, CA US","2009-07-30","0.00",,,,"79","68"
"USW00003131","SAN DIEGO MONTGOMERY FIELD, CA US","2009-07-31","0.00",,,,"81","70"
"USW00003131","SAN DIEGO MONTGOMERY FIELD, CA US","2009-08-01","0.00",,,,"81","70"
"USW00003131","SAN DIEGO MONTGOMERY FIELD, CA US","2009-08-02","0.00",,,,"83","71"
"USW00003131","SAN DIEGO MONTGOMERY FIELD, CA US","2009-08-03","0.00",,,,"89","71"
"USW00003131","SAN DIEGO MONTGOMERY FIELD, CA US","2009-08-04","0.00",,,,"91","71"
"USW00003131","SAN DIEGO MONTGOMERY FIELD, CA US","2009-08-05","0.00",,,,"92","69"
"USW00003131","SAN DIEGO MONTGOMERY FIELD, CA US","2009-08-06","0.00",,,,"83","71"
"USW00003131","SAN DIEGO MONTGOMERY FIELD, CA US","2009-08-07","0.00",,,,"80","68"
"USW00003131","SAN DIEGO MONTGOMERY FIELD, CA US","2009-08-08","0.00",,,,"79","69"
"USW00003131","SAN DIEGO MONTGOMERY FIELD, CA US","2009-08-09","0.00",,,,"80","66"
"USW00003131","SAN DIEGO MONTGOMERY FIELD, CA US","2009-08-10","0.00",,,,"79","69"
"USW00003131","SAN DIEGO MONTGOMERY FIELD, CA US","2009-08-11","0.00",,,,"83","69"
"USW00003131","SAN DIEGO MONTGOMERY FIELD, CA US","2009-08-12","0.00",,,,"82","67"
"USW00003131","SAN DIEGO MONTGOMERY FIELD, CA US","2009-08-13","0.00",,,,"80","67"
"USW00003131","SAN DIEGO MONTGOMERY FIELD, CA US","2009-08-14","0.00",,,,"79","67"
"USW00003131","SAN DIEGO MONTGOMERY FIELD, CA US","2009-08-15","0.00",,,,"79","66"
"USW00003131","SAN DIEGO MONTGOMERY FIELD, CA US","2009-08-16","0.00",,,,"79","64"
"USW00003131","SAN DIEGO MONTGOMERY FIELD, CA US","2009-08-17","0.00",,,,"80","66"
"USW00003131","SAN DIEGO MONTGOMERY FIELD, CA US","2009-08-18","0.00",,,,"79","67"
"USW00003131","SAN DIEGO MONTGOMERY FIELD, CA US","2009-08-19","0.00",,,,"80","68"
"USW00003131","SAN DIEGO MONTGOMERY FIELD, CA US","2009-08-20","0.00",,,,"79","68"
"USW00003131","SAN DIEGO MONTGOMERY FIELD, CA US","2009-08-21","0.00",,,,"86","67"
"USW00003131","SAN DIEGO MONTGOMERY FIELD, CA US","2009-08-22","0.00",,,,"81","68"
"USW00003131","SAN DIEGO MONTGOMERY FIELD, CA US","2009-08-23","0.00",,,,"83","69"
"USW00003131","SAN DIEGO MONTGOMERY FIELD, CA US","2009-08-24","0.00",,,,"88","68"
"USW00003131","SAN DIEGO MONTGOMERY FIELD, CA US","2009-08-25","0.00",,,,"94","67"
"USW00003131","SAN DIEGO MONTGOMERY FIELD, CA US","2009-08-26","0.00",,,,"98","68"
"USW00003131","SAN DIEGO MONTGOMERY FIELD, CA US","2009-08-27","0.00",,,,"103","69"
"USW00003131","SAN DIEGO MONTGOMERY FIELD, CA US","2009-08-28","0.00",,,,"101","73"
"USW00003131","SAN DIEGO MONTGOMERY FIELD, CA US","2009-08-29","0.00",,,,"105","72"
"USW00003131","SAN DIEGO MONTGOMERY FIELD, CA US","2009-08-30","0.00",,,,"96","72"
"USW00003131","SAN DIEGO MONTGOMERY FIELD, CA US","2009-08-31","0.00",,,,"91","70"
"USW00003131","SAN DIEGO MONTGOMERY FIELD, CA US","2009-09-01","0.00",,,,"93","72"
"USW00003131","SAN DIEGO MONTGOMERY FIELD, CA US","2009-09-02","0.00",,,,"97","73"
"USW00003131","SAN DIEGO MONTGOMERY FIELD, CA US","2009-09-03","0.00",,,,"98","76"
"USW00003131","SAN DIEGO MONTGOMERY FIELD, CA US","2009-09-04","0.00",,,,"95","73"
"USW00003131","SAN DIEGO MONTGOMERY FIELD, CA US","2009-09-05","0.00",,,,"90","72"
"USW00003131","SAN DIEGO MONTGOMERY FIELD, CA US","2009-09-06","0.00",,,,"85","71"
"USW00003131","SAN DIEGO MONTGOMERY FIELD, CA US","2009-09-07","0.00",,,,"81","69"
"USW00003131","SAN DIEGO MONTGOMERY FIELD, CA US","2009-09-08","0.00",,,,"81","69"
"USW00003131","SAN DIEGO MONTGOMERY FIELD, CA US","2009-09-09","0.00",,,,"85","69"
"USW00003131","SAN DIEGO MONTGOMERY FIELD, CA US","2009-09-10","0.00",,,,"89","70"
"USW00003131","SAN DIEGO MONTGOMERY FIELD, CA US","2009-09-11","0.00",,,,"90","71"
"USW00003131","SAN DIEGO MONTGOMERY FIELD, CA US","2009-09-12","0.00",,,,"82","68"
"USW00003131","SAN DIEGO MONTGOMERY FIELD, CA US","2009-09-13","0.00",,,,"77","69"
"USW00003131","SAN DIEGO MONTGOMERY FIELD, CA US","2009-09-14","0.00",,,,"80","1"
"USW00003131","SAN DIEGO MONTGOMERY FIELD, CA US","2009-09-15","0.00",,,,"76","64"
"USW00003131","SAN DIEGO MONTGOMERY FIELD, CA US","2009-09-16","0.00",,,,"78","60"
"USW00003131","SAN DIEGO MONTGOMERY FIELD, CA US","2009-09-17","0.00",,,,"81","62"
"USW00003131","SAN DIEGO MONTGOMERY FIELD, CA US","2009-09-18","0.00",,,,"83","66"
"USW00003131","SAN DIEGO MONTGOMERY FIELD, CA US","2009-09-19","0.00",,,,"83","65"
"USW00003131","SAN DIEGO MONTGOMERY FIELD, CA US","2009-09-20","0.00",,,,"86","65"
"USW00003131","SAN DIEGO MONTGOMERY FIELD, CA US","2009-09-21","0.00",,,,"82","63"
"USW00003131","SAN DIEGO MONTGOMERY FIELD, CA US","2009-09-22","0.00",,,,"84","63"
"USW00003131","SAN DIEGO MONTGOMERY FIELD, CA US","2009-09-23","0.00",,,,"103","61"
"USW00003131","SAN DIEGO MONTGOMERY FIELD, CA US","2009-09-24","0.00",,,,"93","65"
"USW00003131","SAN DIEGO MONTGOMERY FIELD, CA US","2009-09-25","0.00",,,,"91","60"
"USW00003131","SAN DIEGO MONTGOMERY FIELD, CA US","2009-09-26","0.00",,,,"90","63"
"USW00003131","SAN DIEGO MONTGOMERY FIELD, CA US","2009-09-27","0.00",,,,"84","63"
"USW00003131","SAN DIEGO MONTGOMERY FIELD, CA US","2009-09-28","0.00",,,,"83","64"
"USW00003131","SAN DIEGO MONTGOMERY FIELD, CA US","2009-09-29","0.00",,,,"73","63"
"USW00003131","SAN DIEGO MONTGOMERY FIELD, CA US","2009-09-30","0.00",,,,"77","59"
"USW00003131","SAN DIEGO MONTGOMERY FIELD, CA US","2009-10-01","0.00",,,,"93","58"
"USW00003131","SAN DIEGO MONTGOMERY FIELD, CA US","2009-10-02","0.00",,,,"84","56"
"USW00003131","SAN DIEGO MONTGOMERY FIELD, CA US","2009-10-03","0.01",,,,"76","56"
"USW00003131","SAN DIEGO MONTGOMERY FIELD, CA US","2009-10-04","0.00",,,,"67","57"
"USW00003131","SAN DIEGO MONTGOMERY FIELD, CA US","2009-10-05","0.00",,,,"68","50"
"USW00003131","SAN DIEGO MONTGOMERY FIELD, CA US","2009-10-06","0.00",,,,"68","51"
"USW00003131","SAN DIEGO MONTGOMERY FIELD, CA US","2009-10-07","0.00",,,,"68","54"
"USW00003131","SAN DIEGO MONTGOMERY FIELD, CA US","2009-10-08","0.00",,,,"71","54"
"USW00003131","SAN DIEGO MONTGOMERY FIELD, CA US","2009-10-09","0.00",,,,"73","55"
"USW00003131","SAN DIEGO MONTGOMERY FIELD, CA US","2009-10-10","0.00",,,,"71","57"
"USW00003131","SAN DIEGO MONTGOMERY FIELD, CA US","2009-10-11","0.00",,,,"70","57"
"USW00003131","SAN DIEGO MONTGOMERY FIELD, CA US","2009-10-12","0.00",,,,"69","58"
"USW00003131","SAN DIEGO MONTGOMERY FIELD, CA US","2009-10-13","0.05",,,,"71","58"
"USW00003131","SAN DIEGO MONTGOMERY FIELD, CA US","2009-10-14","0.00",,,,"76","63"
"USW00003131","SAN DIEGO MONTGOMERY FIELD, CA US","2009-10-15","0.00",,,,"77","62"
"USW00003131","SAN DIEGO MONTGOMERY FIELD, CA US","2009-10-16","0.00",,,,"92","59"
"USW00003131","SAN DIEGO MONTGOMERY FIELD, CA US","2009-10-17","0.00",,,,"87","58"
"USW00003131","SAN DIEGO MONTGOMERY FIELD, CA US","2009-10-18","0.01",,,,"73","56"
"USW00003131","SAN DIEGO MONTGOMERY FIELD, CA US","2009-10-19","0.00",,,,"72","62"
"USW00003131","SAN DIEGO MONTGOMERY FIELD, CA US","2009-10-20","0.00",,,,"71","58"
"USW00003131","SAN DIEGO MONTGOMERY FIELD, CA US","2009-10-21","0.00",,,,"78","54"
"USW00003131","SAN DIEGO MONTGOMERY FIELD, CA US","2009-10-22","0.00",,,,"79","53"
"USW00003131","SAN DIEGO MONTGOMERY FIELD, CA US","2009-10-23","0.00",,,,"88","54"
"USW00003131","SAN DIEGO MONTGOMERY FIELD, CA US","2009-10-24","0.01",,,,"79","55"
"USW00003131","SAN DIEGO MONTGOMERY FIELD, CA US","2009-10-25","0.00",,,,"79","59"
"USW00003131","SAN DIEGO MONTGOMERY FIELD, CA US","2009-10-26","0.00",,,,"89","53"
"USW00003131","SAN DIEGO MONTGOMERY FIELD, CA US","2009-10-27","0.00",,,,"68","56"
"USW00003131","SAN DIEGO MONTGOMERY FIELD, CA US","2009-10-28","0.00",,,,"67","49"
"USW00003131","SAN DIEGO MONTGOMERY FIELD, CA US","2009-10-29","0.00",,,,"69","43"
"USW00003131","SAN DIEGO MONTGOMERY FIELD, CA US","2009-10-30","0.00",,,,"74","47"
"USW00003131","SAN DIEGO MONTGOMERY FIELD, CA US","2009-10-31","0.00",,,,"78","49"
"USW00003131","SAN DIEGO MONTGOMERY FIELD, CA US","2009-11-01","0.00",,,,"81","52"
"USW00003131","SAN DIEGO MONTGOMERY FIELD, CA US","2009-11-02","0.00",,,,"83","52"
"USW00003131","SAN DIEGO MONTGOMERY FIELD, CA US","2009-11-03","0.00",,,,"85","53"
"USW00003131","SAN DIEGO MONTGOMERY FIELD, CA US","2009-11-04","0.00",,,,"71","50"
"USW00003131","SAN DIEGO MONTGOMERY FIELD, CA US","2009-11-05","0.00",,,,"67","57"
"USW00003131","SAN DIEGO MONTGOMERY FIELD, CA US","2009-11-06","0.00",,,,"67","55"
"USW00003131","SAN DIEGO MONTGOMERY FIELD, CA US","2009-11-07","0.00",,,,"67","51"
"USW00003131","SAN DIEGO MONTGOMERY FIELD, CA US","2009-11-08","0.00",,,,"68","53"
"USW00003131","SAN DIEGO MONTGOMERY FIELD, CA US","2009-11-09","0.01",,,,"80","50"
"USW00003131","SAN DIEGO MONTGOMERY FIELD, CA US","2009-11-10","0.00",,,,"84","53"
"USW00003131","SAN DIEGO MONTGOMERY FIELD, CA US","2009-11-11","0.00",,,,"83","54"
"USW00003131","SAN DIEGO MONTGOMERY FIELD, CA US","2009-11-12","0.00",,,,"70","55"
"USW00003131","SAN DIEGO MONTGOMERY FIELD, CA US","2009-11-13","0.00",,,,"66","54"
"USW00003131","SAN DIEGO MONTGOMERY FIELD, CA US","2009-11-14","0.00",,,,"66","50"
"USW00003131","SAN DIEGO MONTGOMERY FIELD, CA US","2009-11-15","0.00",,,,"73","46"
"USW00003131","SAN DIEGO MONTGOMERY FIELD, CA US","2009-11-16","0.00",,,,"75","43"
"USW00003131","SAN DIEGO MONTGOMERY FIELD, CA US","2009-11-17","0.00",,,,"74","45"
"USW00003131","SAN DIEGO MONTGOMERY FIELD, CA US","2009-11-18","0.01",,,,"67","46"
"USW00003131","SAN DIEGO MONTGOMERY FIELD, CA US","2009-11-19","0.01",,,,"72","46"
"USW00003131","SAN DIEGO MONTGOMERY FIELD, CA US","2009-11-20","0.01",,,,"67","45"
"USW00003131","SAN DIEGO MONTGOMERY FIELD, CA US","2009-11-21","0.00",,,,"66","48"
"USW00003131","SAN DIEGO MONTGOMERY FIELD, CA US","2009-11-22","0.01",,,,"68","47"
"USW00003131","SAN DIEGO MONTGOMERY FIELD, CA US","2009-11-23","0.00",,,,"74","46"
"USW00003131","SAN DIEGO MONTGOMERY FIELD, CA US","2009-11-24","0.00",,,,"77","47"
"USW00003131","SAN DIEGO MONTGOMERY FIELD, CA US","2009-11-25","0.00",,,,"78","45"
"USW00003131","SAN DIEGO MONTGOMERY FIELD, CA US","2009-11-26","0.00",,,,"82","46"
"USW00003131","SAN DIEGO MONTGOMERY FIELD, CA US","2009-11-27","0.00",,,,"72","45"
"USW00003131","SAN DIEGO MONTGOMERY FIELD, CA US","2009-11-28","0.36",,,,"58","47"
"USW00003131","SAN DIEGO MONTGOMERY FIELD, CA US","2009-11-29","0.01",,,,"66","42"
"USW00003131","SAN DIEGO MONTGOMERY FIELD, CA US","2009-11-30","0.00",,,,"76","45"
"USW00003131","SAN DIEGO MONTGOMERY FIELD, CA US","2009-12-01","0.00",,,,"64","45"
"USW00003131","SAN DIEGO MONTGOMERY FIELD, CA US","2009-12-02","0.00",,,,"63","52"
"USW00003131","SAN DIEGO MONTGOMERY FIELD, CA US","2009-12-03","0.00",,,,"64","49"
"USW00003131","SAN DIEGO MONTGOMERY FIELD, CA US","2009-12-04","0.00",,,,"70","43"
"USW00003131","SAN DIEGO MONTGOMERY FIELD, CA US","2009-12-05","0.00",,,,"59","46"
"USW00003131","SAN DIEGO MONTGOMERY FIELD, CA US","2009-12-06","0.00",,,,"57","53"
"USW00003131","SAN DIEGO MONTGOMERY FIELD, CA US","2009-12-07","2.00",,,,"57","48"
"USW00003131","SAN DIEGO MONTGOMERY FIELD, CA US","2009-12-08","0.00",,,,"54","43"
"USW00003131","SAN DIEGO MONTGOMERY FIELD, CA US","2009-12-09","0.00",,,,"56","44"
"USW00003131","SAN DIEGO MONTGOMERY FIELD, CA US","2009-12-10","0.00",,,,"60","43"
"USW00003131","SAN DIEGO MONTGOMERY FIELD, CA US","2009-12-11","0.09",,,,"57","47"
"USW00003131","SAN DIEGO MONTGOMERY FIELD, CA US","2009-12-12","0.41",,,,"61","57"
"USW00003131","SAN DIEGO MONTGOMERY FIELD, CA US","2009-12-13","0.68",,,,"61","49"
"USW00003131","SAN DIEGO MONTGOMERY FIELD, CA US","2009-12-14","0.01",,,,"61","47"
"USW00003131","SAN DIEGO MONTGOMERY FIELD, CA US","2009-12-15","0.00",,,,"69","42"
"USW00003131","SAN DIEGO MONTGOMERY FIELD, CA US","2009-12-16","0.00",,,,"70","44"
"USW00003131","SAN DIEGO MONTGOMERY FIELD, CA US","2009-12-17","0.00",,,,"73","44"
"USW00003131","SAN DIEGO MONTGOMERY FIELD, CA US","2009-12-18","0.00",,,,"79","46"
"USW00003131","SAN DIEGO MONTGOMERY FIELD, CA US","2009-12-19","0.00",,,,"79","51"
"USW00003131","SAN DIEGO MONTGOMERY FIELD, CA US","2009-12-20","0.00",,,,"72","49"
"USW00003131","SAN DIEGO MONTGOMERY FIELD, CA US","2009-12-21","0.00",,,,"64","51"
"USW00003131","SAN DIEGO MONTGOMERY FIELD, CA US","2009-12-22","0.06",,,,"58","48"
"USW00003131","SAN DIEGO MONTGOMERY FIELD, CA US","2009-12-23","0.00",,,,"61","37"
"USW00003131","SAN DIEGO MONTGOMERY FIELD, CA US","2009-12-24","0.00",,,,"66","39"
"USW00003131","SAN DIEGO MONTGOMERY FIELD, CA US","2009-12-25","0.00",,,,"65","40"
"USW00003131","SAN DIEGO MONTGOMERY FIELD, CA US","2009-12-26","0.00",,,,"61","41"
"USW00003131","SAN DIEGO MONTGOMERY FIELD, CA US","2009-12-27","0.01",,,,"61","40"
"USW00003131","SAN DIEGO MONTGOMERY FIELD, CA US","2009-12-28","0.00",,,,"68","45"
"USW00003131","SAN DIEGO MONTGOMERY FIELD, CA US","2009-12-29","0.00",,,,"63","47"
"USW00003131","SAN DIEGO MONTGOMERY FIELD, CA US","2009-12-31","0.01",,,,"69","47"
"USW00003131","SAN DIEGO MONTGOMERY FIELD, CA US","2010-01-01","0.00",,,,"72","44"
"USW00003131","SAN DIEGO MONTGOMERY FIELD, CA US","2010-01-04","0.00",,,,"76","46"
"USW00003131","SAN DIEGO MONTGOMERY FIELD, CA US","2010-01-05","0.00",,,,"75","44"
"USW00003131","SAN DIEGO MONTGOMERY FIELD, CA US","2010-01-07","0.00",,,,"72","49"
"USW00003131","SAN DIEGO MONTGOMERY FIELD, CA US","2010-01-08","0.00",,,,"78","48"
"USW00003131","SAN DIEGO MONTGOMERY FIELD, CA US","2010-01-09","0.00",,,,"75","50"
"USW00003131","SAN DIEGO MONTGOMERY FIELD, CA US","2010-01-10","0.00",,,,"78","53"
"USW00003131","SAN DIEGO MONTGOMERY FIELD, CA US","2010-01-11","0.00",,,,"78","48"
"USW00003131","SAN DIEGO MONTGOMERY FIELD, CA US","2010-01-12","0.00",,,,"71","48"
"USW00003131","SAN DIEGO MONTGOMERY FIELD, CA US","2010-01-13","0.00",,,,"62","50"
"USW00003131","SAN DIEGO MONTGOMERY FIELD, CA US","2010-01-14","0.01",,,,"70","45"
"USW00003131","SAN DIEGO MONTGOMERY FIELD, CA US","2010-01-15","0.00",,,,"73","46"
"USW00003131","SAN DIEGO MONTGOMERY FIELD, CA US","2010-01-16","0.00",,,,"67","49"
"USW00003131","SAN DIEGO MONTGOMERY FIELD, CA US","2010-01-17","0.01",,,,"63","48"
"USW00003131","SAN DIEGO MONTGOMERY FIELD, CA US","2010-01-18","1.53",,,,"60","50"
"USW00003131","SAN DIEGO MONTGOMERY FIELD, CA US","2010-01-19","0.69",,,,"60","45"
"USW00003131","SAN DIEGO MONTGOMERY FIELD, CA US","2010-01-20","1.26",,,,"59","48"
"USW00003131","SAN DIEGO MONTGOMERY FIELD, CA US","2010-01-21","0.97",,,,"60","50"
"USW00003131","SAN DIEGO MONTGOMERY FIELD, CA US","2010-01-22","0.64",,,,"56","44"
"USW00003131","SAN DIEGO MONTGOMERY FIELD, CA US","2010-01-23","0.01",,,,"59","44"
"USW00003131","SAN DIEGO MONTGOMERY FIELD, CA US","2010-01-24","0.01",,,,"61","40"
"USW00003131","SAN DIEGO MONTGOMERY FIELD, CA US","2010-01-25","0.00",,,,"65","42"
"USW00003131","SAN DIEGO MONTGOMERY FIELD, CA US","2010-01-26","0.07",,,,"60","46"
"USW00003131","SAN DIEGO MONTGOMERY FIELD, CA US","2010-01-27","0.01",,,,"64","50"
"USW00003131","SAN DIEGO MONTGOMERY FIELD, CA US","2010-01-28","0.01",,,,"65","44"
"USW00003131","SAN DIEGO MONTGOMERY FIELD, CA US","2010-01-29","0.00",,,,"64","47"
"USW00003131","SAN DIEGO MONTGOMERY FIELD, CA US","2010-01-30","0.01",,,,"64","46"
"USW00003131","SAN DIEGO MONTGOMERY FIELD, CA US","2010-01-31","0.01",,,,"61","45"
"USW00003131","SAN DIEGO MONTGOMERY FIELD, CA US","2010-02-01","0.00",,,,"64","47"
"USW00003131","SAN DIEGO MONTGOMERY FIELD, CA US","2010-02-02","0.00",,,,"64","51"
"USW00003131","SAN DIEGO MONTGOMERY FIELD, CA US","2010-02-03","0.00",,,,"64","50"
"USW00003131","SAN DIEGO MONTGOMERY FIELD, CA US","2010-02-04","0.00",,,,"64","49"
"USW00003131","SAN DIEGO MONTGOMERY FIELD, CA US","2010-02-05","0.12",,,,"61","51"
"USW00003131","SAN DIEGO MONTGOMERY FIELD, CA US","2010-02-06","0.32",,,,"61","53"
"USW00003131","SAN DIEGO MONTGOMERY FIELD, CA US","2010-02-07","0.01",,,,"59","47"
"USW00003131","SAN DIEGO MONTGOMERY FIELD, CA US","2010-02-08","0.00",,,,"61","44"
"USW00003131","SAN DIEGO MONTGOMERY FIELD, CA US","2010-02-09","0.50",,,,"60","47"
"USW00003131","SAN DIEGO MONTGOMERY FIELD, CA US","2010-02-10","0.01",,,,"59","43"
"USW00003131","SAN DIEGO MONTGOMERY FIELD, CA US","2010-02-11","0.00",,,,"61","42"
"USW00003131","SAN DIEGO MONTGOMERY FIELD, CA US","2010-02-12","0.01",,,,"64","46"
"USW00003131","SAN DIEGO MONTGOMERY FIELD, CA US","2010-02-13","0.00",,,,"73","47"
"USW00003131","SAN DIEGO MONTGOMERY FIELD, CA US","2010-02-14","0.00",,,,"79","48"
"USW00003131","SAN DIEGO MONTGOMERY FIELD, CA US","2010-02-15","0.00",,,,"79","51"
"USW00003131","SAN DIEGO MONTGOMERY FIELD, CA US","2010-02-16","0.00",,,,"79","49"
"USW00003131","SAN DIEGO MONTGOMERY FIELD, CA US","2010-02-17","0.00",,,,"76","48"
"USW00003131","SAN DIEGO MONTGOMERY FIELD, CA US","2010-02-18","0.00",,,,"67","48"
"USW00003131","SAN DIEGO MONTGOMERY FIELD, CA US","2010-02-19","0.09",,,,"62","53"
"USW00003131","SAN DIEGO MONTGOMERY FIELD, CA US","2010-02-20","0.37",,,,"61","51"
"USW00003131","SAN DIEGO MONTGOMERY FIELD, CA US","2010-02-21","0.05",,,,"61","50"
"USW00003131","SAN DIEGO MONTGOMERY FIELD, CA US","2010-02-22","0.07",,,,"63","46"
"USW00003131","SAN DIEGO MONTGOMERY FIELD, CA US","2010-02-23","0.00",,,,"66","40"
"USW00003131","SAN DIEGO MONTGOMERY FIELD, CA US","2010-02-24","0.02",,,,"66","44"
"USW00003131","SAN DIEGO MONTGOMERY FIELD, CA US","2010-02-25","0.01",,,,"65","52"
"USW00003131","SAN DIEGO MONTGOMERY FIELD, CA US","2010-02-26","0.00",,,,"73","51"
"USW00003131","SAN DIEGO MONTGOMERY FIELD, CA US","2010-02-27","1.15",,,,"60","50"
"USW00003131","SAN DIEGO MONTGOMERY FIELD, CA US","2010-02-28","0.01",,,,"63","46"
"USW00003131","SAN DIEGO MONTGOMERY FIELD, CA US","2010-03-01","0.00",,,,"65","47"
"USW00003131","SAN DIEGO MONTGOMERY FIELD, CA US","2010-03-02","0.00",,,,"63","50"
"USW00003131","SAN DIEGO MONTGOMERY FIELD, CA US","2010-03-03","0.00",,,,"63","48"
"USW00003131","SAN DIEGO MONTGOMERY FIELD, CA US","2010-03-04","0.02",,,,"60","46"
"USW00003131","SAN DIEGO MONTGOMERY FIELD, CA US","2010-03-05","0.00",,,,"65","43"
"USW00003131","SAN DIEGO MONTGOMERY FIELD, CA US","2010-03-06","0.19",,,,"60","49"
"USW00003131","SAN DIEGO MONTGOMERY FIELD, CA US","2010-03-07","0.25",,,,"56","49"
"USW00003131","SAN DIEGO MONTGOMERY FIELD, CA US","2010-03-08","0.01",,,,"60","53"
"USW00003131","SAN DIEGO MONTGOMERY FIELD, CA US","2010-03-09","0.00",,,,"57","48"
"USW00003131","SAN DIEGO MONTGOMERY FIELD, CA US","2010-03-10","0.02",,,,"59","42"
"USW00003131","SAN DIEGO MONTGOMERY FIELD, CA US","2010-03-11","0.00",,,,"64","42"
"USW00003131","SAN DIEGO MONTGOMERY FIELD, CA US","2010-03-12","0.00",,,,"67","45"
"USW00003131","SAN DIEGO MONTGOMERY FIELD, CA US","2010-03-13","0.00",,,,"62","45"
"USW00003131","SAN DIEGO MONTGOMERY FIELD, CA US","2010-03-14","0.00",,,,"66","44"
"USW00003131","SAN DIEGO MONTGOMERY FIELD, CA US","2010-03-15","0.00",,,,"77","45"
"USW00003131","SAN DIEGO MONTGOMERY FIELD, CA US","2010-03-16","0.00",,,,"84","51"
"USW00003131","SAN DIEGO MONTGOMERY FIELD, CA US","2010-03-17","0.00",,,,"84","53"
"USW00003131","SAN DIEGO MONTGOMERY FIELD, CA US","2010-03-18","0.00",,,,"68","49"
"USW00003131","SAN DIEGO MONTGOMERY FIELD, CA US","2010-03-19","0.00",,,,"69","53"
"USW00003131","SAN DIEGO MONTGOMERY FIELD, CA US","2010-03-20","0.00",,,,"78","49"
"USW00003131","SAN DIEGO MONTGOMERY FIELD, CA US","2010-03-21","0.00",,,,"76","50"
"USW00003131","SAN DIEGO MONTGOMERY FIELD, CA US","2010-03-22","0.01",,,,"69","51"
"USW00003131","SAN DIEGO MONTGOMERY FIELD, CA US","2010-03-23","0.00",,,,"68","52"
"USW00003131","SAN DIEGO MONTGOMERY FIELD, CA US","2010-03-24","0.00",,,,"71","48"
"USW00003131","SAN DIEGO MONTGOMERY FIELD, CA US","2010-03-25","0.00",,,,"64","54"
"USW00003131","SAN DIEGO MONTGOMERY FIELD, CA US","2010-03-26","0.00",,,,"68","51"
"USW00003131","SAN DIEGO MONTGOMERY FIELD, CA US","2010-03-27","0.00",,,,"82","47"
"USW00003131","SAN DIEGO MONTGOMERY FIELD, CA US","2010-03-28","0.00",,,,"82","50"
"USW00003131","SAN DIEGO MONTGOMERY FIELD, CA US","2010-03-29","0.00",,,,"78","50"
"USW00003131","SAN DIEGO MONTGOMERY FIELD, CA US","2010-03-30","0.00",,,,"65","53"
"USW00003131","SAN DIEGO MONTGOMERY FIELD, CA US","2010-03-31","0.00",,,,"62","49"
"USW00003131","SAN DIEGO MONTGOMERY FIELD, CA US","2010-04-01","0.49",,,,"58","46"
"USW00003131","SAN DIEGO MONTGOMERY FIELD, CA US","2010-04-02","0.01",,,,"64","44"
"USW00003131","SAN DIEGO MONTGOMERY FIELD, CA US","2010-04-03","0.00",,,,"65","46"
"USW00003131","SAN DIEGO MONTGOMERY FIELD, CA US","2010-04-04","0.00",,,,"62","52"
"USW00003131","SAN DIEGO MONTGOMERY FIELD, CA US","2010-04-05","0.19",,,,"62","51"
"USW00003131","SAN DIEGO MONTGOMERY FIELD, CA US","2010-04-06","0.00",,,,"67","46"
"USW00003131","SAN DIEGO MONTGOMERY FIELD, CA US","2010-04-07","0.00",,,,"81","46"
"USW00003131","SAN DIEGO MONTGOMERY FIELD, CA US","2010-04-08","0.00",,,,"79","50"
"USW00003131","SAN DIEGO MONTGOMERY FIELD, CA US","2010-04-09","0.00",,,,"68","53"
"USW00003131","SAN DIEGO MONTGOMERY FIELD, CA US","2010-04-10","0.00",,,,"64","54"
"USW00003131","SAN DIEGO MONTGOMERY FIELD, CA US","2010-04-11","0.00",,,,"65","55"
"USW00003131","SAN DIEGO MONTGOMERY FIELD, CA US","2010-04-12","0.62",,,,"62","53"
"USW00003131","SAN DIEGO MONTGOMERY FIELD, CA US","2010-04-13","0.00",,,,"62","48"
"USW00003131","SAN DIEGO MONTGOMERY FIELD, CA US","2010-04-14","0.00",,,,"66","47"
"USW00003131","SAN DIEGO MONTGOMERY FIELD, CA US","2010-04-15","0.00",,,,"66","50"
"USW00003131","SAN DIEGO MONTGOMERY FIELD, CA US","2010-04-16","0.00",,,,"66","52"
"USW00003131","SAN DIEGO MONTGOMERY FIELD, CA US","2010-04-17","0.00",,,,"72","50"
"USW00003131","SAN DIEGO MONTGOMERY FIELD, CA US","2010-04-18","0.03",,,,"72","54"
"USW00003131","SAN DIEGO MONTGOMERY FIELD, CA US","2010-04-19","0.00",,,,"72","56"
"USW00003131","SAN DIEGO MONTGOMERY FIELD, CA US","2010-04-20","0.00",,,,"69","53"
"USW00003131","SAN DIEGO MONTGOMERY FIELD, CA US","2010-04-21","0.22",,,,"58","48"
"USW00003131","SAN DIEGO MONTGOMERY FIELD, CA US","2010-04-22","0.31",,,,"59","47"
"USW00003131","SAN DIEGO MONTGOMERY FIELD, CA US","2010-04-23","0.00",,,,"65","43"
"USW00003131","SAN DIEGO MONTGOMERY FIELD, CA US","2010-04-24","0.00",,,,"67","54"
"USW00003131","SAN DIEGO MONTGOMERY FIELD, CA US","2010-04-25","0.00",,,,"67","53"
"USW00003131","SAN DIEGO MONTGOMERY FIELD, CA US","2010-04-26","0.00",,,,"66","54"
"USW00003131","SAN DIEGO MONTGOMERY FIELD, CA US","2010-04-27","0.00",,,,"66","53"
"USW00003131","SAN DIEGO MONTGOMERY FIELD, CA US","2010-04-28","0.02",,,,"67","55"
"USW00003131","SAN DIEGO MONTGOMERY FIELD, CA US","2010-04-29","0.00",,,,"62","51"
"USW00003131","SAN DIEGO MONTGOMERY FIELD, CA US","2010-04-30","0.00",,,,"67","48"
"USW00003131","SAN DIEGO MONTGOMERY FIELD, CA US","2010-05-01","0.00",,,,"68","48"
"USW00003131","SAN DIEGO MONTGOMERY FIELD, CA US","2010-05-02","0.00",,,,"66","55"
"USW00003131","SAN DIEGO MONTGOMERY FIELD, CA US","2010-05-03","0.00",,,,"77","52"
"USW00003131","SAN DIEGO MONTGOMERY FIELD, CA US","2010-05-04","0.00",,,,"76","53"
"USW00003131","SAN DIEGO MONTGOMERY FIELD, CA US","2010-05-05","0.00",,,,"70","56"
"USW00003131","SAN DIEGO MONTGOMERY FIELD, CA US","2010-05-06","0.00",,,,"69","57"
"USW00003131","SAN DIEGO MONTGOMERY FIELD, CA US","2010-05-07","0.00",,,,"73","53"
"USW00003131","SAN DIEGO MONTGOMERY FIELD, CA US","2010-05-08","0.00",,,,"76","55"
"USW00003131","SAN DIEGO MONTGOMERY FIELD, CA US","2010-05-09","0.00",,,,"64","56"
"USW00003131","SAN DIEGO MONTGOMERY FIELD, CA US","2010-05-10","0.00",,,,"66","56"
"USW00003131","SAN DIEGO MONTGOMERY FIELD, CA US","2010-05-11","0.00",,,,"63","50"
"USW00003131","SAN DIEGO MONTGOMERY FIELD, CA US","2010-05-12","0.00",,,,"71","48"
"USW00003131","SAN DIEGO MONTGOMERY FIELD, CA US","2010-05-13","0.00",,,,"70","54"
"USW00003131","SAN DIEGO MONTGOMERY FIELD, CA US","2010-05-14","0.00",,,,"67","56"
"USW00003131","SAN DIEGO MONTGOMERY FIELD, CA US","2010-05-15","0.00",,,,"71","57"
"USW00003131","SAN DIEGO MONTGOMERY FIELD, CA US","2010-05-16","0.00",,,,"65","57"
"USW00003131","SAN DIEGO MONTGOMERY FIELD, CA US","2010-05-17","0.00",,,,"63","55"
"USW00003131","SAN DIEGO MONTGOMERY FIELD, CA US","2010-05-18","0.00",,,,"70","57"
"USW00003131","SAN DIEGO MONTGOMERY FIELD, CA US","2010-05-19","0.00",,,,"69","57"
"USW00003131","SAN DIEGO MONTGOMERY FIELD, CA US","2010-05-20","0.00",,,,"76","55"
"USW00003131","SAN DIEGO MONTGOMERY FIELD, CA US","2010-05-21","0.00",,,,"69","57"
"USW00003131","SAN DIEGO MONTGOMERY FIELD, CA US","2010-05-22","0.00",,,,"65","55"
"USW00003131","SAN DIEGO MONTGOMERY FIELD, CA US","2010-05-23","0.00",,,,"61","50"
"USW00003131","SAN DIEGO MONTGOMERY FIELD, CA US","2010-05-24","0.00",,,,"65","49"
"USW00003131","SAN DIEGO MONTGOMERY FIELD, CA US","2010-05-25","0.00",,,,"67","51"
"USW00003131","SAN DIEGO MONTGOMERY FIELD, CA US","2010-05-26","0.00",,,,"70","57"
"USW00003131","SAN DIEGO MONTGOMERY FIELD, CA US","2010-05-27","0.00",,,,"72","56"
"USW00003131","SAN DIEGO MONTGOMERY FIELD, CA US","2010-05-28","0.00",,,,"68","56"
"USW00003131","SAN DIEGO MONTGOMERY FIELD, CA US","2010-05-29","0.00",,,,"74","52"
"USW00003131","SAN DIEGO MONTGOMERY FIELD, CA US","2010-05-30","0.00",,,,"71","53"
"USW00003131","SAN DIEGO MONTGOMERY FIELD, CA US","2010-05-31","0.00",,,,"69","59"
"USW00003131","SAN DIEGO MONTGOMERY FIELD, CA US","2010-06-01","0.00",,,,"67","59"
"USW00003131","SAN DIEGO MONTGOMERY FIELD, CA US","2010-06-02","0.00",,,,"70","59"
"USW00003131","SAN DIEGO MONTGOMERY FIELD, CA US","2010-06-03","0.00",,,,"71","59"
"USW00003131","SAN DIEGO MONTGOMERY FIELD, CA US","2010-06-04","0.00",,,,"73","60"
"USW00003131","SAN DIEGO MONTGOMERY FIELD, CA US","2010-06-05","0.00",,,,"76","60"
"USW00003131","SAN DIEGO MONTGOMERY FIELD, CA US","2010-06-06","0.00",,,,"76","61"
"USW00003131","SAN DIEGO MONTGOMERY FIELD, CA US","2010-06-07","0.00",,,,"74","61"
"USW00003131","SAN DIEGO MONTGOMERY FIELD, CA US","2010-06-08","0.00",,,,"68","58"
"USW00003131","SAN DIEGO MONTGOMERY FIELD, CA US","2010-06-09","0.00",,,,"68","58"
"USW00003131","SAN DIEGO MONTGOMERY FIELD, CA US","2010-06-10","0.00",,,,"65","58"
"USW00003131","SAN DIEGO MONTGOMERY FIELD, CA US","2010-06-11","0.00",,,,"66","57"
"USW00003131","SAN DIEGO MONTGOMERY FIELD, CA US","2010-06-12","0.00",,,,"68","57"
"USW00003131","SAN DIEGO MONTGOMERY FIELD, CA US","2010-06-13","0.00",,,,"72","57"
"USW00003131","SAN DIEGO MONTGOMERY FIELD, CA US","2010-06-14","0.00",,,,"77","61"
"USW00003131","SAN DIEGO MONTGOMERY FIELD, CA US","2010-06-15","0.00",,,,"75","57"
"USW00003131","SAN DIEGO MONTGOMERY FIELD, CA US","2010-06-16","0.00",,,,"68","55"
"USW00003131","SAN DIEGO MONTGOMERY FIELD, CA US","2010-06-17","0.00",,,,"71","53"
"USW00003131","SAN DIEGO MONTGOMERY FIELD, CA US","2010-06-18","0.00",,,,"70","58"
"USW00003131","SAN DIEGO MONTGOMERY FIELD, CA US","2010-06-19","0.00",,,,"70","59"
"USW00003131","SAN DIEGO MONTGOMERY FIELD, CA US","2010-06-20","0.00",,,,"73","57"
"USW00003131","SAN DIEGO MONTGOMERY FIELD, CA US","2010-06-21","0.00",,,,"68","56"
"USW00003131","SAN DIEGO MONTGOMERY FIELD, CA US","2010-06-22","0.00",,,,"72","53"
"USW00003131","SAN DIEGO MONTGOMERY FIELD, CA US","2010-06-23","0.00",,,,"75","59"
"USW00003131","SAN DIEGO MONTGOMERY FIELD, CA US","2010-06-24","0.00",,,,"73","58"
"USW00003131","SAN DIEGO MONTGOMERY FIELD, CA US","2010-06-25","0.00",,,,"72","58"
"USW00003131","SAN DIEGO MONTGOMERY FIELD, CA US","2010-06-26","0.00",,,,"69","59"
"USW00003131","SAN DIEGO MONTGOMERY FIELD, CA US","2010-06-27","0.00",,,,"71","60"
"USW00003131","SAN DIEGO MONTGOMERY FIELD, CA US","2010-06-28","0.00",,,,"65","59"
"USW00003131","SAN DIEGO MONTGOMERY FIELD, CA US","2010-06-29","0.00",,,,"70","60"
"USW00003131","SAN DIEGO MONTGOMERY FIELD, CA US","2010-06-30","0.00",,,,"75","61"
"USW00003131","SAN DIEGO MONTGOMERY FIELD, CA US","2010-07-01","0.00",,,,"77","60"
"USW00003131","SAN DIEGO MONTGOMERY FIELD, CA US","2010-07-02","0.00",,,,"73","59"
"USW00003131","SAN DIEGO MONTGOMERY FIELD, CA US","2010-07-03","0.00",,,,"69","59"
"USW00003131","SAN DIEGO MONTGOMERY FIELD, CA US","2010-07-04","0.00",,,,"69","59"
"USW00003131","SAN DIEGO MONTGOMERY FIELD, CA US","2010-07-05","0.00",,,,"69","60"
"USW00003131","SAN DIEGO MONTGOMERY FIELD, CA US","2010-07-06","0.00",,,,"66","60"
"USW00003131","SAN DIEGO MONTGOMERY FIELD, CA US","2010-07-07","0.00",,,,"66","58"
"USW00003131","SAN DIEGO MONTGOMERY FIELD, CA US","2010-07-08","0.00",,,,"64","60"
"USW00003131","SAN DIEGO MONTGOMERY FIELD, CA US","2010-07-09","0.00",,,,"70","60"
"USW00003131","SAN DIEGO MONTGOMERY FIELD, CA US","2010-07-10","0.00",,,,"70","60"
"USW00003131","SAN DIEGO MONTGOMERY FIELD, CA US","2010-07-11","0.00",,,,"72","61"
"USW00003131","SAN DIEGO MONTGOMERY FIELD, CA US","2010-07-12","0.00",,,,"75","62"
"USW00003131","SAN DIEGO MONTGOMERY FIELD, CA US","2010-07-13","0.00",,,,"81","62"
"USW00003131","SAN DIEGO MONTGOMERY FIELD, CA US","2010-07-14","0.00",,,,"90","64"
"USW00003131","SAN DIEGO MONTGOMERY FIELD, CA US","2010-07-15","0.00",,,,"91","67"
"USW00003131","SAN DIEGO MONTGOMERY FIELD, CA US","2010-07-16","0.00",,,,"97","68"
"USW00003131","SAN DIEGO MONTGOMERY FIELD, CA US","2010-07-17","0.00",,,,"87","65"
"USW00003131","SAN DIEGO MONTGOMERY FIELD, CA US","2010-07-18","0.00",,,,"76","63"
"USW00003131","SAN DIEGO MONTGOMERY FIELD, CA US","2010-07-19","0.00",,,,"73","63"
"USW00003131","SAN DIEGO MONTGOMERY FIELD, CA US","2010-07-20","0.00",,,,"72","63"
"USW00003131","SAN DIEGO MONTGOMERY FIELD, CA US","2010-07-21","0.00",,,,"69","62"
"USW00003131","SAN DIEGO MONTGOMERY FIELD, CA US","2010-07-22","0.00",,,,"72","60"
"USW00003131","SAN DIEGO MONTGOMERY FIELD, CA US","2010-07-23","0.00",,,,"75","62"
"USW00003131","SAN DIEGO MONTGOMERY FIELD, CA US","2010-07-24","0.00",,,,"75","62"
"USW00003131","SAN DIEGO MONTGOMERY FIELD, CA US","2010-07-25","0.00",,,,"72","62"
"USW00003131","SAN DIEGO MONTGOMERY FIELD, CA US","2010-07-26","0.00",,,,"73","62"
"USW00003131","SAN DIEGO MONTGOMERY FIELD, CA US","2010-07-27","0.00",,,,"72","61"
"USW00003131","SAN DIEGO MONTGOMERY FIELD, CA US","2010-07-28","0.00",,,,"72","60"
"USW00003131","SAN DIEGO MONTGOMERY FIELD, CA US","2010-07-29","0.00",,,,"72","61"
"USW00003131","SAN DIEGO MONTGOMERY FIELD, CA US","2010-07-30","0.00",,,,"71","62"
"USW00003131","SAN DIEGO MONTGOMERY FIELD, CA US","2010-07-31","0.00",,,,"73","61"
"USW00003131","SAN DIEGO MONTGOMERY FIELD, CA US","2010-08-01","0.00",,,,"76","59"
"USW00003131","SAN DIEGO MONTGOMERY FIELD, CA US","2010-08-02","0.00",,,,"78","61"
"USW00003131","SAN DIEGO MONTGOMERY FIELD, CA US","2010-08-03","0.00",,,,"77","61"
"USW00003131","SAN DIEGO MONTGOMERY FIELD, CA US","2010-08-04","0.00",,,,"74","62"
"USW00003131","SAN DIEGO MONTGOMERY FIELD, CA US","2010-08-05","0.00",,,,"73","62"
"USW00003131","SAN DIEGO MONTGOMERY FIELD, CA US","2010-08-06","0.00",,,,"73","62"
"USW00003131","SAN DIEGO MONTGOMERY FIELD, CA US","2010-08-07","0.00",,,,"72","61"
"USW00003131","SAN DIEGO MONTGOMERY FIELD, CA US","2010-08-08","0.00",,,,"72","60"
"USW00003131","SAN DIEGO MONTGOMERY FIELD, CA US","2010-08-09","0.00",,,,"74","57"
"USW00003131","SAN DIEGO MONTGOMERY FIELD, CA US","2010-08-10","0.00",,,,"76","62"
"USW00003131","SAN DIEGO MONTGOMERY FIELD, CA US","2010-08-11","0.00",,,,"74","61"
"USW00003131","SAN DIEGO MONTGOMERY FIELD, CA US","2010-08-12","0.00",,,,"76","60"
"USW00003131","SAN DIEGO MONTGOMERY FIELD, CA US","2010-08-13","0.00",,,,"74","60"
"USW00003131","SAN DIEGO MONTGOMERY FIELD, CA US","2010-08-14","0.00",,,,"74","59"
"USW00003131","SAN DIEGO MONTGOMERY FIELD, CA US","2010-08-15","0.00",,,,"77","57"
"USW00003131","SAN DIEGO MONTGOMERY FIELD, CA US","2010-08-16","0.00",,,,"75","59"
"USW00003131","SAN DIEGO MONTGOMERY FIELD, CA US","2010-08-17","0.00",,,,"88","66"
"USW00003131","SAN DIEGO MONTGOMERY FIELD, CA US","2010-08-18","0.00",,,,"94","70"
"USW00003131","SAN DIEGO MONTGOMERY FIELD, CA US","2010-08-19","0.00",,,,"90","68"
"USW00003131","SAN DIEGO MONTGOMERY FIELD, CA US","2010-08-20","0.00",,,,"88","64"
"USW00003131","SAN DIEGO MONTGOMERY FIELD, CA US","2010-08-21","0.00",,,,"82","61"
"USW00003131","SAN DIEGO MONTGOMERY FIELD, CA US","2010-08-22","0.00",,,,"85","63"
"USW00003131","SAN DIEGO MONTGOMERY FIELD, CA US","2010-08-23","0.00",,,,"92","63"
"USW00003131","SAN DIEGO MONTGOMERY FIELD, CA US","2010-08-24","0.00",,,,"90","66"
"USW00003131","SAN DIEGO MONTGOMERY FIELD, CA US","2010-08-25","0.00",,,,"90","65"
"USW00003131","SAN DIEGO MONTGOMERY FIELD, CA US","2010-08-26","0.00",,,,"88","66"
"USW00003131","SAN DIEGO MONTGOMERY FIELD, CA US","2010-08-27","0.00",,,,"76","58"
"USW00003131","SAN DIEGO MONTGOMERY FIELD, CA US","2010-08-28","0.00",,,,"69","56"
"USW00003131","SAN DIEGO MONTGOMERY FIELD, CA US","2010-08-29","0.00",,,,"71","60"
"USW00003131","SAN DIEGO MONTGOMERY FIELD, CA US","2010-08-30","0.00",,,,"72","58"
"USW00003131","SAN DIEGO MONTGOMERY FIELD, CA US","2010-08-31","0.00",,,,"77","55"
"USW00003131","SAN DIEGO MONTGOMERY FIELD, CA US","2010-09-01","0.00",,,,"80","56"
"USW00003131","SAN DIEGO MONTGOMERY FIELD, CA US","2010-09-02","0.00",,,,"81","58"
"USW00003131","SAN DIEGO MONTGOMERY FIELD, CA US","2010-09-03","0.00",,,,"85","60"
"USW00003131","SAN DIEGO MONTGOMERY FIELD, CA US","2010-09-04","0.00",,,,"89","61"
"USW00003131","SAN DIEGO MONTGOMERY FIELD, CA US","2010-09-05","0.00",,,,"76","59"
"USW00003131","SAN DIEGO MONTGOMERY FIELD, CA US","2010-09-06","0.00",,,,"69","60"
"USW00003131","SAN DIEGO MONTGOMERY FIELD, CA US","2010-09-07","0.00",,,,"71","60"
"USW00003131","SAN DIEGO MONTGOMERY FIELD, CA US","2010-09-08","0.00",,,,"70","62"
"USW00003131","SAN DIEGO MONTGOMERY FIELD, CA US","2010-09-09","0.00",,,,"71","57"
"USW00003131","SAN DIEGO MONTGOMERY FIELD, CA US","2010-09-10","0.00",,,,"74","55"
"USW00003131","SAN DIEGO MONTGOMERY FIELD, CA US","2010-09-11","0.00",,,,"74","59"
"USW00003131","SAN DIEGO MONTGOMERY FIELD, CA US","2010-09-12","0.00",,,,"74","60"
"USW00003131","SAN DIEGO MONTGOMERY FIELD, CA US","2010-09-13","0.00",,,,"78","58"
"USW00003131","SAN DIEGO MONTGOMERY FIELD, CA US","2010-09-14","0.00",,,,"78","61"
"USW00003131","SAN DIEGO MONTGOMERY FIELD, CA US","2010-09-15","0.00",,,,"78","58"
"USW00003131","SAN DIEGO MONTGOMERY FIELD, CA US","2010-09-16","0.00",,,,"74","58"
"USW00003131","SAN DIEGO MONTGOMERY FIELD, CA US","2010-09-17","0.00",,,,"75","57"
"USW00003131","SAN DIEGO MONTGOMERY FIELD, CA US","2010-09-18","0.00",,,,"78","57"
"USW00003131","SAN DIEGO MONTGOMERY FIELD, CA US","2010-09-19","0.00",,,,"77","58"
"USW00003131","SAN DIEGO MONTGOMERY FIELD, CA US","2010-09-20","0.00",,,,"72","57"
"USW00003131","SAN DIEGO MONTGOMERY FIELD, CA US","2010-09-21","0.00",,,,"67","58"
"USW00003131","SAN DIEGO MONTGOMERY FIELD, CA US","2010-09-22","0.00",,,,"70","57"
"USW00003131","SAN DIEGO MONTGOMERY FIELD, CA US","2010-09-23","0.00",,,,"74","55"
"USW00003131","SAN DIEGO MONTGOMERY FIELD, CA US","2010-09-24","0.00",,,,"82","58"
"USW00003131","SAN DIEGO MONTGOMERY FIELD, CA US","2010-09-25","0.00",,,,"91","61"
"USW00003131","SAN DIEGO MONTGOMERY FIELD, CA US","2010-09-26","0.00",,,,"98","64"
"USW00003131","SAN DIEGO MONTGOMERY FIELD, CA US","2010-09-27","0.00",,,,"107","71"
"USW00003131","SAN DIEGO MONTGOMERY FIELD, CA US","2010-09-28","0.00",,,,"87","71"
"USW00003131","SAN DIEGO MONTGOMERY FIELD, CA US","2010-09-29","0.00",,,,"86","67"
"USW00003131","SAN DIEGO MONTGOMERY FIELD, CA US","2010-09-30","0.21",,,,"79","65"
"USW00003131","SAN DIEGO MONTGOMERY FIELD, CA US","2010-10-01","0.00",,,,"79","65"
"USW00003131","SAN DIEGO MONTGOMERY FIELD, CA US","2010-10-02","0.00",,,,"80","65"
"USW00003131","SAN DIEGO MONTGOMERY FIELD, CA US","2010-10-03","0.00",,,,"75","65"
"USW00003131","SAN DIEGO MONTGOMERY FIELD, CA US","2010-10-04","0.01",,,,"67","60"
"USW00003131","SAN DIEGO MONTGOMERY FIELD, CA US","2010-10-05","0.04",,,,"66","59"
"USW00003131","SAN DIEGO MONTGOMERY FIELD, CA US","2010-10-06","0.30",,,,"66","56"
"USW00003131","SAN DIEGO MONTGOMERY FIELD, CA US","2010-10-07","0.00",,,,"71","56"
"USW00003131","SAN DIEGO MONTGOMERY FIELD, CA US","2010-10-08","0.00",,,,"73","53"
"USW00003131","SAN DIEGO MONTGOMERY FIELD, CA US","2010-10-09","0.00",,,,"81","54"
"USW00003131","SAN DIEGO MONTGOMERY FIELD, CA US","2010-10-10","0.00",,,,"85","57"
"USW00003131","SAN DIEGO MONTGOMERY FIELD, CA US","2010-10-11","0.01",,,,"73","59"
"USW00003131","SAN DIEGO MONTGOMERY FIELD, CA US","2010-10-12","0.00",,,,"73","62"
"USW00003131","SAN DIEGO MONTGOMERY FIELD, CA US","2010-10-13","0.00",,,,"75","61"
"USW00003131","SAN DIEGO MONTGOMERY FIELD, CA US","2010-10-14","0.01",,,,"70","62"
"USW00003131","SAN DIEGO MONTGOMERY FIELD, CA US","2010-10-15","0.00",,,,"65","61"
"USW00003131","SAN DIEGO MONTGOMERY FIELD, CA US","2010-10-16","0.00",,,,"69","61"
"USW00003131","SAN DIEGO MONTGOMERY FIELD, CA US","2010-10-17","0.03",,,,"64","61"
"USW00003131","SAN DIEGO MONTGOMERY FIELD, CA US","2010-10-18","0.02",,,,"66","59"
"USW00003131","SAN DIEGO MONTGOMERY FIELD, CA US","2010-10-19","1.06",,,,"65","58"
"USW00003131","SAN DIEGO MONTGOMERY FIELD, CA US","2010-10-20","0.04",,,,"65","57"
"USW00003131","SAN DIEGO MONTGOMERY FIELD, CA US","2010-10-21","0.01",,,,"67","59"
"USW00003131","SAN DIEGO MONTGOMERY FIELD, CA US","2010-10-22","0.00",,,,"67","57"
"USW00003131","SAN DIEGO MONTGOMERY FIELD, CA US","2010-10-23","0.02",,,,"66","56"
"USW00003131","SAN DIEGO MONTGOMERY FIELD, CA US","2010-10-24","0.05",,,,"71","59"
"USW00003131","SAN DIEGO MONTGOMERY FIELD, CA US","2010-10-25","0.10",,,,"66","58"
"USW00003131","SAN DIEGO MONTGOMERY FIELD, CA US","2010-10-26","0.01",,,,"69","55"
"USW00003131","SAN DIEGO MONTGOMERY FIELD, CA US","2010-10-27","0.01",,,,"83","52"
"USW00003131","SAN DIEGO MONTGOMERY FIELD, CA US","2010-10-28","0.00",,,,"82","53"
"USW00003131","SAN DIEGO MONTGOMERY FIELD, CA US","2010-10-29","0.00",,,,"80","56"
"USW00003131","SAN DIEGO MONTGOMERY FIELD, CA US","2010-10-30","0.16",,,,"67","55"
"USW00003131","SAN DIEGO MONTGOMERY FIELD, CA US","2010-10-31","0.01",,,,"67","49"
"USW00003131","SAN DIEGO MONTGOMERY FIELD, CA US","2010-11-01","0.00",,,,"79","51"
"USW00003131","SAN DIEGO MONTGOMERY FIELD, CA US","2010-11-02","0.00",,,,"90","55"
"USW00003131","SAN DIEGO MONTGOMERY FIELD, CA US","2010-11-03","0.00",,,,"95","62"
"USW00003131","SAN DIEGO MONTGOMERY FIELD, CA US","2010-11-04","0.00",,,,"97","62"
"USW00003131","SAN DIEGO MONTGOMERY FIELD, CA US","2010-11-05","0.00",,,,"88","60"
"USW00003131","SAN DIEGO MONTGOMERY FIELD, CA US","2010-11-06","0.00",,,,"73","56"
"USW00003131","SAN DIEGO MONTGOMERY FIELD, CA US","2010-11-07","0.00",,,,"69","52"
"USW00003131","SAN DIEGO MONTGOMERY FIELD, CA US","2010-11-08","0.05",,,,"66","50"
"USW00003131","SAN DIEGO MONTGOMERY FIELD, CA US","2010-11-09","0.00",,,,"68","47"
"USW00003131","SAN DIEGO MONTGOMERY FIELD, CA US","2010-11-10","0.01",,,,"65","46"
"USW00003131","SAN DIEGO MONTGOMERY FIELD, CA US","2010-11-11","0.00",,,,"75","51"
"USW00003131","SAN DIEGO MONTGOMERY FIELD, CA US","2010-11-12","0.00",,,,"78","51"
"USW00003131","SAN DIEGO MONTGOMERY FIELD, CA US","2010-11-13","0.00",,,,"78","46"
"USW00003131","SAN DIEGO MONTGOMERY FIELD, CA US","2010-11-14","0.00",,,,"78","47"
"USW00003131","SAN DIEGO MONTGOMERY FIELD, CA US","2010-11-15","0.00",,,,"73","49"
"USW00003131","SAN DIEGO MONTGOMERY FIELD, CA US","2010-11-16","0.00",,,,"66","47"
"USW00003131","SAN DIEGO MONTGOMERY FIELD, CA US","2010-11-17","0.00",,,,"71","54"
"USW00003131","SAN DIEGO MONTGOMERY FIELD, CA US","2010-11-18","0.01",,,,"69","50"
"USW00003131","SAN DIEGO MONTGOMERY FIELD, CA US","2010-11-19","0.00",,,,"62","56"
"USW00003131","SAN DIEGO MONTGOMERY FIELD, CA US","2010-11-20","0.69",,,,"60","55"
"USW00003131","SAN DIEGO MONTGOMERY FIELD, CA US","2010-11-21","0.25",,,,"60","47"
"USW00003131","SAN DIEGO MONTGOMERY FIELD, CA US","2010-11-22","0.01",,,,"60","43"
"USW00003131","SAN DIEGO MONTGOMERY FIELD, CA US","2010-11-23","0.02",,,,"60","43"
"USW00003131","SAN DIEGO MONTGOMERY FIELD, CA US","2010-11-24","0.05",,,,"55","43"
"USW00003131","SAN DIEGO MONTGOMERY FIELD, CA US","2010-11-25","0.00",,,,"62","38"
"USW00003131","SAN DIEGO MONTGOMERY FIELD, CA US","2010-11-26","0.00",,,,"65","35"
"USW00003131","SAN DIEGO MONTGOMERY FIELD, CA US","2010-11-27","0.07",,,,"61","38"
"USW00003131","SAN DIEGO MONTGOMERY FIELD, CA US","2010-11-28","0.00",,,,"58","41"
"USW00003131","SAN DIEGO MONTGOMERY FIELD, CA US","2010-11-29","0.00",,,,"62","37"
"USW00003131","SAN DIEGO MONTGOMERY FIELD, CA US","2010-11-30","0.00",,,,"66","35"
"USW00003131","SAN DIEGO MONTGOMERY FIELD, CA US","2010-12-01","0.00",,,,"71","40"
"USW00003131","SAN DIEGO MONTGOMERY FIELD, CA US","2010-12-02","0.00",,,,"73","43"
"USW00003131","SAN DIEGO MONTGOMERY FIELD, CA US","2010-12-03","0.00",,,,"70","44"
"USW00003131","SAN DIEGO MONTGOMERY FIELD, CA US","2010-12-04","0.00",,,,"65","44"
"USW00003131","SAN DIEGO MONTGOMERY FIELD, CA US","2010-12-05","0.00",,,,"73","46"
"USW00003131","SAN DIEGO MONTGOMERY FIELD, CA US","2010-12-06","0.00",,,,"65","50"
"USW00003131","SAN DIEGO MONTGOMERY FIELD, CA US","2010-12-07","0.01",,,,"73","43"
"USW00003131","SAN DIEGO MONTGOMERY FIELD, CA US","2010-12-08","0.00",,,,"74","44"
"USW00003131","SAN DIEGO MONTGOMERY FIELD, CA US","2010-12-09","0.00",,,,"72","44"
"USW00003131","SAN DIEGO MONTGOMERY FIELD, CA US","2010-12-10","0.00",,,,"66","46"
"USW00003131","SAN DIEGO MONTGOMERY FIELD, CA US","2010-12-11","0.01",,,,"75","46"
"USW00003131","SAN DIEGO MONTGOMERY FIELD, CA US","2010-12-12","0.00",,,,"86","54"
"USW00003131","SAN DIEGO MONTGOMERY FIELD, CA US","2010-12-13","0.00",,,,"84","51"
"USW00003131","SAN DIEGO MONTGOMERY FIELD, CA US","2010-12-14","0.00",,,,"60","49"
"USW00003131","SAN DIEGO MONTGOMERY FIELD, CA US","2010-12-15","0.00",,,,"60","53"
"USW00003131","SAN DIEGO MONTGOMERY FIELD, CA US","2010-12-16","0.03",,,,"61","48"
"USW00003131","SAN DIEGO MONTGOMERY FIELD, CA US","2010-12-17","0.15",,,,"61","45"
"USW00003131","SAN DIEGO MONTGOMERY FIELD, CA US","2010-12-18","0.05",,,,"61","56"
"USW00003131","SAN DIEGO MONTGOMERY FIELD, CA US","2010-12-19","0.25",,,,"59","56"
"USW00003131","SAN DIEGO MONTGOMERY FIELD, CA US","2010-12-20","0.72",,,,"60","55"
"USW00003131","SAN DIEGO MONTGOMERY FIELD, CA US","2010-12-21","2.06",,,,"60","53"
"USW00003131","SAN DIEGO MONTGOMERY FIELD, CA US","2010-12-22","2.17",,,,"60","50"
"USW00003131","SAN DIEGO MONTGOMERY FIELD, CA US","2010-12-23","0.01",,,,"60","47"
"USW00003131","SAN DIEGO MONTGOMERY FIELD, CA US","2010-12-24","0.01",,,,"67","43"
"USW00003131","SAN DIEGO MONTGOMERY FIELD, CA US","2010-12-25","0.15",,,,"59","43"
"USW00003131","SAN DIEGO MONTGOMERY FIELD, CA US","2010-12-26","0.23",,,,"60","49"
"USW00003131","SAN DIEGO MONTGOMERY FIELD, CA US","2010-12-27","0.00",,,,"64","43"
"USW00003131","SAN DIEGO MONTGOMERY FIELD, CA US","2010-12-28","0.01",,,,"65","42"
"USW00003131","SAN DIEGO MONTGOMERY FIELD, CA US","2010-12-29","0.49",,,,"56","51"
"USW00003131","SAN DIEGO MONTGOMERY FIELD, CA US","2010-12-30","0.12",,,,"54","40"
"USW00003131","SAN DIEGO MONTGOMERY FIELD, CA US","2010-12-31","0.02",,,,"56","36"
"USW00003131","SAN DIEGO MONTGOMERY FIELD, CA US","2011-01-01","0.02",,,,"60","39"
"USW00003131","SAN DIEGO MONTGOMERY FIELD, CA US","2011-01-02","0.00",,,,"58","38"
"USW00003131","SAN DIEGO MONTGOMERY FIELD, CA US","2011-01-03","0.02",,,,"57","48"
"USW00003131","SAN DIEGO MONTGOMERY FIELD, CA US","2011-01-04","0.00",,,,"64","43"
"USW00003131","SAN DIEGO MONTGOMERY FIELD, CA US","2011-01-05","0.00",,,,"69","42"
"USW00003131","SAN DIEGO MONTGOMERY FIELD, CA US","2011-01-06","0.00",,,,"71","42"
"USW00003131","SAN DIEGO MONTGOMERY FIELD, CA US","2011-01-07","0.00",,,,"61","45"
"USW00003131","SAN DIEGO MONTGOMERY FIELD, CA US","2011-01-08","0.00",,,,"57","43"
"USW00003131","SAN DIEGO MONTGOMERY FIELD, CA US","2011-01-09","0.00",,,,"58","46"
"USW00003131","SAN DIEGO MONTGOMERY FIELD, CA US","2011-01-10","0.00",,,,"63","43"
"USW00003131","SAN DIEGO MONTGOMERY FIELD, CA US","2011-01-11","0.00",,,,"69","43"
"USW00003131","SAN DIEGO MONTGOMERY FIELD, CA US","2011-01-12","0.00",,,,"71","46"
"USW00003131","SAN DIEGO MONTGOMERY FIELD, CA US","2011-01-13","0.00",,,,"72","46"
"USW00003131","SAN DIEGO MONTGOMERY FIELD, CA US","2011-01-14","0.00",,,,"80","46"
"USW00003131","SAN DIEGO MONTGOMERY FIELD, CA US","2011-01-15","0.00",,,,"78","47"
"USW00003131","SAN DIEGO MONTGOMERY FIELD, CA US","2011-01-16","0.00",,,,"81","48"
"USW00003131","SAN DIEGO MONTGOMERY FIELD, CA US","2011-01-17","0.00",,,,"85","51"
"USW00003131","SAN DIEGO MONTGOMERY FIELD, CA US","2011-01-18","0.00",,,,"81","53"
"USW00003131","SAN DIEGO MONTGOMERY FIELD, CA US","2011-01-19","0.00",,,,"61","49"
"USW00003131","SAN DIEGO MONTGOMERY FIELD, CA US","2011-01-20","0.00",,,,"73","49"
"USW00003131","SAN DIEGO MONTGOMERY FIELD, CA US","2011-01-21","0.00",,,,"76","41"
"USW00003131","SAN DIEGO MONTGOMERY FIELD, CA US","2011-01-22","0.00",,,,"67","44"
"USW00003131","SAN DIEGO MONTGOMERY FIELD, CA US","2011-01-23","0.00",,,,"76","45"
"USW00003131","SAN DIEGO MONTGOMERY FIELD, CA US","2011-01-24","0.00",,,,"71","41"
"USW00003131","SAN DIEGO MONTGOMERY FIELD, CA US","2011-01-25","0.00",,,,"72","45"
"USW00003131","SAN DIEGO MONTGOMERY FIELD, CA US","2011-01-26","0.00",,,,"78","43"
"USW00003131","SAN DIEGO MONTGOMERY FIELD, CA US","2011-01-27","0.00",,,,"77","47"
"USW00003131","SAN DIEGO MONTGOMERY FIELD, CA US","2011-01-28","0.00",,,,"77","43"
"USW00003131","SAN DIEGO MONTGOMERY FIELD, CA US","2011-01-29","0.00",,,,"66","42"
"USW00003131","SAN DIEGO MONTGOMERY FIELD, CA US","2011-01-30","0.10",,,,"60","53"
"USW00003131","SAN DIEGO MONTGOMERY FIELD, CA US","2011-01-31","0.01",,,,"62","47"
"USW00003131","SAN DIEGO MONTGOMERY FIELD, CA US","2011-02-01","0.01",,,,"62","42"
"USW00003131","SAN DIEGO MONTGOMERY FIELD, CA US","2011-02-02","0.00",,,,"59","42"
"USW00003131","SAN DIEGO MONTGOMERY FIELD, CA US","2011-02-03","0.00",,,,"61","42"
"USW00003131","SAN DIEGO MONTGOMERY FIELD, CA US","2011-02-04","0.00",,,,"64","36"
"USW00003131","SAN DIEGO MONTGOMERY FIELD, CA US","2011-02-05","0.00",,,,"67","42"
"USW00003131","SAN DIEGO MONTGOMERY FIELD, CA US","2011-02-06","0.01",,,,"76","45"
"USW00003131","SAN DIEGO MONTGOMERY FIELD, CA US","2011-02-07","0.00",,,,"79","48"
"USW00003131","SAN DIEGO MONTGOMERY FIELD, CA US","2011-02-08","0.00",,,,"60","49"
"USW00003131","SAN DIEGO MONTGOMERY FIELD, CA US","2011-02-09","0.00",,,,"70","41"
"USW00003131","SAN DIEGO MONTGOMERY FIELD, CA US","2011-02-10","0.00",,,,"71","40"
"USW00003131","SAN DIEGO MONTGOMERY FIELD, CA US","2011-02-11","0.00",,,,"73","38"
"USW00003131","SAN DIEGO MONTGOMERY FIELD, CA US","2011-02-12","0.00",,,,"80","42"
"USW00003131","SAN DIEGO MONTGOMERY FIELD, CA US","2011-02-13","0.00",,,,"71","44"
"USW00003131","SAN DIEGO MONTGOMERY FIELD, CA US","2011-02-14","0.00",,,,"66","45"
"USW00003131","SAN DIEGO MONTGOMERY FIELD, CA US","2011-02-15","0.00",,,,"68","46"
"USW00003131","SAN DIEGO MONTGOMERY FIELD, CA US","2011-02-16","0.41",,,,"62","49"
"USW00003131","SAN DIEGO MONTGOMERY FIELD, CA US","2011-02-17","0.00",,,,"59","45"
"USW00003131","SAN DIEGO MONTGOMERY FIELD, CA US","2011-02-18","0.68",,,,"64","48"
"USW00003131","SAN DIEGO MONTGOMERY FIELD, CA US","2011-02-19","0.72",,,,"57","46"
"USW00003131","SAN DIEGO MONTGOMERY FIELD, CA US","2011-02-20","0.06",,,,"57","43"
"USW00003131","SAN DIEGO MONTGOMERY FIELD, CA US","2011-02-21","0.00",,,,"59","41"
"USW00003131","SAN DIEGO MONTGOMERY FIELD, CA US","2011-02-22","0.00",,,,"60","41"
"USW00003131","SAN DIEGO MONTGOMERY FIELD, CA US","2011-02-23","0.00",,,,"59","46"
"USW00003131","SAN DIEGO MONTGOMERY FIELD, CA US","2011-02-24","0.00",,,,"58","50"
"USW00003131","SAN DIEGO MONTGOMERY FIELD, CA US","2011-02-25","0.00",,,,"59","51"
"USW00003131","SAN DIEGO MONTGOMERY FIELD, CA US","2011-02-26","1.52",,,,"54","40"
"USW00003131","SAN DIEGO MONTGOMERY FIELD, CA US","2011-02-27","0.06",,,,"57","37"
"USW00003131","SAN DIEGO MONTGOMERY FIELD, CA US","2011-02-28","0.00",,,,"65","39"
"USW00003131","SAN DIEGO MONTGOMERY FIELD, CA US","2011-03-01","0.00",,,,"66","42"
"USW00003131","SAN DIEGO MONTGOMERY FIELD, CA US","2011-03-02","0.00",,,,"65","44"
"USW00003131","SAN DIEGO MONTGOMERY FIELD, CA US","2011-03-03","0.00",,,,"67","53"
"USW00003131","SAN DIEGO MONTGOMERY FIELD, CA US","2011-03-04","0.00",,,,"69","51"
"USW00003131","SAN DIEGO MONTGOMERY FIELD, CA US","2011-03-05","0.00",,,,"81","49"
"USW00003131","SAN DIEGO MONTGOMERY FIELD, CA US","2011-03-06","0.05",,,,"63","49"
"USW00003131","SAN DIEGO MONTGOMERY FIELD, CA US","2011-03-07","0.13",,,,"59","50"
"USW00003131","SAN DIEGO MONTGOMERY FIELD, CA US","2011-03-08","0.01",,,,"68","46"
"USW00003131","SAN DIEGO MONTGOMERY FIELD, CA US","2011-03-09","0.00",,,,"80","47"
"USW00003131","SAN DIEGO MONTGOMERY FIELD, CA US","2011-03-10","0.00",,,,"76","49"
"USW00003131","SAN DIEGO MONTGOMERY FIELD, CA US","2011-03-11","0.00",,,,"71","48"
"USW00003131","SAN DIEGO MONTGOMERY FIELD, CA US","2011-03-12","0.00",,,,"63","52"
"USW00003131","SAN DIEGO MONTGOMERY FIELD, CA US","2011-03-13","0.00",,,,"66","52"
"USW00003131","SAN DIEGO MONTGOMERY FIELD, CA US","2011-03-14","0.00",,,,"74","49"
"USW00003131","SAN DIEGO MONTGOMERY FIELD, CA US","2011-03-15","0.01",,,,"73","51"
"USW00003131","SAN DIEGO MONTGOMERY FIELD, CA US","2011-03-16","0.01",,,,"71","51"
"USW00003131","SAN DIEGO MONTGOMERY FIELD, CA US","2011-03-17","0.00",,,,"70","50"
"USW00003131","SAN DIEGO MONTGOMERY FIELD, CA US","2011-03-18","0.00",,,,"69","46"
"USW00003131","SAN DIEGO MONTGOMERY FIELD, CA US","2011-03-19","0.00",,,,"63","46"
"USW00003131","SAN DIEGO MONTGOMERY FIELD, CA US","2011-03-20","0.83",,,,"60","51"
"USW00003131","SAN DIEGO MONTGOMERY FIELD, CA US","2011-03-21","0.26",,,,"59","48"
"USW00003131","SAN DIEGO MONTGOMERY FIELD, CA US","2011-03-22","0.08",,,,"60","47"
"USW00003131","SAN DIEGO MONTGOMERY FIELD, CA US","2011-03-23","0.29",,,,"63","43"
"USW00003131","SAN DIEGO MONTGOMERY FIELD, CA US","2011-03-24","0.00",,,,"61","47"
"USW00003131","SAN DIEGO MONTGOMERY FIELD, CA US","2011-03-25","0.10",,,,"62","47"
"USW00003131","SAN DIEGO MONTGOMERY FIELD, CA US","2011-03-26","0.00",,,,"62","44"
"USW00003131","SAN DIEGO MONTGOMERY FIELD, CA US","2011-03-27","0.01",,,,"63","53"
"USW00003131","SAN DIEGO MONTGOMERY FIELD, CA US","2011-03-28","0.00",,,,"63","50"
"USW00003131","SAN DIEGO MONTGOMERY FIELD, CA US","2011-03-29","0.00",,,,"69","52"
"USW00003131","SAN DIEGO MONTGOMERY FIELD, CA US","2011-03-30","0.00",,,,"80","50"
"USW00003131","SAN DIEGO MONTGOMERY FIELD, CA US","2011-03-31","0.00",,,,"86","55"
"USW00003131","SAN DIEGO MONTGOMERY FIELD, CA US","2011-04-01","0.00",,,,"84","57"
"USW00003131","SAN DIEGO MONTGOMERY FIELD, CA US","2011-04-02","0.00",,,,"68","58"
"USW00003131","SAN DIEGO MONTGOMERY FIELD, CA US","2011-04-03","0.00",,,,"67","54"
"USW00003131","SAN DIEGO MONTGOMERY FIELD, CA US","2011-04-04","0.00",,,,"76","52"
"USW00003131","SAN DIEGO MONTGOMERY FIELD, CA US","2011-04-05","0.00",,,,"74","54"
"USW00003131","SAN DIEGO MONTGOMERY FIELD, CA US","2011-04-06","0.00",,,,"67","57"
"USW00003131","SAN DIEGO MONTGOMERY FIELD, CA US","2011-04-07","0.07",,,,"61","51"
"USW00003131","SAN DIEGO MONTGOMERY FIELD, CA US","2011-04-08","0.10",,,,"58","45"
"USW00003131","SAN DIEGO MONTGOMERY FIELD, CA US","2011-04-09","0.11",,,,"59","42"
"USW00003131","SAN DIEGO MONTGOMERY FIELD, CA US","2011-04-10","0.00",,,,"66","42"
"USW00003131","SAN DIEGO MONTGOMERY FIELD, CA US","2011-04-11","0.00",,,,"68","48"
"USW00003131","SAN DIEGO MONTGOMERY FIELD, CA US","2011-04-12","0.00",,,,"66","49"
"USW00003131","SAN DIEGO MONTGOMERY FIELD, CA US","2011-04-13","0.00",,,,"62","51"
"USW00003131","SAN DIEGO MONTGOMERY FIELD, CA US","2011-04-14","0.00",,,,"72","48"
"USW00003131","SAN DIEGO MONTGOMERY FIELD, CA US","2011-04-15","0.00",,,,"82","51"
"USW00003131","SAN DIEGO MONTGOMERY FIELD, CA US","2011-04-16","0.00",,,,"86","57"
"USW00003131","SAN DIEGO MONTGOMERY FIELD, CA US","2011-04-17","0.00",,,,"70","55"
"USW00003131","SAN DIEGO MONTGOMERY FIELD, CA US","2011-04-18","0.00",,,,"64","57"
"USW00003131","SAN DIEGO MONTGOMERY FIELD, CA US","2011-04-19","0.00",,,,"67","57"
"USW00003131","SAN DIEGO MONTGOMERY FIELD, CA US","2011-04-20","0.00",,,,"66","57"
"USW00003131","SAN DIEGO MONTGOMERY FIELD, CA US","2011-04-21","0.00",,,,"69","58"
"USW00003131","SAN DIEGO MONTGOMERY FIELD, CA US","2011-04-22","0.00",,,,"66","56"
"USW00003131","SAN DIEGO MONTGOMERY FIELD, CA US","2011-04-23","0.00",,,,"66","57"
"USW00003131","SAN DIEGO MONTGOMERY FIELD, CA US","2011-04-24","0.00",,,,"69","56"
"USW00003131","SAN DIEGO MONTGOMERY FIELD, CA US","2011-04-25","0.00",,,,"69","52"
"USW00003131","SAN DIEGO MONTGOMERY FIELD, CA US","2011-04-26","0.00",,,,"70","56"
"USW00003131","SAN DIEGO MONTGOMERY FIELD, CA US","2011-04-27","0.00",,,,"80","52"
"USW00003131","SAN DIEGO MONTGOMERY FIELD, CA US","2011-04-28","0.00",,,,"79","56"
"USW00003131","SAN DIEGO MONTGOMERY FIELD, CA US","2011-04-29","0.00",,,,"68","54"
"USW00003131","SAN DIEGO MONTGOMERY FIELD, CA US","2011-04-30","0.00",,,,"77","50"
"USW00003131","SAN DIEGO MONTGOMERY FIELD, CA US","2011-05-01","0.00",,,,"81","51"
"USW00003131","SAN DIEGO MONTGOMERY FIELD, CA US","2011-05-02","0.00",,,,"90","55"
"USW00003131","SAN DIEGO MONTGOMERY FIELD, CA US","2011-05-03","0.00",,,,"91","56"
"USW00003131","SAN DIEGO MONTGOMERY FIELD, CA US","2011-05-04","0.00",,,,"84","55"
"USW00003131","SAN DIEGO MONTGOMERY FIELD, CA US","2011-05-05","0.00",,,,"75","57"
"USW00003131","SAN DIEGO MONTGOMERY FIELD, CA US","2011-05-06","0.00",,,,"71","57"
"USW00003131","SAN DIEGO MONTGOMERY FIELD, CA US","2011-05-07","0.00",,,,"67","57"
"USW00003131","SAN DIEGO MONTGOMERY FIELD, CA US","2011-05-08","0.02",,,,"64","55"
"USW00003131","SAN DIEGO MONTGOMERY FIELD, CA US","2011-05-09","0.00",,,,"63","54"
"USW00003131","SAN DIEGO MONTGOMERY FIELD, CA US","2011-05-10","0.00",,,,"68","48"
"USW00003131","SAN DIEGO MONTGOMERY FIELD, CA US","2011-05-11","0.00",,,,"68","56"
"USW00003131","SAN DIEGO MONTGOMERY FIELD, CA US","2011-05-12","0.00",,,,"71","57"
"USW00003131","SAN DIEGO MONTGOMERY FIELD, CA US","2011-05-13","0.00",,,,"70","56"
"USW00003131","SAN DIEGO MONTGOMERY FIELD, CA US","2011-05-14","0.00",,,,"63","57"
"USW00003131","SAN DIEGO MONTGOMERY FIELD, CA US","2011-05-15","0.00",,,,"65","52"
"USW00003131","SAN DIEGO MONTGOMERY FIELD, CA US","2011-05-16","0.00",,,,"66","53"
"USW00003131","SAN DIEGO MONTGOMERY FIELD, CA US","2011-05-17","0.13",,,,"63","53"
"USW00003131","SAN DIEGO MONTGOMERY FIELD, CA US","2011-05-18","0.23",,,,"64","52"
"USW00003131","SAN DIEGO MONTGOMERY FIELD, CA US","2011-05-19","0.00",,,,"66","50"
"USW00003131","SAN DIEGO MONTGOMERY FIELD, CA US","2011-05-20","0.00",,,,"68","55"
"USW00003131","SAN DIEGO MONTGOMERY FIELD, CA US","2011-05-21","0.00",,,,"73","57"
"USW00003131","SAN DIEGO MONTGOMERY FIELD, CA US","2011-05-22","0.00",,,,"68","57"
"USW00003131","SAN DIEGO MONTGOMERY FIELD, CA US","2011-05-23","0.01",,,,"64","57"
"USW00003131","SAN DIEGO MONTGOMERY FIELD, CA US","2011-05-24","0.00",,,,"68","50"
"USW00003131","SAN DIEGO MONTGOMERY FIELD, CA US","2011-05-25","0.00",,,,"74","53"
"USW00003131","SAN DIEGO MONTGOMERY FIELD, CA US","2011-05-26","0.00",,,,"70","55"
"USW00003131","SAN DIEGO MONTGOMERY FIELD, CA US","2011-05-27","0.00",,,,"78","56"
"USW00003131","SAN DIEGO MONTGOMERY FIELD, CA US","2011-05-28","0.00",,,,"68","57"
"USW00003131","SAN DIEGO MONTGOMERY FIELD, CA US","2011-05-29","0.06",,,,"63","53"
"USW00003131","SAN DIEGO MONTGOMERY FIELD, CA US","2011-05-30","0.00",,,,"74","50"
"USW00003131","SAN DIEGO MONTGOMERY FIELD, CA US","2011-05-31","0.00",,,,"75","52"
"USW00003131","SAN DIEGO MONTGOMERY FIELD, CA US","2011-06-01","0.00",,,,"68","52"
"USW00003131","SAN DIEGO MONTGOMERY FIELD, CA US","2011-06-02","0.00",,,,"70","51"
"USW00003131","SAN DIEGO MONTGOMERY FIELD, CA US","2011-06-03","0.00",,,,"72","50"
"USW00003131","SAN DIEGO MONTGOMERY FIELD, CA US","2011-06-04","0.00",,,,"69","53"
"USW00003131","SAN DIEGO MONTGOMERY FIELD, CA US","2011-06-05","0.04",,,,"72","53"
"USW00003131","SAN DIEGO MONTGOMERY FIELD, CA US","2011-06-06","0.01",,,,"71","57"
"USW00003131","SAN DIEGO MONTGOMERY FIELD, CA US","2011-06-07","0.00",,,,"69","54"
"USW00003131","SAN DIEGO MONTGOMERY FIELD, CA US","2011-06-08","0.00",,,,"67","59"
"USW00003131","SAN DIEGO MONTGOMERY FIELD, CA US","2011-06-09","0.00",,,,"65","58"
"USW00003131","SAN DIEGO MONTGOMERY FIELD, CA US","2011-06-10","0.00",,,,"69","57"
"USW00003131","SAN DIEGO MONTGOMERY FIELD, CA US","2011-06-11","0.00",,,,"67","59"
"USW00003131","SAN DIEGO MONTGOMERY FIELD, CA US","2011-06-12","0.00",,,,"67","57"
"USW00003131","SAN DIEGO MONTGOMERY FIELD, CA US","2011-06-13","0.00",,,,"71","57"
"USW00003131","SAN DIEGO MONTGOMERY FIELD, CA US","2011-06-14","0.00",,,,"73","59"
"USW00003131","SAN DIEGO MONTGOMERY FIELD, CA US","2011-06-15","0.00",,,,"71","58"
"USW00003131","SAN DIEGO MONTGOMERY FIELD, CA US","2011-06-16","0.00",,,,"68","58"
"USW00003131","SAN DIEGO MONTGOMERY FIELD, CA US","2011-06-17","0.00",,,,"70","59"
"USW00003131","SAN DIEGO MONTGOMERY FIELD, CA US","2011-06-18","0.00",,,,"72","59"
"USW00003131","SAN DIEGO MONTGOMERY FIELD, CA US","2011-06-19","0.00",,,,"71","60"
"USW00003131","SAN DIEGO MONTGOMERY FIELD, CA US","2011-06-20","0.00",,,,"72","60"
"USW00003131","SAN DIEGO MONTGOMERY FIELD, CA US","2011-06-21","0.00",,,,"81","62"
"USW00003131","SAN DIEGO MONTGOMERY FIELD, CA US","2011-06-22","0.00",,,,,
"USW00003131","SAN DIEGO MONTGOMERY FIELD, CA US","2011-06-23","0.00",,,,"72","61"
"USW00003131","SAN DIEGO MONTGOMERY FIELD, CA US","2011-06-24","0.00",,,,"71","60"
"USW00003131","SAN DIEGO MONTGOMERY FIELD, CA US","2011-06-25","0.00",,,,"75","60"
"USW00003131","SAN DIEGO MONTGOMERY FIELD, CA US","2011-06-26","0.00",,,,"78","58"
"USW00003131","SAN DIEGO MONTGOMERY FIELD, CA US","2011-06-27","0.00",,,,"75","59"
"USW00003131","SAN DIEGO MONTGOMERY FIELD, CA US","2011-06-28","0.00",,,,"73","60"
"USW00003131","SAN DIEGO MONTGOMERY FIELD, CA US","2011-06-29","0.00",,,,"74","61"
"USW00003131","SAN DIEGO MONTGOMERY FIELD, CA US","2011-06-30","0.00",,,,"79","60"
"USW00003131","SAN DIEGO MONTGOMERY FIELD, CA US","2011-07-01","0.00",,,,"83","58"
"USW00003131","SAN DIEGO MONTGOMERY FIELD, CA US","2011-07-02","0.00",,,,"84","62"
"USW00003131","SAN DIEGO MONTGOMERY FIELD, CA US","2011-07-03","0.00",,,,"77","62"
"USW00003131","SAN DIEGO MONTGOMERY FIELD, CA US","2011-07-04","0.00",,,,"80","64"
"USW00003131","SAN DIEGO MONTGOMERY FIELD, CA US","2011-07-05","0.00",,,,"83","67"
"USW00003131","SAN DIEGO MONTGOMERY FIELD, CA US","2011-07-06","0.00",,,,"84","69"
"USW00003131","SAN DIEGO MONTGOMERY FIELD, CA US","2011-07-07","0.00",,,,"88","68"
"USW00003131","SAN DIEGO MONTGOMERY FIELD, CA US","2011-07-08","0.00",,,,"83","66"
"USW00003131","SAN DIEGO MONTGOMERY FIELD, CA US","2011-07-09","0.00",,,,"79","64"
"USW00003131","SAN DIEGO MONTGOMERY FIELD, CA US","2011-07-10","0.00",,,,"74","62"
"USW00003131","SAN DIEGO MONTGOMERY FIELD, CA US","2011-07-11","0.00",,,,"72","61"
"USW00003131","SAN DIEGO MONTGOMERY FIELD, CA US","2011-07-12","0.00",,,,"72","61"
"USW00003131","SAN DIEGO MONTGOMERY FIELD, CA US","2011-07-13","0.00",,,,"71","61"
"USW00003131","SAN DIEGO MONTGOMERY FIELD, CA US","2011-07-14","0.00",,,,"71","62"
"USW00003131","SAN DIEGO MONTGOMERY FIELD, CA US","2011-07-15","0.00",,,,"73","63"
"USW00003131","SAN DIEGO MONTGOMERY FIELD, CA US","2011-07-16","0.00",,,,"74","63"
"USW00003131","SAN DIEGO MONTGOMERY FIELD, CA US","2011-07-17","0.00",,,,"75","63"
"USW00003131","SAN DIEGO MONTGOMERY FIELD, CA US","2011-07-18","0.00",,,,"80","61"
"USW00003131","SAN DIEGO MONTGOMERY FIELD, CA US","2011-07-19","0.00",,,,"81","63"
"USW00003131","SAN DIEGO MONTGOMERY FIELD, CA US","2011-07-20","0.00",,,,"79","62"
"USW00003131","SAN DIEGO MONTGOMERY FIELD, CA US","2011-07-21","0.00",,,,"75","62"
"USW00003131","SAN DIEGO MONTGOMERY FIELD, CA US","2011-07-22","0.00",,,,"73","62"
"USW00003131","SAN DIEGO MONTGOMERY FIELD, CA US","2011-07-23","0.00",,,,"73","63"
"USW00003131","SAN DIEGO MONTGOMERY FIELD, CA US","2011-07-24","0.00",,,,"77","62"
"USW00003131","SAN DIEGO MONTGOMERY FIELD, CA US","2011-07-25","0.00",,,,"82","65"
"USW00003131","SAN DIEGO MONTGOMERY FIELD, CA US","2011-07-26","0.00",,,,"75","62"
"USW00003131","SAN DIEGO MONTGOMERY FIELD, CA US","2011-07-27","0.00",,,,"72","62"
"USW00003131","SAN DIEGO MONTGOMERY FIELD, CA US","2011-07-28","0.00",,,,"73","63"
"USW00003131","SAN DIEGO MONTGOMERY FIELD, CA US","2011-07-29","0.00",,,,"76","65"
"USW00003131","SAN DIEGO MONTGOMERY FIELD, CA US","2011-07-30","0.00",,,,"74","65"
"USW00003131","SAN DIEGO MONTGOMERY FIELD, CA US","2011-07-31","0.00",,,,"78","65"
"USW00003131","SAN DIEGO MONTGOMERY FIELD, CA US","2011-08-01","0.00",,,,"81","64"
"USW00003131","SAN DIEGO MONTGOMERY FIELD, CA US","2011-08-02","0.00",,,,"86","66"
"USW00003131","SAN DIEGO MONTGOMERY FIELD, CA US","2011-08-03","0.00",,,,"83","64"
"USW00003131","SAN DIEGO MONTGOMERY FIELD, CA US","2011-08-04","0.00",,,,"80","59"
"USW00003131","SAN DIEGO MONTGOMERY FIELD, CA US","2011-08-05","0.00",,,,"76","62"
"USW00003131","SAN DIEGO MONTGOMERY FIELD, CA US","2011-08-06","0.00",,,,"77","61"
"USW00003131","SAN DIEGO MONTGOMERY FIELD, CA US","2011-08-07","0.00",,,,"77","62"
"USW00003131","SAN DIEGO MONTGOMERY FIELD, CA US","2011-08-08","0.00",,,,"73","60"
"USW00003131","SAN DIEGO MONTGOMERY FIELD, CA US","2011-08-09","0.00",,,,"72","60"
"USW00003131","SAN DIEGO MONTGOMERY FIELD, CA US","2011-08-10","0.00",,,,"71","60"
"USW00003131","SAN DIEGO MONTGOMERY FIELD, CA US","2011-08-11","0.00",,,,"71","61"
"USW00003131","SAN DIEGO MONTGOMERY FIELD, CA US","2011-08-12","0.00",,,,"73","63"
"USW00003131","SAN DIEGO MONTGOMERY FIELD, CA US","2011-08-13","0.00",,,,"72","63"
"USW00003131","SAN DIEGO MONTGOMERY FIELD, CA US","2011-08-14","0.00",,,,"79","63"
"USW00003131","SAN DIEGO MONTGOMERY FIELD, CA US","2011-08-15","0.00",,,,"75","61"
"USW00003131","SAN DIEGO MONTGOMERY FIELD, CA US","2011-08-16","0.00",,,,"79","62"
"USW00003131","SAN DIEGO MONTGOMERY FIELD, CA US","2011-08-17","0.00",,,,"81","61"
"USW00003131","SAN DIEGO MONTGOMERY FIELD, CA US","2011-08-18","0.00",,,,"78","61"
"USW00003131","SAN DIEGO MONTGOMERY FIELD, CA US","2011-08-19","0.00",,,,"74","60"
"USW00003131","SAN DIEGO MONTGOMERY FIELD, CA US","2011-08-20","0.00",,,,"74","62"
"USW00003131","SAN DIEGO MONTGOMERY FIELD, CA US","2011-08-21","0.00",,,,"75","61"
"USW00003131","SAN DIEGO MONTGOMERY FIELD, CA US","2011-08-22","0.00",,,,"77","63"
"USW00003131","SAN DIEGO MONTGOMERY FIELD, CA US","2011-08-23","0.00",,,,"81","63"
"USW00003131","SAN DIEGO MONTGOMERY FIELD, CA US","2011-08-24","0.00",,,,"83","64"
"USW00003131","SAN DIEGO MONTGOMERY FIELD, CA US","2011-08-25","0.00",,,,"87","63"
"USW00003131","SAN DIEGO MONTGOMERY FIELD, CA US","2011-08-26","0.00",,,,"89","67"
"USW00003131","SAN DIEGO MONTGOMERY FIELD, CA US","2011-08-27","0.00",,,,"88","69"
"USW00003131","SAN DIEGO MONTGOMERY FIELD, CA US","2011-08-28","0.00",,,,"84","68"
"USW00003131","SAN DIEGO MONTGOMERY FIELD, CA US","2011-08-29","0.00",,,,"83","64"
"USW00003131","SAN DIEGO MONTGOMERY FIELD, CA US","2011-08-30","0.00",,,,"77","62"
"USW00003131","SAN DIEGO MONTGOMERY FIELD, CA US","2011-08-31","0.00",,,,"76","62"
"USW00003131","SAN DIEGO MONTGOMERY FIELD, CA US","2011-09-01","0.00","0.0","0.0",,"79","63"
"USW00003131","SAN DIEGO MONTGOMERY FIELD, CA US","2011-09-02","0.00","0.0","0.0",,"78","63"
"USW00003131","SAN DIEGO MONTGOMERY FIELD, CA US","2011-09-03","0.00","0.0","0.0",,"75","62"
"USW00003131","SAN DIEGO MONTGOMERY FIELD, CA US","2011-09-04","0.00","0.0","0.0",,"80","61"
"USW00003131","SAN DIEGO MONTGOMERY FIELD, CA US","2011-09-05","0.04","0.0","0.0",,"80","64"
"USW00003131","SAN DIEGO MONTGOMERY FIELD, CA US","2011-09-06","0.06","0.0","0.0",,"100","66"
"USW00003131","SAN DIEGO MONTGOMERY FIELD, CA US","2011-09-07","0.00","0.0","0.0",,"97","71"
"USW00003131","SAN DIEGO MONTGOMERY FIELD, CA US","2011-09-08","0.00","0.0","0.0",,"97","65"
"USW00003131","SAN DIEGO MONTGOMERY FIELD, CA US","2011-09-09","0.00","0.0","0.0",,"73","61"
"USW00003131","SAN DIEGO MONTGOMERY FIELD, CA US","2011-09-10","0.00","0.0","0.0",,"71","62"
"USW00003131","SAN DIEGO MONTGOMERY FIELD, CA US","2011-09-11","0.00","0.0","0.0",,"76","63"
"USW00003131","SAN DIEGO MONTGOMERY FIELD, CA US","2011-09-12","0.00","0.0","0.0",,"80","59"
"USW00003131","SAN DIEGO MONTGOMERY FIELD, CA US","2011-09-13","0.00","0.0","0.0",,"75","63"
"USW00003131","SAN DIEGO MONTGOMERY FIELD, CA US","2011-09-14","0.00","0.0","0.0",,"74","63"
"USW00003131","SAN DIEGO MONTGOMERY FIELD, CA US","2011-09-15","0.00","0.0","0.0",,"74","63"
"USW00003131","SAN DIEGO MONTGOMERY FIELD, CA US","2011-09-16","0.00","0.0","0.0",,"69","61"
"USW00003131","SAN DIEGO MONTGOMERY FIELD, CA US","2011-09-17","0.00","0.0","0.0",,"71","59"
"USW00003131","SAN DIEGO MONTGOMERY FIELD, CA US","2011-09-18","0.00","0.0","0.0",,"75","58"
"USW00003131","SAN DIEGO MONTGOMERY FIELD, CA US","2011-09-19","0.00","0.0","0.0",,"74","60"
"USW00003131","SAN DIEGO MONTGOMERY FIELD, CA US","2011-09-20","0.00","0.0","0.0",,"73","60"
"USW00003131","SAN DIEGO MONTGOMERY FIELD, CA US","2011-09-21","0.00","0.0","0.0",,"77","61"
"USW00003131","SAN DIEGO MONTGOMERY FIELD, CA US","2011-09-22","0.00","0.0","0.0",,"80","60"
"USW00003131","SAN DIEGO MONTGOMERY FIELD, CA US","2011-09-23","0.01","0.0","0.0",,"76","61"
"USW00003131","SAN DIEGO MONTGOMERY FIELD, CA US","2011-09-24","0.00","0.0","0.0",,"73","62"
"USW00003131","SAN DIEGO MONTGOMERY FIELD, CA US","2011-09-25","0.00",,,,"71","63"
"USW00003131","SAN DIEGO MONTGOMERY FIELD, CA US","2011-09-26","0.00","0.0","0.0",,"74","63"
"USW00003131","SAN DIEGO MONTGOMERY FIELD, CA US","2011-09-27","0.00","0.0","0.0",,"75","57"
"USW00003131","SAN DIEGO MONTGOMERY FIELD, CA US","2011-09-28","0.00","0.0","0.0",,"76","61"
"USW00003131","SAN DIEGO MONTGOMERY FIELD, CA US","2011-09-29","0.00","0.0","0.0",,"75","60"
"USW00003131","SAN DIEGO MONTGOMERY FIELD, CA US","2011-09-30","0.00","0.0","0.0",,"81","60"
"USW00003131","SAN DIEGO MONTGOMERY FIELD, CA US","2011-10-01","0.00","0.0","0.0",,"83","61"
"USW00003131","SAN DIEGO MONTGOMERY FIELD, CA US","2011-10-02","0.00","0.0","0.0",,"86","61"
"USW00003131","SAN DIEGO MONTGOMERY FIELD, CA US","2011-10-03","0.00","0.0","0.0",,"77","62"
"USW00003131","SAN DIEGO MONTGOMERY FIELD, CA US","2011-10-04","0.07","0.0","0.0",,"67","58"
"USW00003131","SAN DIEGO MONTGOMERY FIELD, CA US","2011-10-05","0.61","0.0","0.0",,"67","55"
"USW00003131","SAN DIEGO MONTGOMERY FIELD, CA US","2011-10-06","0.00","0.0","0.0",,"66","53"
"USW00003131","SAN DIEGO MONTGOMERY FIELD, CA US","2011-10-07","0.00","0.0","0.0",,"70","50"
"USW00003131","SAN DIEGO MONTGOMERY FIELD, CA US","2011-10-08","0.00","0.0","0.0",,"78","51"
"USW00003131","SAN DIEGO MONTGOMERY FIELD, CA US","2011-10-09","0.00","0.0","0.0",,"82","54"
"USW00003131","SAN DIEGO MONTGOMERY FIELD, CA US","2011-10-10","0.00","0.0","0.0",,"78","54"
"USW00003131","SAN DIEGO MONTGOMERY FIELD, CA US","2011-10-11","0.00","0.0","0.0",,"81","54"
"USW00003131","SAN DIEGO MONTGOMERY FIELD, CA US","2011-10-12","0.00","0.0","0.0",,"97","60"
"USW00003131","SAN DIEGO MONTGOMERY FIELD, CA US","2011-10-13","0.00","0.0","0.0",,"95","63"
"USW00003131","SAN DIEGO MONTGOMERY FIELD, CA US","2011-10-14","0.00","0.0","0.0",,"80","60"
"USW00003131","SAN DIEGO MONTGOMERY FIELD, CA US","2011-10-15","0.00","0.0","0.0",,"75","60"
"USW00003131","SAN DIEGO MONTGOMERY FIELD, CA US","2011-10-16","0.00","0.0","0.0",,"73","60"
"USW00003131","SAN DIEGO MONTGOMERY FIELD, CA US","2011-10-17","0.00","0.0","0.0",,"78","56"
"USW00003131","SAN DIEGO MONTGOMERY FIELD, CA US","2011-10-18","0.00","0.0","0.0",,"72","57"
"USW00003131","SAN DIEGO MONTGOMERY FIELD, CA US","2011-10-19","0.02","0.0","0.0",,"67","59"
"USW00003131","SAN DIEGO MONTGOMERY FIELD, CA US","2011-10-20","0.00","0.0","0.0",,"69","59"
"USW00003131","SAN DIEGO MONTGOMERY FIELD, CA US","2011-10-21","0.00","0.0","0.0",,"70","58"
"USW00003131","SAN DIEGO MONTGOMERY FIELD, CA US","2011-10-22","0.00","0.0","0.0",,"76","56"
"USW00003131","SAN DIEGO MONTGOMERY FIELD, CA US","2011-10-23","0.00","0.0","0.0",,"71","58"
"USW00003131","SAN DIEGO MONTGOMERY FIELD, CA US","2011-10-24","0.00","0.0","0.0",,"69","59"
"USW00003131","SAN DIEGO MONTGOMERY FIELD, CA US","2011-10-25","0.00","0.0","0.0",,"70","59"
"USW00003131","SAN DIEGO MONTGOMERY FIELD, CA US","2011-10-26","0.00","0.0","0.0",,"69","54"
"USW00003131","SAN DIEGO MONTGOMERY FIELD, CA US","2011-10-27","0.00","0.0","0.0",,"76","49"
"USW00003131","SAN DIEGO MONTGOMERY FIELD, CA US","2011-10-28","0.00","0.0","0.0",,"79","47"
"USW00003131","SAN DIEGO MONTGOMERY FIELD, CA US","2011-10-29","0.00","0.0","0.0",,"79","51"
"USW00003131","SAN DIEGO MONTGOMERY FIELD, CA US","2011-10-30","0.00","0.0","0.0",,"83","50"
"USW00003131","SAN DIEGO MONTGOMERY FIELD, CA US","2011-10-31","0.00","0.0","0.0",,"79","51"
"USW00003131","SAN DIEGO MONTGOMERY FIELD, CA US","2011-11-01","0.00","0.0","0.0",,"69","50"
"USW00003131","SAN DIEGO MONTGOMERY FIELD, CA US","2011-11-02","0.00","0.0","0.0",,"84","51"
"USW00003131","SAN DIEGO MONTGOMERY FIELD, CA US","2011-11-03","0.00","0.0","0.0",,"70","50"
"USW00003131","SAN DIEGO MONTGOMERY FIELD, CA US","2011-11-04","0.59",,"0.0",,"61","49"
"USW00003131","SAN DIEGO MONTGOMERY FIELD, CA US","2011-11-05","0.09",,"0.0",,"63","46"
"USW00003131","SAN DIEGO MONTGOMERY FIELD, CA US","2011-11-06","0.15",,"0.0",,"59","46"
"USW00003131","SAN DIEGO MONTGOMERY FIELD, CA US","2011-11-07","0.00",,"0.0",,"63","46"
"USW00003131","SAN DIEGO MONTGOMERY FIELD, CA US","2011-11-08","0.00","0.0","0.0",,"69","44"
"USW00003131","SAN DIEGO MONTGOMERY FIELD, CA US","2011-11-09","0.00","0.0","0.0",,"76","42"
"USW00003131","SAN DIEGO MONTGOMERY FIELD, CA US","2011-11-10","0.00","0.0","0.0",,"77","50"
"USW00003131","SAN DIEGO MONTGOMERY FIELD, CA US","2011-11-11","0.00","0.0","0.0",,"74","54"
"USW00003131","SAN DIEGO MONTGOMERY FIELD, CA US","2011-11-12","1.22","0.0","0.0",,"61","51"
"USW00003131","SAN DIEGO MONTGOMERY FIELD, CA US","2011-11-13","0.00","0.0","0.0",,"71","50"
"USW00003131","SAN DIEGO MONTGOMERY FIELD, CA US","2011-11-14","0.00","0.0","0.0",,"67","50"
"USW00003131","SAN DIEGO MONTGOMERY FIELD, CA US","2011-11-15","0.00","0.0","0.0",,"66","55"
"USW00003131","SAN DIEGO MONTGOMERY FIELD, CA US","2011-11-16","0.00","0.0","0.0",,"68","52"
"USW00003131","SAN DIEGO MONTGOMERY FIELD, CA US","2011-11-17","0.01",,"0.0",,"69","49"
"USW00003131","SAN DIEGO MONTGOMERY FIELD, CA US","2011-11-18","0.00","0.0","0.0",,"60","54"
"USW00003131","SAN DIEGO MONTGOMERY FIELD, CA US","2011-11-19","0.00",,"0.0",,"62","49"
"USW00003131","SAN DIEGO MONTGOMERY FIELD, CA US","2011-11-20","0.89","0.0","0.0",,"62","50"
"USW00003131","SAN DIEGO MONTGOMERY FIELD, CA US","2011-11-21","0.12",,"0.0",,"62","46"
"USW00003131","SAN DIEGO MONTGOMERY FIELD, CA US","2011-11-22","0.01",,"0.0",,"66","45"
"USW00003131","SAN DIEGO MONTGOMERY FIELD, CA US","2011-11-23","0.00",,"0.0",,"64","44"
"USW00003131","SAN DIEGO MONTGOMERY FIELD, CA US","2011-11-24","0.00","0.0","0.0",,"61","49"
"USW00003131","SAN DIEGO MONTGOMERY FIELD, CA US","2011-11-25","0.00","0.0","0.0",,"66","45"
"USW00003131","SAN DIEGO MONTGOMERY FIELD, CA US","2011-11-26","0.00",,"0.0",,"81","45"
"USW00003131","SAN DIEGO MONTGOMERY FIELD, CA US","2011-11-27","0.00","0.0","0.0",,"84","49"
"USW00003131","SAN DIEGO MONTGOMERY FIELD, CA US","2011-11-28","0.00","0.0","0.0",,"81","49"
"USW00003131","SAN DIEGO MONTGOMERY FIELD, CA US","2011-11-29","0.00","0.0","0.0",,"79","51"
"USW00003131","SAN DIEGO MONTGOMERY FIELD, CA US","2011-11-30","0.00",,"0.0",,"66","47"
"USW00003131","SAN DIEGO MONTGOMERY FIELD, CA US","2011-12-01","0.00","0.0","0.0",,"65","51"
"USW00003131","SAN DIEGO MONTGOMERY FIELD, CA US","2011-12-02","0.00",,"0.0",,"64","47"
"USW00003131","SAN DIEGO MONTGOMERY FIELD, CA US","2011-12-03","0.00","0.0","0.0",,"62","43"
"USW00003131","SAN DIEGO MONTGOMERY FIELD, CA US","2011-12-04","0.00","0.0","0.0",,"61","39"
"USW00003131","SAN DIEGO MONTGOMERY FIELD, CA US","2011-12-05","0.00","0.0","0.0",,"65","38"
"USW00003131","SAN DIEGO MONTGOMERY FIELD, CA US","2011-12-06","0.00","0.0","0.0",,"62","36"
"USW00003131","SAN DIEGO MONTGOMERY FIELD, CA US","2011-12-07","0.00","0.0","0.0",,"66","36"
"USW00003131","SAN DIEGO MONTGOMERY FIELD, CA US","2011-12-08","0.00","0.0","0.0",,"66","37"
"USW00003131","SAN DIEGO MONTGOMERY FIELD, CA US","2011-12-09","0.00","0.0","0.0",,"70","39"
"USW00003131","SAN DIEGO MONTGOMERY FIELD, CA US","2011-12-10","0.00","0.0","0.0",,"69","41"
"USW00003131","SAN DIEGO MONTGOMERY FIELD, CA US","2011-12-11","0.00","0.0","0.0",,"59","41"
"USW00003131","SAN DIEGO MONTGOMERY FIELD, CA US","2011-12-12","0.42",,"0.0",,"56","47"
"USW00003131","SAN DIEGO MONTGOMERY FIELD, CA US","2011-12-13","0.16",,"0.0",,"53","44"
"USW00003131","SAN DIEGO MONTGOMERY FIELD, CA US","2011-12-14","0.00",,"0.0",,"60","43"
"USW00003131","SAN DIEGO MONTGOMERY FIELD, CA US","2011-12-15","0.00","0.0","0.0",,"60","39"
"USW00003131","SAN DIEGO MONTGOMERY FIELD, CA US","2011-12-16","0.00","0.0","0.0",,"59","43"
"USW00003131","SAN DIEGO MONTGOMERY FIELD, CA US","2011-12-17","0.00",,"0.0",,"64","42"
"USW00003131","SAN DIEGO MONTGOMERY FIELD, CA US","2011-12-18","0.02",,"0.0",,"61","47"
"USW00003131","SAN DIEGO MONTGOMERY FIELD, CA US","2011-12-19","0.01",,"0.0",,"57","45"
"USW00003131","SAN DIEGO MONTGOMERY FIELD, CA US","2011-12-20","0.00",,"0.0",,"65","46"
"USW00003131","SAN DIEGO MONTGOMERY FIELD, CA US","2011-12-21","0.00",,"0.0",,"62","41"
"USW00003131","SAN DIEGO MONTGOMERY FIELD, CA US","2011-12-22","0.00","0.0","0.0",,"67","46"
"USW00003131","SAN DIEGO MONTGOMERY FIELD, CA US","2011-12-23","0.00","0.0","0.0",,"68","34"
"USW00003131","SAN DIEGO MONTGOMERY FIELD, CA US","2011-12-24","0.00","0.0","0.0",,"73","38"
"USW00003131","SAN DIEGO MONTGOMERY FIELD, CA US","2011-12-25","0.00",,"0.0",,"77","38"
"USW00003131","SAN DIEGO MONTGOMERY FIELD, CA US","2011-12-26","0.00","0.0","0.0",,"72","41"
"USW00003131","SAN DIEGO MONTGOMERY FIELD, CA US","2011-12-27","0.00","0.0","0.0",,"70","39"
"USW00003131","SAN DIEGO MONTGOMERY FIELD, CA US","2011-12-28","0.00","0.0","0.0",,"79","40"
"USW00003131","SAN DIEGO MONTGOMERY FIELD, CA US","2011-12-29","0.00","0.0","0.0",,"77","42"
"USW00003131","SAN DIEGO MONTGOMERY FIELD, CA US","2011-12-30","0.00","0.0","0.0",,"67","46"
"USW00003131","SAN DIEGO MONTGOMERY FIELD, CA US","2011-12-31","0.00",,"0.0",,"73","46"
"USW00003131","SAN DIEGO MONTGOMERY FIELD, CA US","2012-01-01","0.00","0.0","0.0",,,"43"
"USW00003131","SAN DIEGO MONTGOMERY FIELD, CA US","2012-01-02","0.00",,"0.0",,"76","44"
"USW00003131","SAN DIEGO MONTGOMERY FIELD, CA US","2012-01-03","0.00","0.0","0.0",,"79","46"
"USW00003131","SAN DIEGO MONTGOMERY FIELD, CA US","2012-01-04","0.00","0.0","0.0",,"85","49"
"USW00003131","SAN DIEGO MONTGOMERY FIELD, CA US","2012-01-05","0.00","0.0","0.0",,"85","52"
"USW00003131","SAN DIEGO MONTGOMERY FIELD, CA US","2012-01-06","0.00","0.0","0.0",,"73","46"
"USW00003131","SAN DIEGO MONTGOMERY FIELD, CA US","2012-01-07","0.00","0.0","0.0",,"61","49"
"USW00003131","SAN DIEGO MONTGOMERY FIELD, CA US","2012-01-08","0.00",,"0.0",,"70","45"
"USW00003131","SAN DIEGO MONTGOMERY FIELD, CA US","2012-01-09","0.00","0.0","0.0",,,"46"
"USW00003131","SAN DIEGO MONTGOMERY FIELD, CA US","2012-01-10","0.00",,"0.0",,"73","43"
"USW00003131","SAN DIEGO MONTGOMERY FIELD, CA US","2012-01-11","0.00","0.0","0.0",,"70","45"
"USW00003131","SAN DIEGO MONTGOMERY FIELD, CA US","2012-01-12","0.00","0.0","0.0",,"75","47"
"USW00003131","SAN DIEGO MONTGOMERY FIELD, CA US","2012-01-13","0.00","0.0","0.0",,"78","42"
"USW00003131","SAN DIEGO MONTGOMERY FIELD, CA US","2012-01-14","0.00","0.0","0.0",,"69","41"
"USW00003131","SAN DIEGO MONTGOMERY FIELD, CA US","2012-01-15","0.03",,"0.0",,"65","46"
"USW00003131","SAN DIEGO MONTGOMERY FIELD, CA US","2012-01-16","0.02",,"0.0",,"57","44"
"USW00003131","SAN DIEGO MONTGOMERY FIELD, CA US","2012-01-17","0.00","0.0","0.0",,"60","42"
"USW00003131","SAN DIEGO MONTGOMERY FIELD, CA US","2012-01-18","0.00","0.0","0.0",,"63","38"
"USW00003131","SAN DIEGO MONTGOMERY FIELD, CA US","2012-01-19","0.00",,"0.0",,"66","39"
"USW00003131","SAN DIEGO MONTGOMERY FIELD, CA US","2012-01-20","0.00","0.0","0.0",,"62","45"
"USW00003131","SAN DIEGO MONTGOMERY FIELD, CA US","2012-01-21","0.15",,"0.0",,"61","45"
"USW00003131","SAN DIEGO MONTGOMERY FIELD, CA US","2012-01-22","0.00",,"0.0",,"61","41"
"USW00003131","SAN DIEGO MONTGOMERY FIELD, CA US","2012-01-23","0.25",,"0.0",,"58","45"
"USW00003131","SAN DIEGO MONTGOMERY FIELD, CA US","2012-01-24","0.00",,"0.0",,"66","44"
"USW00003131","SAN DIEGO MONTGOMERY FIELD, CA US","2012-01-25","0.00",,"0.0",,"76","44"
"USW00003131","SAN DIEGO MONTGOMERY FIELD, CA US","2012-01-26","0.00","0.0","0.0",,"82","48"
"USW00003131","SAN DIEGO MONTGOMERY FIELD, CA US","2012-01-27","0.00","0.0","0.0",,"78","45"
"USW00003131","SAN DIEGO MONTGOMERY FIELD, CA US","2012-01-28","0.00","0.0","0.0",,"77","48"
"USW00003131","SAN DIEGO MONTGOMERY FIELD, CA US","2012-01-29","0.00","0.0","0.0",,"79","42"
"USW00003131","SAN DIEGO MONTGOMERY FIELD, CA US","2012-01-30","0.00","0.0","0.0",,"70","43"
"USW00003131","SAN DIEGO MONTGOMERY FIELD, CA US","2012-01-31","0.00","0.0","0.0",,"64","43"
"USW00003131","SAN DIEGO MONTGOMERY FIELD, CA US","2012-02-01","0.00",,"0.0",,"70","44"
"USW00003131","SAN DIEGO MONTGOMERY FIELD, CA US","2012-02-02","0.00","0.0","0.0",,"63","44"
"USW00003131","SAN DIEGO MONTGOMERY FIELD, CA US","2012-02-03","0.00","0.0","0.0",,"75","40"
"USW00003131","SAN DIEGO MONTGOMERY FIELD, CA US","2012-02-04","0.00",,"0.0",,"75","45"
"USW00003131","SAN DIEGO MONTGOMERY FIELD, CA US","2012-02-05","0.00","0.0","0.0",,"75","44"
"USW00003131","SAN DIEGO MONTGOMERY FIELD, CA US","2012-02-06","0.00","0.0","0.0",,"73","45"
"USW00003131","SAN DIEGO MONTGOMERY FIELD, CA US","2012-02-07","0.21","0.0","0.0",,"63","53"
"USW00003131","SAN DIEGO MONTGOMERY FIELD, CA US","2012-02-08","0.00","0.0","0.0",,"73","48"
"USW00003131","SAN DIEGO MONTGOMERY FIELD, CA US","2012-02-09","0.00","0.0","0.0",,"80","51"
"USW00003131","SAN DIEGO MONTGOMERY FIELD, CA US","2012-02-10","0.00",,"0.0",,"71","46"
"USW00003131","SAN DIEGO MONTGOMERY FIELD, CA US","2012-02-11","0.01","0.0","0.0",,"61","54"
"USW00003131","SAN DIEGO MONTGOMERY FIELD, CA US","2012-02-12","0.04","0.0","0.0",,"61","51"
"USW00003131","SAN DIEGO MONTGOMERY FIELD, CA US","2012-02-13","0.11",,"0.0",,"59","48"
"USW00003131","SAN DIEGO MONTGOMERY FIELD, CA US","2012-02-14","0.28",,"0.0",,"59","45"
"USW00003131","SAN DIEGO MONTGOMERY FIELD, CA US","2012-02-15","0.24",,"0.0",,"58","45"
"USW00003131","SAN DIEGO MONTGOMERY FIELD, CA US","2012-02-16","0.00","0.0","0.0",,"67","42"
"USW00003131","SAN DIEGO MONTGOMERY FIELD, CA US","2012-02-17","0.00","0.0","0.0",,"69","41"
"USW00003131","SAN DIEGO MONTGOMERY FIELD, CA US","2012-02-18","0.00","0.0","0.0",,"60","45"
"USW00003131","SAN DIEGO MONTGOMERY FIELD, CA US","2012-02-19","0.00","0.0","0.0",,"62","50"
"USW00003131","SAN DIEGO MONTGOMERY FIELD, CA US","2012-02-20","0.00","0.0","0.0",,"61","45"
"USW00003131","SAN DIEGO MONTGOMERY FIELD, CA US","2012-02-21","0.00",,"0.0",,"72","43"
"USW00003131","SAN DIEGO MONTGOMERY FIELD, CA US","2012-02-22","0.00","0.0","0.0",,"80","45"
"USW00003131","SAN DIEGO MONTGOMERY FIELD, CA US","2012-02-23","0.00",,"0.0",,"76","47"
"USW00003131","SAN DIEGO MONTGOMERY FIELD, CA US","2012-02-24","0.00","0.0","0.0",,"69","50"
"USW00003131","SAN DIEGO MONTGOMERY FIELD, CA US","2012-02-25","0.00","0.0","0.0",,"68","51"
"USW00003131","SAN DIEGO MONTGOMERY FIELD, CA US","2012-02-26","0.00","0.0","0.0",,"60","52"
"USW00003131","SAN DIEGO MONTGOMERY FIELD, CA US","2012-02-27","0.66",,"0.0",,"58","46"
"USW00003131","SAN DIEGO MONTGOMERY FIELD, CA US","2012-02-29","0.00",,"0.0",,"58","42"
"USW00003131","SAN DIEGO MONTGOMERY FIELD, CA US","2012-03-01","0.01",,"0.0",,"59","47"
"USW00003131","SAN DIEGO MONTGOMERY FIELD, CA US","2012-03-02","0.00","0.0","0.0",,"68","43"
"USW00003131","SAN DIEGO MONTGOMERY FIELD, CA US","2012-03-03","0.00",,"0.0",,"75","42"
"USW00003131","SAN DIEGO MONTGOMERY FIELD, CA US","2012-03-04","0.00","0.0","0.0",,"85","47"
"USW00003131","SAN DIEGO MONTGOMERY FIELD, CA US","2012-03-05","0.00","0.0","0.0",,"79","53"
"USW00003131","SAN DIEGO MONTGOMERY FIELD, CA US","2012-03-06","0.00","0.0","0.0",,"59","50"
"USW00003131","SAN DIEGO MONTGOMERY FIELD, CA US","2012-03-07","0.00",,"0.0",,"62","42"
"USW00003131","SAN DIEGO MONTGOMERY FIELD, CA US","2012-03-08","0.00","0.0","0.0",,"72","39"
"USW00003131","SAN DIEGO MONTGOMERY FIELD, CA US","2012-03-09","0.00","0.0","0.0",,"83","49"
"USW00003131","SAN DIEGO MONTGOMERY FIELD, CA US","2012-03-10","0.00","0.0","0.0",,"72","46"
"USW00003131","SAN DIEGO MONTGOMERY FIELD, CA US","2012-03-11","0.00","0.0","0.0",,"62","53"
"USW00003131","SAN DIEGO MONTGOMERY FIELD, CA US","2012-03-12","0.00","0.0","0.0",,"64","51"
"USW00003131","SAN DIEGO MONTGOMERY FIELD, CA US","2012-03-13","0.00","0.0","0.0",,"64","53"
"USW00003131","SAN DIEGO MONTGOMERY FIELD, CA US","2012-03-14","0.00","0.0","0.0",,"65","53"
"USW00003131","SAN DIEGO MONTGOMERY FIELD, CA US","2012-03-15","0.00","0.0","0.0",,"64","52"
"USW00003131","SAN DIEGO MONTGOMERY FIELD, CA US","2012-03-16","0.00","0.0","0.0",,"64","54"
"USW00003131","SAN DIEGO MONTGOMERY FIELD, CA US","2012-03-17","0.61",,"0.0",,"57","49"
"USW00003131","SAN DIEGO MONTGOMERY FIELD, CA US","2012-03-18","0.19",,"0.0",,"55","45"
"USW00003131","SAN DIEGO MONTGOMERY FIELD, CA US","2012-03-19","0.19",,"0.0",,"57","45"
"USW00003131","SAN DIEGO MONTGOMERY FIELD, CA US","2012-03-20","0.00","0.0","0.0",,"65","42"
"USW00003131","SAN DIEGO MONTGOMERY FIELD, CA US","2012-03-21","0.00",,"0.0",,"73","47"
"USW00003131","SAN DIEGO MONTGOMERY FIELD, CA US","2012-03-22","0.00",,"0.0",,"69","46"
"USW00003131","SAN DIEGO MONTGOMERY FIELD, CA US","2012-03-23","0.00","0.0","0.0",,"64","50"
"USW00003131","SAN DIEGO MONTGOMERY FIELD, CA US","2012-03-24","0.00","0.0","0.0",,"64","49"
"USW00003131","SAN DIEGO MONTGOMERY FIELD, CA US","2012-03-25","0.28",,"0.0",,"65","46"
"USW00003131","SAN DIEGO MONTGOMERY FIELD, CA US","2012-03-26","0.01","0.0","0.0",,"62","50"
"USW00003131","SAN DIEGO MONTGOMERY FIELD, CA US","2012-03-27","0.00",,"0.0",,"66","47"
"USW00003131","SAN DIEGO MONTGOMERY FIELD, CA US","2012-03-28","0.00","0.0","0.0",,"67","46"
"USW00003131","SAN DIEGO MONTGOMERY FIELD, CA US","2012-03-29","0.00","0.0","0.0",,"69","54"
"USW00003131","SAN DIEGO MONTGOMERY FIELD, CA US","2012-03-30","0.00","0.0","0.0",,"65","54"
"USW00003131","SAN DIEGO MONTGOMERY FIELD, CA US","2012-03-31","0.06",,,,"61","52"
"USW00003131","SAN DIEGO MONTGOMERY FIELD, CA US","2012-04-01","0.01",,"0.0",,"62","49"
"USW00003131","SAN DIEGO MONTGOMERY FIELD, CA US","2012-04-02","0.00","0.0","0.0",,"72","43"
"USW00003131","SAN DIEGO MONTGOMERY FIELD, CA US","2012-04-03","0.00",,"0.0",,"77","47"
"USW00003131","SAN DIEGO MONTGOMERY FIELD, CA US","2012-04-04","0.00","0.0","0.0",,"73","50"
"USW00003131","SAN DIEGO MONTGOMERY FIELD, CA US","2012-04-05","0.00","0.0","0.0",,"64","49"
"USW00003131","SAN DIEGO MONTGOMERY FIELD, CA US","2012-04-06","0.00","0.0","0.0",,"67","47"
"USW00003131","SAN DIEGO MONTGOMERY FIELD, CA US","2012-04-07","0.00","0.0","0.0",,"80","49"
"USW00003131","SAN DIEGO MONTGOMERY FIELD, CA US","2012-04-08","0.00","0.0","0.0",,"78","50"
"USW00003131","SAN DIEGO MONTGOMERY FIELD, CA US","2012-04-09","0.00","0.0","0.0",,"77","48"
"USW00003131","SAN DIEGO MONTGOMERY FIELD, CA US","2012-04-10","0.00","0.0","0.0",,"65","50"
"USW00003131","SAN DIEGO MONTGOMERY FIELD, CA US","2012-04-11","0.24","0.0","0.0",,"63","53"
"USW00003131","SAN DIEGO MONTGOMERY FIELD, CA US","2012-04-12","0.01","0.0","0.0",,"64","50"
"USW00003131","SAN DIEGO MONTGOMERY FIELD, CA US","2012-04-13","0.42",,"0.0",,"60","49"
"USW00003131","SAN DIEGO MONTGOMERY FIELD, CA US","2012-04-14","0.01",,"0.0",,"58","47"
"USW00003131","SAN DIEGO MONTGOMERY FIELD, CA US","2012-04-15","0.00",,"0.0",,"64","43"
"USW00003131","SAN DIEGO MONTGOMERY FIELD, CA US","2012-04-16","0.00","0.0","0.0",,"75","48"
"USW00003131","SAN DIEGO MONTGOMERY FIELD, CA US","2012-04-17","0.00","0.0","0.0",,"79","52"
"USW00003131","SAN DIEGO MONTGOMERY FIELD, CA US","2012-04-18","0.00","0.0","0.0",,"71","50"
"USW00003131","SAN DIEGO MONTGOMERY FIELD, CA US","2012-04-19","0.00","0.0","0.0",,"70","54"
"USW00003131","SAN DIEGO MONTGOMERY FIELD, CA US","2012-04-20","0.00","0.0","0.0",,"72","54"
"USW00003131","SAN DIEGO MONTGOMERY FIELD, CA US","2012-04-21","0.00","0.0","0.0",,"72","55"
"USW00003131","SAN DIEGO MONTGOMERY FIELD, CA US","2012-04-22","0.00","0.0","0.0",,"64","57"
"USW00003131","SAN DIEGO MONTGOMERY FIELD, CA US","2012-04-23","0.01","0.0","0.0",,"64","56"
"USW00003131","SAN DIEGO MONTGOMERY FIELD, CA US","2012-04-24","0.00","0.0","0.0",,"77","51"
"USW00003131","SAN DIEGO MONTGOMERY FIELD, CA US","2012-04-25","0.32","0.0","0.0",,"78","58"
"USW00003131","SAN DIEGO MONTGOMERY FIELD, CA US","2012-04-26","0.14","0.0","0.0",,"66","58"
"USW00003131","SAN DIEGO MONTGOMERY FIELD, CA US","2012-04-27","0.00","0.0","0.0",,"66","56"
"USW00003131","SAN DIEGO MONTGOMERY FIELD, CA US","2012-04-28","0.00","0.0","0.0",,"75","53"
"USW00003131","SAN DIEGO MONTGOMERY FIELD, CA US","2012-04-29","0.00","0.0","0.0",,"64","57"
"USW00003131","SAN DIEGO MONTGOMERY FIELD, CA US","2012-04-30","0.00","0.0","0.0",,"63","59"
"USW00003131","SAN DIEGO MONTGOMERY FIELD, CA US","2012-05-01","0.00","0.0","0.0",,"64","58"
"USW00003131","SAN DIEGO MONTGOMERY FIELD, CA US","2012-05-02","0.00","0.0","0.0",,"65","57"
"USW00003131","SAN DIEGO MONTGOMERY FIELD, CA US","2012-05-03","0.00","0.0","0.0",,"68","57"
"USW00003131","SAN DIEGO MONTGOMERY FIELD, CA US","2012-05-04","0.00","0.0","0.0",,"70","55"
"USW00003131","SAN DIEGO MONTGOMERY FIELD, CA US","2012-05-05","0.00","0.0","0.0",,"70","57"
"USW00003131","SAN DIEGO MONTGOMERY FIELD, CA US","2012-05-06","0.00","0.0","0.0",,"68","55"
"USW00003131","SAN DIEGO MONTGOMERY FIELD, CA US","2012-05-07","0.00","0.0","0.0",,"71","56"
"USW00003131","SAN DIEGO MONTGOMERY FIELD, CA US","2012-05-08","0.00","0.0","0.0",,"74","57"
"USW00003131","SAN DIEGO MONTGOMERY FIELD, CA US","2012-05-09","0.00","0.0","0.0",,"72","55"
"USW00003131","SAN DIEGO MONTGOMERY FIELD, CA US","2012-05-10","0.00","0.0","0.0",,"67","57"
"USW00003131","SAN DIEGO MONTGOMERY FIELD, CA US","2012-05-11","0.00","0.0","0.0",,"69","57"
"USW00003131","SAN DIEGO MONTGOMERY FIELD, CA US","2012-05-12","0.00","0.0","0.0",,"74","59"
"USW00003131","SAN DIEGO MONTGOMERY FIELD, CA US","2012-05-13","0.00","0.0","0.0",,"74","58"
"USW00003131","SAN DIEGO MONTGOMERY FIELD, CA US","2012-05-14","0.00","0.0","0.0",,"74","59"
"USW00003131","SAN DIEGO MONTGOMERY FIELD, CA US","2012-05-15","0.00","0.0","0.0",,"73","58"
"USW00003131","SAN DIEGO MONTGOMERY FIELD, CA US","2012-05-16","0.00","0.0","0.0",,"78","56"
"USW00003131","SAN DIEGO MONTGOMERY FIELD, CA US","2012-05-17","0.00","0.0","0.0",,"70","58"
"USW00003131","SAN DIEGO MONTGOMERY FIELD, CA US","2012-05-18","0.00","0.0","0.0",,"69","58"
"USW00003131","SAN DIEGO MONTGOMERY FIELD, CA US","2012-05-19","0.00","0.0","0.0",,"73","59"
"USW00003131","SAN DIEGO MONTGOMERY FIELD, CA US","2012-05-20","0.00","0.0","0.0",,"76","59"
"USW00003131","SAN DIEGO MONTGOMERY FIELD, CA US","2012-05-21","0.00","0.0","0.0",,"77","57"
"USW00003131","SAN DIEGO MONTGOMERY FIELD, CA US","2012-05-22","0.00","0.0","0.0",,"73","59"
"USW00003131","SAN DIEGO MONTGOMERY FIELD, CA US","2012-05-23","0.00","0.0","0.0",,"67","58"
"USW00003131","SAN DIEGO MONTGOMERY FIELD, CA US","2012-05-24","0.00","0.0","0.0",,"67","60"
"USW00003131","SAN DIEGO MONTGOMERY FIELD, CA US","2012-05-25","0.01","0.0","0.0",,"63","55"
"USW00003131","SAN DIEGO MONTGOMERY FIELD, CA US","2012-05-26","0.01","0.0","0.0",,"65","53"
"USW00003131","SAN DIEGO MONTGOMERY FIELD, CA US","2012-05-27","0.00","0.0","0.0",,"69","52"
"USW00003131","SAN DIEGO MONTGOMERY FIELD, CA US","2012-05-28","0.00","0.0","0.0",,"73","53"
"USW00003131","SAN DIEGO MONTGOMERY FIELD, CA US","2012-05-29","0.00","0.0","0.0",,"73","55"
"USW00003131","SAN DIEGO MONTGOMERY FIELD, CA US","2012-05-30","0.00","0.0","0.0",,"70","59"
"USW00003131","SAN DIEGO MONTGOMERY FIELD, CA US","2012-05-31","0.00","0.0","0.0",,"75","58"
"USW00003131","SAN DIEGO MONTGOMERY FIELD, CA US","2012-06-01","0.00","0.0","0.0",,"72","58"
"USW00003131","SAN DIEGO MONTGOMERY FIELD, CA US","2012-06-02","0.00","0.0","0.0",,"71","58"
"USW00003131","SAN DIEGO MONTGOMERY FIELD, CA US","2012-06-03","0.00","0.0","0.0",,"70","59"
"USW00003131","SAN DIEGO MONTGOMERY FIELD, CA US","2012-06-04","0.00","0.0","0.0",,"67","60"
"USW00003131","SAN DIEGO MONTGOMERY FIELD, CA US","2012-06-05","0.00","0.0","0.0",,"71","58"
"USW00003131","SAN DIEGO MONTGOMERY FIELD, CA US","2012-06-06","0.00","0.0","0.0",,"76","55"
"USW00003131","SAN DIEGO MONTGOMERY FIELD, CA US","2012-06-07","0.00","0.0","0.0",,"73","57"
"USW00003131","SAN DIEGO MONTGOMERY FIELD, CA US","2012-06-08","0.00","0.0","0.0",,"70","58"
"USW00003131","SAN DIEGO MONTGOMERY FIELD, CA US","2012-06-09","0.00","0.0","0.0",,"67","58"
"USW00003131","SAN DIEGO MONTGOMERY FIELD, CA US","2012-06-10","0.00","0.0","0.0",,"69","58"
"USW00003131","SAN DIEGO MONTGOMERY FIELD, CA US","2012-06-11","0.00","0.0","0.0",,"70","58"
"USW00003131","SAN DIEGO MONTGOMERY FIELD, CA US","2012-06-12","0.00","0.0","0.0",,"71","59"
"USW00003131","SAN DIEGO MONTGOMERY FIELD, CA US","2012-06-13","0.00","0.0","0.0",,"70","59"
"USW00003131","SAN DIEGO MONTGOMERY FIELD, CA US","2012-06-14","0.00","0.0","0.0",,"68","59"
"USW00003131","SAN DIEGO MONTGOMERY FIELD, CA US","2012-06-15","0.00","0.0","0.0",,"66","59"
"USW00003131","SAN DIEGO MONTGOMERY FIELD, CA US","2012-06-16","0.00","0.0","0.0",,"71","61"
"USW00003131","SAN DIEGO MONTGOMERY FIELD, CA US","2012-06-17","0.00","0.0","0.0",,"80","59"
"USW00003131","SAN DIEGO MONTGOMERY FIELD, CA US","2012-06-18","0.00","0.0","0.0",,"75","61"
"USW00003131","SAN DIEGO MONTGOMERY FIELD, CA US","2012-06-19","0.00","0.0","0.0",,"74","60"
"USW00003131","SAN DIEGO MONTGOMERY FIELD, CA US","2012-06-20","0.00","0.0","0.0",,"70","59"
"USW00003131","SAN DIEGO MONTGOMERY FIELD, CA US","2012-06-21","0.00","0.0","0.0",,"73","60"
"USW00003131","SAN DIEGO MONTGOMERY FIELD, CA US","2012-06-22","0.00","0.0","0.0",,"75","61"
"USW00003131","SAN DIEGO MONTGOMERY FIELD, CA US","2012-06-23","0.00","0.0","0.0",,"73","61"
"USW00003131","SAN DIEGO MONTGOMERY FIELD, CA US","2012-06-24","0.00","0.0","0.0",,"75","58"
"USW00003131","SAN DIEGO MONTGOMERY FIELD, CA US","2012-06-25","0.00","0.0","0.0",,"75","59"
"USW00003131","SAN DIEGO MONTGOMERY FIELD, CA US","2012-06-26","0.00","0.0","0.0",,"81","56"
"USW00003131","SAN DIEGO MONTGOMERY FIELD, CA US","2012-06-27","0.00","0.0","0.0",,"76","58"
"USW00003131","SAN DIEGO MONTGOMERY FIELD, CA US","2012-06-28","0.00","0.0","0.0",,"75","60"
"USW00003131","SAN DIEGO MONTGOMERY FIELD, CA US","2012-06-29","0.00","0.0","0.0",,"80","59"
"USW00003131","SAN DIEGO MONTGOMERY FIELD, CA US","2012-06-30","0.00","0.0","0.0",,"75","62"
"USW00003131","SAN DIEGO MONTGOMERY FIELD, CA US","2012-07-01","0.00","0.0","0.0",,"75","61"
"USW00003131","SAN DIEGO MONTGOMERY FIELD, CA US","2012-07-02","0.00","0.0","0.0",,"72","61"
"USW00003131","SAN DIEGO MONTGOMERY FIELD, CA US","2012-07-03","0.00","0.0","0.0",,"71","61"
"USW00003131","SAN DIEGO MONTGOMERY FIELD, CA US","2012-07-04","0.00","0.0","0.0",,"67","61"
"USW00003131","SAN DIEGO MONTGOMERY FIELD, CA US","2012-07-05","0.00","0.0","0.0",,"72","62"
"USW00003131","SAN DIEGO MONTGOMERY FIELD, CA US","2012-07-06","0.00","0.0","0.0",,"75","62"
"USW00003131","SAN DIEGO MONTGOMERY FIELD, CA US","2012-07-07","0.00","0.0","0.0",,"77","61"
"USW00003131","SAN DIEGO MONTGOMERY FIELD, CA US","2012-07-08","0.00","0.0","0.0",,"79","60"
"USW00003131","SAN DIEGO MONTGOMERY FIELD, CA US","2012-07-09","0.00","0.0","0.0",,"80","60"
"USW00003131","SAN DIEGO MONTGOMERY FIELD, CA US","2012-07-10","0.00","0.0","0.0",,"85","61"
"USW00003131","SAN DIEGO MONTGOMERY FIELD, CA US","2012-07-11","0.00","0.0","0.0",,"83","62"
"USW00003131","SAN DIEGO MONTGOMERY FIELD, CA US","2012-07-12","0.00","0.0","0.0",,"82","63"
"USW00003131","SAN DIEGO MONTGOMERY FIELD, CA US","2012-07-13","0.00","0.0","0.0",,"81","66"
"USW00003131","SAN DIEGO MONTGOMERY FIELD, CA US","2012-07-14","0.00","0.0","0.0",,"76","63"
"USW00003131","SAN DIEGO MONTGOMERY FIELD, CA US","2012-07-15","0.00","0.0","0.0",,"74","61"
"USW00003131","SAN DIEGO MONTGOMERY FIELD, CA US","2012-07-16","0.00","0.0","0.0",,"72","61"
"USW00003131","SAN DIEGO MONTGOMERY FIELD, CA US","2012-07-17","0.00","0.0","0.0",,"73","62"
"USW00003131","SAN DIEGO MONTGOMERY FIELD, CA US","2012-07-18","0.00","0.0","0.0",,"81","61"
"USW00003131","SAN DIEGO MONTGOMERY FIELD, CA US","2012-07-19","0.00","0.0","0.0",,"81","63"
"USW00003131","SAN DIEGO MONTGOMERY FIELD, CA US","2012-07-20","0.00","0.0","0.0",,"84","65"
"USW00003131","SAN DIEGO MONTGOMERY FIELD, CA US","2012-07-21","0.00","0.0","0.0",,"80","65"
"USW00003131","SAN DIEGO MONTGOMERY FIELD, CA US","2012-07-22","0.00","0.0","0.0",,"77","65"
"USW00003131","SAN DIEGO MONTGOMERY FIELD, CA US","2012-07-23","0.00","0.0","0.0",,"77","64"
"USW00003131","SAN DIEGO MONTGOMERY FIELD, CA US","2012-07-24","0.00","0.0","0.0",,"77","63"
"USW00003131","SAN DIEGO MONTGOMERY FIELD, CA US","2012-07-25","0.00","0.0","0.0",,"79","63"
"USW00003131","SAN DIEGO MONTGOMERY FIELD, CA US","2012-07-26","0.00","0.0","0.0",,"76","63"
"USW00003131","SAN DIEGO MONTGOMERY FIELD, CA US","2012-07-27","0.00","0.0","0.0",,"76","63"
"USW00003131","SAN DIEGO MONTGOMERY FIELD, CA US","2012-07-28","0.00","0.0","0.0",,"78","61"
"USW00003131","SAN DIEGO MONTGOMERY FIELD, CA US","2012-07-29","0.00","0.0","0.0",,"75","62"
"USW00003131","SAN DIEGO MONTGOMERY FIELD, CA US","2012-07-30","0.00","0.0","0.0",,"74","63"
"USW00003131","SAN DIEGO MONTGOMERY FIELD, CA US","2012-07-31","0.00",,,,"75","64"
"USW00003131","SAN DIEGO MONTGOMERY FIELD, CA US","2012-08-01","0.00","0.0","0.0",,"80","64"
"USW00003131","SAN DIEGO MONTGOMERY FIELD, CA US","2012-08-02","0.00","0.0","0.0",,"76","63"
"USW00003131","SAN DIEGO MONTGOMERY FIELD, CA US","2012-08-03","0.00","0.0","0.0",,"73","63"
"USW00003131","SAN DIEGO MONTGOMERY FIELD, CA US","2012-08-04","0.00","0.0","0.0",,"75","63"
"USW00003131","SAN DIEGO MONTGOMERY FIELD, CA US","2012-08-05","0.00","0.0","0.0",,"77","65"
"USW00003131","SAN DIEGO MONTGOMERY FIELD, CA US","2012-08-06","0.00","0.0","0.0",,"82","65"
"USW00003131","SAN DIEGO MONTGOMERY FIELD, CA US","2012-08-07","0.00","0.0","0.0",,"86","67"
"USW00003131","SAN DIEGO MONTGOMERY FIELD, CA US","2012-08-08","0.00","0.0","0.0",,"86","67"
"USW00003131","SAN DIEGO MONTGOMERY FIELD, CA US","2012-08-09","0.00","0.0","0.0",,"84","67"
"USW00003131","SAN DIEGO MONTGOMERY FIELD, CA US","2012-08-10","0.00","0.0","0.0",,"90","69"
"USW00003131","SAN DIEGO MONTGOMERY FIELD, CA US","2012-08-11","0.00","0.0","0.0",,"85","68"
"USW00003131","SAN DIEGO MONTGOMERY FIELD, CA US","2012-08-12","0.00","0.0","0.0",,"94","69"
"USW00003131","SAN DIEGO MONTGOMERY FIELD, CA US","2012-08-13","0.00","0.0","0.0",,"91","71"
"USW00003131","SAN DIEGO MONTGOMERY FIELD, CA US","2012-08-14","0.00","0.0","0.0",,"87","68"
"USW00003131","SAN DIEGO MONTGOMERY FIELD, CA US","2012-08-15","0.00","0.0","0.0",,"85","69"
"USW00003131","SAN DIEGO MONTGOMERY FIELD, CA US","2012-08-16","0.00","0.0","0.0",,"90","70"
"USW00003131","SAN DIEGO MONTGOMERY FIELD, CA US","2012-08-17","0.00","0.0","0.0",,"93","71"
"USW00003131","SAN DIEGO MONTGOMERY FIELD, CA US","2012-08-18","0.00","0.0","0.0",,"88","72"
"USW00003131","SAN DIEGO MONTGOMERY FIELD, CA US","2012-08-19","0.00","0.0","0.0",,"84","71"
"USW00003131","SAN DIEGO MONTGOMERY FIELD, CA US","2012-08-20","0.00","0.0","0.0",,"84","69"
"USW00003131","SAN DIEGO MONTGOMERY FIELD, CA US","2012-08-21","0.00","0.0","0.0",,"79","68"
"USW00003131","SAN DIEGO MONTGOMERY FIELD, CA US","2012-08-22","0.02","0.0","0.0",,"78","67"
"USW00003131","SAN DIEGO MONTGOMERY FIELD, CA US","2012-08-23","0.00","0.0","0.0",,"78","67"
"USW00003131","SAN DIEGO MONTGOMERY FIELD, CA US","2012-08-24","0.00","0.0","0.0",,"74","66"
"USW00003131","SAN DIEGO MONTGOMERY FIELD, CA US","2012-08-25","0.00","0.0","0.0",,"76","64"
"USW00003131","SAN DIEGO MONTGOMERY FIELD, CA US","2012-08-26","0.00","0.0","0.0",,"79","63"
"USW00003131","SAN DIEGO MONTGOMERY FIELD, CA US","2012-08-27","0.00","0.0","0.0",,"85","65"
"USW00003131","SAN DIEGO MONTGOMERY FIELD, CA US","2012-08-28","0.00","0.0","0.0",,"88","67"
"USW00003131","SAN DIEGO MONTGOMERY FIELD, CA US","2012-08-29","0.00","0.0","0.0",,"86","67"
"USW00003131","SAN DIEGO MONTGOMERY FIELD, CA US","2012-08-30","0.00","0.0","0.0",,"85","69"
"USW00003131","SAN DIEGO MONTGOMERY FIELD, CA US","2012-08-31","0.00","0.0","0.0",,"88","68"
"USW00003131","SAN DIEGO MONTGOMERY FIELD, CA US","2012-09-01","0.00","0.0","0.0",,"88","65"
"USW00003131","SAN DIEGO MONTGOMERY FIELD, CA US","2012-09-02","0.00","0.0","0.0",,"85","65"
"USW00003131","SAN DIEGO MONTGOMERY FIELD, CA US","2012-09-03","0.00","0.0","0.0",,"85","63"
"USW00003131","SAN DIEGO MONTGOMERY FIELD, CA US","2012-09-04","0.00","0.0","0.0",,"93","67"
"USW00003131","SAN DIEGO MONTGOMERY FIELD, CA US","2012-09-05","0.00","0.0","0.0",,"87","72"
"USW00003131","SAN DIEGO MONTGOMERY FIELD, CA US","2012-09-06","0.00","0.0","0.0",,"84","68"
"USW00003131","SAN DIEGO MONTGOMERY FIELD, CA US","2012-09-07","0.00","0.0","0.0",,"84","67"
"USW00003131","SAN DIEGO MONTGOMERY FIELD, CA US","2012-09-08","0.00","0.0","0.0",,"85","69"
"USW00003131","SAN DIEGO MONTGOMERY FIELD, CA US","2012-09-09","0.00","0.0","0.0",,"84","68"
"USW00003131","SAN DIEGO MONTGOMERY FIELD, CA US","2012-09-10","0.00","0.0","0.0",,"84","68"
"USW00003131","SAN DIEGO MONTGOMERY FIELD, CA US","2012-09-11","0.00","0.0","0.0",,"75","69"
"USW00003131","SAN DIEGO MONTGOMERY FIELD, CA US","2012-09-12","0.00","0.0","0.0",,"81","69"
"USW00003131","SAN DIEGO MONTGOMERY FIELD, CA US","2012-09-13","0.00","0.0","0.0",,"81","67"
"USW00003131","SAN DIEGO MONTGOMERY FIELD, CA US","2012-09-14","0.00","0.0","0.0",,"107","65"
"USW00003131","SAN DIEGO MONTGOMERY FIELD, CA US","2012-09-15","0.00","0.0","0.0",,"102","70"
"USW00003131","SAN DIEGO MONTGOMERY FIELD, CA US","2012-09-16","0.00","0.0","0.0",,,
"USW00003131","SAN DIEGO MONTGOMERY FIELD, CA US","2012-09-17","0.00","0.0","0.0",,"81","76"
"USW00003131","SAN DIEGO MONTGOMERY FIELD, CA US","2012-09-18","0.00","0.0","0.0",,"81","66"
"USW00003131","SAN DIEGO MONTGOMERY FIELD, CA US","2012-09-19","0.00","0.0","0.0",,"84","63"
"USW00003131","SAN DIEGO MONTGOMERY FIELD, CA US","2012-09-20","0.00","0.0","0.0",,"87","65"
"USW00003131","SAN DIEGO MONTGOMERY FIELD, CA US","2012-09-21","0.00","0.0","0.0",,"84","68"
"USW00003131","SAN DIEGO MONTGOMERY FIELD, CA US","2012-09-22","0.00","0.0","0.0",,"89","67"
"USW00003131","SAN DIEGO MONTGOMERY FIELD, CA US","2012-09-23","0.00","0.0","0.0",,"95","65"
"USW00003131","SAN DIEGO MONTGOMERY FIELD, CA US","2012-09-24","0.00","0.0","0.0",,"87","65"
"USW00003131","SAN DIEGO MONTGOMERY FIELD, CA US","2012-09-25","0.00","0.0","0.0",,"77","62"
"USW00003131","SAN DIEGO MONTGOMERY FIELD, CA US","2012-09-26","0.00","0.0","0.0",,"78","64"
"USW00003131","SAN DIEGO MONTGOMERY FIELD, CA US","2012-09-27","0.00","0.0","0.0",,"83","64"
"USW00003131","SAN DIEGO MONTGOMERY FIELD, CA US","2012-09-28","0.00","0.0","0.0",,"84","63"
"USW00003131","SAN DIEGO MONTGOMERY FIELD, CA US","2012-09-29","0.00","0.0","0.0",,"85","64"
"USW00003131","SAN DIEGO MONTGOMERY FIELD, CA US","2012-09-30","0.00","0.0","0.0",,"92","64"
"USW00003131","SAN DIEGO MONTGOMERY FIELD, CA US","2012-10-01","0.00","0.0","0.0",,"93","64"
"USW00003131","SAN DIEGO MONTGOMERY FIELD, CA US","2012-10-02","0.00","0.0","0.0",,"94","65"
"USW00003131","SAN DIEGO MONTGOMERY FIELD, CA US","2012-10-03","0.00","0.0","0.0",,"88","63"
"USW00003131","SAN DIEGO MONTGOMERY FIELD, CA US","2012-10-04","0.00","0.0","0.0",,"77","64"
"USW00003131","SAN DIEGO MONTGOMERY FIELD, CA US","2012-10-05","0.00","0.0","0.0",,"76","61"
"USW00003131","SAN DIEGO MONTGOMERY FIELD, CA US","2012-10-06","0.00","0.0","0.0",,"78","58"
"USW00003131","SAN DIEGO MONTGOMERY FIELD, CA US","2012-10-07","0.00","0.0","0.0",,"76","63"
"USW00003131","SAN DIEGO MONTGOMERY FIELD, CA US","2012-10-08","0.00","0.0","0.0",,"76","63"
"USW00003131","SAN DIEGO MONTGOMERY FIELD, CA US","2012-10-09","0.00","0.0","0.0",,"75","62"
"USW00003131","SAN DIEGO MONTGOMERY FIELD, CA US","2012-10-10","0.00","0.0","0.0",,"73","61"
"USW00003131","SAN DIEGO MONTGOMERY FIELD, CA US","2012-10-11","0.15","0.0","0.0",,"67","56"
"USW00003131","SAN DIEGO MONTGOMERY FIELD, CA US","2012-10-12","0.12","0.0","0.0",,"69","57"
"USW00003131","SAN DIEGO MONTGOMERY FIELD, CA US","2012-10-13","0.00","0.0","0.0",,"74","54"
"USW00003131","SAN DIEGO MONTGOMERY FIELD, CA US","2012-10-14","0.00","0.0","0.0",,"88","57"
"USW00003131","SAN DIEGO MONTGOMERY FIELD, CA US","2012-10-15","0.00","0.0","0.0",,"87","58"
"USW00003131","SAN DIEGO MONTGOMERY FIELD, CA US","2012-10-16","0.00","0.0","0.0",,"88","57"
"USW00003131","SAN DIEGO MONTGOMERY FIELD, CA US","2012-10-17","0.00","0.0","0.0",,"98","59"
"USW00003131","SAN DIEGO MONTGOMERY FIELD, CA US","2012-10-18","0.00","0.0","0.0",,"75","64"
"USW00003131","SAN DIEGO MONTGOMERY FIELD, CA US","2012-10-19","0.00","0.0","0.0",,"75","59"
"USW00003131","SAN DIEGO MONTGOMERY FIELD, CA US","2012-10-20","0.01","0.0","0.0",,"68","62"
"USW00003131","SAN DIEGO MONTGOMERY FIELD, CA US","2012-10-21","0.22","0.0","0.0",,"69","61"
"USW00003131","SAN DIEGO MONTGOMERY FIELD, CA US","2012-10-22","0.00","0.0","0.0",,"69","57"
"USW00003131","SAN DIEGO MONTGOMERY FIELD, CA US","2012-10-23","0.00","0.0","0.0",,"69","56"
"USW00003131","SAN DIEGO MONTGOMERY FIELD, CA US","2012-10-24","0.00","0.0","0.0",,"70","53"
"USW00003131","SAN DIEGO MONTGOMERY FIELD, CA US","2012-10-25","0.00","0.0","0.0",,"74","51"
"USW00003131","SAN DIEGO MONTGOMERY FIELD, CA US","2012-10-26","0.00","0.0","0.0",,"87","50"
"USW00003131","SAN DIEGO MONTGOMERY FIELD, CA US","2012-10-27","0.00","0.0","0.0",,"89","53"
"USW00003131","SAN DIEGO MONTGOMERY FIELD, CA US","2012-10-28","0.00","0.0","0.0",,"83","53"
"USW00003131","SAN DIEGO MONTGOMERY FIELD, CA US","2012-10-29","0.00","0.0","0.0",,"81","51"
"USW00003131","SAN DIEGO MONTGOMERY FIELD, CA US","2012-10-30","0.01","0.0","0.0",,"77","50"
"USW00003131","SAN DIEGO MONTGOMERY FIELD, CA US","2012-10-31","0.00","0.0","0.0",,"70","57"
"USW00003131","SAN DIEGO MONTGOMERY FIELD, CA US","2012-11-01","0.00","0.0","0.0",,"70","60"
"USW00003131","SAN DIEGO MONTGOMERY FIELD, CA US","2012-11-02","0.00","0.0","0.0",,"69","55"
"USW00003131","SAN DIEGO MONTGOMERY FIELD, CA US","2012-11-03","0.00","0.0","0.0",,"75","53"
"USW00003131","SAN DIEGO MONTGOMERY FIELD, CA US","2012-11-04","0.00","0.0","0.0",,"90","53"
"USW00003131","SAN DIEGO MONTGOMERY FIELD, CA US","2012-11-05","0.00","0.0","0.0",,"91","60"
"USW00003131","SAN DIEGO MONTGOMERY FIELD, CA US","2012-11-06","0.00","0.0","0.0",,"78","53"
"USW00003131","SAN DIEGO MONTGOMERY FIELD, CA US","2012-11-07","0.00","0.0","0.0",,"71","52"
"USW00003131","SAN DIEGO MONTGOMERY FIELD, CA US","2012-11-08","0.12","0.0","0.0",,"68","58"
"USW00003131","SAN DIEGO MONTGOMERY FIELD, CA US","2012-11-09","0.11","0.0","0.0",,"64","54"
"USW00003131","SAN DIEGO MONTGOMERY FIELD, CA US","2012-11-10","0.00",,"0.0",,"62","48"
"USW00003131","SAN DIEGO MONTGOMERY FIELD, CA US","2012-11-11","0.00","0.0","0.0",,"66","41"
"USW00003131","SAN DIEGO MONTGOMERY FIELD, CA US","2012-11-12","0.00","0.0","0.0",,"71","41"
"USW00003131","SAN DIEGO MONTGOMERY FIELD, CA US","2012-11-13","0.00","0.0","0.0",,"80","44"
"USW00003131","SAN DIEGO MONTGOMERY FIELD, CA US","2012-11-14","0.00","0.0","0.0",,"76","48"
"USW00003131","SAN DIEGO MONTGOMERY FIELD, CA US","2012-11-15","0.00","0.0","0.0",,"66","54"
"USW00003131","SAN DIEGO MONTGOMERY FIELD, CA US","2012-11-16","0.00","0.0","0.0",,"73","52"
"USW00003131","SAN DIEGO MONTGOMERY FIELD, CA US","2012-11-17","0.00","0.0","0.0",,"73","56"
"USW00003131","SAN DIEGO MONTGOMERY FIELD, CA US","2012-11-18","0.00","0.0","0.0",,"69","53"
"USW00003131","SAN DIEGO MONTGOMERY FIELD, CA US","2012-11-19","0.00",,"0.0",,"70","49"
"USW00003131","SAN DIEGO MONTGOMERY FIELD, CA US","2012-11-20","0.01","0.0","0.0",,"69","50"
"USW00003131","SAN DIEGO MONTGOMERY FIELD, CA US","2012-11-21","0.00","0.0","0.0",,"67","49"
"USW00003131","SAN DIEGO MONTGOMERY FIELD, CA US","2012-11-22","0.01","0.0","0.0",,"69","51"
"USW00003131","SAN DIEGO MONTGOMERY FIELD, CA US","2012-11-23","0.00","0.0","0.0",,"78","51"
"USW00003131","SAN DIEGO MONTGOMERY FIELD, CA US","2012-11-24","0.00","0.0","0.0",,"81","50"
"USW00003131","SAN DIEGO MONTGOMERY FIELD, CA US","2012-11-25","0.00","0.0","0.0",,"65","53"
"USW00003131","SAN DIEGO MONTGOMERY FIELD, CA US","2012-11-26","0.00","0.0","0.0",,"68","53"
"USW00003131","SAN DIEGO MONTGOMERY FIELD, CA US","2012-11-27","0.00","0.0","0.0",,"71","50"
"USW00003131","SAN DIEGO MONTGOMERY FIELD, CA US","2012-11-28","0.00","0.0","0.0",,"68","55"
"USW00003131","SAN DIEGO MONTGOMERY FIELD, CA US","2012-11-29","0.00","0.0","0.0",,"71","57"
"USW00003131","SAN DIEGO MONTGOMERY FIELD, CA US","2012-11-30","0.12","0.0","0.0",,"69","59"
"USW00003131","SAN DIEGO MONTGOMERY FIELD, CA US","2012-12-01","0.00","0.0","0.0",,"69","58"
"USW00003131","SAN DIEGO MONTGOMERY FIELD, CA US","2012-12-02","0.00","0.0","0.0",,"69","58"
"USW00003131","SAN DIEGO MONTGOMERY FIELD, CA US","2012-12-03","0.00","0.0","0.0",,"68","56"
"USW00003131","SAN DIEGO MONTGOMERY FIELD, CA US","2012-12-04","0.00","0.0","0.0",,"69","58"
"USW00003131","SAN DIEGO MONTGOMERY FIELD, CA US","2012-12-05","0.00","0.0","0.0",,"68","55"
"USW00003131","SAN DIEGO MONTGOMERY FIELD, CA US","2012-12-06","0.00","0.0","0.0",,"68","56"
"USW00003131","SAN DIEGO MONTGOMERY FIELD, CA US","2012-12-07","0.00","0.0","0.0",,"65","55"
"USW00003131","SAN DIEGO MONTGOMERY FIELD, CA US","2012-12-08","0.00","0.0","0.0",,"67","52"
"USW00003131","SAN DIEGO MONTGOMERY FIELD, CA US","2012-12-09","0.00","0.0","0.0",,"66","49"
"USW00003131","SAN DIEGO MONTGOMERY FIELD, CA US","2012-12-10","0.00",,"0.0",,"73","45"
"USW00003131","SAN DIEGO MONTGOMERY FIELD, CA US","2012-12-11","0.00",,"0.0",,"74","46"
"USW00003131","SAN DIEGO MONTGOMERY FIELD, CA US","2012-12-12","0.00",,"0.0",,"66","48"
"USW00003131","SAN DIEGO MONTGOMERY FIELD, CA US","2012-12-13","1.47","0.0","0.0",,"60","52"
"USW00003131","SAN DIEGO MONTGOMERY FIELD, CA US","2012-12-14","0.18","0.0","0.0",,"59","50"
"USW00003131","SAN DIEGO MONTGOMERY FIELD, CA US","2012-12-15","0.21",,"0.0",,"58","49"
"USW00003131","SAN DIEGO MONTGOMERY FIELD, CA US","2012-12-16","0.06","0.0","0.0",,"60","50"
"USW00003131","SAN DIEGO MONTGOMERY FIELD, CA US","2012-12-17","0.03","0.0","0.0",,"63","53"
"USW00003131","SAN DIEGO MONTGOMERY FIELD, CA US","2012-12-18","0.48","0.0","0.0",,"60","51"
"USW00003131","SAN DIEGO MONTGOMERY FIELD, CA US","2012-12-19","0.00","0.0","0.0",,"59","38"
"USW00003131","SAN DIEGO MONTGOMERY FIELD, CA US","2012-12-20","0.00","0.0","0.0",,"69","38"
"USW00003131","SAN DIEGO MONTGOMERY FIELD, CA US","2012-12-21","0.00","0.0","0.0",,"63","39"
"USW00003131","SAN DIEGO MONTGOMERY FIELD, CA US","2012-12-22","0.00","0.0","0.0",,"60","40"
"USW00003131","SAN DIEGO MONTGOMERY FIELD, CA US","2012-12-23","0.00","0.0","0.0",,"64","43"
"USW00003131","SAN DIEGO MONTGOMERY FIELD, CA US","2012-12-24","0.08",,"0.0",,"62","48"
"USW00003131","SAN DIEGO MONTGOMERY FIELD, CA US","2012-12-25","0.00","0.0","0.0",,"65","46"
"USW00003131","SAN DIEGO MONTGOMERY FIELD, CA US","2012-12-26","0.06",,"0.0",,"59","46"
"USW00003131","SAN DIEGO MONTGOMERY FIELD, CA US","2012-12-27","0.00",,"0.0",,"58","44"
"USW00003131","SAN DIEGO MONTGOMERY FIELD, CA US","2012-12-28","0.00","0.0","0.0",,"63","41"
"USW00003131","SAN DIEGO MONTGOMERY FIELD, CA US","2012-12-29","0.09",,"0.0",,"59","43"
"USW00003131","SAN DIEGO MONTGOMERY FIELD, CA US","2012-12-30","0.27",,"0.0",,"55","41"
"USW00003131","SAN DIEGO MONTGOMERY FIELD, CA US","2012-12-31","0.00","0.0","0.0",,"60","36"
"USW00003131","SAN DIEGO MONTGOMERY FIELD, CA US","2013-01-01","0.00","0.0","0.0",,"61","41"
"USW00003131","SAN DIEGO MONTGOMERY FIELD, CA US","2013-01-02","0.00","0.0","0.0",,"64","38"
"USW00003131","SAN DIEGO MONTGOMERY FIELD, CA US","2013-01-03","0.00","0.0","0.0",,"68","37"
"USW00003131","SAN DIEGO MONTGOMERY FIELD, CA US","2013-01-04","0.00","0.0","0.0",,"67","36"
"USW00003131","SAN DIEGO MONTGOMERY FIELD, CA US","2013-01-05","0.00","0.0","0.0",,"65","37"
"USW00003131","SAN DIEGO MONTGOMERY FIELD, CA US","2013-01-06","0.20",,"0.0",,"58","44"
"USW00003131","SAN DIEGO MONTGOMERY FIELD, CA US","2013-01-07","0.02",,"0.0",,"63","44"
"USW00003131","SAN DIEGO MONTGOMERY FIELD, CA US","2013-01-08","0.00","0.0","0.0",,"69","39"
"USW00003131","SAN DIEGO MONTGOMERY FIELD, CA US","2013-01-09","0.00","0.0","0.0",,"62","45"
"USW00003131","SAN DIEGO MONTGOMERY FIELD, CA US","2013-01-10","0.05",,"0.0",,"55","49"
"USW00003131","SAN DIEGO MONTGOMERY FIELD, CA US","2013-01-11","0.00",,"0.0",,"53","41"
"USW00003131","SAN DIEGO MONTGOMERY FIELD, CA US","2013-01-12","0.00","0.0","0.0",,"55","36"
"USW00003131","SAN DIEGO MONTGOMERY FIELD, CA US","2013-01-13","0.00","0.0","0.0",,"56","37"
"USW00003131","SAN DIEGO MONTGOMERY FIELD, CA US","2013-01-14","0.00","0.0","0.0",,"55","35"
"USW00003131","SAN DIEGO MONTGOMERY FIELD, CA US","2013-01-15","0.00","0.0","0.0",,"59","34"
"USW00003131","SAN DIEGO MONTGOMERY FIELD, CA US","2013-01-16","0.00","0.0","0.0",,"67","38"
"USW00003131","SAN DIEGO MONTGOMERY FIELD, CA US","2013-01-17","0.00","0.0","0.0",,"76","42"
"USW00003131","SAN DIEGO MONTGOMERY FIELD, CA US","2013-01-18","0.00","0.0","0.0",,"78","43"
"USW00003131","SAN DIEGO MONTGOMERY FIELD, CA US","2013-01-19","0.00","0.0","0.0",,"79","44"
"USW00003131","SAN DIEGO MONTGOMERY FIELD, CA US","2013-01-20","0.00","0.0","0.0",,"77","45"
"USW00003131","SAN DIEGO MONTGOMERY FIELD, CA US","2013-01-21","0.00","0.0","0.0",,"78","42"
"USW00003131","SAN DIEGO MONTGOMERY FIELD, CA US","2013-01-22","0.00","0.0","0.0",,"82","42"
"USW00003131","SAN DIEGO MONTGOMERY FIELD, CA US","2013-01-23","0.00","0.0","0.0",,"76","54"
"USW00003131","SAN DIEGO MONTGOMERY FIELD, CA US","2013-01-24","0.00","0.0","0.0",,"69","59"
"USW00003131","SAN DIEGO MONTGOMERY FIELD, CA US","2013-01-25","0.84","0.0","0.0",,"63","58"
"USW00003131","SAN DIEGO MONTGOMERY FIELD, CA US","2013-01-26","0.23","0.0","0.0",,"62","56"
"USW00003131","SAN DIEGO MONTGOMERY FIELD, CA US","2013-01-27","0.01","0.0","0.0",,"57","51"
"USW00003131","SAN DIEGO MONTGOMERY FIELD, CA US","2013-01-28","0.00","0.0","0.0",,"57","44"
"USW00003131","SAN DIEGO MONTGOMERY FIELD, CA US","2013-01-29","0.00","0.0","0.0",,"59","41"
"USW00003131","SAN DIEGO MONTGOMERY FIELD, CA US","2013-01-30","0.00","0.0","0.0",,"67","42"
"USW00003131","SAN DIEGO MONTGOMERY FIELD, CA US","2013-01-31","0.00","0.0","0.0",,"72","44"
"USW00003131","SAN DIEGO MONTGOMERY FIELD, CA US","2013-02-01","0.00","0.0","0.0",,"73","47"
"USW00003131","SAN DIEGO MONTGOMERY FIELD, CA US","2013-02-02","0.01","0.0","0.0",,"78","50"
"USW00003131","SAN DIEGO MONTGOMERY FIELD, CA US","2013-02-03","0.00","0.0","0.0",,"73","52"
"USW00003131","SAN DIEGO MONTGOMERY FIELD, CA US","2013-02-04","0.00",,"0.0",,"65","46"
"USW00003131","SAN DIEGO MONTGOMERY FIELD, CA US","2013-02-05","0.00","0.0","0.0",,"57","51"
"USW00003131","SAN DIEGO MONTGOMERY FIELD, CA US","2013-02-06","0.00","0.0","0.0",,"61","48"
"USW00003131","SAN DIEGO MONTGOMERY FIELD, CA US","2013-02-07","0.00","0.0","0.0",,"61","45"
"USW00003131","SAN DIEGO MONTGOMERY FIELD, CA US","2013-02-08","0.26",,"0.0",,"55","44"
"USW00003131","SAN DIEGO MONTGOMERY FIELD, CA US","2013-02-09","0.00","0.0","0.0",,"57","40"
"USW00003131","SAN DIEGO MONTGOMERY FIELD, CA US","2013-02-10","0.00","0.0","0.0",,"55","39"
"USW00003131","SAN DIEGO MONTGOMERY FIELD, CA US","2013-02-11","0.00","0.0","0.0",,"59","40"
"USW00003131","SAN DIEGO MONTGOMERY FIELD, CA US","2013-02-12","0.00","0.0","0.0",,"63","38"
"USW00003131","SAN DIEGO MONTGOMERY FIELD, CA US","2013-02-13","0.00","0.0","0.0",,"65","39"
"USW00003131","SAN DIEGO MONTGOMERY FIELD, CA US","2013-02-14","0.00","0.0","0.0",,"71","41"
"USW00003131","SAN DIEGO MONTGOMERY FIELD, CA US","2013-02-15","0.00","0.0","0.0",,"76","48"
"USW00003131","SAN DIEGO MONTGOMERY FIELD, CA US","2013-02-16","0.00","0.0","0.0",,"80","48"
"USW00003131","SAN DIEGO MONTGOMERY FIELD, CA US","2013-02-17","0.00","0.0","0.0",,"62","43"
"USW00003131","SAN DIEGO MONTGOMERY FIELD, CA US","2013-02-18","0.00","0.0","0.0",,"60","51"
"USW00003131","SAN DIEGO MONTGOMERY FIELD, CA US","2013-02-19","0.31",,"0.0",,"55","47"
"USW00003131","SAN DIEGO MONTGOMERY FIELD, CA US","2013-02-20","0.05",,"0.0",,"55","42"
"USW00003131","SAN DIEGO MONTGOMERY FIELD, CA US","2013-02-21","0.02",,"0.0",,"57","42"
"USW00003131","SAN DIEGO MONTGOMERY FIELD, CA US","2013-02-22","0.00","0.0","0.0",,"65","39"
"USW00003131","SAN DIEGO MONTGOMERY FIELD, CA US","2013-02-23","0.00","0.0","0.0",,"63","40"
"USW00003131","SAN DIEGO MONTGOMERY FIELD, CA US","2013-02-24","0.00","0.0","0.0",,"68","43"
"USW00003131","SAN DIEGO MONTGOMERY FIELD, CA US","2013-02-25","0.00","0.0","0.0",,"69","41"
"USW00003131","SAN DIEGO MONTGOMERY FIELD, CA US","2013-02-26","0.00","0.0","0.0",,"67","38"
"USW00003131","SAN DIEGO MONTGOMERY FIELD, CA US","2013-02-27","0.00",,"0.0",,"72","44"
"USW00003131","SAN DIEGO MONTGOMERY FIELD, CA US","2013-02-28","0.00",,"0.0",,"79","43"
"USW00003131","SAN DIEGO MONTGOMERY FIELD, CA US","2013-03-01","0.00","0.0","0.0",,"83","48"
"USW00003131","SAN DIEGO MONTGOMERY FIELD, CA US","2013-03-02","0.00","0.0","0.0",,"84","50"
"USW00003131","SAN DIEGO MONTGOMERY FIELD, CA US","2013-03-03","0.00","0.0","0.0",,"74","49"
"USW00003131","SAN DIEGO MONTGOMERY FIELD, CA US","2013-03-04","0.00","0.0","0.0",,"63","54"
"USW00003131","SAN DIEGO MONTGOMERY FIELD, CA US","2013-03-05","0.00","0.0","0.0",,"61","54"
"USW00003131","SAN DIEGO MONTGOMERY FIELD, CA US","2013-03-06","0.00","0.0","0.0",,"61","50"
"USW00003131","SAN DIEGO MONTGOMERY FIELD, CA US","2013-03-07","0.26","0.0","0.0",,"62","50"
"USW00003131","SAN DIEGO MONTGOMERY FIELD, CA US","2013-03-08","1.00",,"0.0",,"56","48"
"USW00003131","SAN DIEGO MONTGOMERY FIELD, CA US","2013-03-09","0.05",,"0.0",,"58","48"
"USW00003131","SAN DIEGO MONTGOMERY FIELD, CA US","2013-03-10","0.00","0.0","0.0",,"67","43"
"USW00003131","SAN DIEGO MONTGOMERY FIELD, CA US","2013-03-11","0.00","0.0","0.0",,"72","45"
"USW00003131","SAN DIEGO MONTGOMERY FIELD, CA US","2013-03-12","0.00","0.0","0.0",,"74","45"
"USW00003131","SAN DIEGO MONTGOMERY FIELD, CA US","2013-03-13","0.00","0.0","0.0",,"78","47"
"USW00003131","SAN DIEGO MONTGOMERY FIELD, CA US","2013-03-14","0.00","0.0","0.0",,"82","48"
"USW00003131","SAN DIEGO MONTGOMERY FIELD, CA US","2013-03-15","0.00","0.0","0.0",,"74","51"
"USW00003131","SAN DIEGO MONTGOMERY FIELD, CA US","2013-03-16","0.00","0.0","0.0",,"63","51"
"USW00003131","SAN DIEGO MONTGOMERY FIELD, CA US","2013-03-17","0.00","0.0","0.0",,"64","54"
"USW00003131","SAN DIEGO MONTGOMERY FIELD, CA US","2013-03-18","0.00","0.0","0.0",,"64","54"
"USW00003131","SAN DIEGO MONTGOMERY FIELD, CA US","2013-03-19","0.00","0.0","0.0",,"69","55"
"USW00003131","SAN DIEGO MONTGOMERY FIELD, CA US","2013-03-20","0.00","0.0","0.0",,"71","53"
"USW00003131","SAN DIEGO MONTGOMERY FIELD, CA US","2013-03-21","0.00","0.0","0.0",,"68","53"
"USW00003131","SAN DIEGO MONTGOMERY FIELD, CA US","2013-03-22","0.00","0.0","0.0",,"67","52"
"USW00003131","SAN DIEGO MONTGOMERY FIELD, CA US","2013-03-23","0.00","0.0","0.0",,"67","49"
"USW00003131","SAN DIEGO MONTGOMERY FIELD, CA US","2013-03-24","0.00","0.0","0.0",,"72","49"
"USW00003131","SAN DIEGO MONTGOMERY FIELD, CA US","2013-03-25","0.00","0.0","0.0",,"70","50"
"USW00003131","SAN DIEGO MONTGOMERY FIELD, CA US","2013-03-26","0.00","0.0","0.0",,"68","55"
"USW00003131","SAN DIEGO MONTGOMERY FIELD, CA US","2013-03-27","0.00","0.0","0.0",,"67","56"
"USW00003131","SAN DIEGO MONTGOMERY FIELD, CA US","2013-03-28","0.00","0.0","0.0",,"74","54"
"USW00003131","SAN DIEGO MONTGOMERY FIELD, CA US","2013-03-29","0.00","0.0","0.0",,"71","56"
"USW00003131","SAN DIEGO MONTGOMERY FIELD, CA US","2013-03-30","0.00","0.0","0.0",,"71","55"
"USW00003131","SAN DIEGO MONTGOMERY FIELD, CA US","2013-03-31","0.00","0.0","0.0",,"73","55"
"USW00003131","SAN DIEGO MONTGOMERY FIELD, CA US","2013-04-01","0.00","0.0","0.0",,"67","55"
"USW00003131","SAN DIEGO MONTGOMERY FIELD, CA US","2013-04-02","0.00","0.0","0.0",,"68","55"
"USW00003131","SAN DIEGO MONTGOMERY FIELD, CA US","2013-04-03","0.00","0.0","0.0",,"74","53"
"USW00003131","SAN DIEGO MONTGOMERY FIELD, CA US","2013-04-04","0.00","0.0","0.0",,"73","56"
"USW00003131","SAN DIEGO MONTGOMERY FIELD, CA US","2013-04-05","0.00","0.0","0.0",,"67","58"
"USW00003131","SAN DIEGO MONTGOMERY FIELD, CA US","2013-04-06","0.00","0.0","0.0",,"69","58"
"USW00003131","SAN DIEGO MONTGOMERY FIELD, CA US","2013-04-07","0.00","0.0","0.0",,"68","58"
"USW00003131","SAN DIEGO MONTGOMERY FIELD, CA US","2013-04-08","0.00","0.0","0.0",,"61","52"
"USW00003131","SAN DIEGO MONTGOMERY FIELD, CA US","2013-04-09","0.00","0.0","0.0",,"70","51"
"USW00003131","SAN DIEGO MONTGOMERY FIELD, CA US","2013-04-10","0.00","0.0","0.0",,"75","48"
"USW00003131","SAN DIEGO MONTGOMERY FIELD, CA US","2013-04-11","0.00","0.0","0.0",,"69","51"
"USW00003131","SAN DIEGO MONTGOMERY FIELD, CA US","2013-04-12","0.00","0.0","0.0",,"69","57"
"USW00003131","SAN DIEGO MONTGOMERY FIELD, CA US","2013-04-13","0.00","0.0","0.0",,"61","56"
"USW00003131","SAN DIEGO MONTGOMERY FIELD, CA US","2013-04-14","0.01","0.0","0.0",,"59","54"
"USW00003131","SAN DIEGO MONTGOMERY FIELD, CA US","2013-04-15","0.05","0.0","0.0",,"62","53"
"USW00003131","SAN DIEGO MONTGOMERY FIELD, CA US","2013-04-16","0.02",,"0.0",,"60","48"
"USW00003131","SAN DIEGO MONTGOMERY FIELD, CA US","2013-04-17","0.00","0.0","0.0",,"69","46"
"USW00003131","SAN DIEGO MONTGOMERY FIELD, CA US","2013-04-18","0.00","0.0","0.0",,"80","50"
"USW00003131","SAN DIEGO MONTGOMERY FIELD, CA US","2013-04-19","0.00","0.0","0.0",,"82","48"
"USW00003131","SAN DIEGO MONTGOMERY FIELD, CA US","2013-04-20","0.00","0.0","0.0",,"81","49"
"USW00003131","SAN DIEGO MONTGOMERY FIELD, CA US","2013-04-21","0.00","0.0","0.0",,"72","54"
"USW00003131","SAN DIEGO MONTGOMERY FIELD, CA US","2013-04-22","0.00","0.0","0.0",,"70","56"
"USW00003131","SAN DIEGO MONTGOMERY FIELD, CA US","2013-04-23","0.00","0.0","0.0",,"69","57"
"USW00003131","SAN DIEGO MONTGOMERY FIELD, CA US","2013-04-24","0.00","0.0","0.0",,"63","58"
"USW00003131","SAN DIEGO MONTGOMERY FIELD, CA US","2013-04-25","0.00","0.0","0.0",,"72","56"
"USW00003131","SAN DIEGO MONTGOMERY FIELD, CA US","2013-04-26","0.00","0.0","0.0",,"73","53"
"USW00003131","SAN DIEGO MONTGOMERY FIELD, CA US","2013-04-27","0.00","0.0","0.0",,"72","57"
"USW00003131","SAN DIEGO MONTGOMERY FIELD, CA US","2013-04-28","0.00","0.0","0.0",,"73","58"
"USW00003131","SAN DIEGO MONTGOMERY FIELD, CA US","2013-04-29","0.00","0.0","0.0",,"70","58"
"USW00003131","SAN DIEGO MONTGOMERY FIELD, CA US","2013-04-30","0.00","0.0","0.0",,"66","58"
"USW00003131","SAN DIEGO MONTGOMERY FIELD, CA US","2013-05-01","0.00","0.0","0.0",,"72","60"
"USW00003131","SAN DIEGO MONTGOMERY FIELD, CA US","2013-05-02","0.00","0.0","0.0",,"84","58"
"USW00003131","SAN DIEGO MONTGOMERY FIELD, CA US","2013-05-03","0.00","0.0","0.0",,"93","56"
"USW00003131","SAN DIEGO MONTGOMERY FIELD, CA US","2013-05-04","0.00","0.0","0.0",,"68","58"
"USW00003131","SAN DIEGO MONTGOMERY FIELD, CA US","2013-05-05","0.05","0.0","0.0",,"65","59"
"USW00003131","SAN DIEGO MONTGOMERY FIELD, CA US","2013-05-06","0.27","0.0","0.0",,"67","58"
"USW00003131","SAN DIEGO MONTGOMERY FIELD, CA US","2013-05-07","0.02","0.0","0.0",,"69","57"
"USW00003131","SAN DIEGO MONTGOMERY FIELD, CA US","2013-05-08","0.01","0.0","0.0",,"70","56"
"USW00003131","SAN DIEGO MONTGOMERY FIELD, CA US","2013-05-09","0.00","0.0","0.0",,,
"USW00003131","SAN DIEGO MONTGOMERY FIELD, CA US","2013-05-10","0.00","0.0","0.0",,"72","57"
"USW00003131","SAN DIEGO MONTGOMERY FIELD, CA US","2013-05-11","0.00","0.0","0.0",,"83","59"
"USW00003131","SAN DIEGO MONTGOMERY FIELD, CA US","2013-05-12","0.00","0.0","0.0",,"90","58"
"USW00003131","SAN DIEGO MONTGOMERY FIELD, CA US","2013-05-13","0.00","0.0","0.0",,"97","67"
"USW00003131","SAN DIEGO MONTGOMERY FIELD, CA US","2013-05-14","0.00","0.0","0.0",,"77","61"
"USW00003131","SAN DIEGO MONTGOMERY FIELD, CA US","2013-05-15","0.00","0.0","0.0",,"71","60"
"USW00003131","SAN DIEGO MONTGOMERY FIELD, CA US","2013-05-16","0.00","0.0","0.0",,"69","60"
"USW00003131","SAN DIEGO MONTGOMERY FIELD, CA US","2013-05-17","0.00","0.0","0.0",,"71","61"
"USW00003131","SAN DIEGO MONTGOMERY FIELD, CA US","2013-05-18","0.00","0.0","0.0",,"72","60"
"USW00003131","SAN DIEGO MONTGOMERY FIELD, CA US","2013-05-19","0.00","0.0","0.0",,"72","61"
"USW00003131","SAN DIEGO MONTGOMERY FIELD, CA US","2013-05-20","0.00","0.0","0.0",,"75","60"
"USW00003131","SAN DIEGO MONTGOMERY FIELD, CA US","2013-05-21","0.00","0.0","0.0",,"75","62"
"USW00003131","SAN DIEGO MONTGOMERY FIELD, CA US","2013-05-22","0.00","0.0","0.0",,"70","61"
"USW00003131","SAN DIEGO MONTGOMERY FIELD, CA US","2013-05-23","0.00","0.0","0.0",,"69","59"
"USW00003131","SAN DIEGO MONTGOMERY FIELD, CA US","2013-05-24","0.00","0.0","0.0",,"68","59"
"USW00003131","SAN DIEGO MONTGOMERY FIELD, CA US","2013-05-25","0.00","0.0","0.0",,"70","59"
"USW00003131","SAN DIEGO MONTGOMERY FIELD, CA US","2013-05-26","0.00","0.0","0.0",,"70","59"
"USW00003131","SAN DIEGO MONTGOMERY FIELD, CA US","2013-05-27","0.00","0.0","0.0",,"72","59"
"USW00003131","SAN DIEGO MONTGOMERY FIELD, CA US","2013-05-28","0.00","0.0","0.0",,"73","60"
"USW00003131","SAN DIEGO MONTGOMERY FIELD, CA US","2013-05-29","0.00","0.0","0.0",,"76","61"
"USW00003131","SAN DIEGO MONTGOMERY FIELD, CA US","2013-05-30","0.00","0.0","0.0",,"73","62"
"USW00003131","SAN DIEGO MONTGOMERY FIELD, CA US","2013-05-31","0.00","0.0","0.0",,"74","61"
"USW00003131","SAN DIEGO MONTGOMERY FIELD, CA US","2013-06-01","0.00","0.0","0.0",,"74","61"
"USW00003131","SAN DIEGO MONTGOMERY FIELD, CA US","2013-06-02","0.00","0.0","0.0",,"68","61"
"USW00003131","SAN DIEGO MONTGOMERY FIELD, CA US","2013-06-03","0.00","0.0","0.0",,"71","62"
"USW00003131","SAN DIEGO MONTGOMERY FIELD, CA US","2013-06-04","0.00","0.0","0.0",,"72","62"
"USW00003131","SAN DIEGO MONTGOMERY FIELD, CA US","2013-06-05","0.00","0.0","0.0",,"72","62"
"USW00003131","SAN DIEGO MONTGOMERY FIELD, CA US","2013-06-06","0.00","0.0","0.0",,"71","61"
"USW00003131","SAN DIEGO MONTGOMERY FIELD, CA US","2013-06-07","0.00","0.0","0.0",,"70","61"
"USW00003131","SAN DIEGO MONTGOMERY FIELD, CA US","2013-06-08","0.00","0.0","0.0",,"68","60"
"USW00003131","SAN DIEGO MONTGOMERY FIELD, CA US","2013-06-09","0.00","0.0","0.0",,"71","60"
"USW00003131","SAN DIEGO MONTGOMERY FIELD, CA US","2013-06-10","0.00","0.0","0.0",,"73","60"
"USW00003131","SAN DIEGO MONTGOMERY FIELD, CA US","2013-06-11","0.00","0.0","0.0",,"77","61"
"USW00003131","SAN DIEGO MONTGOMERY FIELD, CA US","2013-06-12","0.00","0.0","0.0",,"70","61"
"USW00003131","SAN DIEGO MONTGOMERY FIELD, CA US","2013-06-13","0.00","0.0","0.0",,"73","62"
"USW00003131","SAN DIEGO MONTGOMERY FIELD, CA US","2013-06-14","0.00","0.0","0.0",,"71","59"
"USW00003131","SAN DIEGO MONTGOMERY FIELD, CA US","2013-06-15","0.00","0.0","0.0",,"71","59"
"USW00003131","SAN DIEGO MONTGOMERY FIELD, CA US","2013-06-16","0.00","0.0","0.0",,"75","60"
"USW00003131","SAN DIEGO MONTGOMERY FIELD, CA US","2013-06-17","0.00","0.0","0.0",,"76","61"
"USW00003131","SAN DIEGO MONTGOMERY FIELD, CA US","2013-06-18","0.00","0.0","0.0",,"73","61"
"USW00003131","SAN DIEGO MONTGOMERY FIELD, CA US","2013-06-19","0.00","0.0","0.0",,"74","61"
"USW00003131","SAN DIEGO MONTGOMERY FIELD, CA US","2013-06-20","0.00","0.0","0.0",,"77","63"
"USW00003131","SAN DIEGO MONTGOMERY FIELD, CA US","2013-06-21","0.00","0.0","0.0",,"78","63"
"USW00003131","SAN DIEGO MONTGOMERY FIELD, CA US","2013-06-22","0.00","0.0","0.0",,"74","62"
"USW00003131","SAN DIEGO MONTGOMERY FIELD, CA US","2013-06-23","0.00","0.0","0.0",,"71","61"
"USW00003131","SAN DIEGO MONTGOMERY FIELD, CA US","2013-06-24","0.00","0.0","0.0",,"73","63"
"USW00003131","SAN DIEGO MONTGOMERY FIELD, CA US","2013-06-25","0.00","0.0","0.0",,"77","63"
"USW00003131","SAN DIEGO MONTGOMERY FIELD, CA US","2013-06-26","0.00","0.0","0.0",,"85","65"
"USW00003131","SAN DIEGO MONTGOMERY FIELD, CA US","2013-06-27","0.00","0.0","0.0",,"85","65"
"USW00003131","SAN DIEGO MONTGOMERY FIELD, CA US","2013-06-28","0.00","0.0","0.0",,"88","64"
"USW00003131","SAN DIEGO MONTGOMERY FIELD, CA US","2013-06-29","0.00","0.0","0.0",,"87","67"
"USW00003131","SAN DIEGO MONTGOMERY FIELD, CA US","2013-06-30","0.00","0.0","0.0",,"82","66"
"USW00003131","SAN DIEGO MONTGOMERY FIELD, CA US","2013-07-01","0.00","0.0","0.0",,"88","65"
"USW00003131","SAN DIEGO MONTGOMERY FIELD, CA US","2013-07-02","0.00","0.0",,,"77","67"
"USW00003131","SAN DIEGO MONTGOMERY FIELD, CA US","2013-07-03","0.00","0.0","0.0",,"86","66"
"USW00003131","SAN DIEGO MONTGOMERY FIELD, CA US","2013-07-04","0.00","0.0","0.0",,"80","65"
"USW00003131","SAN DIEGO MONTGOMERY FIELD, CA US","2013-07-05","0.00","0.0","0.0",,"77","66"
"USW00003131","SAN DIEGO MONTGOMERY FIELD, CA US","2013-07-06","0.00","0.0","0.0",,"78","67"
"USW00003131","SAN DIEGO MONTGOMERY FIELD, CA US","2013-07-07","0.00","0.0","0.0",,"79","66"
"USW00003131","SAN DIEGO MONTGOMERY FIELD, CA US","2013-07-08","0.00","0.0","0.0",,"84","67"
"USW00003131","SAN DIEGO MONTGOMERY FIELD, CA US","2013-07-09","0.00","0.0","0.0",,"84","68"
"USW00003131","SAN DIEGO MONTGOMERY FIELD, CA US","2013-07-10","0.00","0.0","0.0",,"76","66"
"USW00003131","SAN DIEGO MONTGOMERY FIELD, CA US","2013-07-11","0.00","0.0","0.0",,"76","65"
"USW00003131","SAN DIEGO MONTGOMERY FIELD, CA US","2013-07-12","0.00","0.0","0.0",,"79","65"
"USW00003131","SAN DIEGO MONTGOMERY FIELD, CA US","2013-07-13","0.00","0.0","0.0",,"81","66"
"USW00003131","SAN DIEGO MONTGOMERY FIELD, CA US","2013-07-14","0.00","0.0","0.0",,"79","65"
"USW00003131","SAN DIEGO MONTGOMERY FIELD, CA US","2013-07-15","0.00","0.0","0.0",,"81","64"
"USW00003131","SAN DIEGO MONTGOMERY FIELD, CA US","2013-07-16","0.00","0.0","0.0",,"81","64"
"USW00003131","SAN DIEGO MONTGOMERY FIELD, CA US","2013-07-17","0.00","0.0","0.0",,"82","61"
"USW00003131","SAN DIEGO MONTGOMERY FIELD, CA US","2013-07-18","0.00","0.0","0.0",,"79","64"
"USW00003131","SAN DIEGO MONTGOMERY FIELD, CA US","2013-07-19","0.00","0.0","0.0",,"73","62"
"USW00003131","SAN DIEGO MONTGOMERY FIELD, CA US","2013-07-20","0.00","0.0","0.0",,"72","61"
"USW00003131","SAN DIEGO MONTGOMERY FIELD, CA US","2013-07-21","0.00","0.0","0.0",,"73","63"
"USW00003131","SAN DIEGO MONTGOMERY FIELD, CA US","2013-07-22","0.00","0.0","0.0",,"80","64"
"USW00003131","SAN DIEGO MONTGOMERY FIELD, CA US","2013-07-23","0.00","0.0","0.0",,"79","65"
"USW00003131","SAN DIEGO MONTGOMERY FIELD, CA US","2013-07-24","0.00","0.0","0.0",,"76","64"
"USW00003131","SAN DIEGO MONTGOMERY FIELD, CA US","2013-07-25","0.00","0.0","0.0",,"76","63"
"USW00003131","SAN DIEGO MONTGOMERY FIELD, CA US","2013-07-26","0.00","0.0","0.0",,"76","65"
"USW00003131","SAN DIEGO MONTGOMERY FIELD, CA US","2013-07-27","0.00","0.0","0.0",,"74","62"
"USW00003131","SAN DIEGO MONTGOMERY FIELD, CA US","2013-07-28","0.00","0.0","0.0",,"73","61"
"USW00003131","SAN DIEGO MONTGOMERY FIELD, CA US","2013-07-29","0.00","0.0","0.0",,"74","62"
"USW00003131","SAN DIEGO MONTGOMERY FIELD, CA US","2013-07-30","0.00","0.0","0.0",,"75","62"
"USW00003131","SAN DIEGO MONTGOMERY FIELD, CA US","2013-07-31","0.00","0.0","0.0",,"73","62"
"USW00003131","SAN DIEGO MONTGOMERY FIELD, CA US","2013-08-01","0.00","0.0","0.0",,"74","63"
"USW00003131","SAN DIEGO MONTGOMERY FIELD, CA US","2013-08-02","0.00","0.0","0.0",,"73","63"
"USW00003131","SAN DIEGO MONTGOMERY FIELD, CA US","2013-08-03","0.00","0.0","0.0",,"74","62"
"USW00003131","SAN DIEGO MONTGOMERY FIELD, CA US","2013-08-04","0.00","0.0","0.0",,"75","61"
"USW00003131","SAN DIEGO MONTGOMERY FIELD, CA US","2013-08-05","0.00","0.0","0.0",,"76","62"
"USW00003131","SAN DIEGO MONTGOMERY FIELD, CA US","2013-08-06","0.00","0.0","0.0",,"75","61"
"USW00003131","SAN DIEGO MONTGOMERY FIELD, CA US","2013-08-07","0.00","0.0","0.0",,"77","62"
"USW00003131","SAN DIEGO MONTGOMERY FIELD, CA US","2013-08-08","0.00","0.0","0.0",,"76","62"
"USW00003131","SAN DIEGO MONTGOMERY FIELD, CA US","2013-08-09","0.00","0.0","0.0",,"74","61"
"USW00003131","SAN DIEGO MONTGOMERY FIELD, CA US","2013-08-10","0.00","0.0","0.0",,"72","60"
"USW00003131","SAN DIEGO MONTGOMERY FIELD, CA US","2013-08-11","0.00","0.0","0.0",,"75","60"
"USW00003131","SAN DIEGO MONTGOMERY FIELD, CA US","2013-08-12","0.00","0.0","0.0",,"76","62"
"USW00003131","SAN DIEGO MONTGOMERY FIELD, CA US","2013-08-13","0.00","0.0","0.0",,"75","62"
"USW00003131","SAN DIEGO MONTGOMERY FIELD, CA US","2013-08-14","0.00","0.0","0.0",,"76","62"
"USW00003131","SAN DIEGO MONTGOMERY FIELD, CA US","2013-08-15","0.00","0.0","0.0",,"77","62"
"USW00003131","SAN DIEGO MONTGOMERY FIELD, CA US","2013-08-16","0.00","0.0","0.0",,"80","64"
"USW00003131","SAN DIEGO MONTGOMERY FIELD, CA US","2013-08-17","0.00","0.0","0.0",,"83","63"
"USW00003131","SAN DIEGO MONTGOMERY FIELD, CA US","2013-08-18","0.00","0.0","0.0",,"76","62"
"USW00003131","SAN DIEGO MONTGOMERY FIELD, CA US","2013-08-19","0.00","0.0","0.0",,"77","62"
"USW00003131","SAN DIEGO MONTGOMERY FIELD, CA US","2013-08-20","0.00","0.0","0.0",,"79","63"
"USW00003131","SAN DIEGO MONTGOMERY FIELD, CA US","2013-08-21","0.00","0.0","0.0",,"81","63"
"USW00003131","SAN DIEGO MONTGOMERY FIELD, CA US","2013-08-22","0.00","0.0","0.0",,"84","63"
"USW00003131","SAN DIEGO MONTGOMERY FIELD, CA US","2013-08-23","0.00","0.0","0.0",,"83","65"
"USW00003131","SAN DIEGO MONTGOMERY FIELD, CA US","2013-08-24","0.00","0.0","0.0",,"80","63"
"USW00003131","SAN DIEGO MONTGOMERY FIELD, CA US","2013-08-25","0.00","0.0","0.0",,"86","62"
"USW00003131","SAN DIEGO MONTGOMERY FIELD, CA US","2013-08-26","0.00","0.0","0.0",,"86","69"
"USW00003131","SAN DIEGO MONTGOMERY FIELD, CA US","2013-08-27","0.00","0.0","0.0",,"85","68"
"USW00003131","SAN DIEGO MONTGOMERY FIELD, CA US","2013-08-28","0.00","0.0","0.0",,"90","67"
"USW00003131","SAN DIEGO MONTGOMERY FIELD, CA US","2013-08-29","0.00","0.0","0.0",,"93","69"
"USW00003131","SAN DIEGO MONTGOMERY FIELD, CA US","2013-08-30","0.00","0.0","0.0",,"91","73"
"USW00003131","SAN DIEGO MONTGOMERY FIELD, CA US","2013-08-31","0.00","0.0","0.0",,"86","74"
"USW00003131","SAN DIEGO MONTGOMERY FIELD, CA US","2013-09-01","0.00","0.0","0.0",,"86","71"
"USW00003131","SAN DIEGO MONTGOMERY FIELD, CA US","2013-09-02","0.00","0.0","0.0",,"83","67"
"USW00003131","SAN DIEGO MONTGOMERY FIELD, CA US","2013-09-03","0.00","0.0","0.0",,"91","70"
"USW00003131","SAN DIEGO MONTGOMERY FIELD, CA US","2013-09-04","0.00","0.0","0.0",,"94","71"
"USW00003131","SAN DIEGO MONTGOMERY FIELD, CA US","2013-09-05","0.00","0.0","0.0",,"92","71"
"USW00003131","SAN DIEGO MONTGOMERY FIELD, CA US","2013-09-06","0.00","0.0","0.0",,"97","71"
"USW00003131","SAN DIEGO MONTGOMERY FIELD, CA US","2013-09-07","0.00","0.0","0.0",,"90","70"
"USW00003131","SAN DIEGO MONTGOMERY FIELD, CA US","2013-09-08","0.00","0.0","0.0",,"87","66"
"USW00003131","SAN DIEGO MONTGOMERY FIELD, CA US","2013-09-09","0.00","0.0","0.0",,"79","65"
"USW00003131","SAN DIEGO MONTGOMERY FIELD, CA US","2013-09-10","0.00","0.0","0.0",,"75","65"
"USW00003131","SAN DIEGO MONTGOMERY FIELD, CA US","2013-09-11","0.00","0.0","0.0",,"77","63"
"USW00003131","SAN DIEGO MONTGOMERY FIELD, CA US","2013-09-12","0.00","0.0","0.0",,"79","62"
"USW00003131","SAN DIEGO MONTGOMERY FIELD, CA US","2013-09-13","0.00","0.0","0.0",,"81","62"
"USW00003131","SAN DIEGO MONTGOMERY FIELD, CA US","2013-09-14","0.00","0.0","0.0",,"83","63"
"USW00003131","SAN DIEGO MONTGOMERY FIELD, CA US","2013-09-15","0.00","0.0","0.0",,"89","64"
"USW00003131","SAN DIEGO MONTGOMERY FIELD, CA US","2013-09-16","0.00","0.0","0.0",,"82","63"
"USW00003131","SAN DIEGO MONTGOMERY FIELD, CA US","2013-09-17","0.00","0.0","0.0",,"76","63"
"USW00003131","SAN DIEGO MONTGOMERY FIELD, CA US","2013-09-18","0.00","0.0","0.0",,"73","62"
"USW00003131","SAN DIEGO MONTGOMERY FIELD, CA US","2013-09-19","0.00","0.0","0.0",,"74","60"
"USW00003131","SAN DIEGO MONTGOMERY FIELD, CA US","2013-09-20","0.00","0.0","0.0",,"71","63"
"USW00003131","SAN DIEGO MONTGOMERY FIELD, CA US","2013-09-21","0.00","0.0","0.0",,"74","64"
"USW00003131","SAN DIEGO MONTGOMERY FIELD, CA US","2013-09-22","0.00","0.0","0.0",,"74","59"
"USW00003131","SAN DIEGO MONTGOMERY FIELD, CA US","2013-09-23","0.00","0.0","0.0",,"85","59"
"USW00003131","SAN DIEGO MONTGOMERY FIELD, CA US","2013-09-24","0.00","0.0","0.0",,"80","59"
"USW00003131","SAN DIEGO MONTGOMERY FIELD, CA US","2013-09-25","0.00","0.0","0.0",,"72","61"
"USW00003131","SAN DIEGO MONTGOMERY FIELD, CA US","2013-09-26","0.00","0.0","0.0",,"71","58"
"USW00003131","SAN DIEGO MONTGOMERY FIELD, CA US","2013-09-27","0.00","0.0","0.0",,"81","53"
"USW00003131","SAN DIEGO MONTGOMERY FIELD, CA US","2013-09-28","0.00","0.0","0.0",,"87","55"
"USW00003131","SAN DIEGO MONTGOMERY FIELD, CA US","2013-09-29","0.00","0.0","0.0",,"85","56"
"USW00003131","SAN DIEGO MONTGOMERY FIELD, CA US","2013-09-30","0.00","0.0","0.0",,"84","55"
"USW00003131","SAN DIEGO MONTGOMERY FIELD, CA US","2013-10-01","0.00","0.0","0.0",,"75","60"
"USW00003131","SAN DIEGO MONTGOMERY FIELD, CA US","2013-10-02","0.00","0.0","0.0",,"72","62"
"USW00003131","SAN DIEGO MONTGOMERY FIELD, CA US","2013-10-03","0.00","0.0","0.0",,"72","61"
"USW00003131","SAN DIEGO MONTGOMERY FIELD, CA US","2013-10-04","0.00","0.0","0.0",,"80","59"
"USW00003131","SAN DIEGO MONTGOMERY FIELD, CA US","2013-10-05","0.00","0.0","0.0",,"90","54"
"USW00003131","SAN DIEGO MONTGOMERY FIELD, CA US","2013-10-06","0.00","0.0","0.0",,"89","55"
"USW00003131","SAN DIEGO MONTGOMERY FIELD, CA US","2013-10-07","0.00","0.0","0.0",,"83","57"
"USW00003131","SAN DIEGO MONTGOMERY FIELD, CA US","2013-10-08","0.00","0.0","0.0",,"69","58"
"USW00003131","SAN DIEGO MONTGOMERY FIELD, CA US","2013-10-09","0.30","0.0","0.0",,"65","56"
"USW00003131","SAN DIEGO MONTGOMERY FIELD, CA US","2013-10-10","0.00","0.0","0.0",,"68","52"
"USW00003131","SAN DIEGO MONTGOMERY FIELD, CA US","2013-10-11","0.00","0.0","0.0",,"71","50"
"USW00003131","SAN DIEGO MONTGOMERY FIELD, CA US","2013-10-12","0.00","0.0","0.0",,"71","58"
"USW00003131","SAN DIEGO MONTGOMERY FIELD, CA US","2013-10-13","0.00","0.0","0.0",,"68","54"
"USW00003131","SAN DIEGO MONTGOMERY FIELD, CA US","2013-10-14","0.00","0.0","0.0",,"78","50"
"USW00003131","SAN DIEGO MONTGOMERY FIELD, CA US","2013-10-15","0.00","0.0","0.0",,"82","54"
"USW00003131","SAN DIEGO MONTGOMERY FIELD, CA US","2013-10-16","0.00","0.0","0.0",,"86","56"
"USW00003131","SAN DIEGO MONTGOMERY FIELD, CA US","2013-10-17","0.00","0.0","0.0",,"84","54"
"USW00003131","SAN DIEGO MONTGOMERY FIELD, CA US","2013-10-18","0.00","0.0","0.0",,"80","51"
"USW00003131","SAN DIEGO MONTGOMERY FIELD, CA US","2013-10-19","0.00","0.0","0.0",,"82","53"
"USW00003131","SAN DIEGO MONTGOMERY FIELD, CA US","2013-10-20","0.00","0.0","0.0",,"77","50"
"USW00003131","SAN DIEGO MONTGOMERY FIELD, CA US","2013-10-21","0.00","0.0","0.0",,"74","51"
"USW00003131","SAN DIEGO MONTGOMERY FIELD, CA US","2013-10-22","0.00","0.0","0.0",,"71","56"
"USW00003131","SAN DIEGO MONTGOMERY FIELD, CA US","2013-10-23","0.00","0.0","0.0",,"67","60"
"USW00003131","SAN DIEGO MONTGOMERY FIELD, CA US","2013-10-24","0.00","0.0","0.0",,"66","59"
"USW00003131","SAN DIEGO MONTGOMERY FIELD, CA US","2013-10-25","0.00","0.0","0.0",,"70","59"
"USW00003131","SAN DIEGO MONTGOMERY FIELD, CA US","2013-10-26","0.00","0.0","0.0",,"75","57"
"USW00003131","SAN DIEGO MONTGOMERY FIELD, CA US","2013-10-27","0.00","0.0","0.0",,"71","55"
"USW00003131","SAN DIEGO MONTGOMERY FIELD, CA US","2013-10-28","0.04","0.0","0.0",,"64","57"
"USW00003131","SAN DIEGO MONTGOMERY FIELD, CA US","2013-10-29","0.17","0.0","0.0",,"65","53"
"USW00003131","SAN DIEGO MONTGOMERY FIELD, CA US","2013-10-30","0.00","0.0","0.0",,"67","50"
"USW00003131","SAN DIEGO MONTGOMERY FIELD, CA US","2013-10-31","0.00",,"0.0",,"76","49"
"USW00003131","SAN DIEGO MONTGOMERY FIELD, CA US","2013-11-01","0.00","0.0","0.0",,"83","50"
"USW00003131","SAN DIEGO MONTGOMERY FIELD, CA US","2013-11-02","0.00","0.0","0.0",,"73","51"
"USW00003131","SAN DIEGO MONTGOMERY FIELD, CA US","2013-11-03","0.00","0.0","0.0",,"67","58"
"USW00003131","SAN DIEGO MONTGOMERY FIELD, CA US","2013-11-04","0.00","0.0","0.0",,"65","53"
"USW00003131","SAN DIEGO MONTGOMERY FIELD, CA US","2013-11-05","0.00","0.0","0.0",,"73","47"
"USW00003131","SAN DIEGO MONTGOMERY FIELD, CA US","2013-11-06","0.00","0.0","0.0",,"78","45"
"USW00003131","SAN DIEGO MONTGOMERY FIELD, CA US","2013-11-07","0.00","0.0","0.0",,"85","50"
"USW00003131","SAN DIEGO MONTGOMERY FIELD, CA US","2013-11-08","0.00","0.0","0.0",,"76","50"
"USW00003131","SAN DIEGO MONTGOMERY FIELD, CA US","2013-11-09","0.00","0.0","0.0",,"76","45"
"USW00003131","SAN DIEGO MONTGOMERY FIELD, CA US","2013-11-10","0.00","0.0","0.0",,"80","53"
"USW00003131","SAN DIEGO MONTGOMERY FIELD, CA US","2013-11-11","0.00","0.0","0.0",,"74","49"
"USW00003131","SAN DIEGO MONTGOMERY FIELD, CA US","2013-11-12","0.00","0.0","0.0",,"79","53"
"USW00003131","SAN DIEGO MONTGOMERY FIELD, CA US","2013-11-13","0.00","0.0","0.0",,"89","53"
"USW00003131","SAN DIEGO MONTGOMERY FIELD, CA US","2013-11-14","0.00","0.0","0.0",,"85","57"
"USW00003131","SAN DIEGO MONTGOMERY FIELD, CA US","2013-11-15","0.00","0.0","0.0",,"65","57"
"USW00003131","SAN DIEGO MONTGOMERY FIELD, CA US","2013-11-16","0.04","0.0","0.0",,"65","56"
"USW00003131","SAN DIEGO MONTGOMERY FIELD, CA US","2013-11-17","0.00","0.0","0.0",,"67","50"
"USW00003131","SAN DIEGO MONTGOMERY FIELD, CA US","2013-11-18","0.00","0.0","0.0",,"68","49"
"USW00003131","SAN DIEGO MONTGOMERY FIELD, CA US","2013-11-19","0.00","0.0","0.0",,"64","56"
"USW00003131","SAN DIEGO MONTGOMERY FIELD, CA US","2013-11-20","0.01","0.0","0.0",,"66","55"
"USW00003131","SAN DIEGO MONTGOMERY FIELD, CA US","2013-11-21","0.22","0.0","0.0",,"62","54"
"USW00003131","SAN DIEGO MONTGOMERY FIELD, CA US","2013-11-22","0.01","0.0","0.0",,"64","52"
"USW00003131","SAN DIEGO MONTGOMERY FIELD, CA US","2013-11-23","0.00","0.0","0.0",,"66","51"
"USW00003131","SAN DIEGO MONTGOMERY FIELD, CA US","2013-11-24","0.00","0.0","0.0",,"66","47"
"USW00003131","SAN DIEGO MONTGOMERY FIELD, CA US","2013-11-25","0.00","0.0","0.0",,"70","45"
"USW00003131","SAN DIEGO MONTGOMERY FIELD, CA US","2013-11-26","0.00","0.0","0.0",,"76","46"
"USW00003131","SAN DIEGO MONTGOMERY FIELD, CA US","2013-11-27","0.00","0.0","0.0",,"74","51"
"USW00003131","SAN DIEGO MONTGOMERY FIELD, CA US","2013-11-28","0.00","0.0","0.0",,"66","47"
"USW00003131","SAN DIEGO MONTGOMERY FIELD, CA US","2013-11-29","0.01","0.0","0.0",,"65","53"
"USW00003131","SAN DIEGO MONTGOMERY FIELD, CA US","2013-11-30","0.00","0.0","0.0",,"71","50"
"USW00003131","SAN DIEGO MONTGOMERY FIELD, CA US","2013-12-01","0.00","0.0","0.0",,"78","49"
"USW00003131","SAN DIEGO MONTGOMERY FIELD, CA US","2013-12-02","0.00","0.0","0.0",,"77","47"
"USW00003131","SAN DIEGO MONTGOMERY FIELD, CA US","2013-12-03","0.03","0.0","0.0",,"62","47"
"USW00003131","SAN DIEGO MONTGOMERY FIELD, CA US","2013-12-04","0.00","0.0","0.0",,"60","47"
"USW00003131","SAN DIEGO MONTGOMERY FIELD, CA US","2013-12-05","0.00","0.0","0.0",,"58","43"
"USW00003131","SAN DIEGO MONTGOMERY FIELD, CA US","2013-12-06","0.00","0.0","0.0",,"58","42"
"USW00003131","SAN DIEGO MONTGOMERY FIELD, CA US","2013-12-07","0.18","0.0","0.0",,"57","45"
"USW00003131","SAN DIEGO MONTGOMERY FIELD, CA US","2013-12-08","0.00","0.0","0.0",,"55","43"
"USW00003131","SAN DIEGO MONTGOMERY FIELD, CA US","2013-12-09","0.00","0.0","0.0",,"60","37"
"USW00003131","SAN DIEGO MONTGOMERY FIELD, CA US","2013-12-10","0.00","0.0","0.0",,"64","39"
"USW00003131","SAN DIEGO MONTGOMERY FIELD, CA US","2013-12-11","0.00","0.0","0.0",,"69","44"
"USW00003131","SAN DIEGO MONTGOMERY FIELD, CA US","2013-12-12","0.00","0.0","0.0",,"67","43"
"USW00003131","SAN DIEGO MONTGOMERY FIELD, CA US","2013-12-13","0.00","0.0","0.0",,"66","39"
"USW00003131","SAN DIEGO MONTGOMERY FIELD, CA US","2013-12-14","0.00","0.0","0.0",,"73","39"
"USW00003131","SAN DIEGO MONTGOMERY FIELD, CA US","2013-12-15","0.00","0.0","0.0",,"77","42"
"USW00003131","SAN DIEGO MONTGOMERY FIELD, CA US","2013-12-16","0.00","0.0","0.0",,"84","50"
"USW00003131","SAN DIEGO MONTGOMERY FIELD, CA US","2013-12-17","0.00","0.0","0.0",,"78","52"
"USW00003131","SAN DIEGO MONTGOMERY FIELD, CA US","2013-12-18","0.00","0.0","0.0",,"66","53"
"USW00003131","SAN DIEGO MONTGOMERY FIELD, CA US","2013-12-19","0.20","0.0","0.0",,"57","47"
"USW00003131","SAN DIEGO MONTGOMERY FIELD, CA US","2013-12-20","0.00","0.0","0.0",,"61","41"
"USW00003131","SAN DIEGO MONTGOMERY FIELD, CA US","2013-12-21","0.00","0.0","0.0",,"60","44"
"USW00003131","SAN DIEGO MONTGOMERY FIELD, CA US","2013-12-22","0.00","0.0","0.0",,"69","42"
"USW00003131","SAN DIEGO MONTGOMERY FIELD, CA US","2013-12-23","0.00","0.0","0.0",,"75","43"
"USW00003131","SAN DIEGO MONTGOMERY FIELD, CA US","2013-12-24","0.00","0.0","0.0",,"77","44"
"USW00003131","SAN DIEGO MONTGOMERY FIELD, CA US","2013-12-25","0.00","0.0","0.0",,"78","47"
"USW00003131","SAN DIEGO MONTGOMERY FIELD, CA US","2013-12-26","0.00","0.0","0.0",,"76","45"
"USW00003131","SAN DIEGO MONTGOMERY FIELD, CA US","2013-12-27","0.00","0.0","0.0",,"79","42"
"USW00003131","SAN DIEGO MONTGOMERY FIELD, CA US","2013-12-28","0.00","0.0","0.0",,"71","48"
"USW00003131","SAN DIEGO MONTGOMERY FIELD, CA US","2013-12-29","0.00","0.0","0.0",,"73","39"
"USW00003131","SAN DIEGO MONTGOMERY FIELD, CA US","2013-12-30","0.00","0.0","0.0",,"74","42"
"USW00003131","SAN DIEGO MONTGOMERY FIELD, CA US","2013-12-31","0.00",,"0.0",,"71","41"
"USW00003131","SAN DIEGO MONTGOMERY FIELD, CA US","2014-01-01","0.00","0.0","0.0",,"74","40"
"USW00003131","SAN DIEGO MONTGOMERY FIELD, CA US","2014-01-02","0.00","0.0","0.0",,"77","43"
"USW00003131","SAN DIEGO MONTGOMERY FIELD, CA US","2014-01-03","0.00","0.0","0.0",,"71","44"
"USW00003131","SAN DIEGO MONTGOMERY FIELD, CA US","2014-01-04","0.00","0.0","0.0",,"69","48"
"USW00003131","SAN DIEGO MONTGOMERY FIELD, CA US","2014-01-05","0.00","0.0","0.0",,"75","44"
"USW00003131","SAN DIEGO MONTGOMERY FIELD, CA US","2014-01-06","0.00","0.0","0.0",,"75","45"
"USW00003131","SAN DIEGO MONTGOMERY FIELD, CA US","2014-01-07","0.00","0.0","0.0",,"68","42"
"USW00003131","SAN DIEGO MONTGOMERY FIELD, CA US","2014-01-08","0.00","0.0","0.0",,"64","44"
"USW00003131","SAN DIEGO MONTGOMERY FIELD, CA US","2014-01-09","0.00","0.0","0.0",,"63","48"
"USW00003131","SAN DIEGO MONTGOMERY FIELD, CA US","2014-01-10","0.00","0.0","0.0",,"71","44"
"USW00003131","SAN DIEGO MONTGOMERY FIELD, CA US","2014-01-11","0.00","0.0","0.0",,"73","45"
"USW00003131","SAN DIEGO MONTGOMERY FIELD, CA US","2014-01-12","0.00","0.0","0.0",,"65","44"
"USW00003131","SAN DIEGO MONTGOMERY FIELD, CA US","2014-01-13","0.00","0.0","0.0",,"80","46"
"USW00003131","SAN DIEGO MONTGOMERY FIELD, CA US","2014-01-14","0.00","0.0","0.0",,"85","47"
"USW00003131","SAN DIEGO MONTGOMERY FIELD, CA US","2014-01-15","0.00","0.0","0.0",,"85","49"
"USW00003131","SAN DIEGO MONTGOMERY FIELD, CA US","2014-01-16","0.00","0.0","0.0",,"83","47"
"USW00003131","SAN DIEGO MONTGOMERY FIELD, CA US","2014-01-17","0.00","0.0","0.0",,"83","49"
"USW00003131","SAN DIEGO MONTGOMERY FIELD, CA US","2014-01-18","0.00","0.0","0.0",,"80","45"
"USW00003131","SAN DIEGO MONTGOMERY FIELD, CA US","2014-01-19","0.00","0.0","0.0",,"78","46"
"USW00003131","SAN DIEGO MONTGOMERY FIELD, CA US","2014-01-20","0.00","0.0","0.0",,"79","46"
"USW00003131","SAN DIEGO MONTGOMERY FIELD, CA US","2014-01-21","0.00","0.0","0.0",,"78","49"
"USW00003131","SAN DIEGO MONTGOMERY FIELD, CA US","2014-01-22","0.00","0.0","0.0",,"75","46"
"USW00003131","SAN DIEGO MONTGOMERY FIELD, CA US","2014-01-23","0.00","0.0","0.0",,"66","43"
"USW00003131","SAN DIEGO MONTGOMERY FIELD, CA US","2014-01-24","0.00","0.0","0.0",,"66","53"
"USW00003131","SAN DIEGO MONTGOMERY FIELD, CA US","2014-01-25","0.00","0.0","0.0",,"72","55"
"USW00003131","SAN DIEGO MONTGOMERY FIELD, CA US","2014-01-26","0.00","0.0","0.0",,"68","50"
"USW00003131","SAN DIEGO MONTGOMERY FIELD, CA US","2014-01-27","0.00","0.0","0.0",,"69","52"
"USW00003131","SAN DIEGO MONTGOMERY FIELD, CA US","2014-01-28","0.00","0.0","0.0",,"70","48"
"USW00003131","SAN DIEGO MONTGOMERY FIELD, CA US","2014-01-29","0.00",,"0.0",,"74","48"
"USW00003131","SAN DIEGO MONTGOMERY FIELD, CA US","2014-01-30","0.02","0.0","0.0",,"61","53"
"USW00003131","SAN DIEGO MONTGOMERY FIELD, CA US","2014-01-31","0.02",,"0.0",,"60","48"
"USW00003131","SAN DIEGO MONTGOMERY FIELD, CA US","2014-02-01","0.00","0.0","0.0",,"63","42"
"USW00003131","SAN DIEGO MONTGOMERY FIELD, CA US","2014-02-02","0.00","0.0","0.0",,"62","40"
"USW00003131","SAN DIEGO MONTGOMERY FIELD, CA US","2014-02-03","0.14","0.0","0.0",,"59","47"
"USW00003131","SAN DIEGO MONTGOMERY FIELD, CA US","2014-02-04","0.00","0.0","0.0",,"60","45"
"USW00003131","SAN DIEGO MONTGOMERY FIELD, CA US","2014-02-05","0.00","0.0","0.0",,"62","46"
"USW00003131","SAN DIEGO MONTGOMERY FIELD, CA US","2014-02-06","0.19","0.0","0.0",,"60","49"
"USW00003131","SAN DIEGO MONTGOMERY FIELD, CA US","2014-02-07","0.10","0.0","0.0",,"62","52"
"USW00003131","SAN DIEGO MONTGOMERY FIELD, CA US","2014-02-08","0.00","0.0","0.0",,"65","47"
"USW00003131","SAN DIEGO MONTGOMERY FIELD, CA US","2014-02-09","0.00","0.0","0.0",,"64","53"
"USW00003131","SAN DIEGO MONTGOMERY FIELD, CA US","2014-02-10","0.00","0.0","0.0",,"65","49"
"USW00003131","SAN DIEGO MONTGOMERY FIELD, CA US","2014-02-11","0.00","0.0","0.0",,"75","45"
"USW00003131","SAN DIEGO MONTGOMERY FIELD, CA US","2014-02-12","0.00","0.0","0.0",,"80","49"
"USW00003131","SAN DIEGO MONTGOMERY FIELD, CA US","2014-02-13","0.00","0.0","0.0",,"82","50"
"USW00003131","SAN DIEGO MONTGOMERY FIELD, CA US","2014-02-14","0.00","0.0","0.0",,"80","50"
"USW00003131","SAN DIEGO MONTGOMERY FIELD, CA US","2014-02-15","0.00","0.0","0.0",,"81","50"
"USW00003131","SAN DIEGO MONTGOMERY FIELD, CA US","2014-02-16","0.00","0.0","0.0",,"77","49"
"USW00003131","SAN DIEGO MONTGOMERY FIELD, CA US","2014-02-17","0.00","0.0","0.0",,"69","48"
"USW00003131","SAN DIEGO MONTGOMERY FIELD, CA US","2014-02-18","0.00","0.0","0.0",,"64","54"
"USW00003131","SAN DIEGO MONTGOMERY FIELD, CA US","2014-02-19","0.00","0.0","0.0",,"66","51"
"USW00003131","SAN DIEGO MONTGOMERY FIELD, CA US","2014-02-20","0.00","0.0","0.0",,"82","47"
"USW00003131","SAN DIEGO MONTGOMERY FIELD, CA US","2014-02-21","0.00","0.0","0.0",,"78","52"
"USW00003131","SAN DIEGO MONTGOMERY FIELD, CA US","2014-02-22","0.00","0.0","0.0",,"72","48"
"USW00003131","SAN DIEGO MONTGOMERY FIELD, CA US","2014-02-23","0.00",,"0.0",,"71","46"
"USW00003131","SAN DIEGO MONTGOMERY FIELD, CA US","2014-02-24","0.00","0.0","0.0",,"71","46"
"USW00003131","SAN DIEGO MONTGOMERY FIELD, CA US","2014-02-25","0.00","0.0","0.0",,"67","54"
"USW00003131","SAN DIEGO MONTGOMERY FIELD, CA US","2014-02-26","0.00","0.0","0.0",,"66","53"
"USW00003131","SAN DIEGO MONTGOMERY FIELD, CA US","2014-02-27","0.12","0.0","0.0",,"65","55"
"USW00003131","SAN DIEGO MONTGOMERY FIELD, CA US","2014-02-28","0.76","0.0","0.0",,"65","55"
"USW00003131","SAN DIEGO MONTGOMERY FIELD, CA US","2014-03-01","0.58","0.0","0.0",,"62","52"
"USW00003131","SAN DIEGO MONTGOMERY FIELD, CA US","2014-03-02","0.21","0.0","0.0",,"63","52"
"USW00003131","SAN DIEGO MONTGOMERY FIELD, CA US","2014-03-03","0.01","0.0","0.0",,"66","48"
"USW00003131","SAN DIEGO MONTGOMERY FIELD, CA US","2014-03-04","0.00","0.0","0.0",,"65","54"
"USW00003131","SAN DIEGO MONTGOMERY FIELD, CA US","2014-03-05","0.00","0.0","0.0",,"71","50"
"USW00003131","SAN DIEGO MONTGOMERY FIELD, CA US","2014-03-06","0.00","0.0","0.0",,"71","56"
"USW00003131","SAN DIEGO MONTGOMERY FIELD, CA US","2014-03-07","0.00","0.0","0.0",,"69","56"
"USW00003131","SAN DIEGO MONTGOMERY FIELD, CA US","2014-03-08","0.00","0.0","0.0",,"80","48"
"USW00003131","SAN DIEGO MONTGOMERY FIELD, CA US","2014-03-09","0.00","0.0","0.0",,"82","52"
"USW00003131","SAN DIEGO MONTGOMERY FIELD, CA US","2014-03-10","0.00","0.0","0.0",,"79","52"
"USW00003131","SAN DIEGO MONTGOMERY FIELD, CA US","2014-03-11","0.00","0.0","0.0",,"71","48"
"USW00003131","SAN DIEGO MONTGOMERY FIELD, CA US","2014-03-12","0.00","0.0","0.0",,"70","53"
"USW00003131","SAN DIEGO MONTGOMERY FIELD, CA US","2014-03-13","0.00","0.0","0.0",,"66","54"
"USW00003131","SAN DIEGO MONTGOMERY FIELD, CA US","2014-03-14","0.00","0.0","0.0",,"70","50"
"USW00003131","SAN DIEGO MONTGOMERY FIELD, CA US","2014-03-15","0.00","0.0","0.0",,"82","51"
"USW00003131","SAN DIEGO MONTGOMERY FIELD, CA US","2014-03-16","0.00","0.0","0.0",,"89","55"
"USW00003131","SAN DIEGO MONTGOMERY FIELD, CA US","2014-03-17","0.00","0.0","0.0",,"74","51"
"USW00003131","SAN DIEGO MONTGOMERY FIELD, CA US","2014-03-18","0.00","0.0","0.0",,"71","57"
"USW00003131","SAN DIEGO MONTGOMERY FIELD, CA US","2014-03-19","0.00","0.0","0.0",,"73","53"
"USW00003131","SAN DIEGO MONTGOMERY FIELD, CA US","2014-03-20","0.00","0.0","0.0",,"71","52"
"USW00003131","SAN DIEGO MONTGOMERY FIELD, CA US","2014-03-21","0.00","0.0","0.0",,"66","58"
"USW00003131","SAN DIEGO MONTGOMERY FIELD, CA US","2014-03-22","0.00","0.0","0.0",,"64","56"
"USW00003131","SAN DIEGO MONTGOMERY FIELD, CA US","2014-03-23","0.00","0.0","0.0",,"67","57"
"USW00003131","SAN DIEGO MONTGOMERY FIELD, CA US","2014-03-24","0.00","0.0","0.0",,"69","59"
"USW00003131","SAN DIEGO MONTGOMERY FIELD, CA US","2014-03-25","0.00","0.0","0.0",,"63","57"
"USW00003131","SAN DIEGO MONTGOMERY FIELD, CA US","2014-03-26","0.18","0.0","0.0",,"63","54"
"USW00003131","SAN DIEGO MONTGOMERY FIELD, CA US","2014-03-27","0.00","0.0","0.0",,"64","50"
"USW00003131","SAN DIEGO MONTGOMERY FIELD, CA US","2014-03-28","0.00","0.0","0.0",,"68","49"
"USW00003131","SAN DIEGO MONTGOMERY FIELD, CA US","2014-03-29","0.00","0.0","0.0",,"74","50"
"USW00003131","SAN DIEGO MONTGOMERY FIELD, CA US","2014-03-30","0.01","0.0","0.0",,"68","53"
"USW00003131","SAN DIEGO MONTGOMERY FIELD, CA US","2014-03-31","0.00","0.0","0.0",,"65","48"
"USW00003131","SAN DIEGO MONTGOMERY FIELD, CA US","2014-04-01","0.16","0.0","0.0",,"62","54"
"USW00003131","SAN DIEGO MONTGOMERY FIELD, CA US","2014-04-02","0.00","0.0","0.0",,"62","49"
"USW00003131","SAN DIEGO MONTGOMERY FIELD, CA US","2014-04-03","0.00","0.0","0.0",,"65","44"
"USW00003131","SAN DIEGO MONTGOMERY FIELD, CA US","2014-04-04","0.00","0.0","0.0",,"63","48"
"USW00003131","SAN DIEGO MONTGOMERY FIELD, CA US","2014-04-05","0.02","0.0","0.0",,"66","51"
"USW00003131","SAN DIEGO MONTGOMERY FIELD, CA US","2014-04-06","0.00","0.0","0.0",,"76","48"
"USW00003131","SAN DIEGO MONTGOMERY FIELD, CA US","2014-04-07","0.00","0.0","0.0",,"86","52"
"USW00003131","SAN DIEGO MONTGOMERY FIELD, CA US","2014-04-08","0.00","0.0","0.0",,"88","58"
"USW00003131","SAN DIEGO MONTGOMERY FIELD, CA US","2014-04-09","0.00","0.0","0.0",,"91","55"
"USW00003131","SAN DIEGO MONTGOMERY FIELD, CA US","2014-04-10","0.00","0.0","0.0",,"83","52"
"USW00003131","SAN DIEGO MONTGOMERY FIELD, CA US","2014-04-11","0.00","0.0","0.0",,"80","53"
"USW00003131","SAN DIEGO MONTGOMERY FIELD, CA US","2014-04-12","0.00","0.0","0.0",,"66","57"
"USW00003131","SAN DIEGO MONTGOMERY FIELD, CA US","2014-04-13","0.00","0.0","0.0",,"64","57"
"USW00003131","SAN DIEGO MONTGOMERY FIELD, CA US","2014-04-14","0.00","0.0","0.0",,"76","55"
"USW00003131","SAN DIEGO MONTGOMERY FIELD, CA US","2014-04-15","0.00","0.0","0.0",,"71","53"
"USW00003131","SAN DIEGO MONTGOMERY FIELD, CA US","2014-04-16","0.00","0.0","0.0",,"70","56"
"USW00003131","SAN DIEGO MONTGOMERY FIELD, CA US","2014-04-17","0.00","0.0","0.0",,"67","58"
"USW00003131","SAN DIEGO MONTGOMERY FIELD, CA US","2014-04-18","0.00","0.0","0.0",,"70","59"
"USW00003131","SAN DIEGO MONTGOMERY FIELD, CA US","2014-04-19","0.00","0.0","0.0",,"70","58"
"USW00003131","SAN DIEGO MONTGOMERY FIELD, CA US","2014-04-20","0.00","0.0","0.0",,"71","55"
"USW00003131","SAN DIEGO MONTGOMERY FIELD, CA US","2014-04-21","0.00","0.0","0.0",,"76","57"
"USW00003131","SAN DIEGO MONTGOMERY FIELD, CA US","2014-04-22","0.00","0.0","0.0",,"70","56"
"USW00003131","SAN DIEGO MONTGOMERY FIELD, CA US","2014-04-23","0.00","0.0","0.0",,"70","53"
"USW00003131","SAN DIEGO MONTGOMERY FIELD, CA US","2014-04-24","0.00","0.0","0.0",,"72","53"
"USW00003131","SAN DIEGO MONTGOMERY FIELD, CA US","2014-04-25","0.01","0.0","0.0",,"66","54"
"USW00003131","SAN DIEGO MONTGOMERY FIELD, CA US","2014-04-26","0.16","0.0","0.0",,"63","53"
"USW00003131","SAN DIEGO MONTGOMERY FIELD, CA US","2014-04-27","0.00","0.0","0.0",,"67","52"
"USW00003131","SAN DIEGO MONTGOMERY FIELD, CA US","2014-04-28","0.00","0.0","0.0",,"74","52"
"USW00003131","SAN DIEGO MONTGOMERY FIELD, CA US","2014-04-29","0.00","0.0","0.0",,"93","58"
"USW00003131","SAN DIEGO MONTGOMERY FIELD, CA US","2014-04-30","0.00","0.0","0.0",,"91","68"
"USW00003131","SAN DIEGO MONTGOMERY FIELD, CA US","2014-05-01","0.00","0.0","0.0",,"94","64"
"USW00003131","SAN DIEGO MONTGOMERY FIELD, CA US","2014-05-02","0.00","0.0","0.0",,"95","59"
"USW00003131","SAN DIEGO MONTGOMERY FIELD, CA US","2014-05-03","0.00","0.0","0.0",,"91","60"
"USW00003131","SAN DIEGO MONTGOMERY FIELD, CA US","2014-05-04","0.00","0.0","0.0",,"79","59"
"USW00003131","SAN DIEGO MONTGOMERY FIELD, CA US","2014-05-05","0.00","0.0","0.0",,"67","56"
"USW00003131","SAN DIEGO MONTGOMERY FIELD, CA US","2014-05-06","0.00","0.0","0.0",,"65","54"
"USW00003131","SAN DIEGO MONTGOMERY FIELD, CA US","2014-05-07","0.00","0.0","0.0",,"67","52"
"USW00003131","SAN DIEGO MONTGOMERY FIELD, CA US","2014-05-08","0.00","0.0","0.0",,"66","56"
"USW00003131","SAN DIEGO MONTGOMERY FIELD, CA US","2014-05-09","0.00","0.0","0.0",,"69","53"
"USW00003131","SAN DIEGO MONTGOMERY FIELD, CA US","2014-05-10","0.00","0.0","0.0",,"69","59"
"USW00003131","SAN DIEGO MONTGOMERY FIELD, CA US","2014-05-11","0.00","0.0","0.0",,"76","54"
"USW00003131","SAN DIEGO MONTGOMERY FIELD, CA US","2014-05-12","0.00","0.0","0.0",,"88","55"
"USW00003131","SAN DIEGO MONTGOMERY FIELD, CA US","2014-05-13","0.00","0.0","0.0",,"94","59"
"USW00003131","SAN DIEGO MONTGOMERY FIELD, CA US","2014-05-14","0.00","0.0","0.0",,"95","63"
"USW00003131","SAN DIEGO MONTGOMERY FIELD, CA US","2014-05-15","0.00","0.0","0.0",,"99","64"
"USW00003131","SAN DIEGO MONTGOMERY FIELD, CA US","2014-05-16","0.00","0.0","0.0",,"95","65"
"USW00003131","SAN DIEGO MONTGOMERY FIELD, CA US","2014-05-17","0.00","0.0","0.0",,"74","61"
"USW00003131","SAN DIEGO MONTGOMERY FIELD, CA US","2014-05-18","0.00","0.0","0.0",,"72","61"
"USW00003131","SAN DIEGO MONTGOMERY FIELD, CA US","2014-05-19","0.00","0.0","0.0",,"69","60"
"USW00003131","SAN DIEGO MONTGOMERY FIELD, CA US","2014-05-20","0.00","0.0","0.0",,"69","57"
"USW00003131","SAN DIEGO MONTGOMERY FIELD, CA US","2014-05-21","0.00","0.0","0.0",,"69","54"
"USW00003131","SAN DIEGO MONTGOMERY FIELD, CA US","2014-05-22","0.00","0.0","0.0",,"66","60"
"USW00003131","SAN DIEGO MONTGOMERY FIELD, CA US","2014-05-23","0.00","0.0","0.0",,"70","60"
"USW00003131","SAN DIEGO MONTGOMERY FIELD, CA US","2014-05-24","0.00","0.0","0.0",,"66","61"
"USW00003131","SAN DIEGO MONTGOMERY FIELD, CA US","2014-05-25","0.00","0.0","0.0",,"73","61"
"USW00003131","SAN DIEGO MONTGOMERY FIELD, CA US","2014-05-26","0.00","0.0","0.0",,"77","61"
"USW00003131","SAN DIEGO MONTGOMERY FIELD, CA US","2014-05-27","0.00","0.0","0.0",,"76","62"
"USW00003131","SAN DIEGO MONTGOMERY FIELD, CA US","2014-05-28","0.00","0.0","0.0",,"75","61"
"USW00003131","SAN DIEGO MONTGOMERY FIELD, CA US","2014-05-29","0.00","0.0","0.0",,"73","61"
"USW00003131","SAN DIEGO MONTGOMERY FIELD, CA US","2014-05-30","0.00","0.0","0.0",,"75","59"
"USW00003131","SAN DIEGO MONTGOMERY FIELD, CA US","2014-05-31","0.00","0.0","0.0",,"78","59"
"USW00003131","SAN DIEGO MONTGOMERY FIELD, CA US","2014-06-01","0.00","0.0","0.0",,"78","60"
"USW00003131","SAN DIEGO MONTGOMERY FIELD, CA US","2014-06-02","0.00","0.0","0.0",,"75","61"
"USW00003131","SAN DIEGO MONTGOMERY FIELD, CA US","2014-06-03","0.00","0.0","0.0",,"81","60"
"USW00003131","SAN DIEGO MONTGOMERY FIELD, CA US","2014-06-04","0.00","0.0","0.0",,"79","60"
"USW00003131","SAN DIEGO MONTGOMERY FIELD, CA US","2014-06-05","0.00","0.0","0.0",,"76","60"
"USW00003131","SAN DIEGO MONTGOMERY FIELD, CA US","2014-06-06","0.00","0.0","0.0",,"71","61"
"USW00003131","SAN DIEGO MONTGOMERY FIELD, CA US","2014-06-07","0.00","0.0","0.0",,"73","60"
"USW00003131","SAN DIEGO MONTGOMERY FIELD, CA US","2014-06-08","0.00","0.0","0.0",,"72","61"
"USW00003131","SAN DIEGO MONTGOMERY FIELD, CA US","2014-06-09","0.00","0.0","0.0",,"74","62"
"USW00003131","SAN DIEGO MONTGOMERY FIELD, CA US","2014-06-10","0.00","0.0","0.0",,"72","63"
"USW00003131","SAN DIEGO MONTGOMERY FIELD, CA US","2014-06-11","0.00","0.0","0.0",,"76","62"
"USW00003131","SAN DIEGO MONTGOMERY FIELD, CA US","2014-06-12","0.00","0.0","0.0",,"75","63"
"USW00003131","SAN DIEGO MONTGOMERY FIELD, CA US","2014-06-13","0.00","0.0","0.0",,"75","62"
"USW00003131","SAN DIEGO MONTGOMERY FIELD, CA US","2014-06-14","0.00","0.0","0.0",,"75","61"
"USW00003131","SAN DIEGO MONTGOMERY FIELD, CA US","2014-06-15","0.00","0.0","0.0",,"74","60"
"USW00003131","SAN DIEGO MONTGOMERY FIELD, CA US","2014-06-16","0.00","0.0","0.0",,"74","61"
"USW00003131","SAN DIEGO MONTGOMERY FIELD, CA US","2014-06-17","0.00","0.0","0.0",,"75","62"
"USW00003131","SAN DIEGO MONTGOMERY FIELD, CA US","2014-06-18","0.00","0.0","0.0",,"72","60"
"USW00003131","SAN DIEGO MONTGOMERY FIELD, CA US","2014-06-19","0.00","0.0","0.0",,"77","58"
"USW00003131","SAN DIEGO MONTGOMERY FIELD, CA US","2014-06-20","0.00","0.0","0.0",,"78","59"
"USW00003131","SAN DIEGO MONTGOMERY FIELD, CA US","2014-06-21","0.00","0.0","0.0",,"79","61"
"USW00003131","SAN DIEGO MONTGOMERY FIELD, CA US","2014-06-22","0.00","0.0","0.0",,"75","62"
"USW00003131","SAN DIEGO MONTGOMERY FIELD, CA US","2014-06-23","0.00","0.0","0.0",,"74","62"
"USW00003131","SAN DIEGO MONTGOMERY FIELD, CA US","2014-06-24","0.00","0.0","0.0",,"74","62"
"USW00003131","SAN DIEGO MONTGOMERY FIELD, CA US","2014-06-25","0.00","0.0","0.0",,"75","63"
"USW00003131","SAN DIEGO MONTGOMERY FIELD, CA US","2014-06-26","0.00","0.0","0.0",,"76","64"
"USW00003131","SAN DIEGO MONTGOMERY FIELD, CA US","2014-06-27","0.00","0.0","0.0",,"72","63"
"USW00003131","SAN DIEGO MONTGOMERY FIELD, CA US","2014-06-28","0.00","0.0","0.0",,"76","63"
"USW00003131","SAN DIEGO MONTGOMERY FIELD, CA US","2014-06-29","0.00","0.0","0.0",,"76","64"
"USW00003131","SAN DIEGO MONTGOMERY FIELD, CA US","2014-06-30","0.00","0.0","0.0",,"75","64"
"USW00003131","SAN DIEGO MONTGOMERY FIELD, CA US","2014-07-01","0.00","0.0","0.0",,"76","64"
"USW00003131","SAN DIEGO MONTGOMERY FIELD, CA US","2014-07-02","0.00","0.0","0.0",,"79","65"
"USW00003131","SAN DIEGO MONTGOMERY FIELD, CA US","2014-07-03","0.00","0.0","0.0",,"81","64"
"USW00003131","SAN DIEGO MONTGOMERY FIELD, CA US","2014-07-04","0.00","0.0","0.0",,"81","66"
"USW00003131","SAN DIEGO MONTGOMERY FIELD, CA US","2014-07-05","0.00","0.0","0.0",,"86","69"
"USW00003131","SAN DIEGO MONTGOMERY FIELD, CA US","2014-07-06","0.00","0.0","0.0",,"87","68"
"USW00003131","SAN DIEGO MONTGOMERY FIELD, CA US","2014-07-07","0.00","0.0","0.0",,"83","66"
"USW00003131","SAN DIEGO MONTGOMERY FIELD, CA US","2014-07-08","0.00","0.0","0.0",,"80","66"
"USW00003131","SAN DIEGO MONTGOMERY FIELD, CA US","2014-07-09","0.00","0.0","0.0",,"80","66"
"USW00003131","SAN DIEGO MONTGOMERY FIELD, CA US","2014-07-10","0.00","0.0","0.0",,"82","67"
"USW00003131","SAN DIEGO MONTGOMERY FIELD, CA US","2014-07-11","0.00","0.0","0.0",,"79","67"
"USW00003131","SAN DIEGO MONTGOMERY FIELD, CA US","2014-07-12","0.00","0.0","0.0",,"78","66"
"USW00003131","SAN DIEGO MONTGOMERY FIELD, CA US","2014-07-13","0.00","0.0","0.0",,"76","66"
"USW00003131","SAN DIEGO MONTGOMERY FIELD, CA US","2014-07-14","0.00","0.0","0.0",,"77","66"
"USW00003131","SAN DIEGO MONTGOMERY FIELD, CA US","2014-07-15","0.00","0.0","0.0",,"71","67"
"USW00003131","SAN DIEGO MONTGOMERY FIELD, CA US","2014-07-16","0.00","0.0","0.0",,"78","67"
"USW00003131","SAN DIEGO MONTGOMERY FIELD, CA US","2014-07-17","0.00","0.0","0.0",,"78","67"
"USW00003131","SAN DIEGO MONTGOMERY FIELD, CA US","2014-07-18","0.00","0.0","0.0",,"78","64"
"USW00003131","SAN DIEGO MONTGOMERY FIELD, CA US","2014-07-19","0.00","0.0","0.0",,"74","66"
"USW00003131","SAN DIEGO MONTGOMERY FIELD, CA US","2014-07-20","0.00","0.0","0.0",,"78","68"
"USW00003131","SAN DIEGO MONTGOMERY FIELD, CA US","2014-07-21","0.00","0.0","0.0",,"81","67"
"USW00003131","SAN DIEGO MONTGOMERY FIELD, CA US","2014-07-22","0.00","0.0","0.0",,"80","67"
"USW00003131","SAN DIEGO MONTGOMERY FIELD, CA US","2014-07-23","0.00","0.0","0.0",,"86","65"
"USW00003131","SAN DIEGO MONTGOMERY FIELD, CA US","2014-07-24","0.00","0.0","0.0",,"88","66"
"USW00003131","SAN DIEGO MONTGOMERY FIELD, CA US","2014-07-25","0.00","0.0","0.0",,"81","68"
"USW00003131","SAN DIEGO MONTGOMERY FIELD, CA US","2014-07-26","0.00","0.0","0.0",,"82","66"
"USW00003131","SAN DIEGO MONTGOMERY FIELD, CA US","2014-07-27","0.05","0.0","0.0",,"87","68"
"USW00003131","SAN DIEGO MONTGOMERY FIELD, CA US","2014-07-28","0.02","0.0","0.0",,"90","69"
"USW00003131","SAN DIEGO MONTGOMERY FIELD, CA US","2014-07-29","0.00","0.0","0.0",,"91","70"
"USW00003131","SAN DIEGO MONTGOMERY FIELD, CA US","2014-07-30","0.00","0.0","0.0",,"86","68"
"USW00003131","SAN DIEGO MONTGOMERY FIELD, CA US","2014-07-31","0.00","0.0","0.0",,"87","68"
"USW00003131","SAN DIEGO MONTGOMERY FIELD, CA US","2014-08-01","0.00","0.0","0.0",,"81","68"
"USW00003131","SAN DIEGO MONTGOMERY FIELD, CA US","2014-08-02","0.07","0.0","0.0",,"79","69"
"USW00003131","SAN DIEGO MONTGOMERY FIELD, CA US","2014-08-03","0.01","0.0","0.0",,"80","71"
"USW00003131","SAN DIEGO MONTGOMERY FIELD, CA US","2014-08-04","0.00","0.0","0.0",,"86","68"
"USW00003131","SAN DIEGO MONTGOMERY FIELD, CA US","2014-08-05","0.00","0.0","0.0",,"85","66"
"USW00003131","SAN DIEGO MONTGOMERY FIELD, CA US","2014-08-06","0.00","0.0","0.0",,"79","66"
"USW00003131","SAN DIEGO MONTGOMERY FIELD, CA US","2014-08-07","0.00","0.0","0.0",,"77","64"
"USW00003131","SAN DIEGO MONTGOMERY FIELD, CA US","2014-08-08","0.00","0.0","0.0",,"77","68"
"USW00003131","SAN DIEGO MONTGOMERY FIELD, CA US","2014-08-09","0.00","0.0","0.0",,"79","67"
"USW00003131","SAN DIEGO MONTGOMERY FIELD, CA US","2014-08-10","0.00","0.0","0.0",,"81","64"
"USW00003131","SAN DIEGO MONTGOMERY FIELD, CA US","2014-08-11","0.00","0.0","0.0",,"83","69"
"USW00003131","SAN DIEGO MONTGOMERY FIELD, CA US","2014-08-12","0.00","0.0","0.0",,"80","69"
"USW00003131","SAN DIEGO MONTGOMERY FIELD, CA US","2014-08-13","0.00","0.0","0.0",,"80","68"
"USW00003131","SAN DIEGO MONTGOMERY FIELD, CA US","2014-08-14","0.00","0.0","0.0",,"84","67"
"USW00003131","SAN DIEGO MONTGOMERY FIELD, CA US","2014-08-15","0.00","0.0","0.0",,"87","67"
"USW00003131","SAN DIEGO MONTGOMERY FIELD, CA US","2014-08-16","0.00","0.0","0.0",,"88","68"
"USW00003131","SAN DIEGO MONTGOMERY FIELD, CA US","2014-08-17","0.00","0.0","0.0",,"88","68"
"USW00003131","SAN DIEGO MONTGOMERY FIELD, CA US","2014-08-18","0.00","0.0","0.0",,"80","68"
"USW00003131","SAN DIEGO MONTGOMERY FIELD, CA US","2014-08-19","0.00","0.0","0.0",,"77","67"
"USW00003131","SAN DIEGO MONTGOMERY FIELD, CA US","2014-08-20","0.00","0.0","0.0",,"79","67"
"USW00003131","SAN DIEGO MONTGOMERY FIELD, CA US","2014-08-21","0.00","0.0","0.0",,"82","69"
"USW00003131","SAN DIEGO MONTGOMERY FIELD, CA US","2014-08-22","0.00","0.0","0.0",,"85","66"
"USW00003131","SAN DIEGO MONTGOMERY FIELD, CA US","2014-08-23","0.00","0.0","0.0",,"83","62"
"USW00003131","SAN DIEGO MONTGOMERY FIELD, CA US","2014-08-24","0.00","0.0","0.0",,"83","63"
"USW00003131","SAN DIEGO MONTGOMERY FIELD, CA US","2014-08-25","0.00","0.0","0.0",,"83","67"
"USW00003131","SAN DIEGO MONTGOMERY FIELD, CA US","2014-08-26","0.00","0.0","0.0",,"85","66"
"USW00003131","SAN DIEGO MONTGOMERY FIELD, CA US","2014-08-27","0.00","0.0","0.0",,"93","68"
"USW00003131","SAN DIEGO MONTGOMERY FIELD, CA US","2014-08-28","0.00","0.0","0.0",,"92","70"
"USW00003131","SAN DIEGO MONTGOMERY FIELD, CA US","2014-08-29","0.00","0.0","0.0",,"85","67"
"USW00003131","SAN DIEGO MONTGOMERY FIELD, CA US","2014-08-30","0.00","0.0","0.0",,"85","66"
"USW00003131","SAN DIEGO MONTGOMERY FIELD, CA US","2014-08-31","0.00","0.0","0.0",,"84","66"
"USW00003131","SAN DIEGO MONTGOMERY FIELD, CA US","2014-09-01","0.00","0.0","0.0",,"79","66"
"USW00003131","SAN DIEGO MONTGOMERY FIELD, CA US","2014-09-02","0.00","0.0","0.0",,"81","68"
"USW00003131","SAN DIEGO MONTGOMERY FIELD, CA US","2014-09-03","0.00","0.0","0.0",,"79","69"
"USW00003131","SAN DIEGO MONTGOMERY FIELD, CA US","2014-09-04","0.00","0.0","0.0",,"81","67"
"USW00003131","SAN DIEGO MONTGOMERY FIELD, CA US","2014-09-05","0.00","0.0","0.0",,"81","66"
"USW00003131","SAN DIEGO MONTGOMERY FIELD, CA US","2014-09-06","0.00","0.0","0.0",,"86","69"
"USW00003131","SAN DIEGO MONTGOMERY FIELD, CA US","2014-09-07","0.00","0.0","0.0",,"91","71"
"USW00003131","SAN DIEGO MONTGOMERY FIELD, CA US","2014-09-08","0.00","0.0","0.0",,"92","74"
"USW00003131","SAN DIEGO MONTGOMERY FIELD, CA US","2014-09-09","0.00","0.0","0.0",,"87","71"
"USW00003131","SAN DIEGO MONTGOMERY FIELD, CA US","2014-09-10","0.00","0.0","0.0",,"87","69"
"USW00003131","SAN DIEGO MONTGOMERY FIELD, CA US","2014-09-11","0.00","0.0","0.0",,"87","73"
"USW00003131","SAN DIEGO MONTGOMERY FIELD, CA US","2014-09-12","0.00","0.0","0.0",,"89","70"
"USW00003131","SAN DIEGO MONTGOMERY FIELD, CA US","2014-09-13","0.00","0.0","0.0",,"90","69"
"USW00003131","SAN DIEGO MONTGOMERY FIELD, CA US","2014-09-14","0.00","0.0","0.0",,"96","72"
"USW00003131","SAN DIEGO MONTGOMERY FIELD, CA US","2014-09-15","0.00","0.0","0.0",,"96","74"
"USW00003131","SAN DIEGO MONTGOMERY FIELD, CA US","2014-09-16","1.08","0.0","0.0",,"103","74"
"USW00003131","SAN DIEGO MONTGOMERY FIELD, CA US","2014-09-17","0.00","0.0","0.0",,"95","73"
"USW00003131","SAN DIEGO MONTGOMERY FIELD, CA US","2014-09-18","0.00","0.0","0.0",,"81","71"
"USW00003131","SAN DIEGO MONTGOMERY FIELD, CA US","2014-09-19","0.00","0.0","0.0",,"80","69"
"USW00003131","SAN DIEGO MONTGOMERY FIELD, CA US","2014-09-20","0.00","0.0","0.0",,"78","69"
"USW00003131","SAN DIEGO MONTGOMERY FIELD, CA US","2014-09-21","0.00","0.0","0.0",,"79","68"
"USW00003131","SAN DIEGO MONTGOMERY FIELD, CA US","2014-09-22","0.00","0.0","0.0",,"82","67"
"USW00003131","SAN DIEGO MONTGOMERY FIELD, CA US","2014-09-23","0.00","0.0","0.0",,"84","64"
"USW00003131","SAN DIEGO MONTGOMERY FIELD, CA US","2014-09-24","0.00","0.0","0.0",,"86","65"
"USW00003131","SAN DIEGO MONTGOMERY FIELD, CA US","2014-09-25","0.00","0.0","0.0",,"88","70"
"USW00003131","SAN DIEGO MONTGOMERY FIELD, CA US","2014-09-26","0.00","0.0","0.0",,"81","67"
"USW00003131","SAN DIEGO MONTGOMERY FIELD, CA US","2014-09-27","0.00","0.0","0.0",,"74","63"
"USW00003131","SAN DIEGO MONTGOMERY FIELD, CA US","2014-09-28","0.00","0.0","0.0",,"76","63"
"USW00003131","SAN DIEGO MONTGOMERY FIELD, CA US","2014-09-29","0.00","0.0","0.0",,"76","59"
"USW00003131","SAN DIEGO MONTGOMERY FIELD, CA US","2014-09-30","0.00","0.0","0.0",,"83","62"
"USW00003131","SAN DIEGO MONTGOMERY FIELD, CA US","2014-10-01","0.00","0.0","0.0",,"77","65"
"USW00003131","SAN DIEGO MONTGOMERY FIELD, CA US","2014-10-02","0.00","0.0","0.0",,"97","62"
"USW00003131","SAN DIEGO MONTGOMERY FIELD, CA US","2014-10-03","0.00","0.0","0.0",,"96","63"
"USW00003131","SAN DIEGO MONTGOMERY FIELD, CA US","2014-10-04","0.00","0.0","0.0",,"94","63"
"USW00003131","SAN DIEGO MONTGOMERY FIELD, CA US","2014-10-05","0.00","0.0","0.0",,"92","64"
"USW00003131","SAN DIEGO MONTGOMERY FIELD, CA US","2014-10-06","0.00","0.0","0.0",,"91","65"
"USW00003131","SAN DIEGO MONTGOMERY FIELD, CA US","2014-10-07","0.00","0.0","0.0",,"94","67"
"USW00003131","SAN DIEGO MONTGOMERY FIELD, CA US","2014-10-08","0.00","0.0","0.0",,"84","64"
"USW00003131","SAN DIEGO MONTGOMERY FIELD, CA US","2014-10-09","0.00","0.0","0.0",,"77","64"
"USW00003131","SAN DIEGO MONTGOMERY FIELD, CA US","2014-10-10","0.00","0.0","0.0",,"78","63"
"USW00003131","SAN DIEGO MONTGOMERY FIELD, CA US","2014-10-11","0.00","0.0","0.0",,"79","64"
"USW00003131","SAN DIEGO MONTGOMERY FIELD, CA US","2014-10-12","0.00","0.0","0.0",,"76","63"
"USW00003131","SAN DIEGO MONTGOMERY FIELD, CA US","2014-10-13","0.00","0.0","0.0",,"78","61"
"USW00003131","SAN DIEGO MONTGOMERY FIELD, CA US","2014-10-14","0.00","0.0","0.0",,"78","63"
"USW00003131","SAN DIEGO MONTGOMERY FIELD, CA US","2014-10-15","0.00","0.0","0.0",,"77","64"
"USW00003131","SAN DIEGO MONTGOMERY FIELD, CA US","2014-10-16","0.00","0.0","0.0",,"77","61"
"USW00003131","SAN DIEGO MONTGOMERY FIELD, CA US","2014-10-17","0.00","0.0","0.0",,"75","64"
"USW00003131","SAN DIEGO MONTGOMERY FIELD, CA US","2014-10-18","0.00","0.0","0.0",,"74","62"
"USW00003131","SAN DIEGO MONTGOMERY FIELD, CA US","2014-10-19","0.00","0.0","0.0",,"77","61"
"USW00003131","SAN DIEGO MONTGOMERY FIELD, CA US","2014-10-20","0.00","0.0","0.0",,"74","63"
"USW00003131","SAN DIEGO MONTGOMERY FIELD, CA US","2014-10-21","0.00","0.0","0.0",,"79","60"
"USW00003131","SAN DIEGO MONTGOMERY FIELD, CA US","2014-10-22","0.00","0.0","0.0",,"82","57"
"USW00003131","SAN DIEGO MONTGOMERY FIELD, CA US","2014-10-23","0.00","0.0","0.0",,"84","57"
"USW00003131","SAN DIEGO MONTGOMERY FIELD, CA US","2014-10-24","0.00","0.0","0.0",,"89","60"
"USW00003131","SAN DIEGO MONTGOMERY FIELD, CA US","2014-10-25","0.00","0.0","0.0",,"80","62"
"USW00003131","SAN DIEGO MONTGOMERY FIELD, CA US","2014-10-26","0.00","0.0","0.0",,"73","58"
"USW00003131","SAN DIEGO MONTGOMERY FIELD, CA US","2014-10-27","0.00","0.0","0.0",,"74","55"
"USW00003131","SAN DIEGO MONTGOMERY FIELD, CA US","2014-10-28","0.00","0.0","0.0",,"77","57"
"USW00003131","SAN DIEGO MONTGOMERY FIELD, CA US","2014-10-29","0.00","0.0","0.0",,"84","57"
"USW00003131","SAN DIEGO MONTGOMERY FIELD, CA US","2014-10-30","0.00","0.0","0.0",,"79","57"
"USW00003131","SAN DIEGO MONTGOMERY FIELD, CA US","2014-10-31","0.00","0.0","0.0",,"71","64"
"USW00003131","SAN DIEGO MONTGOMERY FIELD, CA US","2014-11-01","0.36","0.0","0.0",,"69","56"
"USW00003131","SAN DIEGO MONTGOMERY FIELD, CA US","2014-11-02","0.09","0.0","0.0",,"68","53"
"USW00003131","SAN DIEGO MONTGOMERY FIELD, CA US","2014-11-03","0.00","0.0","0.0",,"72","51"
"USW00003131","SAN DIEGO MONTGOMERY FIELD, CA US","2014-11-04","0.00","0.0","0.0",,"81","48"
"USW00003131","SAN DIEGO MONTGOMERY FIELD, CA US","2014-11-05","0.00","0.0","0.0",,"89","50"
"USW00003131","SAN DIEGO MONTGOMERY FIELD, CA US","2014-11-06","0.00","0.0","0.0",,"91","54"
"USW00003131","SAN DIEGO MONTGOMERY FIELD, CA US","2014-11-07","0.00","0.0","0.0",,"90","57"
"USW00003131","SAN DIEGO MONTGOMERY FIELD, CA US","2014-11-08","0.00","0.0","0.0",,"88","58"
"USW00003131","SAN DIEGO MONTGOMERY FIELD, CA US","2014-11-09","0.00","0.0","0.0",,"76","54"
"USW00003131","SAN DIEGO MONTGOMERY FIELD, CA US","2014-11-10","0.00","0.0","0.0",,"69","61"
"USW00003131","SAN DIEGO MONTGOMERY FIELD, CA US","2014-11-11","0.00","0.0","0.0",,"69","63"
"USW00003131","SAN DIEGO MONTGOMERY FIELD, CA US","2014-11-12","0.00","0.0","0.0",,"70","58"
"USW00003131","SAN DIEGO MONTGOMERY FIELD, CA US","2014-11-13","0.00","0.0","0.0",,"70","60"
"USW00003131","SAN DIEGO MONTGOMERY FIELD, CA US","2014-11-14","0.05","0.0","0.0",,"69","56"
"USW00003131","SAN DIEGO MONTGOMERY FIELD, CA US","2014-11-15","0.00","0.0","0.0",,"69","56"
"USW00003131","SAN DIEGO MONTGOMERY FIELD, CA US","2014-11-16","0.00","0.0","0.0",,"74","53"
"USW00003131","SAN DIEGO MONTGOMERY FIELD, CA US","2014-11-17","0.00",,"0.0",,"74","48"
"USW00003131","SAN DIEGO MONTGOMERY FIELD, CA US","2014-11-18","0.00","0.0","0.0",,"78","48"
"USW00003131","SAN DIEGO MONTGOMERY FIELD, CA US","2014-11-19","0.00",,"0.0",,"73","48"
"USW00003131","SAN DIEGO MONTGOMERY FIELD, CA US","2014-11-20","0.00",,"0.0",,"71","48"
"USW00003131","SAN DIEGO MONTGOMERY FIELD, CA US","2014-11-21","0.05","0.0","0.0",,"69","54"
"USW00003131","SAN DIEGO MONTGOMERY FIELD, CA US","2014-11-22","0.00","0.0","0.0",,"72","50"
"USW00003131","SAN DIEGO MONTGOMERY FIELD, CA US","2014-11-23","0.00","0.0","0.0",,"76","51"
"USW00003131","SAN DIEGO MONTGOMERY FIELD, CA US","2014-11-24","0.00","0.0","0.0",,"79","48"
"USW00003131","SAN DIEGO MONTGOMERY FIELD, CA US","2014-11-25","0.00",,"0.0",,"79","49"
"USW00003131","SAN DIEGO MONTGOMERY FIELD, CA US","2014-11-26","0.00","0.0","0.0",,"86","51"
"USW00003131","SAN DIEGO MONTGOMERY FIELD, CA US","2014-11-27","0.00","0.0","0.0",,"89","54"
"USW00003131","SAN DIEGO MONTGOMERY FIELD, CA US","2014-11-28","0.00","0.0","0.0",,"81","50"
"USW00003131","SAN DIEGO MONTGOMERY FIELD, CA US","2014-11-29","0.00","0.0","0.0",,"75","48"
"USW00003131","SAN DIEGO MONTGOMERY FIELD, CA US","2014-11-30","0.00","0.0","0.0",,"70","56"
"USW00003131","SAN DIEGO MONTGOMERY FIELD, CA US","2014-12-01","0.00","0.0","0.0",,"71","53"
"USW00003131","SAN DIEGO MONTGOMERY FIELD, CA US","2014-12-02","0.49","0.0","0.0",,"69","58"
"USW00003131","SAN DIEGO MONTGOMERY FIELD, CA US","2014-12-03","0.30","0.0","0.0",,"66","61"
"USW00003131","SAN DIEGO MONTGOMERY FIELD, CA US","2014-12-04","0.66","0.0","0.0",,"70","58"
"USW00003131","SAN DIEGO MONTGOMERY FIELD, CA US","2014-12-05","0.00","0.0","0.0",,"68","55"
"USW00003131","SAN DIEGO MONTGOMERY FIELD, CA US","2014-12-06","0.00","0.0","0.0",,"72","57"
"USW00003131","SAN DIEGO MONTGOMERY FIELD, CA US","2014-12-07","0.00","0.0","0.0",,"78","54"
"USW00003131","SAN DIEGO MONTGOMERY FIELD, CA US","2014-12-08","0.00","0.0","0.0",,"75","55"
"USW00003131","SAN DIEGO MONTGOMERY FIELD, CA US","2014-12-09","0.00","0.0","0.0",,"76","53"
"USW00003131","SAN DIEGO MONTGOMERY FIELD, CA US","2014-12-10","0.00","0.0","0.0",,"69","51"
"USW00003131","SAN DIEGO MONTGOMERY FIELD, CA US","2014-12-11","0.00","0.0","0.0",,"67","59"
"USW00003131","SAN DIEGO MONTGOMERY FIELD, CA US","2014-12-12","0.29",,,,"63","54"
"USW00003131","SAN DIEGO MONTGOMERY FIELD, CA US","2014-12-13","0.00",,"0.0",,"63","49"
"USW00003131","SAN DIEGO MONTGOMERY FIELD, CA US","2014-12-14","0.00","0.0","0.0",,"65","45"
"USW00003131","SAN DIEGO MONTGOMERY FIELD, CA US","2014-12-15","0.00","0.0","0.0",,"63","47"
"USW00003131","SAN DIEGO MONTGOMERY FIELD, CA US","2014-12-16","0.00",,,,"60","51"
"USW00003131","SAN DIEGO MONTGOMERY FIELD, CA US","2014-12-17","0.00",,,,"64","51"
"USW00003131","SAN DIEGO MONTGOMERY FIELD, CA US","2014-12-18","0.00",,"0.0",,"64","49"
"USW00003131","SAN DIEGO MONTGOMERY FIELD, CA US","2014-12-19","0.00","0.0","0.0",,"68","48"
"USW00003131","SAN DIEGO MONTGOMERY FIELD, CA US","2014-12-20","0.00","0.0","0.0",,"65","48"
"USW00003131","SAN DIEGO MONTGOMERY FIELD, CA US","2014-12-21","0.00","0.0","0.0",,"68","51"
"USW00003131","SAN DIEGO MONTGOMERY FIELD, CA US","2014-12-22","0.00","0.0","0.0",,"77","50"
"USW00003131","SAN DIEGO MONTGOMERY FIELD, CA US","2014-12-23","0.00","0.0","0.0",,"82","50"
"USW00003131","SAN DIEGO MONTGOMERY FIELD, CA US","2014-12-24","0.00","0.0","0.0",,"75","50"
"USW00003131","SAN DIEGO MONTGOMERY FIELD, CA US","2014-12-25","0.00",,"0.0",,"67","47"
"USW00003131","SAN DIEGO MONTGOMERY FIELD, CA US","2014-12-26","0.00","0.0","0.0",,"64","42"
"USW00003131","SAN DIEGO MONTGOMERY FIELD, CA US","2014-12-27","0.00","0.0","0.0",,"63","40"
"USW00003131","SAN DIEGO MONTGOMERY FIELD, CA US","2014-12-28","0.00","0.0","0.0",,"62","38"
"USW00003131","SAN DIEGO MONTGOMERY FIELD, CA US","2014-12-29","0.00","0.0","0.0",,"64","40"
"USW00003131","SAN DIEGO MONTGOMERY FIELD, CA US","2014-12-30","0.00",,"0.0",,"59","47"
"USW00003131","SAN DIEGO MONTGOMERY FIELD, CA US","2014-12-31","0.01",,"0.0",,"51","36"
"USW00003131","SAN DIEGO MONTGOMERY FIELD, CA US","2015-01-01","0.00","0.0","0.0",,"58","35"
"USW00003131","SAN DIEGO MONTGOMERY FIELD, CA US","2015-01-02","0.00","0.0","0.0",,"59","35"
"USW00003131","SAN DIEGO MONTGOMERY FIELD, CA US","2015-01-03","0.00","0.0","0.0",,"63","39"
"USW00003131","SAN DIEGO MONTGOMERY FIELD, CA US","2015-01-04","0.00","0.0","0.0",,"66","39"
"USW00003131","SAN DIEGO MONTGOMERY FIELD, CA US","2015-01-05","0.00","0.0","0.0",,"80","45"
"USW00003131","SAN DIEGO MONTGOMERY FIELD, CA US","2015-01-06","0.00","0.0","0.0",,"84","48"
"USW00003131","SAN DIEGO MONTGOMERY FIELD, CA US","2015-01-07","0.00","0.0","0.0",,"79","47"
"USW00003131","SAN DIEGO MONTGOMERY FIELD, CA US","2015-01-08","0.00","0.0","0.0",,"71","53"
"USW00003131","SAN DIEGO MONTGOMERY FIELD, CA US","2015-01-09","0.00","0.0","0.0",,"66","52"
"USW00003131","SAN DIEGO MONTGOMERY FIELD, CA US","2015-01-10","0.00",,"0.0",,"71","49"
"USW00003131","SAN DIEGO MONTGOMERY FIELD, CA US","2015-01-11","0.00",,,,"61","55"
"USW00003131","SAN DIEGO MONTGOMERY FIELD, CA US","2015-01-12","0.07","0.0","0.0",,"67","57"
"USW00003131","SAN DIEGO MONTGOMERY FIELD, CA US","2015-01-13","0.00","0.0","0.0",,"67","53"
"USW00003131","SAN DIEGO MONTGOMERY FIELD, CA US","2015-01-14","0.00","0.0","0.0",,"71","47"
"USW00003131","SAN DIEGO MONTGOMERY FIELD, CA US","2015-01-15","0.00","0.0","0.0",,"74","47"
"USW00003131","SAN DIEGO MONTGOMERY FIELD, CA US","2015-01-16","0.00","0.0","0.0",,"74","46"
"USW00003131","SAN DIEGO MONTGOMERY FIELD, CA US","2015-01-17","0.00",,"0.0",,"75","47"
"USW00003131","SAN DIEGO MONTGOMERY FIELD, CA US","2015-01-18","0.00","0.0","0.0",,"76","48"
"USW00003131","SAN DIEGO MONTGOMERY FIELD, CA US","2015-01-19","0.00","0.0","0.0",,"70","47"
"USW00003131","SAN DIEGO MONTGOMERY FIELD, CA US","2015-01-20","0.00","0.0","0.0",,"62","52"
"USW00003131","SAN DIEGO MONTGOMERY FIELD, CA US","2015-01-21","0.00","0.0","0.0",,"69","51"
"USW00003131","SAN DIEGO MONTGOMERY FIELD, CA US","2015-01-22","0.00",,"0.0",,"75","42"
"USW00003131","SAN DIEGO MONTGOMERY FIELD, CA US","2015-01-23","0.00",,"0.0",,"73","46"
"USW00003131","SAN DIEGO MONTGOMERY FIELD, CA US","2015-01-24","0.00","0.0","0.0",,"80","45"
"USW00003131","SAN DIEGO MONTGOMERY FIELD, CA US","2015-01-25","0.00","0.0","0.0",,"79","52"
"USW00003131","SAN DIEGO MONTGOMERY FIELD, CA US","2015-01-26","0.01","0.0","0.0",,"73","55"
"USW00003131","SAN DIEGO MONTGOMERY FIELD, CA US","2015-01-27","0.00","0.0","0.0",,"74","51"
"USW00003131","SAN DIEGO MONTGOMERY FIELD, CA US","2015-01-28","0.00","0.0","0.0",,"75","50"
"USW00003131","SAN DIEGO MONTGOMERY FIELD, CA US","2015-01-29","0.01","0.0","0.0",,"71","56"
"USW00003131","SAN DIEGO MONTGOMERY FIELD, CA US","2015-01-30","0.00","0.0","0.0",,"64","56"
"USW00003131","SAN DIEGO MONTGOMERY FIELD, CA US","2015-01-31","0.00","0.0","0.0",,"67","53"
"USW00003131","SAN DIEGO MONTGOMERY FIELD, CA US","2015-02-01","0.00",,"0.0",,"75","49"
"USW00003131","SAN DIEGO MONTGOMERY FIELD, CA US","2015-02-02","0.00","0.0","0.0",,"76","48"
"USW00003131","SAN DIEGO MONTGOMERY FIELD, CA US","2015-02-03","0.00","0.0","0.0",,"75","47"
"USW00003131","SAN DIEGO MONTGOMERY FIELD, CA US","2015-02-04","0.00",,"0.0",,"74","49"
"USW00003131","SAN DIEGO MONTGOMERY FIELD, CA US","2015-02-05","0.00","0.0","0.0",,"77","50"
"USW00003131","SAN DIEGO MONTGOMERY FIELD, CA US","2015-02-06","0.00","0.0","0.0",,"78","48"
"USW00003131","SAN DIEGO MONTGOMERY FIELD, CA US","2015-02-07","0.00","0.0","0.0",,"75","47"
"USW00003131","SAN DIEGO MONTGOMERY FIELD, CA US","2015-02-08","0.00","0.0","0.0",,"74","54"
"USW00003131","SAN DIEGO MONTGOMERY FIELD, CA US","2015-02-09","0.00","0.0","0.0",,"70","52"
"USW00003131","SAN DIEGO MONTGOMERY FIELD, CA US","2015-02-10","0.00","0.0","0.0",,"73","48"
"USW00003131","SAN DIEGO MONTGOMERY FIELD, CA US","2015-02-11","0.00","0.0","0.0",,"86","53"
"USW00003131","SAN DIEGO MONTGOMERY FIELD, CA US","2015-02-12","0.00","0.0","0.0",,"87","54"
"USW00003131","SAN DIEGO MONTGOMERY FIELD, CA US","2015-02-13","0.00","0.0","0.0",,"88","53"
"USW00003131","SAN DIEGO MONTGOMERY FIELD, CA US","2015-02-14","0.00","0.0","0.0",,"86","57"
"USW00003131","SAN DIEGO MONTGOMERY FIELD, CA US","2015-02-15","0.00","0.0","0.0",,"80","53"
"USW00003131","SAN DIEGO MONTGOMERY FIELD, CA US","2015-02-16","0.00","0.0","0.0",,"69","52"
"USW00003131","SAN DIEGO MONTGOMERY FIELD, CA US","2015-02-17","0.00","0.0","0.0",,"68","54"
"USW00003131","SAN DIEGO MONTGOMERY FIELD, CA US","2015-02-18","0.00","0.0","0.0",,"72","55"
"USW00003131","SAN DIEGO MONTGOMERY FIELD, CA US","2015-02-19","0.00","0.0","0.0",,"71","54"
"USW00003131","SAN DIEGO MONTGOMERY FIELD, CA US","2015-02-20","0.00","0.0","0.0",,"69","58"
"USW00003131","SAN DIEGO MONTGOMERY FIELD, CA US","2015-02-21","0.00","0.0","0.0",,"66","59"
"USW00003131","SAN DIEGO MONTGOMERY FIELD, CA US","2015-02-22","0.00","0.0","0.0",,"65","61"
"USW00003131","SAN DIEGO MONTGOMERY FIELD, CA US","2015-02-23","0.00","0.0","0.0",,"65","51"
"USW00003131","SAN DIEGO MONTGOMERY FIELD, CA US","2015-02-24","0.00","0.0","0.0",,"68","46"
"USW00003131","SAN DIEGO MONTGOMERY FIELD, CA US","2015-02-25","0.00","0.0","0.0",,"71","46"
"USW00003131","SAN DIEGO MONTGOMERY FIELD, CA US","2015-02-26","0.00","0.0","0.0",,"68","46"
"USW00003131","SAN DIEGO MONTGOMERY FIELD, CA US","2015-02-27","0.00","0.0","0.0",,"65","52"
"USW00003131","SAN DIEGO MONTGOMERY FIELD, CA US","2015-02-28","0.00","0.0","0.0",,"64","54"
"USW00003131","SAN DIEGO MONTGOMERY FIELD, CA US","2015-03-01","0.10","0.0","0.0",,"56","52"
"USW00003131","SAN DIEGO MONTGOMERY FIELD, CA US","2015-03-02","0.07","0.0","0.0",,"60","50"
"USW00003131","SAN DIEGO MONTGOMERY FIELD, CA US","2015-03-03",,,,,"64","47"
"USW00003131","SAN DIEGO MONTGOMERY FIELD, CA US","2015-03-04","0.00","0.0","0.0",,"69","45"
"USW00003131","SAN DIEGO MONTGOMERY FIELD, CA US","2015-03-05","0.00","0.0","0.0",,"74","44"
"USW00003131","SAN DIEGO MONTGOMERY FIELD, CA US","2015-03-06","0.00","0.0","0.0",,"84","45"
"USW00003131","SAN DIEGO MONTGOMERY FIELD, CA US","2015-03-07","0.00","0.0","0.0",,"84","48"
"USW00003131","SAN DIEGO MONTGOMERY FIELD, CA US","2015-03-08","0.00","0.0","0.0",,"74","49"
"USW00003131","SAN DIEGO MONTGOMERY FIELD, CA US","2015-03-09","0.00","0.0","0.0",,"70","52"
"USW00003131","SAN DIEGO MONTGOMERY FIELD, CA US","2015-03-10","0.00","0.0","0.0",,"78","50"
"USW00003131","SAN DIEGO MONTGOMERY FIELD, CA US","2015-03-11","0.00","0.0","0.0",,"77","57"
"USW00003131","SAN DIEGO MONTGOMERY FIELD, CA US","2015-03-12","0.00","0.0","0.0",,"80","56"
"USW00003131","SAN DIEGO MONTGOMERY FIELD, CA US","2015-03-13","0.00","0.0","0.0",,"90","60"
"USW00003131","SAN DIEGO MONTGOMERY FIELD, CA US","2015-03-14","0.00","0.0","0.0",,"93","61"
"USW00003131","SAN DIEGO MONTGOMERY FIELD, CA US","2015-03-15","0.00","0.0","0.0",,"92","63"
"USW00003131","SAN DIEGO MONTGOMERY FIELD, CA US","2015-03-16","0.00","0.0","0.0",,"90","62"
"USW00003131","SAN DIEGO MONTGOMERY FIELD, CA US","2015-03-17","0.00","0.0","0.0",,"82","57"
"USW00003131","SAN DIEGO MONTGOMERY FIELD, CA US","2015-03-18","0.00","0.0","0.0",,"69","61"
"USW00003131","SAN DIEGO MONTGOMERY FIELD, CA US","2015-03-19","0.00","0.0","0.0",,"72","58"
"USW00003131","SAN DIEGO MONTGOMERY FIELD, CA US","2015-03-20","0.00","0.0","0.0",,"77","57"
"USW00003131","SAN DIEGO MONTGOMERY FIELD, CA US","2015-03-21","0.00","0.0","0.0",,"73","56"
"USW00003131","SAN DIEGO MONTGOMERY FIELD, CA US","2015-03-22","0.00","0.0","0.0",,"71","57"
"USW00003131","SAN DIEGO MONTGOMERY FIELD, CA US","2015-03-23","0.00","0.0","0.0",,"70","53"
"USW00003131","SAN DIEGO MONTGOMERY FIELD, CA US","2015-03-24","0.00","0.0","0.0",,"72","51"
"USW00003131","SAN DIEGO MONTGOMERY FIELD, CA US","2015-03-25","0.00","0.0","0.0",,"81","53"
"USW00003131","SAN DIEGO MONTGOMERY FIELD, CA US","2015-03-26","0.00","0.0","0.0",,"88","56"
"USW00003131","SAN DIEGO MONTGOMERY FIELD, CA US","2015-03-27","0.00","0.0","0.0",,"92","59"
"USW00003131","SAN DIEGO MONTGOMERY FIELD, CA US","2015-03-28","0.00","0.0","0.0",,"80","56"
"USW00003131","SAN DIEGO MONTGOMERY FIELD, CA US","2015-03-29","0.00","0.0","0.0",,"78","59"
"USW00003131","SAN DIEGO MONTGOMERY FIELD, CA US","2015-03-30","0.00","0.0","0.0",,"76","56"
"USW00003131","SAN DIEGO MONTGOMERY FIELD, CA US","2015-03-31","0.00","0.0","0.0",,"72","58"
"USW00003131","SAN DIEGO MONTGOMERY FIELD, CA US","2015-04-01","0.00","0.0","0.0",,"72","59"
"USW00003131","SAN DIEGO MONTGOMERY FIELD, CA US","2015-04-02","0.00","0.0","0.0",,"70","55"
"USW00003131","SAN DIEGO MONTGOMERY FIELD, CA US","2015-04-03","0.00","0.0","0.0",,"86","54"
"USW00003131","SAN DIEGO MONTGOMERY FIELD, CA US","2015-04-04","0.00","0.0","0.0",,"81","53"
"USW00003131","SAN DIEGO MONTGOMERY FIELD, CA US","2015-04-05","0.00","0.0","0.0",,"68","56"
"USW00003131","SAN DIEGO MONTGOMERY FIELD, CA US","2015-04-06","0.00","0.0","0.0",,"66","53"
"USW00003131","SAN DIEGO MONTGOMERY FIELD, CA US","2015-04-07","0.00","0.0","0.0",,"67","55"
"USW00003131","SAN DIEGO MONTGOMERY FIELD, CA US","2015-04-08","0.00","0.0","0.0",,"68","54"
"USW00003131","SAN DIEGO MONTGOMERY FIELD, CA US","2015-04-09","0.00","0.0","0.0",,"70","50"
"USW00003131","SAN DIEGO MONTGOMERY FIELD, CA US","2015-04-10","0.00","0.0","0.0",,"70","54"
"USW00003131","SAN DIEGO MONTGOMERY FIELD, CA US","2015-04-11","0.00","0.0","0.0",,"71","51"
"USW00003131","SAN DIEGO MONTGOMERY FIELD, CA US","2015-04-12","0.00","0.0","0.0",,"72","53"
"USW00003131","SAN DIEGO MONTGOMERY FIELD, CA US","2015-04-13","0.00","0.0","0.0",,"73","59"
"USW00003131","SAN DIEGO MONTGOMERY FIELD, CA US","2015-04-14","0.00","0.0","0.0",,"74","56"
"USW00003131","SAN DIEGO MONTGOMERY FIELD, CA US","2015-04-15","0.00","0.0","0.0",,"79","54"
"USW00003131","SAN DIEGO MONTGOMERY FIELD, CA US","2015-04-16","0.00","0.0","0.0",,"82","54"
"USW00003131","SAN DIEGO MONTGOMERY FIELD, CA US","2015-04-17","0.00",,"0.0",,"81","43"
"USW00003131","SAN DIEGO MONTGOMERY FIELD, CA US","2015-04-18","0.00","0.0","0.0",,"80","51"
"USW00003131","SAN DIEGO MONTGOMERY FIELD, CA US","2015-04-19","0.00","0.0","0.0",,"74","56"
"USW00003131","SAN DIEGO MONTGOMERY FIELD, CA US","2015-04-20","0.00","0.0","0.0",,"69","59"
"USW00003131","SAN DIEGO MONTGOMERY FIELD, CA US","2015-04-21","0.00","0.0","0.0",,"69","59"
"USW00003131","SAN DIEGO MONTGOMERY FIELD, CA US","2015-04-22","0.00","0.0","0.0",,"67","55"
"USW00003131","SAN DIEGO MONTGOMERY FIELD, CA US","2015-04-23","0.05","0.0","0.0",,"66","55"
"USW00003131","SAN DIEGO MONTGOMERY FIELD, CA US","2015-04-24","0.01","0.0","0.0",,"65","58"
"USW00003131","SAN DIEGO MONTGOMERY FIELD, CA US","2015-04-25","0.01","0.0","0.0",,"66","58"
"USW00003131","SAN DIEGO MONTGOMERY FIELD, CA US","2015-04-26","0.00","0.0","0.0",,"70","54"
"USW00003131","SAN DIEGO MONTGOMERY FIELD, CA US","2015-04-27","0.00","0.0","0.0",,"84","52"
"USW00003131","SAN DIEGO MONTGOMERY FIELD, CA US","2015-04-28","0.00","0.0","0.0",,"91","55"
"USW00003131","SAN DIEGO MONTGOMERY FIELD, CA US","2015-04-29","0.00","0.0","0.0",,"89","57"
"USW00003131","SAN DIEGO MONTGOMERY FIELD, CA US","2015-04-30","0.00","0.0","0.0",,"90","59"
"USW00003131","SAN DIEGO MONTGOMERY FIELD, CA US","2015-05-01","0.00","0.0","0.0",,"89","60"
"USW00003131","SAN DIEGO MONTGOMERY FIELD, CA US","2015-05-02","0.00","0.0","0.0",,"74","58"
"USW00003131","SAN DIEGO MONTGOMERY FIELD, CA US","2015-05-03","0.00","0.0","0.0",,"70","61"
"USW00003131","SAN DIEGO MONTGOMERY FIELD, CA US","2015-05-04","0.00","0.0","0.0",,"68","59"
"USW00003131","SAN DIEGO MONTGOMERY FIELD, CA US","2015-05-05","0.00","0.0","0.0",,"67","59"
"USW00003131","SAN DIEGO MONTGOMERY FIELD, CA US","2015-05-06","0.00","0.0","0.0",,"66","59"
"USW00003131","SAN DIEGO MONTGOMERY FIELD, CA US","2015-05-07","0.00","0.0","0.0",,"64","54"
"USW00003131","SAN DIEGO MONTGOMERY FIELD, CA US","2015-05-08","0.62","0.0","0.0",,"61","51"
"USW00003131","SAN DIEGO MONTGOMERY FIELD, CA US","2015-05-09","0.00","0.0","0.0",,"66","56"
"USW00003131","SAN DIEGO MONTGOMERY FIELD, CA US","2015-05-10","0.00","0.0","0.0",,"71","55"
"USW00003131","SAN DIEGO MONTGOMERY FIELD, CA US","2015-05-11","0.00","0.0","0.0",,"74","58"
"USW00003131","SAN DIEGO MONTGOMERY FIELD, CA US","2015-05-12","0.00","0.0","0.0",,"68","57"
"USW00003131","SAN DIEGO MONTGOMERY FIELD, CA US","2015-05-13","0.00","0.0","0.0",,"66","57"
"USW00003131","SAN DIEGO MONTGOMERY FIELD, CA US","2015-05-14","0.53","0.0","0.0",,"66","55"
"USW00003131","SAN DIEGO MONTGOMERY FIELD, CA US","2015-05-15","0.61","0.0","0.0",,"64","54"
"USW00003131","SAN DIEGO MONTGOMERY FIELD, CA US","2015-05-16","0.01","0.0","0.0",,"66","56"
"USW00003131","SAN DIEGO MONTGOMERY FIELD, CA US","2015-05-17","0.00","0.0","0.0",,"67","54"
"USW00003131","SAN DIEGO MONTGOMERY FIELD, CA US","2015-05-18","0.00","0.0","0.0",,"67","58"
"USW00003131","SAN DIEGO MONTGOMERY FIELD, CA US","2015-05-19","0.00","0.0","0.0",,"68","58"
"USW00003131","SAN DIEGO MONTGOMERY FIELD, CA US","2015-05-20","0.00","0.0","0.0",,"67","59"
"USW00003131","SAN DIEGO MONTGOMERY FIELD, CA US","2015-05-21","0.00","0.0","0.0",,"66","59"
"USW00003131","SAN DIEGO MONTGOMERY FIELD, CA US","2015-05-22","0.03","0.0","0.0",,"67","57"
"USW00003131","SAN DIEGO MONTGOMERY FIELD, CA US","2015-05-23","0.00","0.0","0.0",,"68","58"
"USW00003131","SAN DIEGO MONTGOMERY FIELD, CA US","2015-05-24","0.00","0.0","0.0",,"67","59"
"USW00003131","SAN DIEGO MONTGOMERY FIELD, CA US","2015-05-25","0.01","0.0","0.0",,"64","59"
"USW00003131","SAN DIEGO MONTGOMERY FIELD, CA US","2015-05-26","0.00","0.0","0.0",,"66","59"
"USW00003131","SAN DIEGO MONTGOMERY FIELD, CA US","2015-05-27","0.00","0.0","0.0",,"68","58"
"USW00003131","SAN DIEGO MONTGOMERY FIELD, CA US","2015-05-28","0.00","0.0","0.0",,"72","59"
"USW00003131","SAN DIEGO MONTGOMERY FIELD, CA US","2015-05-29","0.00","0.0","0.0",,"72","58"
"USW00003131","SAN DIEGO MONTGOMERY FIELD, CA US","2015-05-30","0.00","0.0","0.0",,"75","59"
"USW00003131","SAN DIEGO MONTGOMERY FIELD, CA US","2015-05-31","0.00","0.0","0.0",,"72","60"
"USW00003131","SAN DIEGO MONTGOMERY FIELD, CA US","2015-06-01","0.00","0.0","0.0",,"74","60"
"USW00003131","SAN DIEGO MONTGOMERY FIELD, CA US","2015-06-02","0.00","0.0","0.0",,"74","60"
"USW00003131","SAN DIEGO MONTGOMERY FIELD, CA US","2015-06-03","0.00","0.0","0.0",,"70","60"
"USW00003131","SAN DIEGO MONTGOMERY FIELD, CA US","2015-06-04","0.00","0.0","0.0",,"70","60"
"USW00003131","SAN DIEGO MONTGOMERY FIELD, CA US","2015-06-05","0.00","0.0","0.0",,"70","57"
"USW00003131","SAN DIEGO MONTGOMERY FIELD, CA US","2015-06-06","0.00","0.0","0.0",,"74","60"
"USW00003131","SAN DIEGO MONTGOMERY FIELD, CA US","2015-06-07","0.00","0.0","0.0",,"76","61"
"USW00003131","SAN DIEGO MONTGOMERY FIELD, CA US","2015-06-08","0.00","0.0","0.0",,"83","61"
"USW00003131","SAN DIEGO MONTGOMERY FIELD, CA US","2015-06-09","0.00","0.0","0.0",,"85","65"
"USW00003131","SAN DIEGO MONTGOMERY FIELD, CA US","2015-06-10","0.00","0.0","0.0",,"73","63"
"USW00003131","SAN DIEGO MONTGOMERY FIELD, CA US","2015-06-11","0.00","0.0","0.0",,"72","63"
"USW00003131","SAN DIEGO MONTGOMERY FIELD, CA US","2015-06-12","0.00","0.0","0.0",,"67","62"
"USW00003131","SAN DIEGO MONTGOMERY FIELD, CA US","2015-06-13","0.00","0.0","0.0",,"70","61"
"USW00003131","SAN DIEGO MONTGOMERY FIELD, CA US","2015-06-14","0.00","0.0","0.0",,"73","63"
"USW00003131","SAN DIEGO MONTGOMERY FIELD, CA US","2015-06-15","0.00","0.0","0.0",,"77","64"
"USW00003131","SAN DIEGO MONTGOMERY FIELD, CA US","2015-06-16","0.00","0.0","0.0",,"73","62"
"USW00003131","SAN DIEGO MONTGOMERY FIELD, CA US","2015-06-17","0.00","0.0","0.0",,"76","60"
"USW00003131","SAN DIEGO MONTGOMERY FIELD, CA US","2015-06-18","0.00","0.0","0.0",,"81","61"
"USW00003131","SAN DIEGO MONTGOMERY FIELD, CA US","2015-06-19","0.00","0.0","0.0",,"84","58"
"USW00003131","SAN DIEGO MONTGOMERY FIELD, CA US","2015-06-20","0.00","0.0","0.0",,"78","63"
"USW00003131","SAN DIEGO MONTGOMERY FIELD, CA US","2015-06-21","0.00","0.0","0.0",,"77","63"
"USW00003131","SAN DIEGO MONTGOMERY FIELD, CA US","2015-06-22","0.00","0.0","0.0",,"80","63"
"USW00003131","SAN DIEGO MONTGOMERY FIELD, CA US","2015-06-23","0.00","0.0","0.0",,"81","62"
"USW00003131","SAN DIEGO MONTGOMERY FIELD, CA US","2015-06-24","0.00","0.0","0.0",,"79","63"
"USW00003131","SAN DIEGO MONTGOMERY FIELD, CA US","2015-06-25","0.00","0.0","0.0",,"80","65"
"USW00003131","SAN DIEGO MONTGOMERY FIELD, CA US","2015-06-26","0.00","0.0","0.0",,"83","64"
"USW00003131","SAN DIEGO MONTGOMERY FIELD, CA US","2015-06-27","0.00","0.0","0.0",,"75","65"
"USW00003131","SAN DIEGO MONTGOMERY FIELD, CA US","2015-06-28","0.00","0.0","0.0",,"84","67"
"USW00003131","SAN DIEGO MONTGOMERY FIELD, CA US","2015-06-29","0.00","0.0","0.0",,"82","67"
"USW00003131","SAN DIEGO MONTGOMERY FIELD, CA US","2015-06-30","0.09","0.0","0.0",,"89","66"
"USW00003131","SAN DIEGO MONTGOMERY FIELD, CA US","2015-07-01","0.01","0.0","0.0",,"84","69"
"USW00003131","SAN DIEGO MONTGOMERY FIELD, CA US","2015-07-02","0.00","0.0","0.0",,"84","66"
"USW00003131","SAN DIEGO MONTGOMERY FIELD, CA US","2015-07-03","0.00","0.0","0.0",,"80","66"
"USW00003131","SAN DIEGO MONTGOMERY FIELD, CA US","2015-07-04","0.00","0.0","0.0",,"77","65"
"USW00003131","SAN DIEGO MONTGOMERY FIELD, CA US","2015-07-05","0.00","0.0","0.0",,"72","64"
"USW00003131","SAN DIEGO MONTGOMERY FIELD, CA US","2015-07-06","0.00","0.0","0.0",,"72","64"
"USW00003131","SAN DIEGO MONTGOMERY FIELD, CA US","2015-07-07","0.00","0.0","0.0",,"75","63"
"USW00003131","SAN DIEGO MONTGOMERY FIELD, CA US","2015-07-08","0.00","0.0","0.0",,"74","64"
"USW00003131","SAN DIEGO MONTGOMERY FIELD, CA US","2015-07-09","0.00","0.0","0.0",,"74","65"
"USW00003131","SAN DIEGO MONTGOMERY FIELD, CA US","2015-07-10","0.00","0.0","0.0",,"76","64"
"USW00003131","SAN DIEGO MONTGOMERY FIELD, CA US","2015-07-11","0.00","0.0","0.0",,"77","61"
"USW00003131","SAN DIEGO MONTGOMERY FIELD, CA US","2015-07-12","0.00","0.0","0.0",,"80","63"
"USW00003131","SAN DIEGO MONTGOMERY FIELD, CA US","2015-07-13","0.00","0.0","0.0",,"81","63"
"USW00003131","SAN DIEGO MONTGOMERY FIELD, CA US","2015-07-14","0.00","0.0","0.0",,"76","65"
"USW00003131","SAN DIEGO MONTGOMERY FIELD, CA US","2015-07-15","0.00","0.0","0.0",,"77","64"
"USW00003131","SAN DIEGO MONTGOMERY FIELD, CA US","2015-07-16","0.00","0.0","0.0",,"79","65"
"USW00003131","SAN DIEGO MONTGOMERY FIELD, CA US","2015-07-17","0.00","0.0","0.0",,"81","65"
"USW00003131","SAN DIEGO MONTGOMERY FIELD, CA US","2015-07-18","1.42","0.0","0.0",,"81","64"
"USW00003131","SAN DIEGO MONTGOMERY FIELD, CA US","2015-07-19","1.03","0.0","0.0",,"87","72"
"USW00003131","SAN DIEGO MONTGOMERY FIELD, CA US","2015-07-20","0.00","0.0","0.0",,"82","70"
"USW00003131","SAN DIEGO MONTGOMERY FIELD, CA US","2015-07-21","0.00","0.0","0.0",,"80","68"
"USW00003131","SAN DIEGO MONTGOMERY FIELD, CA US","2015-07-22","0.00","0.0","0.0",,"81","70"
"USW00003131","SAN DIEGO MONTGOMERY FIELD, CA US","2015-07-23","0.00","0.0","0.0",,"82","69"
"USW00003131","SAN DIEGO MONTGOMERY FIELD, CA US","2015-07-24","0.00","0.0","0.0",,"83","68"
"USW00003131","SAN DIEGO MONTGOMERY FIELD, CA US","2015-07-25","0.00","0.0","0.0",,"88","66"
"USW00003131","SAN DIEGO MONTGOMERY FIELD, CA US","2015-07-26","0.00","0.0","0.0",,"80","66"
"USW00003131","SAN DIEGO MONTGOMERY FIELD, CA US","2015-07-27","0.00","0.0","0.0",,"77","66"
"USW00003131","SAN DIEGO MONTGOMERY FIELD, CA US","2015-07-28","0.00","0.0","0.0",,"80","64"
"USW00003131","SAN DIEGO MONTGOMERY FIELD, CA US","2015-07-29","0.00","0.0","0.0",,"79","67"
"USW00003131","SAN DIEGO MONTGOMERY FIELD, CA US","2015-07-30","0.00","0.0","0.0",,"83","69"
"USW00003131","SAN DIEGO MONTGOMERY FIELD, CA US","2015-07-31","0.00","0.0","0.0",,"85","68"
"USW00003131","SAN DIEGO MONTGOMERY FIELD, CA US","2015-08-01","0.00","0.0","0.0",,"79","68"
"USW00003131","SAN DIEGO MONTGOMERY FIELD, CA US","2015-08-02","0.00","0.0","0.0",,"80","67"
"USW00003131","SAN DIEGO MONTGOMERY FIELD, CA US","2015-08-03","0.00","0.0","0.0",,"81","67"
"USW00003131","SAN DIEGO MONTGOMERY FIELD, CA US","2015-08-04","0.00","0.0","0.0",,"88","68"
"USW00003131","SAN DIEGO MONTGOMERY FIELD, CA US","2015-08-05","0.00","0.0","0.0",,"90","66"
"USW00003131","SAN DIEGO MONTGOMERY FIELD, CA US","2015-08-06","0.00","0.0","0.0",,"83","68"
"USW00003131","SAN DIEGO MONTGOMERY FIELD, CA US","2015-08-07","0.00","0.0","0.0",,"79","67"
"USW00003131","SAN DIEGO MONTGOMERY FIELD, CA US","2015-08-08","0.00","0.0","0.0",,"78","67"
"USW00003131","SAN DIEGO MONTGOMERY FIELD, CA US","2015-08-09","0.00","0.0","0.0",,"77","66"
"USW00003131","SAN DIEGO MONTGOMERY FIELD, CA US","2015-08-10","0.00","0.0","0.0",,"78","66"
"USW00003131","SAN DIEGO MONTGOMERY FIELD, CA US","2015-08-11","0.00","0.0","0.0",,"79","66"
"USW00003131","SAN DIEGO MONTGOMERY FIELD, CA US","2015-08-12","0.00","0.0","0.0",,"84","65"
"USW00003131","SAN DIEGO MONTGOMERY FIELD, CA US","2015-08-13","0.00","0.0","0.0",,"90","67"
"USW00003131","SAN DIEGO MONTGOMERY FIELD, CA US","2015-08-14","0.00","0.0","0.0",,"92","67"
"USW00003131","SAN DIEGO MONTGOMERY FIELD, CA US","2015-08-15","0.00","0.0","0.0",,"97","70"
"USW00003131","SAN DIEGO MONTGOMERY FIELD, CA US","2015-08-16","0.00","0.0","0.0",,"96","68"
"USW00003131","SAN DIEGO MONTGOMERY FIELD, CA US","2015-08-17","0.00","0.0","0.0",,"81","69"
"USW00003131","SAN DIEGO MONTGOMERY FIELD, CA US","2015-08-18","0.00","0.0","0.0",,"82","69"
"USW00003131","SAN DIEGO MONTGOMERY FIELD, CA US","2015-08-19","0.00","0.0","0.0",,"80","68"
"USW00003131","SAN DIEGO MONTGOMERY FIELD, CA US","2015-08-20","0.00","0.0","0.0",,"77","67"
"USW00003131","SAN DIEGO MONTGOMERY FIELD, CA US","2015-08-21","0.00","0.0","0.0",,"78","68"
"USW00003131","SAN DIEGO MONTGOMERY FIELD, CA US","2015-08-22","0.00","0.0","0.0",,"79","68"
"USW00003131","SAN DIEGO MONTGOMERY FIELD, CA US","2015-08-23","0.00","0.0","0.0",,"81","68"
"USW00003131","SAN DIEGO MONTGOMERY FIELD, CA US","2015-08-24","0.00","0.0","0.0",,"82","67"
"USW00003131","SAN DIEGO MONTGOMERY FIELD, CA US","2015-08-25","0.01","0.0","0.0",,"84","70"
"USW00003131","SAN DIEGO MONTGOMERY FIELD, CA US","2015-08-26","0.00","0.0","0.0",,"89","70"
"USW00003131","SAN DIEGO MONTGOMERY FIELD, CA US","2015-08-27","0.00","0.0","0.0",,"94","72"
"USW00003131","SAN DIEGO MONTGOMERY FIELD, CA US","2015-08-28","0.00","0.0","0.0",,"94","71"
"USW00003131","SAN DIEGO MONTGOMERY FIELD, CA US","2015-08-29","0.00","0.0","0.0",,"92","71"
"USW00003131","SAN DIEGO MONTGOMERY FIELD, CA US","2015-08-30","0.00","0.0","0.0",,"84","68"
"USW00003131","SAN DIEGO MONTGOMERY FIELD, CA US","2015-08-31","0.00","0.0","0.0",,"78","68"
"USW00003131","SAN DIEGO MONTGOMERY FIELD, CA US","2015-09-01","0.00","0.0","0.0",,"79","68"
"USW00003131","SAN DIEGO MONTGOMERY FIELD, CA US","2015-09-02","0.00","0.0","0.0",,"77","67"
"USW00003131","SAN DIEGO MONTGOMERY FIELD, CA US","2015-09-03","0.00","0.0","0.0",,"76","66"
"USW00003131","SAN DIEGO MONTGOMERY FIELD, CA US","2015-09-04","0.00","0.0","0.0",,"77","67"
"USW00003131","SAN DIEGO MONTGOMERY FIELD, CA US","2015-09-05","0.00","0.0","0.0",,"80","65"
"USW00003131","SAN DIEGO MONTGOMERY FIELD, CA US","2015-09-06","0.00","0.0","0.0",,"86","64"
"USW00003131","SAN DIEGO MONTGOMERY FIELD, CA US","2015-09-07","0.00","0.0","0.0",,"93","71"
"USW00003131","SAN DIEGO MONTGOMERY FIELD, CA US","2015-09-08","0.00","0.0","0.0",,"93","73"
"USW00003131","SAN DIEGO MONTGOMERY FIELD, CA US","2015-09-09","0.00","0.0","0.0",,"99","77"
"USW00003131","SAN DIEGO MONTGOMERY FIELD, CA US","2015-09-10","0.00","0.0","0.0",,"96","76"
"USW00003131","SAN DIEGO MONTGOMERY FIELD, CA US","2015-09-11","0.00","0.0","0.0",,"90","77"
"USW00003131","SAN DIEGO MONTGOMERY FIELD, CA US","2015-09-12","0.00","0.0","0.0",,"93","75"
"USW00003131","SAN DIEGO MONTGOMERY FIELD, CA US","2015-09-13","0.00","0.0","0.0",,"86","71"
"USW00003131","SAN DIEGO MONTGOMERY FIELD, CA US","2015-09-14","0.00","0.0","0.0",,"84","70"
"USW00003131","SAN DIEGO MONTGOMERY FIELD, CA US","2015-09-15","1.02","0.0","0.0",,"78","67"
"USW00003131","SAN DIEGO MONTGOMERY FIELD, CA US","2015-09-16","0.03","0.0","0.0",,"76","66"
"USW00003131","SAN DIEGO MONTGOMERY FIELD, CA US","2015-09-17","0.00","0.0","0.0",,"79","65"
"USW00003131","SAN DIEGO MONTGOMERY FIELD, CA US","2015-09-18","0.00","0.0","0.0",,"82","63"
"USW00003131","SAN DIEGO MONTGOMERY FIELD, CA US","2015-09-19","0.00","0.0","0.0",,"84","67"
"USW00003131","SAN DIEGO MONTGOMERY FIELD, CA US","2015-09-20","0.00","0.0","0.0",,"99","72"
"USW00003131","SAN DIEGO MONTGOMERY FIELD, CA US","2015-09-21","0.00","0.0","0.0",,"78","71"
"USW00003131","SAN DIEGO MONTGOMERY FIELD, CA US","2015-09-22","0.00","0.0","0.0",,"83","69"
"USW00003131","SAN DIEGO MONTGOMERY FIELD, CA US","2015-09-23","0.00","0.0","0.0",,"85","67"
"USW00003131","SAN DIEGO MONTGOMERY FIELD, CA US","2015-09-24","0.00","0.0","0.0",,"87","69"
"USW00003131","SAN DIEGO MONTGOMERY FIELD, CA US","2015-09-25","0.00","0.0","0.0",,"92","69"
"USW00003131","SAN DIEGO MONTGOMERY FIELD, CA US","2015-09-26","0.00","0.0","0.0",,"88","69"
"USW00003131","SAN DIEGO MONTGOMERY FIELD, CA US","2015-09-27","0.00","0.0","0.0",,"87","69"
"USW00003131","SAN DIEGO MONTGOMERY FIELD, CA US","2015-09-28","0.00","0.0","0.0",,"88","67"
"USW00003131","SAN DIEGO MONTGOMERY FIELD, CA US","2015-09-29","0.00","0.0","0.0",,"84","65"
"USW00003131","SAN DIEGO MONTGOMERY FIELD, CA US","2015-09-30","0.00","0.0","0.0",,"88","64"
"USW00003131","SAN DIEGO MONTGOMERY FIELD, CA US","2015-10-01","0.00","0.0","0.0",,"84","67"
"USW00003131","SAN DIEGO MONTGOMERY FIELD, CA US","2015-10-02","0.00","0.0","0.0",,"79","64"
"USW00003131","SAN DIEGO MONTGOMERY FIELD, CA US","2015-10-03","0.00","0.0","0.0",,"78","63"
"USW00003131","SAN DIEGO MONTGOMERY FIELD, CA US","2015-10-04","0.41","0.0","0.0",,"72","63"
"USW00003131","SAN DIEGO MONTGOMERY FIELD, CA US","2015-10-05","0.27","0.0","0.0",,"69","61"
"USW00003131","SAN DIEGO MONTGOMERY FIELD, CA US","2015-10-06","0.00","0.0","0.0",,"75","59"
"USW00003131","SAN DIEGO MONTGOMERY FIELD, CA US","2015-10-07","0.00","0.0","0.0",,"79","62"
"USW00003131","SAN DIEGO MONTGOMERY FIELD, CA US","2015-10-08","0.00","0.0","0.0",,"85","63"
"USW00003131","SAN DIEGO MONTGOMERY FIELD, CA US","2015-10-09","0.00","0.0","0.0",,"101","66"
"USW00003131","SAN DIEGO MONTGOMERY FIELD, CA US","2015-10-10","0.00","0.0","0.0",,"99","73"
"USW00003131","SAN DIEGO MONTGOMERY FIELD, CA US","2015-10-11","0.00","0.0","0.0",,"98","70"
"USW00003131","SAN DIEGO MONTGOMERY FIELD, CA US","2015-10-12","0.00","0.0","0.0",,"94","73"
"USW00003131","SAN DIEGO MONTGOMERY FIELD, CA US","2015-10-13","0.00","0.0","0.0",,"88","73"
"USW00003131","SAN DIEGO MONTGOMERY FIELD, CA US","2015-10-14","0.00","0.0","0.0",,"87","72"
"USW00003131","SAN DIEGO MONTGOMERY FIELD, CA US","2015-10-15","0.00","0.0","0.0",,"79","71"
"USW00003131","SAN DIEGO MONTGOMERY FIELD, CA US","2015-10-16","0.00","0.0","0.0",,"73","69"
"USW00003131","SAN DIEGO MONTGOMERY FIELD, CA US","2015-10-17","0.00","0.0","0.0",,"79","70"
"USW00003131","SAN DIEGO MONTGOMERY FIELD, CA US","2015-10-18","0.00","0.0","0.0",,"77","68"
"USW00003131","SAN DIEGO MONTGOMERY FIELD, CA US","2015-10-19","0.00","0.0","0.0",,"72","62"
"USW00003131","SAN DIEGO MONTGOMERY FIELD, CA US","2015-10-20","0.00","0.0","0.0",,"76","60"
"USW00003131","SAN DIEGO MONTGOMERY FIELD, CA US","2015-10-21","0.00","0.0","0.0",,"78","60"
"USW00003131","SAN DIEGO MONTGOMERY FIELD, CA US","2015-10-22","0.00","0.0","0.0",,"78","60"
"USW00003131","SAN DIEGO MONTGOMERY FIELD, CA US","2015-10-23","0.00","0.0","0.0",,"82","61"
"USW00003131","SAN DIEGO MONTGOMERY FIELD, CA US","2015-10-24","0.00","0.0","0.0",,"89","60"
"USW00003131","SAN DIEGO MONTGOMERY FIELD, CA US","2015-10-25","0.00","0.0","0.0",,"82","63"
"USW00003131","SAN DIEGO MONTGOMERY FIELD, CA US","2015-10-26","0.00","0.0","0.0",,"85","60"
"USW00003131","SAN DIEGO MONTGOMERY FIELD, CA US","2015-10-27","0.00","0.0","0.0",,"86","58"
"USW00003131","SAN DIEGO MONTGOMERY FIELD, CA US","2015-10-28","0.00","0.0","0.0",,"80","61"
"USW00003131","SAN DIEGO MONTGOMERY FIELD, CA US","2015-10-29","0.01","0.0","0.0",,"79","61"
"USW00003131","SAN DIEGO MONTGOMERY FIELD, CA US","2015-10-30","0.00","0.0","0.0",,"85","55"
"USW00003131","SAN DIEGO MONTGOMERY FIELD, CA US","2015-10-31","0.00","0.0","0.0",,"89","57"
"USW00003131","SAN DIEGO MONTGOMERY FIELD, CA US","2015-11-01","0.00","0.0","0.0",,"86","57"
"USW00003131","SAN DIEGO MONTGOMERY FIELD, CA US","2015-11-02","0.04","0.0","0.0",,"75","57"
"USW00003131","SAN DIEGO MONTGOMERY FIELD, CA US","2015-11-03","1.37","0.0","0.0",,"68","53"
"USW00003131","SAN DIEGO MONTGOMERY FIELD, CA US","2015-11-04","0.00","0.0","0.0",,"67","52"
"USW00003131","SAN DIEGO MONTGOMERY FIELD, CA US","2015-11-05","0.00","0.0","0.0",,"71","50"
"USW00003131","SAN DIEGO MONTGOMERY FIELD, CA US","2015-11-06","0.00","0.0","0.0",,"74","49"
"USW00003131","SAN DIEGO MONTGOMERY FIELD, CA US","2015-11-07","0.00","0.0","0.0",,"79","49"
"USW00003131","SAN DIEGO MONTGOMERY FIELD, CA US","2015-11-08","0.00","0.0","0.0",,"75","50"
"USW00003131","SAN DIEGO MONTGOMERY FIELD, CA US","2015-11-09","0.05","0.0","0.0",,"69","53"
"USW00003131","SAN DIEGO MONTGOMERY FIELD, CA US","2015-11-10","0.08","0.0","0.0",,"65","51"
"USW00003131","SAN DIEGO MONTGOMERY FIELD, CA US","2015-11-11","0.00",,"0.0",,"77","46"
"USW00003131","SAN DIEGO MONTGOMERY FIELD, CA US","2015-11-12","0.00","0.0","0.0",,"73","44"
"USW00003131","SAN DIEGO MONTGOMERY FIELD, CA US","2015-11-13","0.00","0.0","0.0",,"77","44"
"USW00003131","SAN DIEGO MONTGOMERY FIELD, CA US","2015-11-14","0.00",,"0.0",,"78","47"
"USW00003131","SAN DIEGO MONTGOMERY FIELD, CA US","2015-11-15","0.11","0.0","0.0",,"69","53"
"USW00003131","SAN DIEGO MONTGOMERY FIELD, CA US","2015-11-16","0.00","0.0","0.0",,"62","45"
"USW00003131","SAN DIEGO MONTGOMERY FIELD, CA US","2015-11-17","0.00","0.0","0.0",,"69","42"
"USW00003131","SAN DIEGO MONTGOMERY FIELD, CA US","2015-11-18","0.00",,"0.0",,"77","45"
"USW00003131","SAN DIEGO MONTGOMERY FIELD, CA US","2015-11-19","0.00","0.0","0.0",,"82","51"
"USW00003131","SAN DIEGO MONTGOMERY FIELD, CA US","2015-11-20","0.00","0.0","0.0",,"81","52"
"USW00003131","SAN DIEGO MONTGOMERY FIELD, CA US","2015-11-21","0.00","0.0","0.0",,"89","53"
"USW00003131","SAN DIEGO MONTGOMERY FIELD, CA US","2015-11-22","0.00","0.0","0.0",,"88","57"
"USW00003131","SAN DIEGO MONTGOMERY FIELD, CA US","2015-11-23","0.00","0.0","0.0",,"79","52"
"USW00003131","SAN DIEGO MONTGOMERY FIELD, CA US","2015-11-24","0.00","0.0","0.0",,"70","50"
"USW00003131","SAN DIEGO MONTGOMERY FIELD, CA US","2015-11-25","0.14","0.0","0.0",,"63","55"
"USW00003131","SAN DIEGO MONTGOMERY FIELD, CA US","2015-11-26","0.06","0.0","0.0",,"64","50"
"USW00003131","SAN DIEGO MONTGOMERY FIELD, CA US","2015-11-27","0.12",,"0.0",,"61","49"
"USW00003131","SAN DIEGO MONTGOMERY FIELD, CA US","2015-11-28","0.00",,"0.0",,"65","46"
"USW00003131","SAN DIEGO MONTGOMERY FIELD, CA US","2015-11-29","0.00","0.0","0.0",,"65","45"
"USW00003131","SAN DIEGO MONTGOMERY FIELD, CA US","2015-11-30","0.00",,,,"67","43"
"USW00003131","SAN DIEGO MONTGOMERY FIELD, CA US","2015-12-01","0.00","0.0","0.0",,"68","43"
"USW00003131","SAN DIEGO MONTGOMERY FIELD, CA US","2015-12-02","0.00","0.0","0.0",,"81","44"
"USW00003131","SAN DIEGO MONTGOMERY FIELD, CA US","2015-12-03","0.00","0.0","0.0",,"79","48"
"USW00003131","SAN DIEGO MONTGOMERY FIELD, CA US","2015-12-04","0.00","0.0","0.0",,"68","45"
"USW00003131","SAN DIEGO MONTGOMERY FIELD, CA US","2015-12-05","0.00","0.0","0.0",,"74","46"
"USW00003131","SAN DIEGO MONTGOMERY FIELD, CA US","2015-12-06","0.00",,"0.0",,"79","49"
"USW00003131","SAN DIEGO MONTGOMERY FIELD, CA US","2015-12-07","0.00",,"0.0",,"78","48"
"USW00003131","SAN DIEGO MONTGOMERY FIELD, CA US","2015-12-08","0.00",,"0.0",,"79","49"
"USW00003131","SAN DIEGO MONTGOMERY FIELD, CA US","2015-12-09","0.00","0.0","0.0",,"76","50"
"USW00003131","SAN DIEGO MONTGOMERY FIELD, CA US","2015-12-10","0.01","0.0","0.0",,"68","52"
"USW00003131","SAN DIEGO MONTGOMERY FIELD, CA US","2015-12-11","0.57",,"0.0",,"63","48"
"USW00003131","SAN DIEGO MONTGOMERY FIELD, CA US","2015-12-12","0.00","0.0","0.0",,"64","42"
"USW00003131","SAN DIEGO MONTGOMERY FIELD, CA US","2015-12-13","0.18",,"0.0",,"65","44"
"USW00003131","SAN DIEGO MONTGOMERY FIELD, CA US","2015-12-14","0.00","0.0","0.0",,"59","42"
"USW00003131","SAN DIEGO MONTGOMERY FIELD, CA US","2015-12-15","0.00","0.0","0.0",,"60","39"
"USW00003131","SAN DIEGO MONTGOMERY FIELD, CA US","2015-12-16","0.00","0.0","0.0",,"61","39"
"USW00003131","SAN DIEGO MONTGOMERY FIELD, CA US","2015-12-17","0.00","0.0","0.0",,"65","38"
"USW00003131","SAN DIEGO MONTGOMERY FIELD, CA US","2015-12-18","0.00","0.0","0.0",,"71","43"
"USW00003131","SAN DIEGO MONTGOMERY FIELD, CA US","2015-12-19","0.19",,"0.0",,"64","44"
"USW00003131","SAN DIEGO MONTGOMERY FIELD, CA US","2015-12-20","0.00",,"0.0",,"62","47"
"USW00003131","SAN DIEGO MONTGOMERY FIELD, CA US","2015-12-21","0.00",,"0.0",,"63","43"
"USW00003131","SAN DIEGO MONTGOMERY FIELD, CA US","2015-12-22","0.37","0.0","0.0",,"61","53"
"USW00003131","SAN DIEGO MONTGOMERY FIELD, CA US","2015-12-23","0.01","0.0","0.0",,"62","51"
"USW00003131","SAN DIEGO MONTGOMERY FIELD, CA US","2015-12-24","0.00",,"0.0",,"63","49"
"USW00003131","SAN DIEGO MONTGOMERY FIELD, CA US","2015-12-25","0.01",,"0.0",,"58","43"
"USW00003131","SAN DIEGO MONTGOMERY FIELD, CA US","2015-12-26","0.00","0.0","0.0",,"62","41"
"USW00003131","SAN DIEGO MONTGOMERY FIELD, CA US","2015-12-27","0.00","0.0","0.0",,"60","35"
"USW00003131","SAN DIEGO MONTGOMERY FIELD, CA US","2015-12-28","0.24",,"0.0",,"59","39"
"USW00003131","SAN DIEGO MONTGOMERY FIELD, CA US","2015-12-29","0.00","0.0","0.0",,"59","38"
"USW00003131","SAN DIEGO MONTGOMERY FIELD, CA US","2015-12-30","0.00","0.0","0.0",,"63","39"
"USW00003131","SAN DIEGO MONTGOMERY FIELD, CA US","2015-12-31","0.00","0.0","0.0",,"65","38"
"USW00003131","SAN DIEGO MONTGOMERY FIELD, CA US","2016-01-01","0.00","0.0","0.0",,"65","40"
"USW00003131","SAN DIEGO MONTGOMERY FIELD, CA US","2016-01-02","0.00","0.0","0.0",,"64","40"
"USW00003131","SAN DIEGO MONTGOMERY FIELD, CA US","2016-01-03","0.00",,"0.0",,"61","43"
"USW00003131","SAN DIEGO MONTGOMERY FIELD, CA US","2016-01-04","0.17","0.0","0.0",,"63","53"
"USW00003131","SAN DIEGO MONTGOMERY FIELD, CA US","2016-01-05","2.43","0.0","0.0",,"58","55"
"USW00003131","SAN DIEGO MONTGOMERY FIELD, CA US","2016-01-06","0.39",,"0.0",,"59","49"
"USW00003131","SAN DIEGO MONTGOMERY FIELD, CA US","2016-01-07","0.96",,,,"58","49"
"USW00003131","SAN DIEGO MONTGOMERY FIELD, CA US","2016-01-08","0.08",,"0.0",,"61","45"
"USW00003131","SAN DIEGO MONTGOMERY FIELD, CA US","2016-01-09","0.00",,"0.0",,"61","42"
"USW00003131","SAN DIEGO MONTGOMERY FIELD, CA US","2016-01-10","0.00","0.0","0.0",,"59","52"
"USW00003131","SAN DIEGO MONTGOMERY FIELD, CA US","2016-01-11","0.00","0.0","0.0",,"65","46"
"USW00003131","SAN DIEGO MONTGOMERY FIELD, CA US","2016-01-12","0.00","0.0","0.0",,"68","40"
"USW00003131","SAN DIEGO MONTGOMERY FIELD, CA US","2016-01-13","0.00","0.0","0.0",,"63","41"
"USW00003131","SAN DIEGO MONTGOMERY FIELD, CA US","2016-01-14","0.00","0.0","0.0",,"63","44"
"USW00003131","SAN DIEGO MONTGOMERY FIELD, CA US","2016-01-15","0.01",,"0.0",,"60","49"
"USW00003131","SAN DIEGO MONTGOMERY FIELD, CA US","2016-01-16","0.00","0.0","0.0",,"66","47"
"USW00003131","SAN DIEGO MONTGOMERY FIELD, CA US","2016-01-17","0.00","0.0","0.0",,"75","49"
"USW00003131","SAN DIEGO MONTGOMERY FIELD, CA US","2016-01-18","0.00","0.0","0.0",,"64","54"
"USW00003131","SAN DIEGO MONTGOMERY FIELD, CA US","2016-01-19","0.00","0.0","0.0",,"64","50"
"USW00003131","SAN DIEGO MONTGOMERY FIELD, CA US","2016-01-20","0.00","0.0","0.0",,"68","56"
"USW00003131","SAN DIEGO MONTGOMERY FIELD, CA US","2016-01-21","0.00","0.0","0.0",,"74","51"
"USW00003131","SAN DIEGO MONTGOMERY FIELD, CA US","2016-01-22","0.00","0.0","0.0",,"72","48"
"USW00003131","SAN DIEGO MONTGOMERY FIELD, CA US","2016-01-23","0.01",,"0.0",,"64","48"
"USW00003131","SAN DIEGO MONTGOMERY FIELD, CA US","2016-01-24","0.00","0.0","0.0",,"64","47"
"USW00003131","SAN DIEGO MONTGOMERY FIELD, CA US","2016-01-25","0.00","0.0","0.0",,"68","45"
"USW00003131","SAN DIEGO MONTGOMERY FIELD, CA US","2016-01-26","0.00","0.0","0.0",,"73","46"
"USW00003131","SAN DIEGO MONTGOMERY FIELD, CA US","2016-01-27","0.00","0.0","0.0",,"73","44"
"USW00003131","SAN DIEGO MONTGOMERY FIELD, CA US","2016-01-28","0.00","0.0","0.0",,"74","46"
"USW00003131","SAN DIEGO MONTGOMERY FIELD, CA US","2016-01-29","0.00","0.0","0.0",,"72","46"
"USW00003131","SAN DIEGO MONTGOMERY FIELD, CA US","2016-01-30","0.02",,"0.0",,"66","47"
"USW00003131","SAN DIEGO MONTGOMERY FIELD, CA US","2016-01-31","0.40",,"0.0",,"58","49"
"USW00003131","SAN DIEGO MONTGOMERY FIELD, CA US","2016-02-01","0.00",,"0.0",,"56","40"
"USW00003131","SAN DIEGO MONTGOMERY FIELD, CA US","2016-02-02","0.00","0.0","0.0",,"58","36"
"USW00003131","SAN DIEGO MONTGOMERY FIELD, CA US","2016-02-03","0.00","0.0","0.0",,"63","40"
"USW00003131","SAN DIEGO MONTGOMERY FIELD, CA US","2016-02-04","0.00","0.0","0.0",,"69","40"
"USW00003131","SAN DIEGO MONTGOMERY FIELD, CA US","2016-02-05","0.00","0.0","0.0",,"77","43"
"USW00003131","SAN DIEGO MONTGOMERY FIELD, CA US","2016-02-06","0.00","0.0","0.0",,"77","45"
"USW00003131","SAN DIEGO MONTGOMERY FIELD, CA US","2016-02-07","0.00","0.0","0.0",,"83","45"
"USW00003131","SAN DIEGO MONTGOMERY FIELD, CA US","2016-02-08","0.00","0.0","0.0",,"84","51"
"USW00003131","SAN DIEGO MONTGOMERY FIELD, CA US","2016-02-09","0.00","0.0","0.0",,"89","50"
"USW00003131","SAN DIEGO MONTGOMERY FIELD, CA US","2016-02-10","0.00","0.0","0.0",,"87","50"
"USW00003131","SAN DIEGO MONTGOMERY FIELD, CA US","2016-02-11","0.00","0.0","0.0",,"85","52"
"USW00003131","SAN DIEGO MONTGOMERY FIELD, CA US","2016-02-12","0.00","0.0","0.0",,"84","52"
"USW00003131","SAN DIEGO MONTGOMERY FIELD, CA US","2016-02-13","0.00","0.0","0.0",,"78","49"
"USW00003131","SAN DIEGO MONTGOMERY FIELD, CA US","2016-02-14","0.00","0.0","0.0",,"81","48"
"USW00003131","SAN DIEGO MONTGOMERY FIELD, CA US","2016-02-15","0.00","0.0","0.0",,"87","54"
"USW00003131","SAN DIEGO MONTGOMERY FIELD, CA US","2016-02-16","0.00","0.0","0.0",,"90","56"
"USW00003131","SAN DIEGO MONTGOMERY FIELD, CA US","2016-02-17","0.00","0.0","0.0",,"77","50"
"USW00003131","SAN DIEGO MONTGOMERY FIELD, CA US","2016-02-18","0.06","0.0","0.0",,"68","53"
"USW00003131","SAN DIEGO MONTGOMERY FIELD, CA US","2016-02-19","0.00","0.0","0.0",,"66","49"
"USW00003131","SAN DIEGO MONTGOMERY FIELD, CA US","2016-02-20","0.00","0.0","0.0",,"71","46"
"USW00003131","SAN DIEGO MONTGOMERY FIELD, CA US","2016-02-21","0.00","0.0","0.0",,"71","50"
"USW00003131","SAN DIEGO MONTGOMERY FIELD, CA US","2016-02-22","0.00",,"0.0",,"77","49"
"USW00003131","SAN DIEGO MONTGOMERY FIELD, CA US","2016-02-23","0.00","0.0","0.0",,"83","51"
"USW00003131","SAN DIEGO MONTGOMERY FIELD, CA US","2016-02-24","0.00","0.0","0.0",,"80","51"
"USW00003131","SAN DIEGO MONTGOMERY FIELD, CA US","2016-02-25","0.00","0.0","0.0",,"81","50"
"USW00003131","SAN DIEGO MONTGOMERY FIELD, CA US","2016-02-26","0.00","0.0","0.0",,"77","48"
"USW00003131","SAN DIEGO MONTGOMERY FIELD, CA US","2016-02-27","0.00","0.0","0.0",,"76","50"
"USW00003131","SAN DIEGO MONTGOMERY FIELD, CA US","2016-02-28","0.00","0.0","0.0",,"72","53"
"USW00003131","SAN DIEGO MONTGOMERY FIELD, CA US","2016-02-29","0.00","0.0","0.0",,"76","52"
"USW00003131","SAN DIEGO MONTGOMERY FIELD, CA US","2016-03-01","0.00","0.0","0.0",,"73","52"
"USW00003131","SAN DIEGO MONTGOMERY FIELD, CA US","2016-03-02","0.00","0.0","0.0",,"73","52"
"USW00003131","SAN DIEGO MONTGOMERY FIELD, CA US","2016-03-03","0.00","0.0","0.0",,"70","52"
"USW00003131","SAN DIEGO MONTGOMERY FIELD, CA US","2016-03-04","0.00","0.0","0.0",,"69","52"
"USW00003131","SAN DIEGO MONTGOMERY FIELD, CA US","2016-03-05","0.02","0.0","0.0",,"70","57"
"USW00003131","SAN DIEGO MONTGOMERY FIELD, CA US","2016-03-06","0.32","0.0","0.0",,"64","55"
"USW00003131","SAN DIEGO MONTGOMERY FIELD, CA US","2016-03-07","0.42",,"0.0",,"58","47"
"USW00003131","SAN DIEGO MONTGOMERY FIELD, CA US","2016-03-08","0.00","0.0","0.0",,"64","43"
"USW00003131","SAN DIEGO MONTGOMERY FIELD, CA US","2016-03-09","0.00","0.0","0.0",,"71","47"
"USW00003131","SAN DIEGO MONTGOMERY FIELD, CA US","2016-03-10","0.00","0.0","0.0",,"74","50"
"USW00003131","SAN DIEGO MONTGOMERY FIELD, CA US","2016-03-11","0.26",,"0.0",,"68","49"
"USW00003131","SAN DIEGO MONTGOMERY FIELD, CA US","2016-03-12","0.00","0.0","0.0",,"64","49"
"USW00003131","SAN DIEGO MONTGOMERY FIELD, CA US","2016-03-13","0.01","0.0","0.0",,"66","52"
"USW00003131","SAN DIEGO MONTGOMERY FIELD, CA US","2016-03-14","0.01","0.0","0.0",,"68","57"
"USW00003131","SAN DIEGO MONTGOMERY FIELD, CA US","2016-03-15","0.00","0.0","0.0",,"74","52"
"USW00003131","SAN DIEGO MONTGOMERY FIELD, CA US","2016-03-16","0.00","0.0","0.0",,"82","54"
"USW00003131","SAN DIEGO MONTGOMERY FIELD, CA US","2016-03-17","0.00","0.0","0.0",,"76","55"
"USW00003131","SAN DIEGO MONTGOMERY FIELD, CA US","2016-03-18","0.00","0.0","0.0",,"72","58"
"USW00003131","SAN DIEGO MONTGOMERY FIELD, CA US","2016-03-19","0.00","0.0","0.0",,"70","56"
"USW00003131","SAN DIEGO MONTGOMERY FIELD, CA US","2016-03-20","0.00","0.0","0.0",,"72","55"
"USW00003131","SAN DIEGO MONTGOMERY FIELD, CA US","2016-03-21","0.00","0.0","0.0",,"70","57"
"USW00003131","SAN DIEGO MONTGOMERY FIELD, CA US","2016-03-22","0.00","0.0","0.0",,"66","53"
"USW00003131","SAN DIEGO MONTGOMERY FIELD, CA US","2016-03-23","0.00","0.0","0.0",,"75","50"
"USW00003131","SAN DIEGO MONTGOMERY FIELD, CA US","2016-03-24","0.00","0.0","0.0",,"81","50"
"USW00003131","SAN DIEGO MONTGOMERY FIELD, CA US","2016-03-25","0.00","0.0","0.0",,"77","50"
"USW00003131","SAN DIEGO MONTGOMERY FIELD, CA US","2016-03-26","0.00","0.0","0.0",,"71","56"
"USW00003131","SAN DIEGO MONTGOMERY FIELD, CA US","2016-03-27","0.00","0.0","0.0",,"70","54"
"USW00003131","SAN DIEGO MONTGOMERY FIELD, CA US","2016-03-28","0.00","0.0","0.0",,"63","55"
"USW00003131","SAN DIEGO MONTGOMERY FIELD, CA US","2016-03-29","0.00","0.0","0.0",,"64","53"
"USW00003131","SAN DIEGO MONTGOMERY FIELD, CA US","2016-03-30","0.04",,"0.0",,"63","48"
"USW00003131","SAN DIEGO MONTGOMERY FIELD, CA US","2016-03-31","0.00",,"0.0",,"70","47"
"USW00003131","SAN DIEGO MONTGOMERY FIELD, CA US","2016-04-01","0.00","0.0","0.0",,"69","52"
"USW00003131","SAN DIEGO MONTGOMERY FIELD, CA US","2016-04-02","0.00","0.0","0.0",,"75","52"
"USW00003131","SAN DIEGO MONTGOMERY FIELD, CA US","2016-04-03","0.00","0.0","0.0",,"77","53"
"USW00003131","SAN DIEGO MONTGOMERY FIELD, CA US","2016-04-04","0.00","0.0","0.0",,"79","53"
"USW00003131","SAN DIEGO MONTGOMERY FIELD, CA US","2016-04-05","0.00","0.0","0.0",,"80","52"
"USW00003131","SAN DIEGO MONTGOMERY FIELD, CA US","2016-04-06","0.00","0.0","0.0",,"86","54"
"USW00003131","SAN DIEGO MONTGOMERY FIELD, CA US","2016-04-07","0.30","0.0","0.0",,"65","59"
"USW00003131","SAN DIEGO MONTGOMERY FIELD, CA US","2016-04-08","0.05","0.0","0.0",,"67","58"
"USW00003131","SAN DIEGO MONTGOMERY FIELD, CA US","2016-04-09","0.00","0.0","0.0",,"69","55"
"USW00003131","SAN DIEGO MONTGOMERY FIELD, CA US","2016-04-10","0.48","0.0","0.0",,"68","57"
"USW00003131","SAN DIEGO MONTGOMERY FIELD, CA US","2016-04-11","0.00","0.0","0.0",,"71","55"
"USW00003131","SAN DIEGO MONTGOMERY FIELD, CA US","2016-04-12","0.00","0.0","0.0",,"70","55"
"USW00003131","SAN DIEGO MONTGOMERY FIELD, CA US","2016-04-13","0.00","0.0","0.0",,"71","59"
"USW00003131","SAN DIEGO MONTGOMERY FIELD, CA US","2016-04-14","0.00","0.0","0.0",,"70","58"
"USW00003131","SAN DIEGO MONTGOMERY FIELD, CA US","2016-04-15","0.00","0.0","0.0",,"71","53"
"USW00003131","SAN DIEGO MONTGOMERY FIELD, CA US","2016-04-16","0.00","0.0","0.0",,"82","53"
"USW00003131","SAN DIEGO MONTGOMERY FIELD, CA US","2016-04-17","0.00","0.0","0.0",,"89","53"
"USW00003131","SAN DIEGO MONTGOMERY FIELD, CA US","2016-04-18","0.00","0.0","0.0",,"91","57"
"USW00003131","SAN DIEGO MONTGOMERY FIELD, CA US","2016-04-19","0.00","0.0","0.0",,"89","59"
"USW00003131","SAN DIEGO MONTGOMERY FIELD, CA US","2016-04-20","0.00","0.0","0.0",,"88","57"
"USW00003131","SAN DIEGO MONTGOMERY FIELD, CA US","2016-04-21","0.00","0.0","0.0",,"79","54"
"USW00003131","SAN DIEGO MONTGOMERY FIELD, CA US","2016-04-22","0.00","0.0","0.0",,"73","59"
"USW00003131","SAN DIEGO MONTGOMERY FIELD, CA US","2016-04-23","0.00","0.0","0.0",,"72","58"
"USW00003131","SAN DIEGO MONTGOMERY FIELD, CA US","2016-04-24","0.00","0.0","0.0",,"70","53"
"USW00003131","SAN DIEGO MONTGOMERY FIELD, CA US","2016-04-25","0.00","0.0","0.0",,"64","55"
"USW00003131","SAN DIEGO MONTGOMERY FIELD, CA US","2016-04-26","0.00","0.0","0.0",,"68","51"
"USW00003131","SAN DIEGO MONTGOMERY FIELD, CA US","2016-04-27","0.00","0.0","0.0",,"68","52"
"USW00003131","SAN DIEGO MONTGOMERY FIELD, CA US","2016-04-28","0.02","0.0","0.0",,"65","56"
"USW00003131","SAN DIEGO MONTGOMERY FIELD, CA US","2016-04-29","0.00","0.0","0.0",,"68","53"
"USW00003131","SAN DIEGO MONTGOMERY FIELD, CA US","2016-04-30","0.03","0.0","0.0",,"68","54"
"USW00003131","SAN DIEGO MONTGOMERY FIELD, CA US","2016-05-01","0.00","0.0","0.0",,"69","54"
"USW00003131","SAN DIEGO MONTGOMERY FIELD, CA US","2016-05-02","0.00","0.0","0.0",,"73","55"
"USW00003131","SAN DIEGO MONTGOMERY FIELD, CA US","2016-05-03","0.00","0.0","0.0",,"74","57"
"USW00003131","SAN DIEGO MONTGOMERY FIELD, CA US","2016-05-04","0.00","0.0","0.0",,"70","59"
"USW00003131","SAN DIEGO MONTGOMERY FIELD, CA US","2016-05-05","0.15","0.0","0.0",,"67","58"
"USW00003131","SAN DIEGO MONTGOMERY FIELD, CA US","2016-05-06","0.35","0.0","0.0",,"67","57"
"USW00003131","SAN DIEGO MONTGOMERY FIELD, CA US","2016-05-07","0.03","0.0","0.0",,"69","55"
"USW00003131","SAN DIEGO MONTGOMERY FIELD, CA US","2016-05-08","0.00","0.0","0.0",,"69","56"
"USW00003131","SAN DIEGO MONTGOMERY FIELD, CA US","2016-05-09","0.01","0.0","0.0",,"71","58"
"USW00003131","SAN DIEGO MONTGOMERY FIELD, CA US","2016-05-10","0.00","0.0","0.0",,"72","60"
"USW00003131","SAN DIEGO MONTGOMERY FIELD, CA US","2016-05-11","0.00","0.0","0.0",,"72","61"
"USW00003131","SAN DIEGO MONTGOMERY FIELD, CA US","2016-05-12","0.00","0.0","0.0",,"72","60"
"USW00003131","SAN DIEGO MONTGOMERY FIELD, CA US","2016-05-13","0.00","0.0","0.0",,"73","60"
"USW00003131","SAN DIEGO MONTGOMERY FIELD, CA US","2016-05-14","0.00","0.0","0.0",,"63","60"
"USW00003131","SAN DIEGO MONTGOMERY FIELD, CA US","2016-05-15","0.00","0.0","0.0",,"69","60"
"USW00003131","SAN DIEGO MONTGOMERY FIELD, CA US","2016-05-16","0.00","0.0","0.0",,"67","59"
"USW00003131","SAN DIEGO MONTGOMERY FIELD, CA US","2016-05-17","0.00","0.0","0.0",,"65","61"
"USW00003131","SAN DIEGO MONTGOMERY FIELD, CA US","2016-05-18","0.00","0.0","0.0",,"73","62"
"USW00003131","SAN DIEGO MONTGOMERY FIELD, CA US","2016-05-19","0.00","0.0","0.0",,"71","60"
"USW00003131","SAN DIEGO MONTGOMERY FIELD, CA US","2016-05-20","0.00","0.0","0.0",,"67","59"
"USW00003131","SAN DIEGO MONTGOMERY FIELD, CA US","2016-05-21","0.00","0.0","0.0",,"67","58"
"USW00003131","SAN DIEGO MONTGOMERY FIELD, CA US","2016-05-22","0.00","0.0","0.0",,"69","54"
"USW00003131","SAN DIEGO MONTGOMERY FIELD, CA US","2016-05-23","0.00","0.0","0.0",,"67","54"
"USW00003131","SAN DIEGO MONTGOMERY FIELD, CA US","2016-05-24","0.00","0.0","0.0",,"69","60"
"USW00003131","SAN DIEGO MONTGOMERY FIELD, CA US","2016-05-25","0.03","0.0","0.0",,"70","57"
"USW00003131","SAN DIEGO MONTGOMERY FIELD, CA US","2016-05-26","0.00","0.0","0.0",,"70","57"
"USW00003131","SAN DIEGO MONTGOMERY FIELD, CA US","2016-05-27","0.00","0.0","0.0",,"71","60"
"USW00003131","SAN DIEGO MONTGOMERY FIELD, CA US","2016-05-28","0.00","0.0","0.0",,"70","60"
"USW00003131","SAN DIEGO MONTGOMERY FIELD, CA US","2016-05-29","0.00","0.0","0.0",,"66","59"
"USW00003131","SAN DIEGO MONTGOMERY FIELD, CA US","2016-05-30","0.03","0.0","0.0",,"71","60"
"USW00003131","SAN DIEGO MONTGOMERY FIELD, CA US","2016-05-31","0.00","0.0","0.0",,"68","61"
"USW00003131","SAN DIEGO MONTGOMERY FIELD, CA US","2016-06-01","0.00","0.0","0.0",,"71","60"
"USW00003131","SAN DIEGO MONTGOMERY FIELD, CA US","2016-06-02","0.00","0.0","0.0",,"82","60"
"USW00003131","SAN DIEGO MONTGOMERY FIELD, CA US","2016-06-03","0.00","0.0","0.0",,"87","62"
"USW00003131","SAN DIEGO MONTGOMERY FIELD, CA US","2016-06-04","0.00","0.0","0.0",,"77","59"
"USW00003131","SAN DIEGO MONTGOMERY FIELD, CA US","2016-06-05","0.00","0.0","0.0",,"74","61"
"USW00003131","SAN DIEGO MONTGOMERY FIELD, CA US","2016-06-06","0.00","0.0","0.0",,"74","63"
"USW00003131","SAN DIEGO MONTGOMERY FIELD, CA US","2016-06-07","0.00","0.0","0.0",,"72","61"
"USW00003131","SAN DIEGO MONTGOMERY FIELD, CA US","2016-06-08","0.00","0.0","0.0",,"73","62"
"USW00003131","SAN DIEGO MONTGOMERY FIELD, CA US","2016-06-09","0.00","0.0","0.0",,"74","61"
"USW00003131","SAN DIEGO MONTGOMERY FIELD, CA US","2016-06-10","0.00","0.0","0.0",,"73","62"
"USW00003131","SAN DIEGO MONTGOMERY FIELD, CA US","2016-06-11","0.00","0.0","0.0",,"70","63"
"USW00003131","SAN DIEGO MONTGOMERY FIELD, CA US","2016-06-12","0.00","0.0","0.0",,"71","61"
"USW00003131","SAN DIEGO MONTGOMERY FIELD, CA US","2016-06-13","0.00","0.0","0.0",,"73","61"
"USW00003131","SAN DIEGO MONTGOMERY FIELD, CA US","2016-06-14","0.00","0.0","0.0",,"70","62"
"USW00003131","SAN DIEGO MONTGOMERY FIELD, CA US","2016-06-15","0.00","0.0","0.0",,"72","60"
"USW00003131","SAN DIEGO MONTGOMERY FIELD, CA US","2016-06-16","0.00","0.0","0.0",,"77","57"
"USW00003131","SAN DIEGO MONTGOMERY FIELD, CA US","2016-06-17","0.00","0.0","0.0",,"87","61"
"USW00003131","SAN DIEGO MONTGOMERY FIELD, CA US","2016-06-18","0.00","0.0","0.0",,"88","62"
"USW00003131","SAN DIEGO MONTGOMERY FIELD, CA US","2016-06-19","0.00","0.0","0.0",,"96","68"
"USW00003131","SAN DIEGO MONTGOMERY FIELD, CA US","2016-06-20","0.00","0.0","0.0",,"100","69"
"USW00003131","SAN DIEGO MONTGOMERY FIELD, CA US","2016-06-21","0.00","0.0","0.0",,"80","67"
"USW00003131","SAN DIEGO MONTGOMERY FIELD, CA US","2016-06-22","0.00","0.0","0.0",,"82","67"
"USW00003131","SAN DIEGO MONTGOMERY FIELD, CA US","2016-06-23","0.00","0.0","0.0",,"77","65"
"USW00003131","SAN DIEGO MONTGOMERY FIELD, CA US","2016-06-24","0.00","0.0","0.0",,"75","64"
"USW00003131","SAN DIEGO MONTGOMERY FIELD, CA US","2016-06-25","0.00","0.0","0.0",,"76","63"
"USW00003131","SAN DIEGO MONTGOMERY FIELD, CA US","2016-06-26","0.00","0.0","0.0",,"77","63"
"USW00003131","SAN DIEGO MONTGOMERY FIELD, CA US","2016-06-27","0.00","0.0","0.0",,"83","67"
"USW00003131","SAN DIEGO MONTGOMERY FIELD, CA US","2016-06-28","0.00","0.0","0.0",,"81","65"
"USW00003131","SAN DIEGO MONTGOMERY FIELD, CA US","2016-06-29","0.00","0.0","0.0",,"84","66"
"USW00003131","SAN DIEGO MONTGOMERY FIELD, CA US","2016-06-30","0.00","0.0","0.0",,"77","65"
"USW00003131","SAN DIEGO MONTGOMERY FIELD, CA US","2016-07-01","0.00","0.0","0.0",,"74","64"
"USW00003131","SAN DIEGO MONTGOMERY FIELD, CA US","2016-07-02","0.00","0.0","0.0",,"76","64"
"USW00003131","SAN DIEGO MONTGOMERY FIELD, CA US","2016-07-03","0.00","0.0","0.0",,"76","64"
"USW00003131","SAN DIEGO MONTGOMERY FIELD, CA US","2016-07-04","0.00","0.0","0.0",,"77","64"
"USW00003131","SAN DIEGO MONTGOMERY FIELD, CA US","2016-07-05","0.00","0.0","0.0",,"77","66"
"USW00003131","SAN DIEGO MONTGOMERY FIELD, CA US","2016-07-06","0.00","0.0","0.0",,"76","64"
"USW00003131","SAN DIEGO MONTGOMERY FIELD, CA US","2016-07-07","0.00","0.0","0.0",,"78","64"
"USW00003131","SAN DIEGO MONTGOMERY FIELD, CA US","2016-07-08","0.00","0.0","0.0",,"78","67"
"USW00003131","SAN DIEGO MONTGOMERY FIELD, CA US","2016-07-09","0.00","0.0","0.0",,"83","65"
"USW00003131","SAN DIEGO MONTGOMERY FIELD, CA US","2016-07-10","0.00","0.0","0.0",,"81","66"
"USW00003131","SAN DIEGO MONTGOMERY FIELD, CA US","2016-07-11","0.00","0.0","0.0",,"75","64"
"USW00003131","SAN DIEGO MONTGOMERY FIELD, CA US","2016-07-12","0.00","0.0","0.0",,"77","64"
"USW00003131","SAN DIEGO MONTGOMERY FIELD, CA US","2016-07-13","0.00","0.0","0.0",,"80","65"
"USW00003131","SAN DIEGO MONTGOMERY FIELD, CA US","2016-07-14","0.00","0.0","0.0",,"81","65"
"USW00003131","SAN DIEGO MONTGOMERY FIELD, CA US","2016-07-15","0.00","0.0","0.0",,"80","67"
"USW00003131","SAN DIEGO MONTGOMERY FIELD, CA US","2016-07-16","0.00","0.0","0.0",,"78","67"
"USW00003131","SAN DIEGO MONTGOMERY FIELD, CA US","2016-07-17","0.00","0.0","0.0",,"77","66"
"USW00003131","SAN DIEGO MONTGOMERY FIELD, CA US","2016-07-18","0.00","0.0","0.0",,"80","66"
"USW00003131","SAN DIEGO MONTGOMERY FIELD, CA US","2016-07-19","0.00","0.0","0.0",,"85","66"
"USW00003131","SAN DIEGO MONTGOMERY FIELD, CA US","2016-07-20","0.00","0.0","0.0",,"93","67"
"USW00003131","SAN DIEGO MONTGOMERY FIELD, CA US","2016-07-21","0.00","0.0","0.0",,"94","69"
"USW00003131","SAN DIEGO MONTGOMERY FIELD, CA US","2016-07-22","0.00","0.0","0.0",,"98","68"
"USW00003131","SAN DIEGO MONTGOMERY FIELD, CA US","2016-07-23","0.00","0.0","0.0",,"89","68"
"USW00003131","SAN DIEGO MONTGOMERY FIELD, CA US","2016-07-24","0.00","0.0","0.0",,"85","67"
"USW00003131","SAN DIEGO MONTGOMERY FIELD, CA US","2016-07-25","0.00","0.0","0.0",,"83","70"
"USW00003131","SAN DIEGO MONTGOMERY FIELD, CA US","2016-07-26","0.00","0.0","0.0",,"87","69"
"USW00003131","SAN DIEGO MONTGOMERY FIELD, CA US","2016-07-27","0.00","0.0","0.0",,"88","70"
"USW00003131","SAN DIEGO MONTGOMERY FIELD, CA US","2016-07-28","0.00","0.0","0.0",,"89","69"
"USW00003131","SAN DIEGO MONTGOMERY FIELD, CA US","2016-07-29","0.00","0.0","0.0",,"82","69"
"USW00003131","SAN DIEGO MONTGOMERY FIELD, CA US","2016-07-30","0.00","0.0","0.0",,"86","68"
"USW00003131","SAN DIEGO MONTGOMERY FIELD, CA US","2016-07-31","0.00","0.0","0.0",,"83","68"
"USW00003131","SAN DIEGO MONTGOMERY FIELD, CA US","2016-08-01","0.00","0.0","0.0",,"83","69"
"USW00003131","SAN DIEGO MONTGOMERY FIELD, CA US","2016-08-02","0.00","0.0","0.0",,"85","69"
"USW00003131","SAN DIEGO MONTGOMERY FIELD, CA US","2016-08-03","0.00","0.0","0.0",,"81","69"
"USW00003131","SAN DIEGO MONTGOMERY FIELD, CA US","2016-08-04","0.00","0.0","0.0",,"79","69"
"USW00003131","SAN DIEGO MONTGOMERY FIELD, CA US","2016-08-05","0.00","0.0","0.0",,"79","70"
"USW00003131","SAN DIEGO MONTGOMERY FIELD, CA US","2016-08-06","0.00","0.0","0.0",,"78","67"
"USW00003131","SAN DIEGO MONTGOMERY FIELD, CA US","2016-08-07","0.00","0.0","0.0",,"79","67"
"USW00003131","SAN DIEGO MONTGOMERY FIELD, CA US","2016-08-08","0.00","0.0","0.0",,"76","66"
"USW00003131","SAN DIEGO MONTGOMERY FIELD, CA US","2016-08-09","0.00","0.0","0.0",,"77","65"
"USW00003131","SAN DIEGO MONTGOMERY FIELD, CA US","2016-08-10","0.00","0.0","0.0",,"79","64"
"USW00003131","SAN DIEGO MONTGOMERY FIELD, CA US","2016-08-11","0.00","0.0","0.0",,"79","68"
"USW00003131","SAN DIEGO MONTGOMERY FIELD, CA US","2016-08-12","0.00","0.0","0.0",,"81","68"
"USW00003131","SAN DIEGO MONTGOMERY FIELD, CA US","2016-08-13","0.00","0.0","0.0",,"84","68"
"USW00003131","SAN DIEGO MONTGOMERY FIELD, CA US","2016-08-14","0.00","0.0","0.0",,"86","68"
"USW00003131","SAN DIEGO MONTGOMERY FIELD, CA US","2016-08-15","0.00","0.0","0.0",,"93","70"
"USW00003131","SAN DIEGO MONTGOMERY FIELD, CA US","2016-08-16","0.00","0.0","0.0",,"90","67"
"USW00003131","SAN DIEGO MONTGOMERY FIELD, CA US","2016-08-17","0.00","0.0","0.0",,"93","65"
"USW00003131","SAN DIEGO MONTGOMERY FIELD, CA US","2016-08-18","0.00","0.0","0.0",,"83","68"
"USW00003131","SAN DIEGO MONTGOMERY FIELD, CA US","2016-08-19","0.00","0.0","0.0",,"82","67"
"USW00003131","SAN DIEGO MONTGOMERY FIELD, CA US","2016-08-20","0.00","0.0","0.0",,"79","66"
"USW00003131","SAN DIEGO MONTGOMERY FIELD, CA US","2016-08-21","0.00","0.0","0.0",,"82","66"
"USW00003131","SAN DIEGO MONTGOMERY FIELD, CA US","2016-08-22","0.00","0.0","0.0",,"81","66"
"USW00003131","SAN DIEGO MONTGOMERY FIELD, CA US","2016-08-23","0.00","0.0","0.0",,"80","62"
"USW00003131","SAN DIEGO MONTGOMERY FIELD, CA US","2016-08-24","0.00","0.0","0.0",,"83","65"
"USW00003131","SAN DIEGO MONTGOMERY FIELD, CA US","2016-08-25","0.00","0.0","0.0",,"77","66"
"USW00003131","SAN DIEGO MONTGOMERY FIELD, CA US","2016-08-26","0.00","0.0","0.0",,"76","66"
"USW00003131","SAN DIEGO MONTGOMERY FIELD, CA US","2016-08-27","0.00","0.0","0.0",,"76","66"
"USW00003131","SAN DIEGO MONTGOMERY FIELD, CA US","2016-08-28","0.00","0.0","0.0",,"79","67"
"USW00003131","SAN DIEGO MONTGOMERY FIELD, CA US","2016-08-29","0.00","0.0","0.0",,"85","66"
"USW00003131","SAN DIEGO MONTGOMERY FIELD, CA US","2016-08-30","0.00","0.0","0.0",,"83","66"
"USW00003131","SAN DIEGO MONTGOMERY FIELD, CA US","2016-08-31","0.00","0.0","0.0",,"85","64"
"USW00003131","SAN DIEGO MONTGOMERY FIELD, CA US","2016-09-01","0.00","0.0","0.0",,"78","65"
"USW00003131","SAN DIEGO MONTGOMERY FIELD, CA US","2016-09-02","0.00","0.0","0.0",,"76","64"
"USW00003131","SAN DIEGO MONTGOMERY FIELD, CA US","2016-09-03","0.00","0.0","0.0",,"73","64"
"USW00003131","SAN DIEGO MONTGOMERY FIELD, CA US","2016-09-04","0.00","0.0","0.0",,"74","64"
"USW00003131","SAN DIEGO MONTGOMERY FIELD, CA US","2016-09-05","0.00","0.0","0.0",,"74","63"
"USW00003131","SAN DIEGO MONTGOMERY FIELD, CA US","2016-09-06","0.00","0.0","0.0",,"78","60"
"USW00003131","SAN DIEGO MONTGOMERY FIELD, CA US","2016-09-07","0.00","0.0","0.0",,"77","65"
"USW00003131","SAN DIEGO MONTGOMERY FIELD, CA US","2016-09-08","0.00","0.0","0.0",,"78","67"
"USW00003131","SAN DIEGO MONTGOMERY FIELD, CA US","2016-09-09","0.00","0.0","0.0",,"79","65"
"USW00003131","SAN DIEGO MONTGOMERY FIELD, CA US","2016-09-10","0.00","0.0","0.0",,"79","65"
"USW00003131","SAN DIEGO MONTGOMERY FIELD, CA US","2016-09-11","0.00","0.0","0.0",,"78","65"
"USW00003131","SAN DIEGO MONTGOMERY FIELD, CA US","2016-09-12","0.00","0.0","0.0",,"73","65"
"USW00003131","SAN DIEGO MONTGOMERY FIELD, CA US","2016-09-13","0.00","0.0","0.0",,"73","62"
"USW00003131","SAN DIEGO MONTGOMERY FIELD, CA US","2016-09-14","0.00","0.0","0.0",,"75","59"
"USW00003131","SAN DIEGO MONTGOMERY FIELD, CA US","2016-09-15","0.00","0.0","0.0",,"79","56"
"USW00003131","SAN DIEGO MONTGOMERY FIELD, CA US","2016-09-16","0.00","0.0","0.0",,"78","56"
"USW00003131","SAN DIEGO MONTGOMERY FIELD, CA US","2016-09-17","0.00","0.0","0.0",,"78","61"
"USW00003131","SAN DIEGO MONTGOMERY FIELD, CA US","2016-09-18","0.00","0.0","0.0",,"84","59"
"USW00003131","SAN DIEGO MONTGOMERY FIELD, CA US","2016-09-19","0.01","0.0","0.0",,"87","65"
"USW00003131","SAN DIEGO MONTGOMERY FIELD, CA US","2016-09-20","0.21","0.0","0.0",,"79","72"
"USW00003131","SAN DIEGO MONTGOMERY FIELD, CA US","2016-09-21","0.16","0.0","0.0",,"79","71"
"USW00003131","SAN DIEGO MONTGOMERY FIELD, CA US","2016-09-22","0.00","0.0","0.0",,"84","60"
"USW00003131","SAN DIEGO MONTGOMERY FIELD, CA US","2016-09-23","0.00","0.0","0.0",,"76","58"
"USW00003131","SAN DIEGO MONTGOMERY FIELD, CA US","2016-09-24","0.00","0.0","0.0",,"90","58"
"USW00003131","SAN DIEGO MONTGOMERY FIELD, CA US","2016-09-25","0.00","0.0","0.0",,"96","61"
"USW00003131","SAN DIEGO MONTGOMERY FIELD, CA US","2016-09-26","0.00","0.0","0.0",,"100","70"
"USW00003131","SAN DIEGO MONTGOMERY FIELD, CA US","2016-09-27","0.00","0.0","0.0",,"94","70"
"USW00003131","SAN DIEGO MONTGOMERY FIELD, CA US","2016-09-28","0.00","0.0","0.0",,"92","68"
"USW00003131","SAN DIEGO MONTGOMERY FIELD, CA US","2016-09-29","0.00","0.0","0.0",,"89","68"
"USW00003131","SAN DIEGO MONTGOMERY FIELD, CA US","2016-09-30","0.00","0.0","0.0",,"89","68"
"USW00003131","SAN DIEGO MONTGOMERY FIELD, CA US","2016-10-01","0.00","0.0","0.0",,"84","63"
"USW00003131","SAN DIEGO MONTGOMERY FIELD, CA US","2016-10-02","0.00","0.0","0.0",,"74","63"
"USW00003131","SAN DIEGO MONTGOMERY FIELD, CA US","2016-10-03","0.00","0.0","0.0",,"74","58"
"USW00003131","SAN DIEGO MONTGOMERY FIELD, CA US","2016-10-04","0.00","0.0","0.0",,"75","56"
"USW00003131","SAN DIEGO MONTGOMERY FIELD, CA US","2016-10-05","0.00","0.0","0.0",,"74","59"
"USW00003131","SAN DIEGO MONTGOMERY FIELD, CA US","2016-10-06","0.00","0.0","0.0",,"80","56"
"USW00003131","SAN DIEGO MONTGOMERY FIELD, CA US","2016-10-07","0.00","0.0","0.0",,"88","57"
"USW00003131","SAN DIEGO MONTGOMERY FIELD, CA US","2016-10-08","0.00","0.0","0.0",,"91","59"
"USW00003131","SAN DIEGO MONTGOMERY FIELD, CA US","2016-10-09","0.00","0.0","0.0",,"92","60"
"USW00003131","SAN DIEGO MONTGOMERY FIELD, CA US","2016-10-10","0.00","0.0","0.0",,"85","62"
"USW00003131","SAN DIEGO MONTGOMERY FIELD, CA US","2016-10-11","0.00","0.0","0.0",,"73","63"
"USW00003131","SAN DIEGO MONTGOMERY FIELD, CA US","2016-10-12","0.00","0.0","0.0",,"73","58"
"USW00003131","SAN DIEGO MONTGOMERY FIELD, CA US","2016-10-13","0.00","0.0","0.0",,"73","57"
"USW00003131","SAN DIEGO MONTGOMERY FIELD, CA US","2016-10-14","0.00","0.0","0.0",,"74","61"
"USW00003131","SAN DIEGO MONTGOMERY FIELD, CA US","2016-10-15","0.00","0.0","0.0",,"74","61"
"USW00003131","SAN DIEGO MONTGOMERY FIELD, CA US","2016-10-16","0.00","0.0","0.0",,"75","65"
"USW00003131","SAN DIEGO MONTGOMERY FIELD, CA US","2016-10-17","0.00","0.0","0.0",,"73","62"
"USW00003131","SAN DIEGO MONTGOMERY FIELD, CA US","2016-10-18","0.00","0.0","0.0",,"76","58"
"USW00003131","SAN DIEGO MONTGOMERY FIELD, CA US","2016-10-19","0.00","0.0","0.0",,"85","57"
"USW00003131","SAN DIEGO MONTGOMERY FIELD, CA US","2016-10-20","0.00","0.0","0.0",,"94","58"
"USW00003131","SAN DIEGO MONTGOMERY FIELD, CA US","2016-10-21","0.00","0.0","0.0",,"91","59"
"USW00003131","SAN DIEGO MONTGOMERY FIELD, CA US","2016-10-22","0.00","0.0","0.0",,"86","58"
"USW00003131","SAN DIEGO MONTGOMERY FIELD, CA US","2016-10-23","0.00","0.0","0.0",,"84","59"
"USW00003131","SAN DIEGO MONTGOMERY FIELD, CA US","2016-10-24","0.13","0.0","0.0",,"76","61"
"USW00003131","SAN DIEGO MONTGOMERY FIELD, CA US","2016-10-25","0.00","0.0","0.0",,"72","58"
"USW00003131","SAN DIEGO MONTGOMERY FIELD, CA US","2016-10-26","0.00","0.0","0.0",,"77","56"
"USW00003131","SAN DIEGO MONTGOMERY FIELD, CA US","2016-10-27","0.00","0.0","0.0",,"80","59"
"USW00003131","SAN DIEGO MONTGOMERY FIELD, CA US","2016-10-28","0.00","0.0","0.0",,"81","62"
"USW00003131","SAN DIEGO MONTGOMERY FIELD, CA US","2016-10-29","0.00","0.0","0.0",,"83","61"
"USW00003131","SAN DIEGO MONTGOMERY FIELD, CA US","2016-10-30","0.03","0.0","0.0",,"73","61"
"USW00003131","SAN DIEGO MONTGOMERY FIELD, CA US","2016-10-31","0.00","0.0","0.0",,"69","58"
"USW00003131","SAN DIEGO MONTGOMERY FIELD, CA US","2016-11-01","0.00","0.0","0.0",,"70","53"
"USW00003131","SAN DIEGO MONTGOMERY FIELD, CA US","2016-11-02","0.00","0.0","0.0",,"74","52"
"USW00003131","SAN DIEGO MONTGOMERY FIELD, CA US","2016-11-03","0.00","0.0","0.0",,"81","52"
"USW00003131","SAN DIEGO MONTGOMERY FIELD, CA US","2016-11-04","0.00","0.0","0.0",,"81","55"
"USW00003131","SAN DIEGO MONTGOMERY FIELD, CA US","2016-11-05","0.00","0.0","0.0",,"80","53"
"USW00003131","SAN DIEGO MONTGOMERY FIELD, CA US","2016-11-06","0.00","0.0","0.0",,"80","52"
"USW00003131","SAN DIEGO MONTGOMERY FIELD, CA US","2016-11-07","0.00","0.0","0.0",,"79","52"
"USW00003131","SAN DIEGO MONTGOMERY FIELD, CA US","2016-11-08","0.00","0.0","0.0",,"90","58"
"USW00003131","SAN DIEGO MONTGOMERY FIELD, CA US","2016-11-09","0.00","0.0","0.0",,"94","61"
"USW00003131","SAN DIEGO MONTGOMERY FIELD, CA US","2016-11-10","0.00","0.0","0.0",,"92","59"
"USW00003131","SAN DIEGO MONTGOMERY FIELD, CA US","2016-11-11","0.00","0.0","0.0",,"88","56"
"USW00003131","SAN DIEGO MONTGOMERY FIELD, CA US","2016-11-12","0.00","0.0","0.0",,"84","56"
"USW00003131","SAN DIEGO MONTGOMERY FIELD, CA US","2016-11-13","0.00","0.0","0.0",,"88","60"
"USW00003131","SAN DIEGO MONTGOMERY FIELD, CA US","2016-11-14","0.00","0.0","0.0",,"88","56"
"USW00003131","SAN DIEGO MONTGOMERY FIELD, CA US","2016-11-15","0.00","0.0","0.0",,"82","56"
"USW00003131","SAN DIEGO MONTGOMERY FIELD, CA US","2016-11-16","0.00","0.0","0.0",,"70","56"
"USW00003131","SAN DIEGO MONTGOMERY FIELD, CA US","2016-11-17","0.00","0.0","0.0",,"71","52"
"USW00003131","SAN DIEGO MONTGOMERY FIELD, CA US","2016-11-18","0.00","0.0","0.0",,"78","50"
"USW00003131","SAN DIEGO MONTGOMERY FIELD, CA US","2016-11-19","0.00","0.0","0.0",,"76","47"
"USW00003131","SAN DIEGO MONTGOMERY FIELD, CA US","2016-11-20","0.17","0.0","0.0",,"67","56"
"USW00003131","SAN DIEGO MONTGOMERY FIELD, CA US","2016-11-21","0.31","0.0","0.0",,"66","56"
"USW00003131","SAN DIEGO MONTGOMERY FIELD, CA US","2016-11-22","0.00","0.0","0.0",,"68","50"
"USW00003131","SAN DIEGO MONTGOMERY FIELD, CA US","2016-11-23","0.00","0.0","0.0",,"68","49"
"USW00003131","SAN DIEGO MONTGOMERY FIELD, CA US","2016-11-24","0.00","0.0","0.0",,"80","47"
"USW00003131","SAN DIEGO MONTGOMERY FIELD, CA US","2016-11-25","0.00","0.0","0.0",,"75","44"
"USW00003131","SAN DIEGO MONTGOMERY FIELD, CA US","2016-11-26","0.28","0.0","0.0",,"62","43"
"USW00003131","SAN DIEGO MONTGOMERY FIELD, CA US","2016-11-27","0.16",,,,"64","50"
"USW00003131","SAN DIEGO MONTGOMERY FIELD, CA US","2016-11-28","0.00","0.0","0.0",,"61","50"
"USW00003131","SAN DIEGO MONTGOMERY FIELD, CA US","2016-11-29","0.00","0.0","0.0",,"68","45"
"USW00003131","SAN DIEGO MONTGOMERY FIELD, CA US","2016-11-30","0.00","0.0","0.0",,"68","43"
"USW00003131","SAN DIEGO MONTGOMERY FIELD, CA US","2016-12-01","0.00","0.0","0.0",,"64","46"
"USW00003131","SAN DIEGO MONTGOMERY FIELD, CA US","2016-12-02","0.00","0.0","0.0",,"67","48"
"USW00003131","SAN DIEGO MONTGOMERY FIELD, CA US","2016-12-03","0.00","0.0","0.0",,"69","45"
"USW00003131","SAN DIEGO MONTGOMERY FIELD, CA US","2016-12-04","0.00","0.0","0.0",,"75","42"
"USW00003131","SAN DIEGO MONTGOMERY FIELD, CA US","2016-12-05","0.00","0.0","0.0",,"62","48"
"USW00003131","SAN DIEGO MONTGOMERY FIELD, CA US","2016-12-06","0.00","0.0","0.0",,"63","55"
"USW00003131","SAN DIEGO MONTGOMERY FIELD, CA US","2016-12-07","0.00","0.0","0.0",,"62","50"
"USW00003131","SAN DIEGO MONTGOMERY FIELD, CA US","2016-12-08","0.00","0.0","0.0",,"67","46"
"USW00003131","SAN DIEGO MONTGOMERY FIELD, CA US","2016-12-09","0.00","0.0","0.0",,"66","47"
"USW00003131","SAN DIEGO MONTGOMERY FIELD, CA US","2016-12-10","0.00","0.0","0.0",,"66","54"
"USW00003131","SAN DIEGO MONTGOMERY FIELD, CA US","2016-12-11","0.00","0.0","0.0",,"67","55"
"USW00003131","SAN DIEGO MONTGOMERY FIELD, CA US","2016-12-12","0.00","0.0","0.0",,"67","55"
"USW00003131","SAN DIEGO MONTGOMERY FIELD, CA US","2016-12-13","0.00","0.0","0.0",,"69","50"
"USW00003131","SAN DIEGO MONTGOMERY FIELD, CA US","2016-12-14","0.00","0.0","0.0",,"73","50"
"USW00003131","SAN DIEGO MONTGOMERY FIELD, CA US","2016-12-15","0.22","0.0","0.0",,"71","51"
"USW00003131","SAN DIEGO MONTGOMERY FIELD, CA US","2016-12-16","1.39","0.0","0.0",,"60","53"
"USW00003131","SAN DIEGO MONTGOMERY FIELD, CA US","2016-12-17","0.00","0.0","0.0",,"58","42"
"USW00003131","SAN DIEGO MONTGOMERY FIELD, CA US","2016-12-18","0.00","0.0","0.0",,"62","37"
"USW00003131","SAN DIEGO MONTGOMERY FIELD, CA US","2016-12-19","0.00","0.0","0.0",,"74","39"
"USW00003131","SAN DIEGO MONTGOMERY FIELD, CA US","2016-12-20","0.00",,"0.0",,"77","44"
"USW00003131","SAN DIEGO MONTGOMERY FIELD, CA US","2016-12-21","0.66","0.0","0.0",,"73","57"
"USW00003131","SAN DIEGO MONTGOMERY FIELD, CA US","2016-12-22","0.61","0.0","0.0",,"60","56"
"USW00003131","SAN DIEGO MONTGOMERY FIELD, CA US","2016-12-23","0.01","0.0","0.0",,"61","56"
"USW00003131","SAN DIEGO MONTGOMERY FIELD, CA US","2016-12-24","0.85","0.0","0.0",,"57","50"
"USW00003131","SAN DIEGO MONTGOMERY FIELD, CA US","2016-12-25","0.00","0.0","0.0",,"57","41"
"USW00003131","SAN DIEGO MONTGOMERY FIELD, CA US","2016-12-26","0.00","0.0","0.0",,"65","41"
"USW00003131","SAN DIEGO MONTGOMERY FIELD, CA US","2016-12-27","0.00","0.0","0.0",,"73","43"
"USW00003131","SAN DIEGO MONTGOMERY FIELD, CA US","2016-12-28","0.00",,"0.0",,"76","46"
"USW00003131","SAN DIEGO MONTGOMERY FIELD, CA US","2016-12-29","0.00","0.0","0.0",,"83","48"
"USW00003131","SAN DIEGO MONTGOMERY FIELD, CA US","2016-12-30","0.32","0.0","0.0",,"60","53"
"USW00003131","SAN DIEGO MONTGOMERY FIELD, CA US","2016-12-31","0.75","0.0","0.0",,"57","50"
"USW00003131","SAN DIEGO MONTGOMERY FIELD, CA US","2017-01-01","0.02","0.0","0.0",,"57","43"
"USW00003131","SAN DIEGO MONTGOMERY FIELD, CA US","2017-01-02","0.00",,"0.0",,"57","49"
"USW00003131","SAN DIEGO MONTGOMERY FIELD, CA US","2017-01-03","0.00","0.0","0.0",,"60","47"
"USW00003131","SAN DIEGO MONTGOMERY FIELD, CA US","2017-01-04","0.00","0.0","0.0",,"63","45"
"USW00003131","SAN DIEGO MONTGOMERY FIELD, CA US","2017-01-05","0.14","0.0","0.0",,"59","52"
"USW00003131","SAN DIEGO MONTGOMERY FIELD, CA US","2017-01-06","0.00","0.0","0.0",,"63","49"
"USW00003131","SAN DIEGO MONTGOMERY FIELD, CA US","2017-01-07","0.00","0.0","0.0",,"73","48"
"USW00003131","SAN DIEGO MONTGOMERY FIELD, CA US","2017-01-08","0.00","0.0","0.0",,"77","52"
"USW00003131","SAN DIEGO MONTGOMERY FIELD, CA US","2017-01-09","0.23","0.0","0.0",,"62","54"
"USW00003131","SAN DIEGO MONTGOMERY FIELD, CA US","2017-01-10","0.04","0.0","0.0",,"63","50"
"USW00003131","SAN DIEGO MONTGOMERY FIELD, CA US","2017-01-11","0.14","0.0","0.0",,"58","52"
"USW00003131","SAN DIEGO MONTGOMERY FIELD, CA US","2017-01-12","0.36","0.0","0.0",,"59","50"
"USW00003131","SAN DIEGO MONTGOMERY FIELD, CA US","2017-01-13","0.36","0.0","0.0",,"58","50"
"USW00003131","SAN DIEGO MONTGOMERY FIELD, CA US","2017-01-14","0.00","0.0","0.0",,"63","50"
"USW00003131","SAN DIEGO MONTGOMERY FIELD, CA US","2017-01-15","0.00","0.0","0.0",,"60","50"
"USW00003131","SAN DIEGO MONTGOMERY FIELD, CA US","2017-01-16","0.00","0.0","0.0",,"63","48"
"USW00003131","SAN DIEGO MONTGOMERY FIELD, CA US","2017-01-17","0.00","0.0","0.0",,"66","45"
"USW00003131","SAN DIEGO MONTGOMERY FIELD, CA US","2017-01-18","0.02","0.0","0.0",,"62","45"
"USW00003131","SAN DIEGO MONTGOMERY FIELD, CA US","2017-01-19","0.48","0.0","0.0",,"62","50"
"USW00003131","SAN DIEGO MONTGOMERY FIELD, CA US","2017-01-20","1.54","0.0","0.0",,"57","51"
"USW00003131","SAN DIEGO MONTGOMERY FIELD, CA US","2017-01-21","0.00","0.0","0.0",,"59","47"
"USW00003131","SAN DIEGO MONTGOMERY FIELD, CA US","2017-01-22","0.61","0.0","0.0",,"59","49"
"USW00003131","SAN DIEGO MONTGOMERY FIELD, CA US","2017-01-23","0.22","0.0","0.0",,"57","47"
"USW00003131","SAN DIEGO MONTGOMERY FIELD, CA US","2017-01-24","0.16","0.0","0.0",,"57","43"
"USW00003131","SAN DIEGO MONTGOMERY FIELD, CA US","2017-01-25","0.00","0.0","0.0",,"58","40"
"USW00003131","SAN DIEGO MONTGOMERY FIELD, CA US","2017-01-26","0.00","0.0","0.0",,"62","40"
"USW00003131","SAN DIEGO MONTGOMERY FIELD, CA US","2017-01-27","0.00","0.0","0.0",,"63","44"
"USW00003131","SAN DIEGO MONTGOMERY FIELD, CA US","2017-01-28","0.00","0.0","0.0",,"75","37"
"USW00003131","SAN DIEGO MONTGOMERY FIELD, CA US","2017-01-29","0.00","0.0","0.0",,"77","42"
"USW00003131","SAN DIEGO MONTGOMERY FIELD, CA US","2017-01-30","0.00","0.0","0.0",,"77","45"
"USW00003131","SAN DIEGO MONTGOMERY FIELD, CA US","2017-01-31","0.00","0.0","0.0",,"75","47"
"USW00003131","SAN DIEGO MONTGOMERY FIELD, CA US","2017-02-01","0.00","0.0","0.0",,"69","40"
"USW00003131","SAN DIEGO MONTGOMERY FIELD, CA US","2017-02-02","0.00","0.0","0.0",,"69","43"
"USW00003131","SAN DIEGO MONTGOMERY FIELD, CA US","2017-02-03","0.00","0.0","0.0",,"67","49"
"USW00003131","SAN DIEGO MONTGOMERY FIELD, CA US","2017-02-04","0.00","0.0","0.0",,"65","54"
"USW00003131","SAN DIEGO MONTGOMERY FIELD, CA US","2017-02-05","0.00","0.0","0.0",,"61","52"
"USW00003131","SAN DIEGO MONTGOMERY FIELD, CA US","2017-02-06","0.10","0.0","0.0",,"59","52"
"USW00003131","SAN DIEGO MONTGOMERY FIELD, CA US","2017-02-07","0.26","0.0","0.0",,"65","58"
"USW00003131","SAN DIEGO MONTGOMERY FIELD, CA US","2017-02-08","0.00","0.0","0.0",,"69","55"
"USW00003131","SAN DIEGO MONTGOMERY FIELD, CA US","2017-02-09","0.00","0.0","0.0",,"77","54"
"USW00003131","SAN DIEGO MONTGOMERY FIELD, CA US","2017-02-10","0.00","0.0","0.0",,"71","55"
"USW00003131","SAN DIEGO MONTGOMERY FIELD, CA US","2017-02-11","0.04","0.0","0.0",,"61","52"
"USW00003131","SAN DIEGO MONTGOMERY FIELD, CA US","2017-02-12","0.00","0.0","0.0",,"65","48"
"USW00003131","SAN DIEGO MONTGOMERY FIELD, CA US","2017-02-13","0.00",,"0.0",,"71","47"
"USW00003131","SAN DIEGO MONTGOMERY FIELD, CA US","2017-02-14","0.00","0.0","0.0",,"67","54"
"USW00003131","SAN DIEGO MONTGOMERY FIELD, CA US","2017-02-15","0.00",,"0.0",,"76","49"
"USW00003131","SAN DIEGO MONTGOMERY FIELD, CA US","2017-02-16","0.00",,"0.0",,"71","49"
"USW00003131","SAN DIEGO MONTGOMERY FIELD, CA US","2017-02-17","1.09","0.0","0.0",,"62","51"
"USW00003131","SAN DIEGO MONTGOMERY FIELD, CA US","2017-02-18","0.28","0.0","0.0",,"60","51"
"USW00003131","SAN DIEGO MONTGOMERY FIELD, CA US","2017-02-19","0.02","0.0","0.0",,"59","51"
"USW00003131","SAN DIEGO MONTGOMERY FIELD, CA US","2017-02-20","0.00","0.0","0.0",,"68","50"
"USW00003131","SAN DIEGO MONTGOMERY FIELD, CA US","2017-02-21","0.00","0.0","0.0",,"75","52"
"USW00003131","SAN DIEGO MONTGOMERY FIELD, CA US","2017-02-22","0.00","0.0","0.0",,"63","49"
"USW00003131","SAN DIEGO MONTGOMERY FIELD, CA US","2017-02-23","0.00",,"0.0",,"58","44"
"USW00003131","SAN DIEGO MONTGOMERY FIELD, CA US","2017-02-24","0.00",,"0.0",,"62","40"
"USW00003131","SAN DIEGO MONTGOMERY FIELD, CA US","2017-02-25","0.00","0.0","0.0",,"63","39"
"USW00003131","SAN DIEGO MONTGOMERY FIELD, CA US","2017-02-26","0.05",,"0.0",,"57","48"
"USW00003131","SAN DIEGO MONTGOMERY FIELD, CA US","2017-02-27","3.12","0.0","0.0",,"56","50"
"USW00003131","SAN DIEGO MONTGOMERY FIELD, CA US","2017-02-28","0.00","0.0","0.0",,"60","49"
"USW00003131","SAN DIEGO MONTGOMERY FIELD, CA US","2017-03-01","0.00","0.0","0.0",,"71","43"
"USW00003131","SAN DIEGO MONTGOMERY FIELD, CA US","2017-03-02","0.00","0.0","0.0",,"75","44"
"USW00003131","SAN DIEGO MONTGOMERY FIELD, CA US","2017-03-03","0.00","0.0","0.0",,"77","43"
"USW00003131","SAN DIEGO MONTGOMERY FIELD, CA US","2017-03-04","0.00","0.0","0.0",,"67","48"
"USW00003131","SAN DIEGO MONTGOMERY FIELD, CA US","2017-03-05","0.07","0.0","0.0",,"62","51"
"USW00003131","SAN DIEGO MONTGOMERY FIELD, CA US","2017-03-06","0.00","0.0","0.0",,"61","43"
"USW00003131","SAN DIEGO MONTGOMERY FIELD, CA US","2017-03-07","0.00",,"0.0",,"72","42"
"USW00003131","SAN DIEGO MONTGOMERY FIELD, CA US","2017-03-08","0.00","0.0","0.0",,"79","48"
"USW00003131","SAN DIEGO MONTGOMERY FIELD, CA US","2017-03-09","0.00","0.0","0.0",,"82","51"
"USW00003131","SAN DIEGO MONTGOMERY FIELD, CA US","2017-03-10","0.00","0.0","0.0",,"81","51"
"USW00003131","SAN DIEGO MONTGOMERY FIELD, CA US","2017-03-11","0.00","0.0","0.0",,"76","51"
"USW00003131","SAN DIEGO MONTGOMERY FIELD, CA US","2017-03-12","0.00","0.0","0.0",,"78","51"
"USW00003131","SAN DIEGO MONTGOMERY FIELD, CA US","2017-03-13","0.00","0.0","0.0",,"79","51"
"USW00003131","SAN DIEGO MONTGOMERY FIELD, CA US","2017-03-14","0.00","0.0","0.0",,"89","52"
"USW00003131","SAN DIEGO MONTGOMERY FIELD, CA US","2017-03-15","0.00","0.0","0.0",,"84","58"
"USW00003131","SAN DIEGO MONTGOMERY FIELD, CA US","2017-03-16","0.00","0.0","0.0",,"77","56"
"USW00003131","SAN DIEGO MONTGOMERY FIELD, CA US","2017-03-17","0.00","0.0","0.0",,"74","53"
"USW00003131","SAN DIEGO MONTGOMERY FIELD, CA US","2017-03-18","0.00","0.0","0.0",,"79","54"
"USW00003131","SAN DIEGO MONTGOMERY FIELD, CA US","2017-03-19","0.00","0.0","0.0",,"72","53"
"USW00003131","SAN DIEGO MONTGOMERY FIELD, CA US","2017-03-20","0.00","0.0","0.0",,"67","55"
"USW00003131","SAN DIEGO MONTGOMERY FIELD, CA US","2017-03-21","0.00","0.0","0.0",,"71","51"
"USW00003131","SAN DIEGO MONTGOMERY FIELD, CA US","2017-03-22","0.05","0.0","0.0",,"66","56"
"USW00003131","SAN DIEGO MONTGOMERY FIELD, CA US","2017-03-23","0.03",,"0.0",,"65","49"
"USW00003131","SAN DIEGO MONTGOMERY FIELD, CA US","2017-03-24","0.00","0.0","0.0",,"69","46"
"USW00003131","SAN DIEGO MONTGOMERY FIELD, CA US","2017-03-25","0.00","0.0","0.0",,"68","51"
"USW00003131","SAN DIEGO MONTGOMERY FIELD, CA US","2017-03-26","0.00","0.0","0.0",,"67","53"
"USW00003131","SAN DIEGO MONTGOMERY FIELD, CA US","2017-03-27","0.00","0.0","0.0",,"67","52"
"USW00003131","SAN DIEGO MONTGOMERY FIELD, CA US","2017-03-28","0.00","0.0","0.0",,"72","49"
"USW00003131","SAN DIEGO MONTGOMERY FIELD, CA US","2017-03-29","0.00",,"0.0",,"81","48"
"USW00003131","SAN DIEGO MONTGOMERY FIELD, CA US","2017-03-30","0.00","0.0","0.0",,"68","50"
"USW00003131","SAN DIEGO MONTGOMERY FIELD, CA US","2017-03-31","0.00","0.0","0.0",,"66","50"
"USW00003131","SAN DIEGO MONTGOMERY FIELD, CA US","2017-04-01","0.00","0.0","0.0",,"70","48"
"USW00003131","SAN DIEGO MONTGOMERY FIELD, CA US","2017-04-02","0.00","0.0","0.0",,"76","51"
"USW00003131","SAN DIEGO MONTGOMERY FIELD, CA US","2017-04-03","0.00","0.0","0.0",,"65","55"
"USW00003131","SAN DIEGO MONTGOMERY FIELD, CA US","2017-04-04","0.00","0.0","0.0",,"69","56"
"USW00003131","SAN DIEGO MONTGOMERY FIELD, CA US","2017-04-05","0.00","0.0","0.0",,"83","53"
"USW00003131","SAN DIEGO MONTGOMERY FIELD, CA US","2017-04-06","0.00","0.0","0.0",,"75","53"
"USW00003131","SAN DIEGO MONTGOMERY FIELD, CA US","2017-04-07","0.00","0.0","0.0",,"73","54"
"USW00003131","SAN DIEGO MONTGOMERY FIELD, CA US","2017-04-08","0.00","0.0","0.0",,"69","52"
"USW00003131","SAN DIEGO MONTGOMERY FIELD, CA US","2017-04-09","0.00",,"0.0",,"67","49"
"USW00003131","SAN DIEGO MONTGOMERY FIELD, CA US","2017-04-10","0.00","0.0","0.0",,"74","48"
"USW00003131","SAN DIEGO MONTGOMERY FIELD, CA US","2017-04-11","0.00","0.0","0.0",,"73","49"
"USW00003131","SAN DIEGO MONTGOMERY FIELD, CA US","2017-04-12","0.00","0.0","0.0",,"74","52"
"USW00003131","SAN DIEGO MONTGOMERY FIELD, CA US","2017-04-13","0.00","0.0","0.0",,"73","57"
"USW00003131","SAN DIEGO MONTGOMERY FIELD, CA US","2017-04-14","0.00","0.0","0.0",,"66","51"
"USW00003131","SAN DIEGO MONTGOMERY FIELD, CA US","2017-04-15","0.00","0.0","0.0",,"72","49"
"USW00003131","SAN DIEGO MONTGOMERY FIELD, CA US","2017-04-16","0.00","0.0","0.0",,"77","53"
"USW00003131","SAN DIEGO MONTGOMERY FIELD, CA US","2017-04-17","0.00","0.0","0.0",,"76","54"
"USW00003131","SAN DIEGO MONTGOMERY FIELD, CA US","2017-04-18","0.00","0.0","0.0",,"74","60"
"USW00003131","SAN DIEGO MONTGOMERY FIELD, CA US","2017-04-19","0.02","0.0","0.0",,"74","57"
"USW00003131","SAN DIEGO MONTGOMERY FIELD, CA US","2017-04-20","0.00","0.0","0.0",,"73","53"
"USW00003131","SAN DIEGO MONTGOMERY FIELD, CA US","2017-04-21","0.00","0.0","0.0",,"87","53"
"USW00003131","SAN DIEGO MONTGOMERY FIELD, CA US","2017-04-22","0.00","0.0","0.0",,"86","57"
"USW00003131","SAN DIEGO MONTGOMERY FIELD, CA US","2017-04-23","0.00","0.0","0.0",,"74","57"
"USW00003131","SAN DIEGO MONTGOMERY FIELD, CA US","2017-04-24","0.00","0.0","0.0",,"69","59"
"USW00003131","SAN DIEGO MONTGOMERY FIELD, CA US","2017-04-25","0.00","0.0","0.0",,"69","57"
"USW00003131","SAN DIEGO MONTGOMERY FIELD, CA US","2017-04-26","0.00","0.0","0.0",,"73","53"
"USW00003131","SAN DIEGO MONTGOMERY FIELD, CA US","2017-04-27","0.00","0.0","0.0",,"71","59"
"USW00003131","SAN DIEGO MONTGOMERY FIELD, CA US","2017-04-28","0.00","0.0","0.0",,"77","57"
"USW00003131","SAN DIEGO MONTGOMERY FIELD, CA US","2017-04-29","0.00","0.0","0.0",,"82","55"
"USW00003131","SAN DIEGO MONTGOMERY FIELD, CA US","2017-04-30","0.00","0.0","0.0",,"87","54"
"USW00003131","SAN DIEGO MONTGOMERY FIELD, CA US","2017-05-01","0.00","0.0","0.0",,"79","53"
"USW00003131","SAN DIEGO MONTGOMERY FIELD, CA US","2017-05-02","0.00","0.0","0.0",,"76","55"
"USW00003131","SAN DIEGO MONTGOMERY FIELD, CA US","2017-05-03","0.00","0.0","0.0",,"79","56"
"USW00003131","SAN DIEGO MONTGOMERY FIELD, CA US","2017-05-04","0.00","0.0","0.0",,"77","61"
"USW00003131","SAN DIEGO MONTGOMERY FIELD, CA US","2017-05-05","0.00","0.0","0.0",,"64","59"
"USW00003131","SAN DIEGO MONTGOMERY FIELD, CA US","2017-05-06","0.09","0.0","0.0",,"64","50"
"USW00003131","SAN DIEGO MONTGOMERY FIELD, CA US","2017-05-07","0.48",,"0.0",,"58","48"
"USW00003131","SAN DIEGO MONTGOMERY FIELD, CA US","2017-05-08","0.00",,"0.0",,"67","49"
"USW00003131","SAN DIEGO MONTGOMERY FIELD, CA US","2017-05-09","0.00","0.0","0.0",,"65","57"
"USW00003131","SAN DIEGO MONTGOMERY FIELD, CA US","2017-05-10","0.00","0.0","0.0",,"66","58"
"USW00003131","SAN DIEGO MONTGOMERY FIELD, CA US","2017-05-11","0.00","0.0","0.0",,"69","58"
"USW00003131","SAN DIEGO MONTGOMERY FIELD, CA US","2017-05-12","0.00","0.0","0.0",,"70","58"
"USW00003131","SAN DIEGO MONTGOMERY FIELD, CA US","2017-05-13","0.00","0.0","0.0",,"70","56"
"USW00003131","SAN DIEGO MONTGOMERY FIELD, CA US","2017-05-14","0.00","0.0","0.0",,"66","53"
"USW00003131","SAN DIEGO MONTGOMERY FIELD, CA US","2017-05-15","0.02","0.0","0.0",,"63","55"
"USW00003131","SAN DIEGO MONTGOMERY FIELD, CA US","2017-05-16","0.00","0.0","0.0",,"65","55"
"USW00003131","SAN DIEGO MONTGOMERY FIELD, CA US","2017-05-17","0.00","0.0","0.0",,"66","56"
"USW00003131","SAN DIEGO MONTGOMERY FIELD, CA US","2017-05-18","0.00","0.0","0.0",,"70","56"
"USW00003131","SAN DIEGO MONTGOMERY FIELD, CA US","2017-05-19","0.00","0.0","0.0",,"84","55"
"USW00003131","SAN DIEGO MONTGOMERY FIELD, CA US","2017-05-20","0.00","0.0","0.0",,"87","59"
"USW00003131","SAN DIEGO MONTGOMERY FIELD, CA US","2017-05-21","0.00","0.0","0.0",,"81","59"
"USW00003131","SAN DIEGO MONTGOMERY FIELD, CA US","2017-05-22","0.00","0.0","0.0",,"80","59"
"USW00003131","SAN DIEGO MONTGOMERY FIELD, CA US","2017-05-23","0.00","0.0","0.0",,"78","59"
"USW00003131","SAN DIEGO MONTGOMERY FIELD, CA US","2017-05-24","0.00","0.0","0.0",,"75","59"
"USW00003131","SAN DIEGO MONTGOMERY FIELD, CA US","2017-05-25","0.00","0.0","0.0",,"67","59"
"USW00003131","SAN DIEGO MONTGOMERY FIELD, CA US","2017-05-26","0.00","0.0","0.0",,"70","60"
"USW00003131","SAN DIEGO MONTGOMERY FIELD, CA US","2017-05-27","0.00","0.0","0.0",,"71","58"
"USW00003131","SAN DIEGO MONTGOMERY FIELD, CA US","2017-05-28","0.00","0.0","0.0",,"71","55"
"USW00003131","SAN DIEGO MONTGOMERY FIELD, CA US","2017-05-29","0.00","0.0","0.0",,"69","59"
"USW00003131","SAN DIEGO MONTGOMERY FIELD, CA US","2017-05-30","0.00","0.0","0.0",,"68","58"
"USW00003131","SAN DIEGO MONTGOMERY FIELD, CA US","2017-05-31","0.00","0.0","0.0",,"66","59"
"USW00003131","SAN DIEGO MONTGOMERY FIELD, CA US","2017-06-01","0.00","0.0","0.0",,"70","59"
"USW00003131","SAN DIEGO MONTGOMERY FIELD, CA US","2017-06-02","0.00","0.0","0.0",,"78","62"
"USW00003131","SAN DIEGO MONTGOMERY FIELD, CA US","2017-06-03","0.00","0.0","0.0",,"71","62"
"USW00003131","SAN DIEGO MONTGOMERY FIELD, CA US","2017-06-04","0.00","0.0","0.0",,"71","60"
"USW00003131","SAN DIEGO MONTGOMERY FIELD, CA US","2017-06-05","0.00","0.0","0.0",,"67","59"
"USW00003131","SAN DIEGO MONTGOMERY FIELD, CA US","2017-06-06","0.00","0.0","0.0",,"66","60"
"USW00003131","SAN DIEGO MONTGOMERY FIELD, CA US","2017-06-07","0.00","0.0","0.0",,"68","60"
"USW00003131","SAN DIEGO MONTGOMERY FIELD, CA US","2017-06-08","0.00","0.0","0.0",,"72","59"
"USW00003131","SAN DIEGO MONTGOMERY FIELD, CA US","2017-06-09","0.00","0.0","0.0",,"75","62"
"USW00003131","SAN DIEGO MONTGOMERY FIELD, CA US","2017-06-10","0.01","0.0","0.0",,"68","59"
"USW00003131","SAN DIEGO MONTGOMERY FIELD, CA US","2017-06-11","0.02","0.0","0.0",,"68","57"
"USW00003131","SAN DIEGO MONTGOMERY FIELD, CA US","2017-06-12","0.00","0.0","0.0",,"72","53"
"USW00003131","SAN DIEGO MONTGOMERY FIELD, CA US","2017-06-13","0.00","0.0","0.0",,"79","54"
"USW00003131","SAN DIEGO MONTGOMERY FIELD, CA US","2017-06-14","0.00","0.0","0.0",,"78","58"
"USW00003131","SAN DIEGO MONTGOMERY FIELD, CA US","2017-06-15","0.00","0.0","0.0",,"85","59"
"USW00003131","SAN DIEGO MONTGOMERY FIELD, CA US","2017-06-16","0.00","0.0","0.0",,"88","62"
"USW00003131","SAN DIEGO MONTGOMERY FIELD, CA US","2017-06-17","0.00","0.0","0.0",,"85","61"
"USW00003131","SAN DIEGO MONTGOMERY FIELD, CA US","2017-06-18","0.00","0.0","0.0",,"80","62"
"USW00003131","SAN DIEGO MONTGOMERY FIELD, CA US","2017-06-19","0.00","0.0","0.0",,"89","62"
"USW00003131","SAN DIEGO MONTGOMERY FIELD, CA US","2017-06-20","0.00","0.0","0.0",,"85","63"
"USW00003131","SAN DIEGO MONTGOMERY FIELD, CA US","2017-06-21","0.00","0.0","0.0",,"83","64"
"USW00003131","SAN DIEGO MONTGOMERY FIELD, CA US","2017-06-22","0.00","0.0","0.0",,"77","61"
"USW00003131","SAN DIEGO MONTGOMERY FIELD, CA US","2017-06-23","0.00","0.0","0.0",,"78","64"
"USW00003131","SAN DIEGO MONTGOMERY FIELD, CA US","2017-06-24","0.00","0.0","0.0",,"78","63"
"USW00003131","SAN DIEGO MONTGOMERY FIELD, CA US","2017-06-25","0.00","0.0","0.0",,"87","63"
"USW00003131","SAN DIEGO MONTGOMERY FIELD, CA US","2017-06-26","0.00","0.0","0.0",,"93","67"
"USW00003131","SAN DIEGO MONTGOMERY FIELD, CA US","2017-06-27","0.00","0.0","0.0",,"87","63"
"USW00003131","SAN DIEGO MONTGOMERY FIELD, CA US","2017-06-28","0.00","0.0","0.0",,"75","62"
"USW00003131","SAN DIEGO MONTGOMERY FIELD, CA US","2017-06-29","0.00","0.0","0.0",,"74","62"
"USW00003131","SAN DIEGO MONTGOMERY FIELD, CA US","2017-06-30","0.00","0.0","0.0",,"74","63"
"USW00003131","SAN DIEGO MONTGOMERY FIELD, CA US","2017-07-01","0.00","0.0","0.0",,"74","64"
"USW00003131","SAN DIEGO MONTGOMERY FIELD, CA US","2017-07-02","0.00","0.0","0.0",,"76","64"
"USW00003131","SAN DIEGO MONTGOMERY FIELD, CA US","2017-07-03","0.00","0.0","0.0",,"86","62"
"USW00003131","SAN DIEGO MONTGOMERY FIELD, CA US","2017-07-04","0.00","0.0","0.0",,"85","65"
"USW00003131","SAN DIEGO MONTGOMERY FIELD, CA US","2017-07-05","0.00","0.0","0.0",,"84","66"
"USW00003131","SAN DIEGO MONTGOMERY FIELD, CA US","2017-07-06","0.00","0.0","0.0",,"85","66"
"USW00003131","SAN DIEGO MONTGOMERY FIELD, CA US","2017-07-07","0.00","0.0","0.0",,"88","68"
"USW00003131","SAN DIEGO MONTGOMERY FIELD, CA US","2017-07-08","0.00","0.0","0.0",,"89","69"
"USW00003131","SAN DIEGO MONTGOMERY FIELD, CA US","2017-07-09","0.00","0.0","0.0",,"85","69"
"USW00003131","SAN DIEGO MONTGOMERY FIELD, CA US","2017-07-10","0.00","0.0","0.0",,"86","70"
"USW00003131","SAN DIEGO MONTGOMERY FIELD, CA US","2017-07-11","0.00","0.0","0.0",,"84","68"
"USW00003131","SAN DIEGO MONTGOMERY FIELD, CA US","2017-07-12","0.00","0.0","0.0",,"85","70"
"USW00003131","SAN DIEGO MONTGOMERY FIELD, CA US","2017-07-13","0.00","0.0","0.0",,"85","70"
"USW00003131","SAN DIEGO MONTGOMERY FIELD, CA US","2017-07-14","0.00","0.0","0.0",,"82","69"
"USW00003131","SAN DIEGO MONTGOMERY FIELD, CA US","2017-07-15","0.00","0.0","0.0",,"83","68"
"USW00003131","SAN DIEGO MONTGOMERY FIELD, CA US","2017-07-16","0.00","0.0","0.0",,"82","67"
"USW00003131","SAN DIEGO MONTGOMERY FIELD, CA US","2017-07-17","0.00","0.0","0.0",,"82","69"
"USW00003131","SAN DIEGO MONTGOMERY FIELD, CA US","2017-07-18","0.00","0.0","0.0",,"84","68"
"USW00003131","SAN DIEGO MONTGOMERY FIELD, CA US","2017-07-19","0.00","0.0","0.0",,"86","71"
"USW00003131","SAN DIEGO MONTGOMERY FIELD, CA US","2017-07-20","0.00","0.0","0.0",,"83","69"
"USW00003131","SAN DIEGO MONTGOMERY FIELD, CA US","2017-07-21","0.00","0.0","0.0",,"81","68"
"USW00003131","SAN DIEGO MONTGOMERY FIELD, CA US","2017-07-22","0.00","0.0","0.0",,"80","69"
"USW00003131","SAN DIEGO MONTGOMERY FIELD, CA US","2017-07-23","0.00","0.0","0.0",,"82","68"
"USW00003131","SAN DIEGO MONTGOMERY FIELD, CA US","2017-07-24","0.00","0.0","0.0",,"81","70"
"USW00003131","SAN DIEGO MONTGOMERY FIELD, CA US","2017-07-25","0.00","0.0","0.0",,"79","70"
"USW00003131","SAN DIEGO MONTGOMERY FIELD, CA US","2017-07-26","0.00","0.0","0.0",,"82","71"
"USW00003131","SAN DIEGO MONTGOMERY FIELD, CA US","2017-07-27","0.00","0.0","0.0",,"83","70"
"USW00003131","SAN DIEGO MONTGOMERY FIELD, CA US","2017-07-28","0.00","0.0","0.0",,"81","68"
"USW00003131","SAN DIEGO MONTGOMERY FIELD, CA US","2017-07-29","0.00","0.0","0.0",,"81","68"
"USW00003131","SAN DIEGO MONTGOMERY FIELD, CA US","2017-07-30","0.00","0.0","0.0",,"82","67"
"USW00003131","SAN DIEGO MONTGOMERY FIELD, CA US","2017-07-31","0.00","0.0","0.0",,"81","69"
"USW00003131","SAN DIEGO MONTGOMERY FIELD, CA US","2017-08-01","0.00","0.0","0.0",,"84","70"
"USW00003131","SAN DIEGO MONTGOMERY FIELD, CA US","2017-08-02","0.00","0.0","0.0",,"89","72"
"USW00003131","SAN DIEGO MONTGOMERY FIELD, CA US","2017-08-03","0.00","0.0","0.0",,"86","72"
"USW00003131","SAN DIEGO MONTGOMERY FIELD, CA US","2017-08-04","0.00","0.0","0.0",,"87","71"
"USW00003131","SAN DIEGO MONTGOMERY FIELD, CA US","2017-08-05","0.00","0.0","0.0",,"82","69"
"USW00003131","SAN DIEGO MONTGOMERY FIELD, CA US","2017-08-06","0.00","0.0","0.0",,"81","69"
"USW00003131","SAN DIEGO MONTGOMERY FIELD, CA US","2017-08-07","0.00","0.0","0.0",,"83","71"
"USW00003131","SAN DIEGO MONTGOMERY FIELD, CA US","2017-08-08","0.00","0.0","0.0",,"84","70"
"USW00003131","SAN DIEGO MONTGOMERY FIELD, CA US","2017-08-09","0.00","0.0","0.0",,"84","68"
"USW00003131","SAN DIEGO MONTGOMERY FIELD, CA US","2017-08-10","0.00","0.0","0.0",,"83","68"
"USW00003131","SAN DIEGO MONTGOMERY FIELD, CA US","2017-08-11","0.00","0.0","0.0",,"84","68"
"USW00003131","SAN DIEGO MONTGOMERY FIELD, CA US","2017-08-12","0.00","0.0","0.0",,"82","68"
"USW00003131","SAN DIEGO MONTGOMERY FIELD, CA US","2017-08-13","0.00","0.0","0.0",,"82","67"
"USW00003131","SAN DIEGO MONTGOMERY FIELD, CA US","2017-08-14","0.00","0.0","0.0",,"79","66"
"USW00003131","SAN DIEGO MONTGOMERY FIELD, CA US","2017-08-15","0.00","0.0","0.0",,"71","65"
"USW00003131","SAN DIEGO MONTGOMERY FIELD, CA US","2017-08-16","0.00","0.0","0.0",,"79","66"
"USW00003131","SAN DIEGO MONTGOMERY FIELD, CA US","2017-08-17","0.00","0.0","0.0",,"81","63"
"USW00003131","SAN DIEGO MONTGOMERY FIELD, CA US","2017-08-18","0.00","0.0","0.0",,"82","68"
"USW00003131","SAN DIEGO MONTGOMERY FIELD, CA US","2017-08-19","0.00","0.0","0.0",,"80","68"
"USW00003131","SAN DIEGO MONTGOMERY FIELD, CA US","2017-08-20","0.00","0.0","0.0",,"79","67"
"USW00003131","SAN DIEGO MONTGOMERY FIELD, CA US","2017-08-21","0.00","0.0","0.0",,"81","68"
"USW00003131","SAN DIEGO MONTGOMERY FIELD, CA US","2017-08-22","0.00","0.0","0.0",,"80","68"
"USW00003131","SAN DIEGO MONTGOMERY FIELD, CA US","2017-08-23","0.00","0.0","0.0",,"73","67"
"USW00003131","SAN DIEGO MONTGOMERY FIELD, CA US","2017-08-24","0.00","0.0","0.0",,"73","66"
"USW00003131","SAN DIEGO MONTGOMERY FIELD, CA US","2017-08-25","0.00","0.0","0.0",,"77","67"
"USW00003131","SAN DIEGO MONTGOMERY FIELD, CA US","2017-08-26","0.00","0.0","0.0",,"85","67"
"USW00003131","SAN DIEGO MONTGOMERY FIELD, CA US","2017-08-27","0.00","0.0","0.0",,"85","68"
"USW00003131","SAN DIEGO MONTGOMERY FIELD, CA US","2017-08-28","0.00","0.0","0.0",,"87","68"
"USW00003131","SAN DIEGO MONTGOMERY FIELD, CA US","2017-08-29","0.00","0.0","0.0",,"96","69"
"USW00003131","SAN DIEGO MONTGOMERY FIELD, CA US","2017-08-30","0.00","0.0","0.0",,"94","71"
"USW00003131","SAN DIEGO MONTGOMERY FIELD, CA US","2017-08-31","0.00","0.0","0.0",,"93","73"
"USW00003131","SAN DIEGO MONTGOMERY FIELD, CA US","2017-09-01","0.00","0.0","0.0",,"102","73"
"USW00003131","SAN DIEGO MONTGOMERY FIELD, CA US","2017-09-02","0.00","0.0","0.0",,"101","74"
"USW00003131","SAN DIEGO MONTGOMERY FIELD, CA US","2017-09-03","0.05","0.0","0.0",,"93","72"
"USW00003131","SAN DIEGO MONTGOMERY FIELD, CA US","2017-09-04","0.01","0.0","0.0",,"81","72"
"USW00003131","SAN DIEGO MONTGOMERY FIELD, CA US","2017-09-05","0.00","0.0","0.0",,"83","71"
"USW00003131","SAN DIEGO MONTGOMERY FIELD, CA US","2017-09-06","0.00","0.0","0.0",,"85","71"
"USW00003131","SAN DIEGO MONTGOMERY FIELD, CA US","2017-09-07","0.00","0.0","0.0",,"86","70"
"USW00003131","SAN DIEGO MONTGOMERY FIELD, CA US","2017-09-08","0.01","0.0","0.0",,"83","70"
"USW00003131","SAN DIEGO MONTGOMERY FIELD, CA US","2017-09-09","0.04","0.0","0.0",,"86","70"
"USW00003131","SAN DIEGO MONTGOMERY FIELD, CA US","2017-09-10","0.00","0.0","0.0",,"89","70"
"USW00003131","SAN DIEGO MONTGOMERY FIELD, CA US","2017-09-11","0.00","0.0","0.0",,"90","71"
"USW00003131","SAN DIEGO MONTGOMERY FIELD, CA US","2017-09-12","0.00","0.0","0.0",,"83","71"
"USW00003131","SAN DIEGO MONTGOMERY FIELD, CA US","2017-09-13","0.00","0.0","0.0",,"80","68"
"USW00003131","SAN DIEGO MONTGOMERY FIELD, CA US","2017-09-14","0.00","0.0","0.0",,"80","67"
"USW00003131","SAN DIEGO MONTGOMERY FIELD, CA US","2017-09-15","0.00","0.0","0.0",,"79","67"
"USW00003131","SAN DIEGO MONTGOMERY FIELD, CA US","2017-09-16","0.00","0.0","0.0",,"78","65"
"USW00003131","SAN DIEGO MONTGOMERY FIELD, CA US","2017-09-17","0.00","0.0","0.0",,"78","68"
"USW00003131","SAN DIEGO MONTGOMERY FIELD, CA US","2017-09-18","0.00","0.0","0.0",,"79","68"
"USW00003131","SAN DIEGO MONTGOMERY FIELD, CA US","2017-09-19","0.00","0.0","0.0",,"78","68"
"USW00003131","SAN DIEGO MONTGOMERY FIELD, CA US","2017-09-20","0.00","0.0","0.0",,"78","68"
"USW00003131","SAN DIEGO MONTGOMERY FIELD, CA US","2017-09-21","0.00","0.0","0.0",,"74","61"
"USW00003131","SAN DIEGO MONTGOMERY FIELD, CA US","2017-09-22","0.00","0.0","0.0",,"77","61"
"USW00003131","SAN DIEGO MONTGOMERY FIELD, CA US","2017-09-23","0.00","0.0","0.0",,"74","58"
"USW00003131","SAN DIEGO MONTGOMERY FIELD, CA US","2017-09-24","0.00","0.0","0.0",,"85","57"
"USW00003131","SAN DIEGO MONTGOMERY FIELD, CA US","2017-09-25","0.00","0.0","0.0",,"88","58"
"USW00003131","SAN DIEGO MONTGOMERY FIELD, CA US","2017-09-26","0.00","0.0","0.0",,"83","60"
"USW00003131","SAN DIEGO MONTGOMERY FIELD, CA US","2017-09-27","0.00","0.0","0.0",,"85","61"
"USW00003131","SAN DIEGO MONTGOMERY FIELD, CA US","2017-09-28","0.00","0.0","0.0",,"87","60"
"USW00003131","SAN DIEGO MONTGOMERY FIELD, CA US","2017-09-29","0.00","0.0","0.0",,"87","61"
"USW00003131","SAN DIEGO MONTGOMERY FIELD, CA US","2017-09-30","0.00","0.0","0.0",,"79","64"
"USW00003131","SAN DIEGO MONTGOMERY FIELD, CA US","2017-10-01","0.00","0.0","0.0",,"75","66"
"USW00003131","SAN DIEGO MONTGOMERY FIELD, CA US","2017-10-02","0.00","0.0","0.0",,"78","65"
"USW00003131","SAN DIEGO MONTGOMERY FIELD, CA US","2017-10-03","0.00","0.0","0.0",,"75","66"
"USW00003131","SAN DIEGO MONTGOMERY FIELD, CA US","2017-10-04","0.00","0.0","0.0",,"79","60"
"USW00003131","SAN DIEGO MONTGOMERY FIELD, CA US","2017-10-05","0.00","0.0","0.0",,"85","59"
"USW00003131","SAN DIEGO MONTGOMERY FIELD, CA US","2017-10-06","0.00","0.0","0.0",,"91","57"
"USW00003131","SAN DIEGO MONTGOMERY FIELD, CA US","2017-10-07","0.00","0.0","0.0",,"97","61"
"USW00003131","SAN DIEGO MONTGOMERY FIELD, CA US","2017-10-08","0.00","0.0","0.0",,"75","66"
"USW00003131","SAN DIEGO MONTGOMERY FIELD, CA US","2017-10-09","0.00","0.0","0.0",,"84","64"
"USW00003131","SAN DIEGO MONTGOMERY FIELD, CA US","2017-10-10","0.00","0.0","0.0",,"87","59"
"USW00003131","SAN DIEGO MONTGOMERY FIELD, CA US","2017-10-11","0.00","0.0","0.0",,"79","62"
"USW00003131","SAN DIEGO MONTGOMERY FIELD, CA US","2017-10-12","0.00","0.0","0.0",,"77","63"
"USW00003131","SAN DIEGO MONTGOMERY FIELD, CA US","2017-10-13","0.00","0.0","0.0",,"78","63"
"USW00003131","SAN DIEGO MONTGOMERY FIELD, CA US","2017-10-14","0.00","0.0","0.0",,"84","60"
"USW00003131","SAN DIEGO MONTGOMERY FIELD, CA US","2017-10-15","0.00","0.0","0.0",,"100","61"
"USW00003131","SAN DIEGO MONTGOMERY FIELD, CA US","2017-10-16","0.00","0.0","0.0",,"100","67"
"USW00003131","SAN DIEGO MONTGOMERY FIELD, CA US","2017-10-17","0.00","0.0","0.0",,"94","68"
"USW00003131","SAN DIEGO MONTGOMERY FIELD, CA US","2017-10-18","0.00","0.0","0.0",,"83","65"
"USW00003131","SAN DIEGO MONTGOMERY FIELD, CA US","2017-10-19","0.00","0.0","0.0",,"77","66"
"USW00003131","SAN DIEGO MONTGOMERY FIELD, CA US","2017-10-20","0.00","0.0","0.0",,"73","65"
"USW00003131","SAN DIEGO MONTGOMERY FIELD, CA US","2017-10-21","0.00","0.0","0.0",,"78","58"
"USW00003131","SAN DIEGO MONTGOMERY FIELD, CA US","2017-10-22","0.00","0.0","0.0",,"94","60"
"USW00003131","SAN DIEGO MONTGOMERY FIELD, CA US","2017-10-23","0.00","0.0","0.0",,"102","64"
"USW00003131","SAN DIEGO MONTGOMERY FIELD, CA US","2017-10-24","0.00","0.0","0.0",,"105","66"
"USW00003131","SAN DIEGO MONTGOMERY FIELD, CA US","2017-10-25","0.00","0.0","0.0",,"104","70"
"USW00003131","SAN DIEGO MONTGOMERY FIELD, CA US","2017-10-26","0.00","0.0","0.0",,"94","65"
"USW00003131","SAN DIEGO MONTGOMERY FIELD, CA US","2017-10-27","0.00","0.0","0.0",,"89","61"
"USW00003131","SAN DIEGO MONTGOMERY FIELD, CA US","2017-10-28","0.00","0.0","0.0",,"81","63"
"USW00003131","SAN DIEGO MONTGOMERY FIELD, CA US","2017-10-29","0.00","0.0","0.0",,"75","65"
"USW00003131","SAN DIEGO MONTGOMERY FIELD, CA US","2017-10-30","0.00","0.0","0.0",,"69","63"
"USW00003131","SAN DIEGO MONTGOMERY FIELD, CA US","2017-10-31","0.00",,,,"70","62"
"USW00003131","SAN DIEGO MONTGOMERY FIELD, CA US","2017-11-01","0.01","0.0","0.0",,"71","64"
"USW00003131","SAN DIEGO MONTGOMERY FIELD, CA US","2017-11-02","0.00","0.0","0.0",,"74","59"
"USW00003131","SAN DIEGO MONTGOMERY FIELD, CA US","2017-11-03","0.00","0.0","0.0",,"74","57"
"USW00003131","SAN DIEGO MONTGOMERY FIELD, CA US","2017-11-04","0.00","0.0","0.0",,"74","54"
"USW00003131","SAN DIEGO MONTGOMERY FIELD, CA US","2017-11-05","0.00","0.0","0.0",,"75","59"
"USW00003131","SAN DIEGO MONTGOMERY FIELD, CA US","2017-11-06","0.00","0.0","0.0",,"76","57"
"USW00003131","SAN DIEGO MONTGOMERY FIELD, CA US","2017-11-07","0.00","0.0","0.0",,"79","61"
"USW00003131","SAN DIEGO MONTGOMERY FIELD, CA US","2017-11-08","0.00","0.0","0.0",,"79","58"
"USW00003131","SAN DIEGO MONTGOMERY FIELD, CA US","2017-11-09","0.00","0.0","0.0",,"75","62"
"USW00003131","SAN DIEGO MONTGOMERY FIELD, CA US","2017-11-10","0.00","0.0","0.0",,"74","53"
"USW00003131","SAN DIEGO MONTGOMERY FIELD, CA US","2017-11-11","0.00","0.0","0.0",,"75","52"
"USW00003131","SAN DIEGO MONTGOMERY FIELD, CA US","2017-11-12","0.00","0.0","0.0",,"72","55"
"USW00003131","SAN DIEGO MONTGOMERY FIELD, CA US","2017-11-13","0.00","0.0","0.0",,"76","56"
"USW00003131","SAN DIEGO MONTGOMERY FIELD, CA US","2017-11-14","0.00","0.0","0.0",,"80","54"
"USW00003131","SAN DIEGO MONTGOMERY FIELD, CA US","2017-11-15","0.00","0.0","0.0",,"82","56"
"USW00003131","SAN DIEGO MONTGOMERY FIELD, CA US","2017-11-16","0.00","0.0","0.0",,"86","60"
"USW00003131","SAN DIEGO MONTGOMERY FIELD, CA US","2017-11-17","0.00","0.0","0.0",,"78","60"
"USW00003131","SAN DIEGO MONTGOMERY FIELD, CA US","2017-11-18","0.00","0.0","0.0",,"81","53"
"USW00003131","SAN DIEGO MONTGOMERY FIELD, CA US","2017-11-19","0.00","0.0","0.0",,"79","50"
"USW00003131","SAN DIEGO MONTGOMERY FIELD, CA US","2017-11-20","0.00","0.0","0.0",,"80","50"
"USW00003131","SAN DIEGO MONTGOMERY FIELD, CA US","2017-11-21","0.00","0.0","0.0",,"91","58"
"USW00003131","SAN DIEGO MONTGOMERY FIELD, CA US","2017-11-22","0.00","0.0","0.0",,"99","60"
"USW00003131","SAN DIEGO MONTGOMERY FIELD, CA US","2017-11-23","0.00","0.0","0.0",,"95","63"
"USW00003131","SAN DIEGO MONTGOMERY FIELD, CA US","2017-11-24","0.00","0.0","0.0",,"91","60"
"USW00003131","SAN DIEGO MONTGOMERY FIELD, CA US","2017-11-25","0.00","0.0","0.0",,"80","58"
"USW00003131","SAN DIEGO MONTGOMERY FIELD, CA US","2017-11-26","0.00","0.0","0.0",,"75","55"
"USW00003131","SAN DIEGO MONTGOMERY FIELD, CA US","2017-11-27","0.01","0.0","0.0",,"70","54"
"USW00003131","SAN DIEGO MONTGOMERY FIELD, CA US","2017-11-28","0.00","0.0","0.0",,"72","48"
"USW00003131","SAN DIEGO MONTGOMERY FIELD, CA US","2017-11-29","0.00","0.0","0.0",,"71","57"
"USW00003131","SAN DIEGO MONTGOMERY FIELD, CA US","2017-11-30","0.00","0.0","0.0",,"73","55"
"USW00003131","SAN DIEGO MONTGOMERY FIELD, CA US","2017-12-01","0.00","0.0","0.0",,"78","53"
"USW00003131","SAN DIEGO MONTGOMERY FIELD, CA US","2017-12-02","0.00","0.0","0.0",,"78","56"
"USW00003131","SAN DIEGO MONTGOMERY FIELD, CA US","2017-12-03","0.00","0.0","0.0",,"72","56"
"USW00003131","SAN DIEGO MONTGOMERY FIELD, CA US","2017-12-04","0.00","0.0","0.0",,"71","52"
"USW00003131","SAN DIEGO MONTGOMERY FIELD, CA US","2017-12-05","0.00","0.0","0.0",,"75","47"
"USW00003131","SAN DIEGO MONTGOMERY FIELD, CA US","2017-12-06","0.00","0.0","0.0",,"77","52"
"USW00003131","SAN DIEGO MONTGOMERY FIELD, CA US","2017-12-07","0.00","0.0","0.0",,"81","49"
"USW00003131","SAN DIEGO MONTGOMERY FIELD, CA US","2017-12-08","0.00","0.0","0.0",,"85","53"
"USW00003131","SAN DIEGO MONTGOMERY FIELD, CA US","2017-12-09","0.00","0.0","0.0",,"85","50"
"USW00003131","SAN DIEGO MONTGOMERY FIELD, CA US","2017-12-10","0.00","0.0","0.0",,"83","54"
"USW00003131","SAN DIEGO MONTGOMERY FIELD, CA US","2017-12-11","0.00","0.0","0.0",,"85","53"
"USW00003131","SAN DIEGO MONTGOMERY FIELD, CA US","2017-12-12","0.00",,"0.0",,"84","41"
"USW00003131","SAN DIEGO MONTGOMERY FIELD, CA US","2017-12-13","0.00","0.0","0.0",,"83","48"
"USW00003131","SAN DIEGO MONTGOMERY FIELD, CA US","2017-12-14","0.00","0.0","0.0",,"80","45"
"USW00003131","SAN DIEGO MONTGOMERY FIELD, CA US","2017-12-15","0.00","0.0","0.0",,"82","52"
"USW00003131","SAN DIEGO MONTGOMERY FIELD, CA US","2017-12-16","0.00",,,,"69","51"
"USW00003131","SAN DIEGO MONTGOMERY FIELD, CA US","2017-12-17","0.00",,,,"75","48"
"USW00003131","SAN DIEGO MONTGOMERY FIELD, CA US","2017-12-18","0.00",,,,"75","47"
"USW00003131","SAN DIEGO MONTGOMERY FIELD, CA US","2017-12-19","0.00",,,,"74","47"
"USW00003131","SAN DIEGO MONTGOMERY FIELD, CA US","2017-12-20","0.07",,,,"67","46"
"USW00003131","SAN DIEGO MONTGOMERY FIELD, CA US","2017-12-21","0.00",,,,"65","45"
"USW00003131","SAN DIEGO MONTGOMERY FIELD, CA US","2017-12-22","0.00",,,,"69","40"
"USW00003131","SAN DIEGO MONTGOMERY FIELD, CA US","2017-12-23","0.00",,,,"72","42"
"USW00003131","SAN DIEGO MONTGOMERY FIELD, CA US","2017-12-24","0.00",,,,"75","44"
"USW00003131","SAN DIEGO MONTGOMERY FIELD, CA US","2017-12-25","0.00",,,,"75","45"
"USW00003131","SAN DIEGO MONTGOMERY FIELD, CA US","2017-12-26","0.00",,,,"70","46"
"USW00003131","SAN DIEGO MONTGOMERY FIELD, CA US","2017-12-27","0.00",,,,"81","49"
"USW00003131","SAN DIEGO MONTGOMERY FIELD, CA US","2017-12-28","0.00",,,,"85","49"
"USW00003131","SAN DIEGO MONTGOMERY FIELD, CA US","2017-12-29","0.00",,,,"84","48"
"USW00003131","SAN DIEGO MONTGOMERY FIELD, CA US","2017-12-30","0.00",,,,"81","49"
"USW00003131","SAN DIEGO MONTGOMERY FIELD, CA US","2017-12-31","0.00",,,,"72","50"
"USW00003131","SAN DIEGO MONTGOMERY FIELD, CA US","2018-01-01","0.00","0.0","0.0",,"73","49"
"USW00003131","SAN DIEGO MONTGOMERY FIELD, CA US","2018-01-02","0.00","0.0","0.0",,"81","55"
"USW00003131","SAN DIEGO MONTGOMERY FIELD, CA US","2018-01-03","0.00","0.0","0.0",,"77","56"
"USW00003131","SAN DIEGO MONTGOMERY FIELD, CA US","2018-01-04","0.00","0.0","0.0",,"81","53"
"USW00003131","SAN DIEGO MONTGOMERY FIELD, CA US","2018-01-05","0.00","0.0","0.0",,"77","54"
"USW00003131","SAN DIEGO MONTGOMERY FIELD, CA US","2018-01-06","0.00","0.0","0.0",,"78","59"
"USW00003131","SAN DIEGO MONTGOMERY FIELD, CA US","2018-01-07","0.00","0.0","0.0",,"76","56"
"USW00003131","SAN DIEGO MONTGOMERY FIELD, CA US","2018-01-08","0.22","0.0","0.0",,"77","62"
"USW00003131","SAN DIEGO MONTGOMERY FIELD, CA US","2018-01-09","1.68","0.0","0.0",,"67","58"
"USW00003131","SAN DIEGO MONTGOMERY FIELD, CA US","2018-01-10","0.04","0.0","0.0",,"64","54"
"USW00003131","SAN DIEGO MONTGOMERY FIELD, CA US","2018-01-11","0.00","0.0","0.0",,"73","52"
"USW00003131","SAN DIEGO MONTGOMERY FIELD, CA US","2018-01-12","0.00","0.0","0.0",,"77","52"
"USW00003131","SAN DIEGO MONTGOMERY FIELD, CA US","2018-01-13","0.00","0.0","0.0",,"87","54"
"USW00003131","SAN DIEGO MONTGOMERY FIELD, CA US","2018-01-14","0.00","0.0","0.0",,"84","57"
"USW00003131","SAN DIEGO MONTGOMERY FIELD, CA US","2018-01-15","0.00","0.0","0.0",,"77","52"
"USW00003131","SAN DIEGO MONTGOMERY FIELD, CA US","2018-01-16","0.00","0.0","0.0",,"73","54"
"USW00003131","SAN DIEGO MONTGOMERY FIELD, CA US","2018-01-17","0.00","0.0","0.0",,"80","53"
"USW00003131","SAN DIEGO MONTGOMERY FIELD, CA US","2018-01-18","0.00","0.0","0.0",,"80","54"
"USW00003131","SAN DIEGO MONTGOMERY FIELD, CA US","2018-01-19","0.00","0.0","0.0",,"64","55"
"USW00003131","SAN DIEGO MONTGOMERY FIELD, CA US","2018-01-20","0.00",,"0.0",,"60","47"
"USW00003131","SAN DIEGO MONTGOMERY FIELD, CA US","2018-01-21","0.00","0.0","0.0",,"62","42"
"USW00003131","SAN DIEGO MONTGOMERY FIELD, CA US","2018-01-22","0.00","0.0","0.0",,"67","43"
"USW00003131","SAN DIEGO MONTGOMERY FIELD, CA US","2018-01-23","0.00",,,,"75","43"
"USW00003131","SAN DIEGO MONTGOMERY FIELD, CA US","2018-01-24","0.00",,,,"79","44"
"USW00003131","SAN DIEGO MONTGOMERY FIELD, CA US","2018-01-25","0.00",,,,"64","42"
"USW00003131","SAN DIEGO MONTGOMERY FIELD, CA US","2018-01-26","0.00",,,,"64","45"
"USW00003131","SAN DIEGO MONTGOMERY FIELD, CA US","2018-01-27","0.00",,,,"71","42"
"USW00003131","SAN DIEGO MONTGOMERY FIELD, CA US","2018-01-28","0.00",,,,"85","47"
"USW00003131","SAN DIEGO MONTGOMERY FIELD, CA US","2018-01-29","0.00",,,,"86","51"
"USW00003131","SAN DIEGO MONTGOMERY FIELD, CA US","2018-01-30","0.00",,,,"83","55"
"USW00003131","SAN DIEGO MONTGOMERY FIELD, CA US","2018-01-31","0.00",,,,"79","51"
"USW00003131","SAN DIEGO MONTGOMERY FIELD, CA US","2018-02-01","0.00",,,,"80","51"
"USW00003131","SAN DIEGO MONTGOMERY FIELD, CA US","2018-02-02","0.00",,,,"83","51"
"USW00003131","SAN DIEGO MONTGOMERY FIELD, CA US","2018-02-03","0.00",,,,"81","50"
"USW00003131","SAN DIEGO MONTGOMERY FIELD, CA US","2018-02-04","0.00",,,,"83","50"
"USW00003131","SAN DIEGO MONTGOMERY FIELD, CA US","2018-02-05","0.00",,,,"74","49"
"USW00003131","SAN DIEGO MONTGOMERY FIELD, CA US","2018-02-06","0.00",,,,"67","53"
"USW00003131","SAN DIEGO MONTGOMERY FIELD, CA US","2018-02-07","0.00",,,,"84","48"
"USW00003131","SAN DIEGO MONTGOMERY FIELD, CA US","2018-02-08","0.00",,,,"82","48"
"USW00003131","SAN DIEGO MONTGOMERY FIELD, CA US","2018-02-09","0.00",,,,"70","47"
"USW00003131","SAN DIEGO MONTGOMERY FIELD, CA US","2018-02-10","0.00",,,,"64","54"
"USW00003131","SAN DIEGO MONTGOMERY FIELD, CA US","2018-02-11","0.00",,,,"69","51"
"USW00003131","SAN DIEGO MONTGOMERY FIELD, CA US","2018-02-12","0.00",,,,"61","53"
"USW00003131","SAN DIEGO MONTGOMERY FIELD, CA US","2018-02-13","0.02",,,,"65","49"
"USW00003131","SAN DIEGO MONTGOMERY FIELD, CA US","2018-02-14","0.00",,,,"71","53"
"USW00003131","SAN DIEGO MONTGOMERY FIELD, CA US","2018-02-15","0.00",,,,"71","51"
"USW00003131","SAN DIEGO MONTGOMERY FIELD, CA US","2018-02-16","0.00",,,,"76","50"
"USW00003131","SAN DIEGO MONTGOMERY FIELD, CA US","2018-02-17","0.00",,,,"76","46"
"USW00003131","SAN DIEGO MONTGOMERY FIELD, CA US","2018-02-18","0.00",,,,"69","49"
"USW00003131","SAN DIEGO MONTGOMERY FIELD, CA US","2018-02-19","0.00",,,,"59","47"
"USW00003131","SAN DIEGO MONTGOMERY FIELD, CA US","2018-02-20","0.00",,,,"58","37"
"USW00003131","SAN DIEGO MONTGOMERY FIELD, CA US","2018-02-21","0.06",,,,"59","39"
"USW00003131","SAN DIEGO MONTGOMERY FIELD, CA US","2018-02-22","0.02",,,,"59","42"
"USW00003131","SAN DIEGO MONTGOMERY FIELD, CA US","2018-02-23","0.00",,,,"56","41"
"USW00003131","SAN DIEGO MONTGOMERY FIELD, CA US","2018-02-24","0.00",,,,"63","37"
"USW00003131","SAN DIEGO MONTGOMERY FIELD, CA US","2018-02-25","0.00",,,,"67","38"
"USW00003131","SAN DIEGO MONTGOMERY FIELD, CA US","2018-02-26","0.00",,,,"64","42"
"USW00003131","SAN DIEGO MONTGOMERY FIELD, CA US","2018-02-27","0.36",,,,"57","45"
"USW00003131","SAN DIEGO MONTGOMERY FIELD, CA US","2018-02-28","0.00",,,,"60","39"
"USW00003131","SAN DIEGO MONTGOMERY FIELD, CA US","2018-03-01","0.00","0.0","0.0",,"63","43"
"USW00003131","SAN DIEGO MONTGOMERY FIELD, CA US","2018-03-02","0.00","0.0","0.0",,"65","44"
"USW00003131","SAN DIEGO MONTGOMERY FIELD, CA US","2018-03-03","0.14","0.0","0.0",,"62","53"
"USW00003131","SAN DIEGO MONTGOMERY FIELD, CA US","2018-03-04","0.00",,"0.0",,"61","47"
"USW00003131","SAN DIEGO MONTGOMERY FIELD, CA US","2018-03-05","0.00","0.0","0.0",,"72","42"
"USW00003131","SAN DIEGO MONTGOMERY FIELD, CA US","2018-03-06","0.00","0.0","0.0",,"77","45"
"USW00003131","SAN DIEGO MONTGOMERY FIELD, CA US","2018-03-07","0.00","0.0","0.0",,"75","49"
"USW00003131","SAN DIEGO MONTGOMERY FIELD, CA US","2018-03-08","0.00","0.0","0.0",,"74","52"
"USW00003131","SAN DIEGO MONTGOMERY FIELD, CA US","2018-03-09","0.00","0.0","0.0",,"69","50"
"USW00003131","SAN DIEGO MONTGOMERY FIELD, CA US","2018-03-10","0.47","0.0","0.0",,"60","58"
"USW00003131","SAN DIEGO MONTGOMERY FIELD, CA US","2018-03-11","0.01","0.0","0.0",,"68","58"
"USW00003131","SAN DIEGO MONTGOMERY FIELD, CA US","2018-03-12","0.00","0.0","0.0",,"72","58"
"USW00003131","SAN DIEGO MONTGOMERY FIELD, CA US","2018-03-13","0.02","0.0","0.0",,"71","57"
"USW00003131","SAN DIEGO MONTGOMERY FIELD, CA US","2018-03-14","0.02","0.0","0.0",,"66","57"
"USW00003131","SAN DIEGO MONTGOMERY FIELD, CA US","2018-03-15","0.15",,"0.0",,"61","49"
"USW00003131","SAN DIEGO MONTGOMERY FIELD, CA US","2018-03-16","0.00",,"0.0",,"62","45"
"USW00003131","SAN DIEGO MONTGOMERY FIELD, CA US","2018-03-17","0.23",,"0.0",,"61","49"
"USW00003131","SAN DIEGO MONTGOMERY FIELD, CA US","2018-03-18","0.02",,"0.0",,"62","46"
"USW00003131","SAN DIEGO MONTGOMERY FIELD, CA US","2018-03-19","0.00","0.0","0.0",,"72","47"
"USW00003131","SAN DIEGO MONTGOMERY FIELD, CA US","2018-03-20","0.00","0.0","0.0",,"73","49"
"USW00003131","SAN DIEGO MONTGOMERY FIELD, CA US","2018-03-21","0.00","0.0","0.0",,"77","52"
"USW00003131","SAN DIEGO MONTGOMERY FIELD, CA US","2018-03-22","0.01","0.0","0.0",,"71","58"
"USW00003131","SAN DIEGO MONTGOMERY FIELD, CA US","2018-03-23","0.01","0.0","0.0",,"68","56"
"USW00003131","SAN DIEGO MONTGOMERY FIELD, CA US","2018-03-24","0.00","0.0","0.0",,"63","51"
"USW00003131","SAN DIEGO MONTGOMERY FIELD, CA US","2018-03-25","0.00","0.0","0.0",,"62","50"
"USW00003131","SAN DIEGO MONTGOMERY FIELD, CA US","2018-03-26","0.00","0.0","0.0",,"64","47"
"USW00003131","SAN DIEGO MONTGOMERY FIELD, CA US","2018-03-27","0.00","0.0","0.0",,"71","44"
"USW00003131","SAN DIEGO MONTGOMERY FIELD, CA US","2018-03-28","0.00","0.0","0.0",,"76","46"
"USW00003131","SAN DIEGO MONTGOMERY FIELD, CA US","2018-03-29","0.00","0.0","0.0",,"75","51"
"USW00003131","SAN DIEGO MONTGOMERY FIELD, CA US","2018-03-30","0.00","0.0","0.0",,"78","52"
"USW00003131","SAN DIEGO MONTGOMERY FIELD, CA US","2018-03-31","0.00","0.0","0.0",,"73","52"
"USW00003131","SAN DIEGO MONTGOMERY FIELD, CA US","2018-04-01","0.00","0.0","0.0",,"67","56"
"USW00003131","SAN DIEGO MONTGOMERY FIELD, CA US","2018-04-02","0.00","0.0","0.0",,"64","57"
"USW00003131","SAN DIEGO MONTGOMERY FIELD, CA US","2018-04-03","0.00","0.0","0.0",,"69","54"
"USW00003131","SAN DIEGO MONTGOMERY FIELD, CA US","2018-04-04","0.00","0.0","0.0",,"67","56"
"USW00003131","SAN DIEGO MONTGOMERY FIELD, CA US","2018-04-05","0.00","0.0","0.0",,"69","56"
"USW00003131","SAN DIEGO MONTGOMERY FIELD, CA US","2018-04-06","0.00","0.0","0.0",,"69","53"
"USW00003131","SAN DIEGO MONTGOMERY FIELD, CA US","2018-04-07","0.00","0.0","0.0",,"74","58"
"USW00003131","SAN DIEGO MONTGOMERY FIELD, CA US","2018-04-08","0.00","0.0","0.0",,"76","56"
"USW00003131","SAN DIEGO MONTGOMERY FIELD, CA US","2018-04-09","0.00","0.0","0.0",,"90","54"
"USW00003131","SAN DIEGO MONTGOMERY FIELD, CA US","2018-04-10","0.00","0.0","0.0",,"90","57"
"USW00003131","SAN DIEGO MONTGOMERY FIELD, CA US","2018-04-11","0.00","0.0","0.0",,"77","56"
"USW00003131","SAN DIEGO MONTGOMERY FIELD, CA US","2018-04-12","0.00","0.0","0.0",,"67","53"
"USW00003131","SAN DIEGO MONTGOMERY FIELD, CA US","2018-04-13","0.00","0.0","0.0",,"78","50"
"USW00003131","SAN DIEGO MONTGOMERY FIELD, CA US","2018-04-14","0.00","0.0","0.0",,"87","52"
"USW00003131","SAN DIEGO MONTGOMERY FIELD, CA US","2018-04-15","0.00","0.0","0.0",,"79","52"
"USW00003131","SAN DIEGO MONTGOMERY FIELD, CA US","2018-04-16","0.00","0.0","0.0",,"66","55"
"USW00003131","SAN DIEGO MONTGOMERY FIELD, CA US","2018-04-17","0.00","0.0","0.0",,"65","48"
"USW00003131","SAN DIEGO MONTGOMERY FIELD, CA US","2018-04-18","0.00","0.0","0.0",,"67","47"
"USW00003131","SAN DIEGO MONTGOMERY FIELD, CA US","2018-04-19","0.03","0.0","0.0",,"61","50"
"USW00003131","SAN DIEGO MONTGOMERY FIELD, CA US","2018-04-20","0.00","0.0","0.0",,"69","48"
"USW00003131","SAN DIEGO MONTGOMERY FIELD, CA US","2018-04-21","0.00","0.0","0.0",,"80","51"
"USW00003131","SAN DIEGO MONTGOMERY FIELD, CA US","2018-04-22","0.00","0.0","0.0",,"79","54"
"USW00003131","SAN DIEGO MONTGOMERY FIELD, CA US","2018-04-23","0.00","0.0","0.0",,"77","55"
"USW00003131","SAN DIEGO MONTGOMERY FIELD, CA US","2018-04-24","0.00","0.0","0.0",,"72","55"
"USW00003131","SAN DIEGO MONTGOMERY FIELD, CA US","2018-04-25","0.00","0.0","0.0",,"72","55"
"USW00003131","SAN DIEGO MONTGOMERY FIELD, CA US","2018-04-26","0.00","0.0","0.0",,"69","56"
"USW00003131","SAN DIEGO MONTGOMERY FIELD, CA US","2018-04-27","0.00","0.0","0.0",,"68","54"
"USW00003131","SAN DIEGO MONTGOMERY FIELD, CA US","2018-04-28","0.00","0.0","0.0",,"69","55"
"USW00003131","SAN DIEGO MONTGOMERY FIELD, CA US","2018-04-29","0.00","0.0","0.0",,"67","57"
"USW00003131","SAN DIEGO MONTGOMERY FIELD, CA US","2018-04-30","0.02","0.0","0.0",,"63","55"
"USW00003131","SAN DIEGO MONTGOMERY FIELD, CA US","2018-05-01","0.01","0.0","0.0",,"60","52"
"USW00003131","SAN DIEGO MONTGOMERY FIELD, CA US","2018-05-02","0.03","0.0","0.0",,"63","51"
"USW00003131","SAN DIEGO MONTGOMERY FIELD, CA US","2018-05-03","0.00","0.0","0.0",,"69","49"
"USW00003131","SAN DIEGO MONTGOMERY FIELD, CA US","2018-05-04","0.00","0.0","0.0",,"87","55"
"USW00003131","SAN DIEGO MONTGOMERY FIELD, CA US","2018-05-05","0.00","0.0","0.0",,"84","57"
"USW00003131","SAN DIEGO MONTGOMERY FIELD, CA US","2018-05-06","0.00","0.0","0.0",,"81","56"
"USW00003131","SAN DIEGO MONTGOMERY FIELD, CA US","2018-05-07","0.00","0.0","0.0",,"73","55"
"USW00003131","SAN DIEGO MONTGOMERY FIELD, CA US","2018-05-08","0.00","0.0","0.0",,"73","56"
"USW00003131","SAN DIEGO MONTGOMERY FIELD, CA US","2018-05-09","0.00","0.0","0.0",,"73","58"
"USW00003131","SAN DIEGO MONTGOMERY FIELD, CA US","2018-05-10","0.00","0.0","0.0",,"72","59"
"USW00003131","SAN DIEGO MONTGOMERY FIELD, CA US","2018-05-11","0.00","0.0","0.0",,"61","57"
"USW00003131","SAN DIEGO MONTGOMERY FIELD, CA US","2018-05-12","0.00","0.0","0.0",,"64","54"
"USW00003131","SAN DIEGO MONTGOMERY FIELD, CA US","2018-05-13","0.00","0.0","0.0",,"69","57"
"USW00003131","SAN DIEGO MONTGOMERY FIELD, CA US","2018-05-14","0.00","0.0","0.0",,"69","56"
"USW00003131","SAN DIEGO MONTGOMERY FIELD, CA US","2018-05-15","0.00","0.0","0.0",,"72","58"
"USW00003131","SAN DIEGO MONTGOMERY FIELD, CA US","2018-05-16","0.00","0.0","0.0",,"69","59"
"USW00003131","SAN DIEGO MONTGOMERY FIELD, CA US","2018-05-17","0.00","0.0","0.0",,"68","54"
"USW00003131","SAN DIEGO MONTGOMERY FIELD, CA US","2018-05-18","0.00","0.0","0.0",,"67","58"
"USW00003131","SAN DIEGO MONTGOMERY FIELD, CA US","2018-05-19","0.00","0.0","0.0",,"67","58"
"USW00003131","SAN DIEGO MONTGOMERY FIELD, CA US","2018-05-20","0.00","0.0","0.0",,"65","59"
"USW00003131","SAN DIEGO MONTGOMERY FIELD, CA US","2018-05-21","0.00","0.0","0.0",,"65","57"
"USW00003131","SAN DIEGO MONTGOMERY FIELD, CA US","2018-05-22","0.00","0.0","0.0",,"67","58"
"USW00003131","SAN DIEGO MONTGOMERY FIELD, CA US","2018-05-23","0.00","0.0","0.0",,"67","59"
"USW00003131","SAN DIEGO MONTGOMERY FIELD, CA US","2018-05-24","0.00","0.0","0.0",,"66","58"
"USW00003131","SAN DIEGO MONTGOMERY FIELD, CA US","2018-05-25","0.00","0.0","0.0",,"69","59"
"USW00003131","SAN DIEGO MONTGOMERY FIELD, CA US","2018-05-26","0.00","0.0","0.0",,"68","55"
"USW00003131","SAN DIEGO MONTGOMERY FIELD, CA US","2018-05-27","0.00","0.0","0.0",,"70","59"
"USW00003131","SAN DIEGO MONTGOMERY FIELD, CA US","2018-05-28","0.00","0.0","0.0",,"73","59"
"USW00003131","SAN DIEGO MONTGOMERY FIELD, CA US","2018-05-29","0.00","0.0","0.0",,"69","60"
"USW00003131","SAN DIEGO MONTGOMERY FIELD, CA US","2018-05-30","0.00","0.0","0.0",,"71","58"
"USW00003131","SAN DIEGO MONTGOMERY FIELD, CA US","2018-05-31","0.00","0.0","0.0",,"71","59"
"USW00003131","SAN DIEGO MONTGOMERY FIELD, CA US","2018-06-01","0.00","0.0","0.0",,"74","59"
"USW00003131","SAN DIEGO MONTGOMERY FIELD, CA US","2018-06-02","0.00","0.0","0.0",,"75","55"
"USW00003131","SAN DIEGO MONTGOMERY FIELD, CA US","2018-06-03","0.00","0.0","0.0",,"77","61"
"USW00003131","SAN DIEGO MONTGOMERY FIELD, CA US","2018-06-04","0.00","0.0","0.0",,"72","61"
"USW00003131","SAN DIEGO MONTGOMERY FIELD, CA US","2018-06-05","0.00","0.0","0.0",,"70","61"
"USW00003131","SAN DIEGO MONTGOMERY FIELD, CA US","2018-06-06","0.00","0.0","0.0",,"72","61"
"USW00003131","SAN DIEGO MONTGOMERY FIELD, CA US","2018-06-07","0.00","0.0","0.0",,"71","60"
"USW00003131","SAN DIEGO MONTGOMERY FIELD, CA US","2018-06-08","0.00","0.0","0.0",,"81","57"
"USW00003131","SAN DIEGO MONTGOMERY FIELD, CA US","2018-06-09","0.00","0.0","0.0",,"80","62"
"USW00003131","SAN DIEGO MONTGOMERY FIELD, CA US","2018-06-10","0.00","0.0","0.0",,"77","62"
"USW00003131","SAN DIEGO MONTGOMERY FIELD, CA US","2018-06-11","0.00","0.0","0.0",,"77","60"
"USW00003131","SAN DIEGO MONTGOMERY FIELD, CA US","2018-06-12","0.00","0.0","0.0",,"76","62"
"USW00003131","SAN DIEGO MONTGOMERY FIELD, CA US","2018-06-13","0.00","0.0","0.0",,"77","61"
"USW00003131","SAN DIEGO MONTGOMERY FIELD, CA US","2018-06-14","0.00","0.0","0.0",,"88","63"
"USW00003131","SAN DIEGO MONTGOMERY FIELD, CA US","2018-06-15","0.00","0.0","0.0",,"76","63"
"USW00003131","SAN DIEGO MONTGOMERY FIELD, CA US","2018-06-16","0.00","0.0","0.0",,"65","61"
"USW00003131","SAN DIEGO MONTGOMERY FIELD, CA US","2018-06-17","0.00","0.0","0.0",,"69","61"
"USW00003131","SAN DIEGO MONTGOMERY FIELD, CA US","2018-06-18","0.00","0.0","0.0",,"72","62"
"USW00003131","SAN DIEGO MONTGOMERY FIELD, CA US","2018-06-19","0.00","0.0","0.0",,"73","63"
"USW00003131","SAN DIEGO MONTGOMERY FIELD, CA US","2018-06-20","0.00","0.0","0.0",,"74","62"
"USW00003131","SAN DIEGO MONTGOMERY FIELD, CA US","2018-06-21","0.00","0.0","0.0",,"74","63"
"USW00003131","SAN DIEGO MONTGOMERY FIELD, CA US","2018-06-22","0.00","0.0","0.0",,"80","63"
"USW00003131","SAN DIEGO MONTGOMERY FIELD, CA US","2018-06-23","0.00","0.0","0.0",,"67","61"
"USW00003131","SAN DIEGO MONTGOMERY FIELD, CA US","2018-06-24","0.00","0.0","0.0",,"73","61"
"USW00003131","SAN DIEGO MONTGOMERY FIELD, CA US","2018-06-25","0.00","0.0","0.0",,"76","62"
"USW00003131","SAN DIEGO MONTGOMERY FIELD, CA US","2018-06-26","0.00","0.0","0.0",,"78","63"
"USW00003131","SAN DIEGO MONTGOMERY FIELD, CA US","2018-06-27","0.00","0.0","0.0",,"76","62"
"USW00003131","SAN DIEGO MONTGOMERY FIELD, CA US","2018-06-28","0.00","0.0","0.0",,"73","62"
"USW00003131","SAN DIEGO MONTGOMERY FIELD, CA US","2018-06-29","0.00","0.0","0.0",,"70","61"
"USW00003131","SAN DIEGO MONTGOMERY FIELD, CA US","2018-06-30","0.00","0.0","0.0",,"73","61"
"USW00003131","SAN DIEGO MONTGOMERY FIELD, CA US","2018-07-01","0.00","0.0","0.0",,"75","62"
"USW00003131","SAN DIEGO MONTGOMERY FIELD, CA US","2018-07-02","0.00","0.0","0.0",,"78","63"
"USW00003131","SAN DIEGO MONTGOMERY FIELD, CA US","2018-07-03","0.00","0.0","0.0",,"75","64"
"USW00003131","SAN DIEGO MONTGOMERY FIELD, CA US","2018-07-04","0.00","0.0","0.0",,"79","64"
"USW00003131","SAN DIEGO MONTGOMERY FIELD, CA US","2018-07-05","0.00","0.0","0.0",,"84","63"
"USW00003131","SAN DIEGO MONTGOMERY FIELD, CA US","2018-07-06","0.00","0.0","0.0",,"105","67"
"USW00003131","SAN DIEGO MONTGOMERY FIELD, CA US","2018-07-07","0.00","0.0","0.0",,"96","73"
"USW00003131","SAN DIEGO MONTGOMERY FIELD, CA US","2018-07-08","0.00","0.0","0.0",,"92","72"
"USW00003131","SAN DIEGO MONTGOMERY FIELD, CA US","2018-07-09","0.00","0.0","0.0",,"88","71"
"USW00003131","SAN DIEGO MONTGOMERY FIELD, CA US","2018-07-10","0.00","0.0","0.0",,"82","69"
"USW00003131","SAN DIEGO MONTGOMERY FIELD, CA US","2018-07-11","0.00","0.0","0.0",,"81","68"
"USW00003131","SAN DIEGO MONTGOMERY FIELD, CA US","2018-07-12","0.00","0.0","0.0",,"80","69"
"USW00003131","SAN DIEGO MONTGOMERY FIELD, CA US","2018-07-13","0.00","0.0","0.0",,"83","69"
"USW00003131","SAN DIEGO MONTGOMERY FIELD, CA US","2018-07-14","0.00","0.0","0.0",,"82","68"
"USW00003131","SAN DIEGO MONTGOMERY FIELD, CA US","2018-07-15","0.00","0.0","0.0",,"81","66"
"USW00003131","SAN DIEGO MONTGOMERY FIELD, CA US","2018-07-16","0.00","0.0","0.0",,"80","66"
"USW00003131","SAN DIEGO MONTGOMERY FIELD, CA US","2018-07-17","0.00","0.0","0.0",,"82","67"
"USW00003131","SAN DIEGO MONTGOMERY FIELD, CA US","2018-07-18","0.00","0.0","0.0",,"79","66"
"USW00003131","SAN DIEGO MONTGOMERY FIELD, CA US","2018-07-19","0.00","0.0","0.0",,"82","67"
"USW00003131","SAN DIEGO MONTGOMERY FIELD, CA US","2018-07-20","0.00","0.0","0.0",,"78","68"
"USW00003131","SAN DIEGO MONTGOMERY FIELD, CA US","2018-07-21","0.00","0.0","0.0",,"82","70"
"USW00003131","SAN DIEGO MONTGOMERY FIELD, CA US","2018-07-22","0.00","0.0","0.0",,"86","69"
"USW00003131","SAN DIEGO MONTGOMERY FIELD, CA US","2018-07-23","0.00","0.0","0.0",,"93","69"
"USW00003131","SAN DIEGO MONTGOMERY FIELD, CA US","2018-07-24","0.00","0.0","0.0",,"88","69"
"USW00003131","SAN DIEGO MONTGOMERY FIELD, CA US","2018-07-25","0.00","0.0","0.0",,"84","69"
"USW00003131","SAN DIEGO MONTGOMERY FIELD, CA US","2018-07-26","0.00","0.0","0.0",,"81","68"
"USW00003131","SAN DIEGO MONTGOMERY FIELD, CA US","2018-07-27","0.00","0.0","0.0",,"94","68"
"USW00003131","SAN DIEGO MONTGOMERY FIELD, CA US","2018-07-28","0.00","0.0","0.0",,"81","69"
"USW00003131","SAN DIEGO MONTGOMERY FIELD, CA US","2018-07-29","0.00","0.0","0.0",,"89","70"
"USW00003131","SAN DIEGO MONTGOMERY FIELD, CA US","2018-07-30","0.00","0.0","0.0",,"88","72"
"USW00003131","SAN DIEGO MONTGOMERY FIELD, CA US","2018-07-31","0.00","0.0","0.0",,"88","71"
"USW00003131","SAN DIEGO MONTGOMERY FIELD, CA US","2018-08-01","0.00","0.0","0.0",,"90","72"
"USW00003131","SAN DIEGO MONTGOMERY FIELD, CA US","2018-08-02","0.00","0.0","0.0",,"87","72"
"USW00003131","SAN DIEGO MONTGOMERY FIELD, CA US","2018-08-03","0.00","0.0","0.0",,"86","71"
"USW00003131","SAN DIEGO MONTGOMERY FIELD, CA US","2018-08-04","0.00","0.0","0.0",,"88","70"
"USW00003131","SAN DIEGO MONTGOMERY FIELD, CA US","2018-08-05","0.00","0.0","0.0",,"86","68"
"USW00003131","SAN DIEGO MONTGOMERY FIELD, CA US","2018-08-06","0.00","0.0","0.0",,"89","67"
"USW00003131","SAN DIEGO MONTGOMERY FIELD, CA US","2018-08-07","0.00","0.0","0.0",,"93","70"
"USW00003131","SAN DIEGO MONTGOMERY FIELD, CA US","2018-08-08","0.00","0.0","0.0",,"93","72"
"USW00003131","SAN DIEGO MONTGOMERY FIELD, CA US","2018-08-09","0.00","0.0","0.0",,"95","74"
"USW00003131","SAN DIEGO MONTGOMERY FIELD, CA US","2018-08-10","0.00","0.0","0.0",,"90","76"
"USW00003131","SAN DIEGO MONTGOMERY FIELD, CA US","2018-08-11","0.00","0.0","0.0",,"88","74"
"USW00003131","SAN DIEGO MONTGOMERY FIELD, CA US","2018-08-12","0.00","0.0","0.0",,"86","72"
"USW00003131","SAN DIEGO MONTGOMERY FIELD, CA US","2018-08-13","0.00","0.0","0.0",,"83","71"
"USW00003131","SAN DIEGO MONTGOMERY FIELD, CA US","2018-08-14","0.00","0.0","0.0",,"82","69"
"USW00003131","SAN DIEGO MONTGOMERY FIELD, CA US","2018-08-15","0.00","0.0","0.0",,"80","71"
"USW00003131","SAN DIEGO MONTGOMERY FIELD, CA US","2018-08-16","0.00","0.0","0.0",,"80","70"
"USW00003131","SAN DIEGO MONTGOMERY FIELD, CA US","2018-08-17","0.00","0.0","0.0",,"82","71"
"USW00003131","SAN DIEGO MONTGOMERY FIELD, CA US","2018-08-18","0.00","0.0","0.0",,"85","72"
"USW00003131","SAN DIEGO MONTGOMERY FIELD, CA US","2018-08-19","0.00","0.0","0.0",,"82","71"
"USW00003131","SAN DIEGO MONTGOMERY FIELD, CA US","2018-08-20","0.00","0.0","0.0",,"81","71"
"USW00003131","SAN DIEGO MONTGOMERY FIELD, CA US","2018-08-21","0.00","0.0","0.0",,"82","71"
"USW00003131","SAN DIEGO MONTGOMERY FIELD, CA US","2018-08-22","0.00","0.0","0.0",,"83","71"
"USW00003131","SAN DIEGO MONTGOMERY FIELD, CA US","2018-08-23","0.00","0.0","0.0",,"83","70"
"USW00003131","SAN DIEGO MONTGOMERY FIELD, CA US","2018-08-24","0.00","0.0","0.0",,"79","69"
"USW00003131","SAN DIEGO MONTGOMERY FIELD, CA US","2018-08-25","0.00","0.0","0.0",,"80","69"
"USW00003131","SAN DIEGO MONTGOMERY FIELD, CA US","2018-08-26","0.00","0.0","0.0",,"81","68"
"USW00003131","SAN DIEGO MONTGOMERY FIELD, CA US","2018-08-27","0.00","0.0","0.0",,"81","66"
"USW00003131","SAN DIEGO MONTGOMERY FIELD, CA US","2018-08-28","0.00","0.0","0.0",,"81","65"
"USW00003131","SAN DIEGO MONTGOMERY FIELD, CA US","2018-08-29","0.00","0.0","0.0",,"84","67"
"USW00003131","SAN DIEGO MONTGOMERY FIELD, CA US","2018-08-30","0.00","0.0","0.0",,"87","66"
"USW00003131","SAN DIEGO MONTGOMERY FIELD, CA US","2018-08-31","0.00","0.0","0.0",,"81","65"
"USW00003131","SAN DIEGO MONTGOMERY FIELD, CA US","2018-09-01","0.00","0.0","0.0",,"76","65"
"USW00003131","SAN DIEGO MONTGOMERY FIELD, CA US","2018-09-02","0.00","0.0","0.0",,"76","67"
"USW00003131","SAN DIEGO MONTGOMERY FIELD, CA US","2018-09-03","0.00","0.0","0.0",,"76","68"
"USW00003131","SAN DIEGO MONTGOMERY FIELD, CA US","2018-09-04","0.00","0.0","0.0",,"74","67"
"USW00003131","SAN DIEGO MONTGOMERY FIELD, CA US","2018-09-05","0.00","0.0","0.0",,"79","68"
"USW00003131","SAN DIEGO MONTGOMERY FIELD, CA US","2018-09-06","0.00","0.0","0.0",,"77","68"
"USW00003131","SAN DIEGO MONTGOMERY FIELD, CA US","2018-09-07","0.00","0.0","0.0",,"81","66"
"USW00003131","SAN DIEGO MONTGOMERY FIELD, CA US","2018-09-08","0.00","0.0","0.0",,"89","63"
"USW00003131","SAN DIEGO MONTGOMERY FIELD, CA US","2018-09-09","0.00","0.0","0.0",,"82","63"
"USW00003131","SAN DIEGO MONTGOMERY FIELD, CA US","2018-09-10","0.00","0.0","0.0",,"79","62"
"USW00003131","SAN DIEGO MONTGOMERY FIELD, CA US","2018-09-11","0.00","0.0","0.0",,"76","61"
"USW00003131","SAN DIEGO MONTGOMERY FIELD, CA US","2018-09-12","0.00","0.0","0.0",,"80","65"
"USW00003131","SAN DIEGO MONTGOMERY FIELD, CA US","2018-09-13","0.00","0.0","0.0",,"83","61"
"USW00003131","SAN DIEGO MONTGOMERY FIELD, CA US","2018-09-14","0.00","0.0","0.0",,"89","63"
"USW00003131","SAN DIEGO MONTGOMERY FIELD, CA US","2018-09-15","0.00","0.0","0.0",,"85","66"
"USW00003131","SAN DIEGO MONTGOMERY FIELD, CA US","2018-09-16","0.00","0.0","0.0",,"86","63"
"USW00003131","SAN DIEGO MONTGOMERY FIELD, CA US","2018-09-17","0.00","0.0","0.0",,"84","63"
"USW00003131","SAN DIEGO MONTGOMERY FIELD, CA US","2018-09-18","0.00","0.0","0.0",,"82","60"
"USW00003131","SAN DIEGO MONTGOMERY FIELD, CA US","2018-09-19","0.00","0.0","0.0",,"80","63"
"USW00003131","SAN DIEGO MONTGOMERY FIELD, CA US","2018-09-20","0.00","0.0","0.0",,"74","62"
"USW00003131","SAN DIEGO MONTGOMERY FIELD, CA US","2018-09-21","0.00","0.0","0.0",,"78","59"
"USW00003131","SAN DIEGO MONTGOMERY FIELD, CA US","2018-09-22","0.00","0.0","0.0",,"80","63"
"USW00003131","SAN DIEGO MONTGOMERY FIELD, CA US","2018-09-23","0.00","0.0","0.0",,"78","64"
"USW00003131","SAN DIEGO MONTGOMERY FIELD, CA US","2018-09-24","0.00","0.0","0.0",,"68","64"
"USW00003131","SAN DIEGO MONTGOMERY FIELD, CA US","2018-09-25","0.00","0.0","0.0",,"75","63"
"USW00003131","SAN DIEGO MONTGOMERY FIELD, CA US","2018-09-26","0.00","0.0","0.0",,"75","64"
"USW00003131","SAN DIEGO MONTGOMERY FIELD, CA US","2018-09-27","0.00","0.0","0.0",,"81","63"
"USW00003131","SAN DIEGO MONTGOMERY FIELD, CA US","2018-09-28","0.00","0.0","0.0",,"77","65"
"USW00003131","SAN DIEGO MONTGOMERY FIELD, CA US","2018-09-29","0.00","0.0","0.0",,"79","64"
"USW00003131","SAN DIEGO MONTGOMERY FIELD, CA US","2018-09-30","0.00","0.0","0.0",,"85","64"
"USW00003131","SAN DIEGO MONTGOMERY FIELD, CA US","2018-10-01","0.00","0.0","0.0",,"90","68"
"USW00003131","SAN DIEGO MONTGOMERY FIELD, CA US","2018-10-02","0.00","0.0","0.0",,"79","67"
"USW00003131","SAN DIEGO MONTGOMERY FIELD, CA US","2018-10-03","0.00","0.0","0.0",,"78","66"
"USW00003131","SAN DIEGO MONTGOMERY FIELD, CA US","2018-10-04","0.04","0.0","0.0",,"75","65"
"USW00003131","SAN DIEGO MONTGOMERY FIELD, CA US","2018-10-05","0.02","0.0","0.0",,"74","62"
"USW00003131","SAN DIEGO MONTGOMERY FIELD, CA US","2018-10-06","0.00","0.0","0.0",,"71","62"
"USW00003131","SAN DIEGO MONTGOMERY FIELD, CA US","2018-10-07","0.00","0.0","0.0",,"73","61"
"USW00003131","SAN DIEGO MONTGOMERY FIELD, CA US","2018-10-08","0.00","0.0","0.0",,"74","58"
"USW00003131","SAN DIEGO MONTGOMERY FIELD, CA US","2018-10-09","0.00","0.0","0.0",,"74","60"
"USW00003131","SAN DIEGO MONTGOMERY FIELD, CA US","2018-10-10","0.00","0.0","0.0",,"72","56"
"USW00003131","SAN DIEGO MONTGOMERY FIELD, CA US","2018-10-11","0.00","0.0","0.0",,"75","61"
"USW00003131","SAN DIEGO MONTGOMERY FIELD, CA US","2018-10-12","0.42","0.0","0.0",,"75","57"
"USW00003131","SAN DIEGO MONTGOMERY FIELD, CA US","2018-10-13","0.02","0.0","0.0",,"70","60"
"USW00003131","SAN DIEGO MONTGOMERY FIELD, CA US","2018-10-14","0.00","0.0","0.0",,"73","58"
"USW00003131","SAN DIEGO MONTGOMERY FIELD, CA US","2018-10-15","0.00","0.0","0.0",,"83","58"
"USW00003131","SAN DIEGO MONTGOMERY FIELD, CA US","2018-10-16","0.00","0.0","0.0",,"81","55"
"USW00003131","SAN DIEGO MONTGOMERY FIELD, CA US","2018-10-17","0.00","0.0","0.0",,"80","56"
"USW00003131","SAN DIEGO MONTGOMERY FIELD, CA US","2018-10-18","0.00","0.0","0.0",,"84","55"
"USW00003131","SAN DIEGO MONTGOMERY FIELD, CA US","2018-10-19","0.00","0.0","0.0",,"88","57"
"USW00003131","SAN DIEGO MONTGOMERY FIELD, CA US","2018-10-20","0.00","0.0","0.0",,"86","58"
"USW00003131","SAN DIEGO MONTGOMERY FIELD, CA US","2018-10-21","0.00","0.0","0.0",,"77","56"
"USW00003131","SAN DIEGO MONTGOMERY FIELD, CA US","2018-10-22","0.00","0.0","0.0",,"73","61"
"USW00003131","SAN DIEGO MONTGOMERY FIELD, CA US","2018-10-23","0.00","0.0","0.0",,"73","61"
"USW00003131","SAN DIEGO MONTGOMERY FIELD, CA US","2018-10-24","0.00","0.0","0.0",,"75","61"
"USW00003131","SAN DIEGO MONTGOMERY FIELD, CA US","2018-10-25","0.00","0.0","0.0",,"78","61"
"USW00003131","SAN DIEGO MONTGOMERY FIELD, CA US","2018-10-26","0.00","0.0","0.0",,"81","57"
"USW00003131","SAN DIEGO MONTGOMERY FIELD, CA US","2018-10-27","0.00","0.0","0.0",,"85","57"
"USW00003131","SAN DIEGO MONTGOMERY FIELD, CA US","2018-10-28","0.00","0.0","0.0",,"79","55"
"USW00003131","SAN DIEGO MONTGOMERY FIELD, CA US","2018-10-29","0.00","0.0","0.0",,"79","59"
"USW00003131","SAN DIEGO MONTGOMERY FIELD, CA US","2018-10-30","0.00","0.0","0.0",,"72","59"
"USW00003131","SAN DIEGO MONTGOMERY FIELD, CA US","2018-10-31","0.00","0.0","0.0",,"80","57"
"USW00003131","SAN DIEGO MONTGOMERY FIELD, CA US","2018-11-01","0.00","0.0","0.0",,"83","53"
"USW00003131","SAN DIEGO MONTGOMERY FIELD, CA US","2018-11-02","0.00","0.0","0.0",,"88","56"
"USW00003131","SAN DIEGO MONTGOMERY FIELD, CA US","2018-11-03","0.00","0.0","0.0",,"83","56"
"USW00003131","SAN DIEGO MONTGOMERY FIELD, CA US","2018-11-04","0.00","0.0","0.0",,"78","57"
"USW00003131","SAN DIEGO MONTGOMERY FIELD, CA US","2018-11-05","0.00","0.0","0.0",,"71","55"
"USW00003131","SAN DIEGO MONTGOMERY FIELD, CA US","2018-11-06","0.00","0.0","0.0",,"72","62"
"USW00003131","SAN DIEGO MONTGOMERY FIELD, CA US","2018-11-07","0.00","0.0","0.0",,"71","63"
"USW00003131","SAN DIEGO MONTGOMERY FIELD, CA US","2018-11-08","0.00","0.0","0.0",,"74","55"
"USW00003131","SAN DIEGO MONTGOMERY FIELD, CA US","2018-11-09","0.00","0.0","0.0",,"83","50"
"USW00003131","SAN DIEGO MONTGOMERY FIELD, CA US","2018-11-10","0.00","0.0","0.0",,"80","52"
"USW00003131","SAN DIEGO MONTGOMERY FIELD, CA US","2018-11-11","0.00","0.0","0.0",,"77","47"
"USW00003131","SAN DIEGO MONTGOMERY FIELD, CA US","2018-11-12","0.00","0.0","0.0",,"79","44"
"USW00003131","SAN DIEGO MONTGOMERY FIELD, CA US","2018-11-13","0.00","0.0","0.0",,"76","48"
"USW00003131","SAN DIEGO MONTGOMERY FIELD, CA US","2018-11-14","0.00","0.0","0.0",,"78","52"
"USW00003131","SAN DIEGO MONTGOMERY FIELD, CA US","2018-11-15","0.00","0.0","0.0",,"78","47"
"USW00003131","SAN DIEGO MONTGOMERY FIELD, CA US","2018-11-16","0.00","0.0","0.0",,"76","46"
"USW00003131","SAN DIEGO MONTGOMERY FIELD, CA US","2018-11-17","0.00","0.0","0.0",,"74","47"
"USW00003131","SAN DIEGO MONTGOMERY FIELD, CA US","2018-11-18","0.00","0.0","0.0",,"76","49"
"USW00003131","SAN DIEGO MONTGOMERY FIELD, CA US","2018-11-19","0.00","0.0","0.0",,"73","49"
"USW00003131","SAN DIEGO MONTGOMERY FIELD, CA US","2018-11-20","0.00","0.0","0.0",,"70","51"
"USW00003131","SAN DIEGO MONTGOMERY FIELD, CA US","2018-11-21","0.00","0.0","0.0",,"72","51"
"USW00003131","SAN DIEGO MONTGOMERY FIELD, CA US","2018-11-22","0.01","0.0","0.0",,"68","54"
"USW00003131","SAN DIEGO MONTGOMERY FIELD, CA US","2018-11-23","0.00","0.0","0.0",,"69","53"
"USW00003131","SAN DIEGO MONTGOMERY FIELD, CA US","2018-11-24","0.00","0.0","0.0",,"70","55"
"USW00003131","SAN DIEGO MONTGOMERY FIELD, CA US","2018-11-25","0.00","0.0","0.0",,"75","52"
"USW00003131","SAN DIEGO MONTGOMERY FIELD, CA US","2018-11-26","0.00","0.0","0.0",,"76","51"
"USW00003131","SAN DIEGO MONTGOMERY FIELD, CA US","2018-11-27","0.00","0.0","0.0",,"76","48"
"USW00003131","SAN DIEGO MONTGOMERY FIELD, CA US","2018-11-28","0.01",,"0.0",,"66","49"
"USW00003131","SAN DIEGO MONTGOMERY FIELD, CA US","2018-11-29","0.97","0.0","0.0",,"62","54"
"USW00003131","SAN DIEGO MONTGOMERY FIELD, CA US","2018-11-30","0.05","0.0","0.0",,"64","53"
"USW00003131","SAN DIEGO MONTGOMERY FIELD, CA US","2018-12-01","0.01","0.0","0.0",,"65","52"
"USW00003131","SAN DIEGO MONTGOMERY FIELD, CA US","2018-12-02","0.00","0.0","0.0",,"62","48"
"USW00003131","SAN DIEGO MONTGOMERY FIELD, CA US","2018-12-03","0.00","0.0","0.0",,"68","43"
"USW00003131","SAN DIEGO MONTGOMERY FIELD, CA US","2018-12-04","0.00","0.0","0.0",,"71","47"
"USW00003131","SAN DIEGO MONTGOMERY FIELD, CA US","2018-12-05","0.69",,"0.0",,"63","43"
"USW00003131","SAN DIEGO MONTGOMERY FIELD, CA US","2018-12-06","1.71","0.0","0.0",,"65","54"
"USW00003131","SAN DIEGO MONTGOMERY FIELD, CA US","2018-12-07","0.00","0.0","0.0",,"68","52"
"USW00003131","SAN DIEGO MONTGOMERY FIELD, CA US","2018-12-08","0.00","0.0","0.0",,"71","49"
"USW00003131","SAN DIEGO MONTGOMERY FIELD, CA US","2018-12-09","0.00","0.0","0.0",,"73","49"
"USW00003131","SAN DIEGO MONTGOMERY FIELD, CA US","2018-12-10","0.00","0.0","0.0",,"68","51"
"USW00003131","SAN DIEGO MONTGOMERY FIELD, CA US","2018-12-11","0.00","0.0","0.0",,"66","52"
"USW00003131","SAN DIEGO MONTGOMERY FIELD, CA US","2018-12-12","0.00","0.0","0.0",,"64","48"
"USW00003131","SAN DIEGO MONTGOMERY FIELD, CA US","2018-12-13","0.00","0.0",,,"78","46"
"USW00003131","SAN DIEGO MONTGOMERY FIELD, CA US","2018-12-14","0.00","0.0","0.0",,"71","50"
"USW00003131","SAN DIEGO MONTGOMERY FIELD, CA US","2018-12-15","0.00","0.0","0.0",,"72","49"
"USW00003131","SAN DIEGO MONTGOMERY FIELD, CA US","2018-12-16","0.00","0.0","0.0",,"71","46"
"USW00003131","SAN DIEGO MONTGOMERY FIELD, CA US","2018-12-17","0.00","0.0","0.0",,"67","53"
"USW00003131","SAN DIEGO MONTGOMERY FIELD, CA US","2018-12-18","0.00","0.0","0.0",,"66","50"
"USW00003131","SAN DIEGO MONTGOMERY FIELD, CA US","2018-12-19","0.00","0.0","0.0",,"73","47"
"USW00003131","SAN DIEGO MONTGOMERY FIELD, CA US","2018-12-20","0.00","0.0","0.0",,"74","46"
"USW00003131","SAN DIEGO MONTGOMERY FIELD, CA US","2018-12-21","0.00","0.0","0.0",,"65","50"
"USW00003131","SAN DIEGO MONTGOMERY FIELD, CA US","2018-12-22","0.00","0.0","0.0",,"70","45"
"USW00003131","SAN DIEGO MONTGOMERY FIELD, CA US","2018-12-23","0.00","0.0","0.0",,"67",
"USW00003131","SAN DIEGO MONTGOMERY FIELD, CA US","2018-12-24","0.02","0.0","0.0",,"65","51"
"USW00003131","SAN DIEGO MONTGOMERY FIELD, CA US","2018-12-25","0.19",,"0.0",,"60","48"
"USW00003131","SAN DIEGO MONTGOMERY FIELD, CA US","2018-12-26","0.00","0.0","0.0",,"65","44"
"USW00003131","SAN DIEGO MONTGOMERY FIELD, CA US","2018-12-27","0.00","0.0","0.0",,"62","45"
"USW00003131","SAN DIEGO MONTGOMERY FIELD, CA US","2018-12-28","0.00","0.0","0.0",,"62","43"
"USW00003131","SAN DIEGO MONTGOMERY FIELD, CA US","2018-12-29","0.00","0.0","0.0",,"61","40"
"USW00003131","SAN DIEGO MONTGOMERY FIELD, CA US","2018-12-30","0.00","0.0","0.0",,"63","40"
"USW00003131","SAN DIEGO MONTGOMERY FIELD, CA US","2018-12-31","0.07",,"0.0",,"59","47"
"USW00003131","SAN DIEGO MONTGOMERY FIELD, CA US","2019-01-01","0.00","0.0","0.0",,"57","41"
"USW00003131","SAN DIEGO MONTGOMERY FIELD, CA US","2019-01-02","0.00","0.0","0.0",,"61","35"
"USW00003131","SAN DIEGO MONTGOMERY FIELD, CA US","2019-01-03","0.00","0.0","0.0",,"64","36"
"USW00003131","SAN DIEGO MONTGOMERY FIELD, CA US","2019-01-04","0.00","0.0","0.0",,"66","36"
"USW00003131","SAN DIEGO MONTGOMERY FIELD, CA US","2019-01-05","0.00",,"0.0",,"58","46"
"USW00003131","SAN DIEGO MONTGOMERY FIELD, CA US","2019-01-06",,"0.0","0.0",,"61","46"
"USW00003131","SAN DIEGO MONTGOMERY FIELD, CA US","2019-01-07","0.00","0.0","0.0",,"66","43"
"USW00003131","SAN DIEGO MONTGOMERY FIELD, CA US","2019-01-08","0.00","0.0","0.0",,"70","47"
"USW00003131","SAN DIEGO MONTGOMERY FIELD, CA US","2019-01-09","0.00","0.0","0.0",,"67","45"
"USW00003131","SAN DIEGO MONTGOMERY FIELD, CA US","2019-01-10","0.00","0.0","0.0",,"64","51"
"USW00003131","SAN DIEGO MONTGOMERY FIELD, CA US","2019-01-11","0.00","0.0","0.0",,"61","47"
"USW00003131","SAN DIEGO MONTGOMERY FIELD, CA US","2019-01-12","0.44",,"0.0",,"62","48"
"USW00003131","SAN DIEGO MONTGOMERY FIELD, CA US","2019-01-13","0.00","0.0","0.0",,"60","45"
"USW00003131","SAN DIEGO MONTGOMERY FIELD, CA US","2019-01-14","0.45",,"0.0",,"60","49"
"USW00003131","SAN DIEGO MONTGOMERY FIELD, CA US","2019-01-15","0.27","0.0","0.0",,"62","53"
"USW00003131","SAN DIEGO MONTGOMERY FIELD, CA US","2019-01-16","0.10","0.0","0.0",,"68","56"
"USW00003131","SAN DIEGO MONTGOMERY FIELD, CA US","2019-01-17","0.27","0.0","0.0",,"61","57"
"USW00003131","SAN DIEGO MONTGOMERY FIELD, CA US","2019-01-18","0.00","0.0","0.0",,"64","52"
"USW00003131","SAN DIEGO MONTGOMERY FIELD, CA US","2019-01-19","0.00","0.0","0.0",,"74","49"
"USW00003131","SAN DIEGO MONTGOMERY FIELD, CA US","2019-01-20","0.01","0.0","0.0",,"75","51"
"USW00003131","SAN DIEGO MONTGOMERY FIELD, CA US","2019-01-21","0.01",,"0.0",,"61","48"
"USW00003131","SAN DIEGO MONTGOMERY FIELD, CA US","2019-01-22","0.00","0.0","0.0",,"68","43"
"USW00003131","SAN DIEGO MONTGOMERY FIELD, CA US","2019-01-23","0.00","0.0","0.0",,"68","41"
"USW00003131","SAN DIEGO MONTGOMERY FIELD, CA US","2019-01-24","0.00","0.0","0.0",,"77","44"
"USW00003131","SAN DIEGO MONTGOMERY FIELD, CA US","2019-01-25","0.00","0.0","0.0",,"76","43"
"USW00003131","SAN DIEGO MONTGOMERY FIELD, CA US","2019-01-26","0.00","0.0","0.0",,"81","51"
"USW00003131","SAN DIEGO MONTGOMERY FIELD, CA US","2019-01-27","0.00","0.0","0.0",,"77","47"
"USW00003131","SAN DIEGO MONTGOMERY FIELD, CA US","2019-01-28","0.00","0.0","0.0",,"77","47"
"USW00003131","SAN DIEGO MONTGOMERY FIELD, CA US","2019-01-29","0.00","0.0","0.0",,"69","50"
"USW00003131","SAN DIEGO MONTGOMERY FIELD, CA US","2019-01-30","0.00","0.0","0.0",,"67","54"
"USW00003131","SAN DIEGO MONTGOMERY FIELD, CA US","2019-01-31","0.54","0.0","0.0",,"63","50"
"USW00003131","SAN DIEGO MONTGOMERY FIELD, CA US","2019-02-01","0.01",,"0.0",,"62","49"
"USW00003131","SAN DIEGO MONTGOMERY FIELD, CA US","2019-02-02","0.93","0.0","0.0",,"65","51"
"USW00003131","SAN DIEGO MONTGOMERY FIELD, CA US","2019-02-03","0.03",,"0.0",,"62","48"
"USW00003131","SAN DIEGO MONTGOMERY FIELD, CA US","2019-02-04","0.78","0.0","0.0",,"60","52"
"USW00003131","SAN DIEGO MONTGOMERY FIELD, CA US","2019-02-05","0.18","0.0","0.0",,"58","50"
"USW00003131","SAN DIEGO MONTGOMERY FIELD, CA US","2019-02-06","0.01",,"0.0",,"55","42"
"USW00003131","SAN DIEGO MONTGOMERY FIELD, CA US","2019-02-07","0.00","0.0","0.0",,"62","38"
"USW00003131","SAN DIEGO MONTGOMERY FIELD, CA US","2019-02-08","0.00","0.0","0.0",,"62","40"
"USW00003131","SAN DIEGO MONTGOMERY FIELD, CA US","2019-02-09","0.06",,"0.0",,"60","46"
"USW00003131","SAN DIEGO MONTGOMERY FIELD, CA US","2019-02-10","0.00",,"0.0",,"59","41"
"USW00003131","SAN DIEGO MONTGOMERY FIELD, CA US","2019-02-11","0.00","0.0","0.0",,"62","41"
"USW00003131","SAN DIEGO MONTGOMERY FIELD, CA US","2019-02-12","0.00","0.0","0.0",,"72","39"
"USW00003131","SAN DIEGO MONTGOMERY FIELD, CA US","2019-02-13","0.43","0.0","0.0",,"65","50"
"USW00003131","SAN DIEGO MONTGOMERY FIELD, CA US","2019-02-14","1.46","0.0","0.0",,"63","52"
"USW00003131","SAN DIEGO MONTGOMERY FIELD, CA US","2019-02-15","0.04",,"0.0",,"61","46"
"USW00003131","SAN DIEGO MONTGOMERY FIELD, CA US","2019-02-16","0.01",,"0.0",,"59","49"
"USW00003131","SAN DIEGO MONTGOMERY FIELD, CA US","2019-02-17","0.11",,"0.0",,"58","48"
"USW00003131","SAN DIEGO MONTGOMERY FIELD, CA US","2019-02-18","0.03",,"0.0",,"56","42"
"USW00003131","SAN DIEGO MONTGOMERY FIELD, CA US","2019-02-19","0.00","0.0","0.0",,"59","36"
"USW00003131","SAN DIEGO MONTGOMERY FIELD, CA US","2019-02-20","0.18",,"0.0",,"55","38"
"USW00003131","SAN DIEGO MONTGOMERY FIELD, CA US","2019-02-21","0.25",,"0.0",,"55","41"
"USW00003131","SAN DIEGO MONTGOMERY FIELD, CA US","2019-02-22","0.00","0.0","0.0",,"57","36"
"USW00003131","SAN DIEGO MONTGOMERY FIELD, CA US","2019-02-23","0.00","0.0","0.0",,"64","38"
"USW00003131","SAN DIEGO MONTGOMERY FIELD, CA US","2019-02-24","0.00","0.0","0.0",,"64","41"
"USW00003131","SAN DIEGO MONTGOMERY FIELD, CA US","2019-02-25","0.00","0.0","0.0",,"68","43"
"USW00003131","SAN DIEGO MONTGOMERY FIELD, CA US","2019-02-26","0.00","0.0","0.0",,"65","46"
"USW00003131","SAN DIEGO MONTGOMERY FIELD, CA US","2019-02-27","0.00","0.0","0.0",,"65","47"
"USW00003131","SAN DIEGO MONTGOMERY FIELD, CA US","2019-02-28","0.00","0.0","0.0",,"71","51"
"USW00003131","SAN DIEGO MONTGOMERY FIELD, CA US","2019-03-01","0.00","0.0","0.0",,"67","55"
"USW00003131","SAN DIEGO MONTGOMERY FIELD, CA US","2019-03-02","0.21","0.0","0.0",,"61","55"
"USW00003131","SAN DIEGO MONTGOMERY FIELD, CA US","2019-03-03","0.01","0.0","0.0",,"63","55"
"USW00003131","SAN DIEGO MONTGOMERY FIELD, CA US","2019-03-04","0.02",,"0.0",,"61","49"
"USW00003131","SAN DIEGO MONTGOMERY FIELD, CA US","2019-03-05","0.04",,"0.0",,"70","45"
"USW00003131","SAN DIEGO MONTGOMERY FIELD, CA US","2019-03-06","0.07","0.0","0.0",,"67","57"
"USW00003131","SAN DIEGO MONTGOMERY FIELD, CA US","2019-03-07","0.03","0.0","0.0",,"63","53"
"USW00003131","SAN DIEGO MONTGOMERY FIELD, CA US","2019-03-08","0.04",,"0.0",,"60","47"
"USW00003131","SAN DIEGO MONTGOMERY FIELD, CA US","2019-03-09","0.00","0.0","0.0",,"59","45"
"USW00003131","SAN DIEGO MONTGOMERY FIELD, CA US","2019-03-10","0.00","0.0","0.0",,"59","44"
"USW00003131","SAN DIEGO MONTGOMERY FIELD, CA US","2019-03-11","0.21",,"0.0",,"60","47"
"USW00003131","SAN DIEGO MONTGOMERY FIELD, CA US","2019-03-12","0.21","0.0","0.0",,"63","50"
"USW00003131","SAN DIEGO MONTGOMERY FIELD, CA US","2019-03-13","0.00","0.0","0.0",,"62","50"
"USW00003131","SAN DIEGO MONTGOMERY FIELD, CA US","2019-03-14","0.00","0.0","0.0",,"71","47"
"USW00003131","SAN DIEGO MONTGOMERY FIELD, CA US","2019-03-15","0.00","0.0","0.0",,"73","46"
"USW00003131","SAN DIEGO MONTGOMERY FIELD, CA US","2019-03-16","0.00","0.0","0.0",,"76","46"
"USW00003131","SAN DIEGO MONTGOMERY FIELD, CA US","2019-03-17","0.00","0.0","0.0",,"78","49"
"USW00003131","SAN DIEGO MONTGOMERY FIELD, CA US","2019-03-18","0.00","0.0","0.0",,"72","51"
"USW00003131","SAN DIEGO MONTGOMERY FIELD, CA US","2019-03-19","0.00","0.0","0.0",,"65","50"
"USW00003131","SAN DIEGO MONTGOMERY FIELD, CA US","2019-03-20","0.05","0.0","0.0",,"66","53"
"USW00003131","SAN DIEGO MONTGOMERY FIELD, CA US","2019-03-21","0.21",,"0.0",,"63","49"
"USW00003131","SAN DIEGO MONTGOMERY FIELD, CA US","2019-03-22","0.00",,"0.0",,"64","47"
"USW00003131","SAN DIEGO MONTGOMERY FIELD, CA US","2019-03-23","0.00","0.0","0.0",,"65","49"
"USW00003131","SAN DIEGO MONTGOMERY FIELD, CA US","2019-03-24","0.00","0.0","0.0",,"68","49"
"USW00003131","SAN DIEGO MONTGOMERY FIELD, CA US","2019-03-25","0.00","0.0","0.0",,"71","50"
"USW00003131","SAN DIEGO MONTGOMERY FIELD, CA US","2019-03-26","0.00","0.0","0.0",,"71","51"
"USW00003131","SAN DIEGO MONTGOMERY FIELD, CA US","2019-03-27","0.00","0.0","0.0",,"69","53"
"USW00003131","SAN DIEGO MONTGOMERY FIELD, CA US","2019-03-28","0.00","0.0","0.0",,"68","53"
"USW00003131","SAN DIEGO MONTGOMERY FIELD, CA US","2019-03-29","0.00","0.0","0.0",,"68","50"
"USW00003131","SAN DIEGO MONTGOMERY FIELD, CA US","2019-03-30","0.00","0.0","0.0",,"74","49"
"USW00003131","SAN DIEGO MONTGOMERY FIELD, CA US","2019-03-31","0.00","0.0","0.0",,"82","53"
"USW00003131","SAN DIEGO MONTGOMERY FIELD, CA US","2019-04-01","0.00","0.0","0.0",,"83","56"
"USW00003131","SAN DIEGO MONTGOMERY FIELD, CA US","2019-04-02","0.00","0.0","0.0",,"68","55"
"USW00003131","SAN DIEGO MONTGOMERY FIELD, CA US","2019-04-03","0.02","0.0","0.0",,"66","56"
"USW00003131","SAN DIEGO MONTGOMERY FIELD, CA US","2019-04-04","0.01","0.0","0.0",,"66","55"
"USW00003131","SAN DIEGO MONTGOMERY FIELD, CA US","2019-04-05","0.03","0.0","0.0",,"66","54"
"USW00003131","SAN DIEGO MONTGOMERY FIELD, CA US","2019-04-06","0.04","0.0","0.0",,"70","55"
"USW00003131","SAN DIEGO MONTGOMERY FIELD, CA US","2019-04-07","0.00","0.0","0.0",,"78","52"
"USW00003131","SAN DIEGO MONTGOMERY FIELD, CA US","2019-04-08","0.00","0.0","0.0",,"87","56"
"USW00003131","SAN DIEGO MONTGOMERY FIELD, CA US","2019-04-09","0.00","0.0","0.0",,"72","57"
"USW00003131","SAN DIEGO MONTGOMERY FIELD, CA US","2019-04-10","0.00","0.0","0.0",,"73","50"
"USW00003131","SAN DIEGO MONTGOMERY FIELD, CA US","2019-04-11","0.00","0.0","0.0",,"70","49"
"USW00003131","SAN DIEGO MONTGOMERY FIELD, CA US","2019-04-12","0.00","0.0","0.0",,"70","54"
"USW00003131","SAN DIEGO MONTGOMERY FIELD, CA US","2019-04-13","0.00","0.0","0.0",,"77","51"
"USW00003131","SAN DIEGO MONTGOMERY FIELD, CA US","2019-04-14","0.00","0.0","0.0",,"76","50"
"USW00003131","SAN DIEGO MONTGOMERY FIELD, CA US","2019-04-15","0.00","0.0","0.0",,"71","53"
"USW00003131","SAN DIEGO MONTGOMERY FIELD, CA US","2019-04-16","0.00","0.0","0.0",,"64","57"
"USW00003131","SAN DIEGO MONTGOMERY FIELD, CA US","2019-04-17","0.00","0.0","0.0",,"79","51"
"USW00003131","SAN DIEGO MONTGOMERY FIELD, CA US","2019-04-18","0.00","0.0","0.0",,"80","52"
"USW00003131","SAN DIEGO MONTGOMERY FIELD, CA US","2019-04-19","0.00","0.0","0.0",,"75","56"
"USW00003131","SAN DIEGO MONTGOMERY FIELD, CA US","2019-04-20","0.00","0.0","0.0",,"67","57"
"USW00003131","SAN DIEGO MONTGOMERY FIELD, CA US","2019-04-21","0.00","0.0","0.0",,"66","53"
"USW00003131","SAN DIEGO MONTGOMERY FIELD, CA US","2019-04-22","0.00","0.0","0.0",,"70","52"
"USW00003131","SAN DIEGO MONTGOMERY FIELD, CA US","2019-04-23","0.00","0.0","0.0",,"71","55"
"USW00003131","SAN DIEGO MONTGOMERY FIELD, CA US","2019-04-24","0.00","0.0","0.0",,"74","58"
"USW00003131","SAN DIEGO MONTGOMERY FIELD, CA US","2019-04-25","0.00","0.0","0.0",,"76","58"
"USW00003131","SAN DIEGO MONTGOMERY FIELD, CA US","2019-04-26","0.00","0.0","0.0",,"70","58"
"USW00003131","SAN DIEGO MONTGOMERY FIELD, CA US","2019-04-27","0.00","0.0","0.0",,"71","57"
"USW00003131","SAN DIEGO MONTGOMERY FIELD, CA US","2019-04-28","0.00","0.0","0.0",,"73","58"
"USW00003131","SAN DIEGO MONTGOMERY FIELD, CA US","2019-04-29","0.10","0.0","0.0",,"65","55"
"USW00003131","SAN DIEGO MONTGOMERY FIELD, CA US","2019-04-30","0.15","0.0","0.0",,"62","55"
"USW00003131","SAN DIEGO MONTGOMERY FIELD, CA US","2019-05-01","0.00","0.0","0.0",,"69","58"
"USW00003131","SAN DIEGO MONTGOMERY FIELD, CA US","2019-05-02","0.00","0.0","0.0",,"69","56"
"USW00003131","SAN DIEGO MONTGOMERY FIELD, CA US","2019-05-03","0.00","0.0","0.0",,"72","56"
"USW00003131","SAN DIEGO MONTGOMERY FIELD, CA US","2019-05-04","0.00","0.0","0.0",,"73","57"
"USW00003131","SAN DIEGO MONTGOMERY FIELD, CA US","2019-05-05","0.00","0.0","0.0",,"70","57"
"USW00003131","SAN DIEGO MONTGOMERY FIELD, CA US","2019-05-06","0.04","0.0","0.0",,"70","58"
"USW00003131","SAN DIEGO MONTGOMERY FIELD, CA US","2019-05-07","0.00","0.0","0.0",,"68","58"
"USW00003131","SAN DIEGO MONTGOMERY FIELD, CA US","2019-05-08","0.00","0.0","0.0",,"64","56"
"USW00003131","SAN DIEGO MONTGOMERY FIELD, CA US","2019-05-09","0.04","0.0","0.0",,"64","57"
"USW00003131","SAN DIEGO MONTGOMERY FIELD, CA US","2019-05-10","0.04","0.0","0.0",,"65","56"
"USW00003131","SAN DIEGO MONTGOMERY FIELD, CA US","2019-05-11","0.12","0.0","0.0",,"70","57"
"USW00003131","SAN DIEGO MONTGOMERY FIELD, CA US","2019-05-12","0.00","0.0","0.0",,"71","57"
"USW00003131","SAN DIEGO MONTGOMERY FIELD, CA US","2019-05-13","0.00","0.0","0.0",,"70","60"
"USW00003131","SAN DIEGO MONTGOMERY FIELD, CA US","2019-05-14","0.00","0.0","0.0",,"73","59"
"USW00003131","SAN DIEGO MONTGOMERY FIELD, CA US","2019-05-15","0.00","0.0","0.0",,"66","59"
"USW00003131","SAN DIEGO MONTGOMERY FIELD, CA US","2019-05-16","0.10","0.0","0.0",,"66","56"
"USW00003131","SAN DIEGO MONTGOMERY FIELD, CA US","2019-05-17","0.00","0.0","0.0",,"67","51"
"USW00003131","SAN DIEGO MONTGOMERY FIELD, CA US","2019-05-18","0.00","0.0","0.0",,"70","50"
"USW00003131","SAN DIEGO MONTGOMERY FIELD, CA US","2019-05-19","0.16","0.0","0.0",,"65","54"
"USW00003131","SAN DIEGO MONTGOMERY FIELD, CA US","2019-05-20","0.23","0.0","0.0",,"64","53"
"USW00003131","SAN DIEGO MONTGOMERY FIELD, CA US","2019-05-21","0.01","0.0","0.0",,"64","53"
"USW00003131","SAN DIEGO MONTGOMERY FIELD, CA US","2019-05-22","0.12","0.0","0.0",,"63","54"
"USW00003131","SAN DIEGO MONTGOMERY FIELD, CA US","2019-05-23","0.00","0.0","0.0",,"66","53"
"USW00003131","SAN DIEGO MONTGOMERY FIELD, CA US","2019-05-24","0.00","0.0","0.0",,"68","50"
"USW00003131","SAN DIEGO MONTGOMERY FIELD, CA US","2019-05-25","0.00","0.0","0.0",,"66","52"
"USW00003131","SAN DIEGO MONTGOMERY FIELD, CA US","2019-05-26","0.15","0.0","0.0",,"62","54"
"USW00003131","SAN DIEGO MONTGOMERY FIELD, CA US","2019-05-27","0.02","0.0","0.0",,"64","51"
"USW00003131","SAN DIEGO MONTGOMERY FIELD, CA US","2019-05-28","0.00","0.0","0.0",,"67","48"
"USW00003131","SAN DIEGO MONTGOMERY FIELD, CA US","2019-05-29","0.00","0.0","0.0",,"70","54"
"USW00003131","SAN DIEGO MONTGOMERY FIELD, CA US","2019-05-30","0.00","0.0","0.0",,"71","58"
"USW00003131","SAN DIEGO MONTGOMERY FIELD, CA US","2019-05-31","0.00","0.0","0.0",,"68","58"
"USW00003131","SAN DIEGO MONTGOMERY FIELD, CA US","2019-06-01","0.00",,,,"66","58"
"USW00003131","SAN DIEGO MONTGOMERY FIELD, CA US","2019-06-02","0.00",,"0.0",,"68","58"
"USW00003131","SAN DIEGO MONTGOMERY FIELD, CA US","2019-06-03","0.01",,"0.0",,"67","58"
"USW00003131","SAN DIEGO MONTGOMERY FIELD, CA US","2019-06-04","0.00",,"0.0",,"67","59"
"USW00003131","SAN DIEGO MONTGOMERY FIELD, CA US","2019-06-05","0.00",,"0.0",,"70","59"
"USW00003131","SAN DIEGO MONTGOMERY FIELD, CA US","2019-06-06","0.00",,"0.0",,"70","59"
"USW00003131","SAN DIEGO MONTGOMERY FIELD, CA US","2019-06-07","0.00",,"0.0",,"69","60"
"USW00003131","SAN DIEGO MONTGOMERY FIELD, CA US","2019-06-08","0.00",,"0.0",,"70","59"
"USW00003131","SAN DIEGO MONTGOMERY FIELD, CA US","2019-06-09","0.00",,"0.0",,"82","58"
"USW00003131","SAN DIEGO MONTGOMERY FIELD, CA US","2019-06-10","0.00",,"0.0",,"91","57"
"USW00003131","SAN DIEGO MONTGOMERY FIELD, CA US","2019-06-11","0.00",,"0.0",,"79","59"
"USW00003131","SAN DIEGO MONTGOMERY FIELD, CA US","2019-06-12","0.00",,"0.0",,"76","62"
"USW00003131","SAN DIEGO MONTGOMERY FIELD, CA US","2019-06-13","0.00",,"0.0",,"72","59"
"USW00003131","SAN DIEGO MONTGOMERY FIELD, CA US","2019-06-14","0.00",,"0.0",,"70","60"
"USW00003131","SAN DIEGO MONTGOMERY FIELD, CA US","2019-06-15","0.00",,"0.0",,"71","61"
"USW00003131","SAN DIEGO MONTGOMERY FIELD, CA US","2019-06-16","0.00",,"0.0",,"69","60"
"USW00003131","SAN DIEGO MONTGOMERY FIELD, CA US","2019-06-17","0.00",,"0.0",,"65","59"
"USW00003131","SAN DIEGO MONTGOMERY FIELD, CA US","2019-06-18","0.00",,"0.0",,"72","60"
"USW00003131","SAN DIEGO MONTGOMERY FIELD, CA US","2019-06-19","0.00",,"0.0",,"73","58"
"USW00003131","SAN DIEGO MONTGOMERY FIELD, CA US","2019-06-20","0.02",,"0.0",,"69","60"
"USW00003131","SAN DIEGO MONTGOMERY FIELD, CA US","2019-06-21","0.06",,"0.0",,"68","59"
"USW00003131","SAN DIEGO MONTGOMERY FIELD, CA US","2019-06-22","0.00",,"0.0",,"72","60"
"USW00003131","SAN DIEGO MONTGOMERY FIELD, CA US","2019-06-23","0.00",,"0.0",,"74","62"
"USW00003131","SAN DIEGO MONTGOMERY FIELD, CA US","2019-06-24","0.00",,"0.0",,"70","61"
"USW00003131","SAN DIEGO MONTGOMERY FIELD, CA US","2019-06-25","0.00",,"0.0",,"69","60"
"USW00003131","SAN DIEGO MONTGOMERY FIELD, CA US","2019-06-26","0.00",,,,"70","60"
"USW00003131","SAN DIEGO MONTGOMERY FIELD, CA US","2019-06-27","0.00",,,,"74","60"
"USW00003131","SAN DIEGO MONTGOMERY FIELD, CA US","2019-06-28","0.00",,,,"77","61"
"USW00003131","SAN DIEGO MONTGOMERY FIELD, CA US","2019-06-29","0.00",,,,"83","60"
"USW00003131","SAN DIEGO MONTGOMERY FIELD, CA US","2019-06-30","0.00",,,,"86","63"
"USW00003131","SAN DIEGO MONTGOMERY FIELD, CA US","2019-07-01","0.00","0.0","0.0",,"79","60"
"USW00003131","SAN DIEGO MONTGOMERY FIELD, CA US","2019-07-02","0.00","0.0","0.0",,"74","61"
"USW00003131","SAN DIEGO MONTGOMERY FIELD, CA US","2019-07-03","0.00","0.0","0.0",,"71","61"
"USW00003131","SAN DIEGO MONTGOMERY FIELD, CA US","2019-07-04","0.00","0.0","0.0",,"72","62"
"USW00003131","SAN DIEGO MONTGOMERY FIELD, CA US","2019-07-05","0.00",,,,"73","61"
"USW00003131","SAN DIEGO MONTGOMERY FIELD, CA US","2019-07-06","0.00",,,,"73","62"
"USW00003131","SAN DIEGO MONTGOMERY FIELD, CA US","2019-07-07","0.00",,,,"73","62"
"USW00003131","SAN DIEGO MONTGOMERY FIELD, CA US","2019-07-08","0.00",,,,"71","61"
"USW00003131","SAN DIEGO MONTGOMERY FIELD, CA US","2019-07-09","0.00",,,,"77","63"
"USW00003131","SAN DIEGO MONTGOMERY FIELD, CA US","2019-07-10","0.00",,,,"79","60"
"USW00003131","SAN DIEGO MONTGOMERY FIELD, CA US","2019-07-11","0.00",,,,"79","63"
"USW00003131","SAN DIEGO MONTGOMERY FIELD, CA US","2019-07-12","0.00",,,,"78","62"
"USW00003131","SAN DIEGO MONTGOMERY FIELD, CA US","2019-07-13","0.00",,,,"76","61"
"USW00003131","SAN DIEGO MONTGOMERY FIELD, CA US","2019-07-14","0.00",,,,"79","61"
"USW00003131","SAN DIEGO MONTGOMERY FIELD, CA US","2019-07-15","0.00",,,,"83","62"
"USW00003131","SAN DIEGO MONTGOMERY FIELD, CA US","2019-07-16","0.00",,,,"75","61"
"USW00003131","SAN DIEGO MONTGOMERY FIELD, CA US","2019-07-17","0.00",,,,"72","61"
"USW00003131","SAN DIEGO MONTGOMERY FIELD, CA US","2019-07-18","0.00",,,,"79","63"
"USW00003131","SAN DIEGO MONTGOMERY FIELD, CA US","2019-07-19","0.00",,,,"73","63"
"USW00003131","SAN DIEGO MONTGOMERY FIELD, CA US","2019-07-20","0.00",,,,"76","64"
"USW00003131","SAN DIEGO MONTGOMERY FIELD, CA US","2019-07-21","0.00",,,,"78","65"
"USW00003131","SAN DIEGO MONTGOMERY FIELD, CA US","2019-07-22","0.00",,,,"83","65"
"USW00003131","SAN DIEGO MONTGOMERY FIELD, CA US","2019-07-23","0.00",,,,"88","68"
"USW00003131","SAN DIEGO MONTGOMERY FIELD, CA US","2019-07-24","0.00",,,,"92","70"
"USW00003131","SAN DIEGO MONTGOMERY FIELD, CA US","2019-07-25","0.00",,,,"90","71"
"USW00003131","SAN DIEGO MONTGOMERY FIELD, CA US","2019-07-26","0.00",,,,"87","68"
"USW00003131","SAN DIEGO MONTGOMERY FIELD, CA US","2019-07-27","0.00",,,,"85","68"
"USW00003131","SAN DIEGO MONTGOMERY FIELD, CA US","2019-07-28","0.00",,,,"78","64"
"USW00003131","SAN DIEGO MONTGOMERY FIELD, CA US","2019-07-29","0.00",,,,"80","63"
"USW00003131","SAN DIEGO MONTGOMERY FIELD, CA US","2019-07-30","0.00",,,,"74","64"
"USW00003131","SAN DIEGO MONTGOMERY FIELD, CA US","2019-07-31","0.00",,,,"78","62"
"USW00003131","SAN DIEGO MONTGOMERY FIELD, CA US","2019-08-01","0.00","0.0","0.0",,"81","65"
"USW00003131","SAN DIEGO MONTGOMERY FIELD, CA US","2019-08-02","0.00","0.0","0.0",,"83","65"
"USW00003131","SAN DIEGO MONTGOMERY FIELD, CA US","2019-08-03","0.00","0.0","0.0",,"79","65"
"USW00003131","SAN DIEGO MONTGOMERY FIELD, CA US","2019-08-04","0.00","0.0","0.0",,"81","62"
"USW00003131","SAN DIEGO MONTGOMERY FIELD, CA US","2019-08-05","0.00","0.0","0.0",,"83","64"
"USW00003131","SAN DIEGO MONTGOMERY FIELD, CA US","2019-08-06","0.00","0.0","0.0",,"79","65"
"USW00003131","SAN DIEGO MONTGOMERY FIELD, CA US","2019-08-07","0.00","0.0","0.0",,"77","64"
"USW00003131","SAN DIEGO MONTGOMERY FIELD, CA US","2019-08-08","0.00","0.0","0.0",,"78","63"
"USW00003131","SAN DIEGO MONTGOMERY FIELD, CA US","2019-08-09","0.00","0.0","0.0",,"78","61"
"USW00003131","SAN DIEGO MONTGOMERY FIELD, CA US","2019-08-10","0.00","0.0","0.0",,"78","65"
"USW00003131","SAN DIEGO MONTGOMERY FIELD, CA US","2019-08-11","0.00","0.0","0.0",,"75","63"
"USW00003131","SAN DIEGO MONTGOMERY FIELD, CA US","2019-08-12","0.00","0.0","0.0",,"75","62"
"USW00003131","SAN DIEGO MONTGOMERY FIELD, CA US","2019-08-13","0.00","0.0","0.0",,"80","61"
"USW00003131","SAN DIEGO MONTGOMERY FIELD, CA US","2019-08-14","0.00","0.0","0.0",,"82","61"
"USW00003131","SAN DIEGO MONTGOMERY FIELD, CA US","2019-08-15","0.00","0.0","0.0",,"82","62"
"USW00003131","SAN DIEGO MONTGOMERY FIELD, CA US","2019-08-16","0.00","0.0","0.0",,"77","62"
"USW00003131","SAN DIEGO MONTGOMERY FIELD, CA US","2019-08-17","0.00","0.0","0.0",,"75","62"
"USW00003131","SAN DIEGO MONTGOMERY FIELD, CA US","2019-08-18","0.00","0.0","0.0",,"75","63"
"USW00003131","SAN DIEGO MONTGOMERY FIELD, CA US","2019-08-19","0.00","0.0","0.0",,"79","65"
"USW00003131","SAN DIEGO MONTGOMERY FIELD, CA US","2019-08-20","0.00","0.0","0.0",,"81","64"
"USW00003131","SAN DIEGO MONTGOMERY FIELD, CA US","2019-08-21","0.00","0.0","0.0",,"82","63"
"USW00003131","SAN DIEGO MONTGOMERY FIELD, CA US","2019-08-22","0.00","0.0","0.0",,"73","62"
"USW00003131","SAN DIEGO MONTGOMERY FIELD, CA US","2019-08-23","0.00","0.0","0.0",,"77","63"
"USW00003131","SAN DIEGO MONTGOMERY FIELD, CA US","2019-08-24","0.00","0.0","0.0",,"82","63"
"USW00003131","SAN DIEGO MONTGOMERY FIELD, CA US","2019-08-25","0.00","0.0","0.0",,"91","66"
"USW00003131","SAN DIEGO MONTGOMERY FIELD, CA US","2019-08-26","0.00","0.0","0.0",,"88","69"
"USW00003131","SAN DIEGO MONTGOMERY FIELD, CA US","2019-08-27","0.00","0.0","0.0",,"83","67"
"USW00003131","SAN DIEGO MONTGOMERY FIELD, CA US","2019-08-28","0.00","0.0","0.0",,"77","66"
"USW00003131","SAN DIEGO MONTGOMERY FIELD, CA US","2019-08-29","0.00","0.0","0.0",,"81","66"
"USW00003131","SAN DIEGO MONTGOMERY FIELD, CA US","2019-08-30","0.00","0.0","0.0",,"84","66"
"USW00003131","SAN DIEGO MONTGOMERY FIELD, CA US","2019-08-31","0.00","0.0","0.0",,"86","68"
"USW00003131","SAN DIEGO MONTGOMERY FIELD, CA US","2019-09-01","0.00","0.0","0.0",,"83","67"
"USW00003131","SAN DIEGO MONTGOMERY FIELD, CA US","2019-09-02","0.00","0.0","0.0",,"88","68"
"USW00003131","SAN DIEGO MONTGOMERY FIELD, CA US","2019-09-03","0.00","0.0","0.0",,"88","72"
"USW00003131","SAN DIEGO MONTGOMERY FIELD, CA US","2019-09-04","0.01","0.0","0.0",,"91","72"
"USW00003131","SAN DIEGO MONTGOMERY FIELD, CA US","2019-09-05","0.00","0.0","0.0",,"88","71"
"USW00003131","SAN DIEGO MONTGOMERY FIELD, CA US","2019-09-06","0.00","0.0","0.0",,"90","69"
"USW00003131","SAN DIEGO MONTGOMERY FIELD, CA US","2019-09-07","0.00","0.0","0.0",,"86","67"
"USW00003131","SAN DIEGO MONTGOMERY FIELD, CA US","2019-09-08","0.00","0.0","0.0",,"76","64"
"USW00003131","SAN DIEGO MONTGOMERY FIELD, CA US","2019-09-09","0.00","0.0","0.0",,"75","64"
"USW00003131","SAN DIEGO MONTGOMERY FIELD, CA US","2019-09-10","0.00","0.0","0.0",,"75","64"
"USW00003131","SAN DIEGO MONTGOMERY FIELD, CA US","2019-09-11","0.00","0.0","0.0",,"78","65"
"USW00003131","SAN DIEGO MONTGOMERY FIELD, CA US","2019-09-12","0.00","0.0","0.0",,"81","61"
"USW00003131","SAN DIEGO MONTGOMERY FIELD, CA US","2019-09-13","0.00","0.0","0.0",,"89","64"
"USW00003131","SAN DIEGO MONTGOMERY FIELD, CA US","2019-09-14","0.00","0.0","0.0",,"94","65"
"USW00003131","SAN DIEGO MONTGOMERY FIELD, CA US","2019-09-15","0.00","0.0","0.0",,"93","65"
"USW00003131","SAN DIEGO MONTGOMERY FIELD, CA US","2019-09-16","0.00","0.0","0.0",,"82","67"
"USW00003131","SAN DIEGO MONTGOMERY FIELD, CA US","2019-09-17","0.00","0.0","0.0",,"81","64"
"USW00003131","SAN DIEGO MONTGOMERY FIELD, CA US","2019-09-18","0.00","0.0","0.0",,"77","60"
"USW00003131","SAN DIEGO MONTGOMERY FIELD, CA US","2019-09-19","0.00","0.0","0.0",,"75","61"
"USW00003131","SAN DIEGO MONTGOMERY FIELD, CA US","2019-09-20","0.00","0.0","0.0",,"77","58"
"USW00003131","SAN DIEGO MONTGOMERY FIELD, CA US","2019-09-21","0.00","0.0","0.0",,"81","61"
"USW00003131","SAN DIEGO MONTGOMERY FIELD, CA US","2019-09-22","0.00","0.0","0.0",,"84","60"
"USW00003131","SAN DIEGO MONTGOMERY FIELD, CA US","2019-09-23","0.00","0.0","0.0",,"78","61"
"USW00003131","SAN DIEGO MONTGOMERY FIELD, CA US","2019-09-24","0.00","0.0","0.0",,"84","59"
"USW00003131","SAN DIEGO MONTGOMERY FIELD, CA US","2019-09-25","0.00","0.0","0.0",,"76","66"
"USW00003131","SAN DIEGO MONTGOMERY FIELD, CA US","2019-09-26","0.00","0.0","0.0",,"74","68"
"USW00003131","SAN DIEGO MONTGOMERY FIELD, CA US","2019-09-27","0.00","0.0","0.0",,"73","67"
"USW00003131","SAN DIEGO MONTGOMERY FIELD, CA US","2019-09-28","0.05","0.0","0.0",,"72","63"
"USW00003131","SAN DIEGO MONTGOMERY FIELD, CA US","2019-09-29","0.00","0.0","0.0",,"71","58"
"USW00003131","SAN DIEGO MONTGOMERY FIELD, CA US","2019-09-30","0.00","0.0","0.0",,"74","52"
"USW00003131","SAN DIEGO MONTGOMERY FIELD, CA US","2019-10-01","0.00","0.0","0.0",,"72","54"
"USW00003131","SAN DIEGO MONTGOMERY FIELD, CA US","2019-10-02","0.00","0.0","0.0",,"76","53"
"USW00003131","SAN DIEGO MONTGOMERY FIELD, CA US","2019-10-03","0.00","0.0","0.0",,"76","55"
"USW00003131","SAN DIEGO MONTGOMERY FIELD, CA US","2019-10-04","0.00","0.0","0.0",,"79","53"
"USW00003131","SAN DIEGO MONTGOMERY FIELD, CA US","2019-10-05","0.00","0.0","0.0",,"81","53"
"USW00003131","SAN DIEGO MONTGOMERY FIELD, CA US","2019-10-06","0.00","0.0","0.0",,"87","55"
"USW00003131","SAN DIEGO MONTGOMERY FIELD, CA US","2019-10-07","0.00","0.0","0.0",,"87","57"
"USW00003131","SAN DIEGO MONTGOMERY FIELD, CA US","2019-10-08","0.00","0.0","0.0",,"84","56"
"USW00003131","SAN DIEGO MONTGOMERY FIELD, CA US","2019-10-09","0.00","0.0","0.0",,"73","63"
"USW00003131","SAN DIEGO MONTGOMERY FIELD, CA US","2019-10-10","0.00","0.0","0.0",,"75","59"
"USW00003131","SAN DIEGO MONTGOMERY FIELD, CA US","2019-10-11","0.00","0.0","0.0",,"87","55"
"USW00003131","SAN DIEGO MONTGOMERY FIELD, CA US","2019-10-12","0.00","0.0","0.0",,"80","53"
"USW00003131","SAN DIEGO MONTGOMERY FIELD, CA US","2019-10-13","0.00","0.0","0.0",,"75","61"
"USW00003131","SAN DIEGO MONTGOMERY FIELD, CA US","2019-10-14","0.00","0.0","0.0",,"73","60"
"USW00003131","SAN DIEGO MONTGOMERY FIELD, CA US","2019-10-15","0.00","0.0","0.0",,"80","55"
"USW00003131","SAN DIEGO MONTGOMERY FIELD, CA US","2019-10-16","0.00","0.0","0.0",,"84","60"
"USW00003131","SAN DIEGO MONTGOMERY FIELD, CA US","2019-10-17","0.00","0.0","0.0",,"74","63"
"USW00003131","SAN DIEGO MONTGOMERY FIELD, CA US","2019-10-18","0.00","0.0","0.0",,"77","57"
"USW00003131","SAN DIEGO MONTGOMERY FIELD, CA US","2019-10-19","0.00","0.0","0.0",,"81","56"
"USW00003131","SAN DIEGO MONTGOMERY FIELD, CA US","2019-10-20","0.00","0.0","0.0",,"80","54"
"USW00003131","SAN DIEGO MONTGOMERY FIELD, CA US","2019-10-21","0.00","0.0","0.0",,"91","57"
"USW00003131","SAN DIEGO MONTGOMERY FIELD, CA US","2019-10-22","0.00","0.0","0.0",,"97","62"
"USW00003131","SAN DIEGO MONTGOMERY FIELD, CA US","2019-10-23","0.00","0.0","0.0",,"88","61"
"USW00003131","SAN DIEGO MONTGOMERY FIELD, CA US","2019-10-24","0.00","0.0","0.0",,"96","60"
"USW00003131","SAN DIEGO MONTGOMERY FIELD, CA US","2019-10-25","0.00","0.0","0.0",,"91","61"
"USW00003131","SAN DIEGO MONTGOMERY FIELD, CA US","2019-10-26","0.00","0.0","0.0",,"87","59"
"USW00003131","SAN DIEGO MONTGOMERY FIELD, CA US","2019-10-27","0.00","0.0","0.0",,"68","57"
"USW00003131","SAN DIEGO MONTGOMERY FIELD, CA US","2019-10-28","0.00","0.0","0.0",,"77","52"
"USW00003131","SAN DIEGO MONTGOMERY FIELD, CA US","2019-10-29","0.00","0.0","0.0",,"71","49"
"USW00003131","SAN DIEGO MONTGOMERY FIELD, CA US","2019-10-30","0.00","0.0","0.0",,"80","50"
"USW00003131","SAN DIEGO MONTGOMERY FIELD, CA US","2019-10-31","0.00","0.0","0.0",,"78","44"
"USW00003131","SAN DIEGO MONTGOMERY FIELD, CA US","2019-11-01","0.00","0.0","0.0",,"79","46"
"USW00003131","SAN DIEGO MONTGOMERY FIELD, CA US","2019-11-02","0.00","0.0","0.0",,"84","52"
"USW00003131","SAN DIEGO MONTGOMERY FIELD, CA US","2019-11-03","0.00","0.0","0.0",,"80","49"
"USW00003131","SAN DIEGO MONTGOMERY FIELD, CA US","2019-11-04","0.00","0.0","0.0",,"79","49"
"USW00003131","SAN DIEGO MONTGOMERY FIELD, CA US","2019-11-05","0.00","0.0","0.0",,"76","50"
"USW00003131","SAN DIEGO MONTGOMERY FIELD, CA US","2019-11-06","0.00","0.0","0.0",,"71","56"
"USW00003131","SAN DIEGO MONTGOMERY FIELD, CA US","2019-11-07","0.00","0.0","0.0",,"72","55"
"USW00003131","SAN DIEGO MONTGOMERY FIELD, CA US","2019-11-08","0.00","0.0","0.0",,"84","52"
"USW00003131","SAN DIEGO MONTGOMERY FIELD, CA US","2019-11-09","0.00","0.0","0.0",,"88","55"
"USW00003131","SAN DIEGO MONTGOMERY FIELD, CA US","2019-11-10","0.00","0.0","0.0",,"72","57"
"USW00003131","SAN DIEGO MONTGOMERY FIELD, CA US","2019-11-11","0.00","0.0","0.0",,"70","57"
"USW00003131","SAN DIEGO MONTGOMERY FIELD, CA US","2019-11-12","0.00","0.0","0.0",,"78","54"
"USW00003131","SAN DIEGO MONTGOMERY FIELD, CA US","2019-11-13","0.00","0.0","0.0",,"75","55"
"USW00003131","SAN DIEGO MONTGOMERY FIELD, CA US","2019-11-14","0.00","0.0","0.0",,"74","55"
"USW00003131","SAN DIEGO MONTGOMERY FIELD, CA US","2019-11-15","0.00","0.0","0.0",,"73","57"
"USW00003131","SAN DIEGO MONTGOMERY FIELD, CA US","2019-11-16","0.00","0.0","0.0",,"80","53"
"USW00003131","SAN DIEGO MONTGOMERY FIELD, CA US","2019-11-17","0.00","0.0","0.0",,"91","51"
"USW00003131","SAN DIEGO MONTGOMERY FIELD, CA US","2019-11-18","0.00","0.0","0.0",,"94","61"
"USW00003131","SAN DIEGO MONTGOMERY FIELD, CA US","2019-11-19","0.08","0.0","0.0",,"83","59"
"USW00003131","SAN DIEGO MONTGOMERY FIELD, CA US","2019-11-20","0.74","0.0","0.0",,"63","54"
"USW00003131","SAN DIEGO MONTGOMERY FIELD, CA US","2019-11-21","0.08","0.0","0.0",,"65","53"
"USW00003131","SAN DIEGO MONTGOMERY FIELD, CA US","2019-11-22","0.00","0.0","0.0",,"70","50"
"USW00003131","SAN DIEGO MONTGOMERY FIELD, CA US","2019-11-23","0.00","0.0","0.0",,"73","49"
"USW00003131","SAN DIEGO MONTGOMERY FIELD, CA US","2019-11-24","0.00","0.0","0.0",,"75","50"
"USW00003131","SAN DIEGO MONTGOMERY FIELD, CA US","2019-11-25","0.00","0.0","0.0",,"68","46"
"USW00003131","SAN DIEGO MONTGOMERY FIELD, CA US","2019-11-26","0.00","0.0","0.0",,"68","48"
"USW00003131","SAN DIEGO MONTGOMERY FIELD, CA US","2019-11-27",,"0.0","0.0",,"64","50"
"USW00003131","SAN DIEGO MONTGOMERY FIELD, CA US","2019-11-28","1.41",,"0.0",,"60","48"
"USW00003131","SAN DIEGO MONTGOMERY FIELD, CA US","2019-11-29","0.16",,"0.0",,"59","46"
"USW00003131","SAN DIEGO MONTGOMERY FIELD, CA US","2019-11-30","0.00",,"0.0",,"63","47"
"USW00003131","SAN DIEGO MONTGOMERY FIELD, CA US","2019-12-01","0.00","0.0","0.0",,"66","46"
"USW00003131","SAN DIEGO MONTGOMERY FIELD, CA US","2019-12-02","0.00","0.0","0.0",,"73","48"
"USW00003131","SAN DIEGO MONTGOMERY FIELD, CA US","2019-12-03","0.00","0.0","0.0",,"68","51"
"USW00003131","SAN DIEGO MONTGOMERY FIELD, CA US","2019-12-04","0.75","0.0","0.0",,"62","58"
"USW00003131","SAN DIEGO MONTGOMERY FIELD, CA US","2019-12-05","0.00","0.0","0.0",,"69","50"
"USW00003131","SAN DIEGO MONTGOMERY FIELD, CA US","2019-12-06","0.00","0.0","0.0",,"72","51"
"USW00003131","SAN DIEGO MONTGOMERY FIELD, CA US","2019-12-07","0.07","0.0","0.0",,"65","61"
"USW00003131","SAN DIEGO MONTGOMERY FIELD, CA US","2019-12-08","0.09","0.0","0.0",,"63","56"
"USW00003131","SAN DIEGO MONTGOMERY FIELD, CA US","2019-12-09","0.03",,"0.0",,"65","49"
"USW00003131","SAN DIEGO MONTGOMERY FIELD, CA US","2019-12-10","0.00","0.0","0.0",,"70","47"
"USW00003131","SAN DIEGO MONTGOMERY FIELD, CA US","2019-12-11","0.00","0.0","0.0",,"68","47"
"USW00003131","SAN DIEGO MONTGOMERY FIELD, CA US","2019-12-12","0.00","0.0","0.0",,"72","49"
"USW00003131","SAN DIEGO MONTGOMERY FIELD, CA US","2019-12-13","0.00","0.0","0.0",,"72","49"
"USW00003131","SAN DIEGO MONTGOMERY FIELD, CA US","2019-12-14","0.00","0.0","0.0",,"66","56"
"USW00003131","SAN DIEGO MONTGOMERY FIELD, CA US","2019-12-15","0.00",,"0.0",,"63","46"
"USW00003131","SAN DIEGO MONTGOMERY FIELD, CA US","2019-12-16","0.00","0.0","0.0",,"70","43"
"USW00003131","SAN DIEGO MONTGOMERY FIELD, CA US","2019-12-17","0.00","0.0","0.0",,"68","39"
"USW00003131","SAN DIEGO MONTGOMERY FIELD, CA US","2019-12-18","0.00","0.0","0.0",,"64","42"
"USW00003131","SAN DIEGO MONTGOMERY FIELD, CA US","2019-12-19","0.00","0.0","0.0",,"65","39"
"USW00003131","SAN DIEGO MONTGOMERY FIELD, CA US","2019-12-20","0.00","0.0","0.0",,"75","41"
"USW00003131","SAN DIEGO MONTGOMERY FIELD, CA US","2019-12-21","0.00","0.0","0.0",,"74","47"
"USW00003131","SAN DIEGO MONTGOMERY FIELD, CA US","2019-12-22","0.00","0.0","0.0",,"64","49"
"USW00003131","SAN DIEGO MONTGOMERY FIELD, CA US","2019-12-23","1.18","0.0","0.0",,"58","50"
"USW00003131","SAN DIEGO MONTGOMERY FIELD, CA US","2019-12-24","0.00",,"0.0",,"60","48"
"USW00003131","SAN DIEGO MONTGOMERY FIELD, CA US","2019-12-25","0.00",,"0.0",,"60","46"
"USW00003131","SAN DIEGO MONTGOMERY FIELD, CA US","2019-12-26","1.19",,"0.0",,"57","44"
"USW00003131","SAN DIEGO MONTGOMERY FIELD, CA US","2019-12-27","0.00","0.0","0.0",,"61","39"
"USW00003131","SAN DIEGO MONTGOMERY FIELD, CA US","2019-12-28","0.00","0.0","0.0",,"60","41"
"USW00003131","SAN DIEGO MONTGOMERY FIELD, CA US","2019-12-29","0.00","0.0","0.0",,"62","42"
"USW00003131","SAN DIEGO MONTGOMERY FIELD, CA US","2019-12-30","0.00","0.0","0.0",,"61","47"
"USW00003131","SAN DIEGO MONTGOMERY FIELD, CA US","2019-12-31","0.00","0.0","0.0",,"72","45"
"USW00003131","SAN DIEGO MONTGOMERY FIELD, CA US","2020-01-01","0.00","0.0","0.0",,"65","43"
"USW00003131","SAN DIEGO MONTGOMERY FIELD, CA US","2020-01-02","0.00","0.0","0.0",,"70","45"
"USW00003131","SAN DIEGO MONTGOMERY FIELD, CA US","2020-01-03","0.00","0.0","0.0",,"74","47"
"USW00003131","SAN DIEGO MONTGOMERY FIELD, CA US","2020-01-04","0.00","0.0","0.0",,"73","44"
"USW00003131","SAN DIEGO MONTGOMERY FIELD, CA US","2020-01-05","0.00","0.0","0.0",,"68","44"
"USW00003131","SAN DIEGO MONTGOMERY FIELD, CA US","2020-01-06","0.00","0.0","0.0",,"79","44"
"USW00003131","SAN DIEGO MONTGOMERY FIELD, CA US","2020-01-07","0.00","0.0","0.0",,"76","45"
"USW00003131","SAN DIEGO MONTGOMERY FIELD, CA US","2020-01-08","0.00","0.0","0.0",,"61","41"
"USW00003131","SAN DIEGO MONTGOMERY FIELD, CA US","2020-01-09","0.06",,"0.0",,"61","48"
"USW00003131","SAN DIEGO MONTGOMERY FIELD, CA US","2020-01-10","0.00","0.0","0.0",,"66","41"
"USW00003131","SAN DIEGO MONTGOMERY FIELD, CA US","2020-01-11","0.00","0.0","0.0",,"63","41"
"USW00003131","SAN DIEGO MONTGOMERY FIELD, CA US","2020-01-12","0.00","0.0","0.0",,"64","43"
"USW00003131","SAN DIEGO MONTGOMERY FIELD, CA US","2020-01-13","0.00","0.0","0.0",,"64","45"
"USW00003131","SAN DIEGO MONTGOMERY FIELD, CA US","2020-01-14","0.00","0.0","0.0",,"64","47"
"USW00003131","SAN DIEGO MONTGOMERY FIELD, CA US","2020-01-15","0.00","0.0","0.0",,"64","42"
"USW00003131","SAN DIEGO MONTGOMERY FIELD, CA US","2020-01-16","0.00","0.0","0.0",,"60","48"
"USW00003131","SAN DIEGO MONTGOMERY FIELD, CA US","2020-01-17","0.11",,"0.0",,"61","47"
"USW00003131","SAN DIEGO MONTGOMERY FIELD, CA US","2020-01-18","0.00","0.0","0.0",,"71","42"
"USW00003131","SAN DIEGO MONTGOMERY FIELD, CA US","2020-01-19","0.00","0.0","0.0",,"78","44"
"USW00003131","SAN DIEGO MONTGOMERY FIELD, CA US","2020-01-20","0.00","0.0","0.0",,"64","50"
"USW00003131","SAN DIEGO MONTGOMERY FIELD, CA US","2020-01-21","0.17","0.0","0.0",,"60","50"
"USW00003131","SAN DIEGO MONTGOMERY FIELD, CA US","2020-01-22","0.00","0.0","0.0",,"64","51"
"USW00003131","SAN DIEGO MONTGOMERY FIELD, CA US","2020-01-23","0.00","0.0","0.0",,"72","46"
"USW00003131","SAN DIEGO MONTGOMERY FIELD, CA US","2020-01-24","0.00","0.0","0.0",,"70","48"
"USW00003131","SAN DIEGO MONTGOMERY FIELD, CA US","2020-01-25","0.00","0.0","0.0",,"68","49"
"USW00003131","SAN DIEGO MONTGOMERY FIELD, CA US","2020-01-26","0.00","0.0","0.0",,"62","53"
"USW00003131","SAN DIEGO MONTGOMERY FIELD, CA US","2020-01-27","0.00","0.0","0.0",,"68","50"
"USW00003131","SAN DIEGO MONTGOMERY FIELD, CA US","2020-01-28","0.00","0.0","0.0",,"75","47"
"USW00003131","SAN DIEGO MONTGOMERY FIELD, CA US","2020-01-29","0.00","0.0","0.0",,"72","47"
"USW00003131","SAN DIEGO MONTGOMERY FIELD, CA US","2020-01-30","0.00","0.0","0.0",,"75","46"
"USW00003131","SAN DIEGO MONTGOMERY FIELD, CA US","2020-01-31","0.00","0.0","0.0",,"79","44"
"USW00003131","SAN DIEGO MONTGOMERY FIELD, CA US","2020-02-01","0.00","0.0","0.0",,"83","48"
"USW00003131","SAN DIEGO MONTGOMERY FIELD, CA US","2020-02-02","0.00","0.0","0.0",,"69","50"
"USW00003131","SAN DIEGO MONTGOMERY FIELD, CA US","2020-02-03","0.01",,"0.0",,"63","49"
"USW00003131","SAN DIEGO MONTGOMERY FIELD, CA US","2020-02-04","0.00","0.0","0.0",,"62","39"
"USW00003131","SAN DIEGO MONTGOMERY FIELD, CA US","2020-02-05","0.00","0.0","0.0",,"62","34"
"USW00003131","SAN DIEGO MONTGOMERY FIELD, CA US","2020-02-06","0.00","0.0","0.0",,"65","41"
"USW00003131","SAN DIEGO MONTGOMERY FIELD, CA US","2020-02-07","0.00","0.0","0.0",,"68","42"
"USW00003131","SAN DIEGO MONTGOMERY FIELD, CA US","2020-02-08","0.00","0.0","0.0",,"70","45"
"USW00003131","SAN DIEGO MONTGOMERY FIELD, CA US","2020-02-09","0.02","0.0","0.0",,"57","51"
"USW00003131","SAN DIEGO MONTGOMERY FIELD, CA US","2020-02-10","0.18",,"0.0",,"59","48"
"USW00003131","SAN DIEGO MONTGOMERY FIELD, CA US","2020-02-11","0.00","0.0","0.0",,"67","43"
"USW00003131","SAN DIEGO MONTGOMERY FIELD, CA US","2020-02-12","0.00","0.0","0.0",,"65","42"
"USW00003131","SAN DIEGO MONTGOMERY FIELD, CA US","2020-02-13","0.00","0.0","0.0",,"69","42"
"USW00003131","SAN DIEGO MONTGOMERY FIELD, CA US","2020-02-14","0.00","0.0","0.0",,"67","45"
"USW00003131","SAN DIEGO MONTGOMERY FIELD, CA US","2020-02-15","0.00","0.0","0.0",,"70","43"
"USW00003131","SAN DIEGO MONTGOMERY FIELD, CA US","2020-02-16","0.00","0.0","0.0",,"70","45"
"USW00003131","SAN DIEGO MONTGOMERY FIELD, CA US","2020-02-17","0.00","0.0","0.0",,"68","49"
"USW00003131","SAN DIEGO MONTGOMERY FIELD, CA US","2020-02-18","0.00","0.0","0.0",,"67","55"
"USW00003131","SAN DIEGO MONTGOMERY FIELD, CA US","2020-02-19","0.00","0.0","0.0",,"67","53"
"USW00003131","SAN DIEGO MONTGOMERY FIELD, CA US","2020-02-20","0.00","0.0","0.0",,"77","49"
"USW00003131","SAN DIEGO MONTGOMERY FIELD, CA US","2020-02-21","0.00","0.0","0.0",,"73","51"
"USW00003131","SAN DIEGO MONTGOMERY FIELD, CA US","2020-02-22","0.18","0.0","0.0",,"62","53"
"USW00003131","SAN DIEGO MONTGOMERY FIELD, CA US","2020-02-23","0.00","0.0","0.0",,"64","51"
"USW00003131","SAN DIEGO MONTGOMERY FIELD, CA US","2020-02-24","0.00","0.0","0.0",,"69","49"
"USW00003131","SAN DIEGO MONTGOMERY FIELD, CA US","2020-02-25","0.00","0.0","0.0",,"83","49"
"USW00003131","SAN DIEGO MONTGOMERY FIELD, CA US","2020-02-26","0.00","0.0","0.0",,"78","50"
"USW00003131","SAN DIEGO MONTGOMERY FIELD, CA US","2020-02-27","0.00","0.0","0.0",,"86","50"
"USW00003131","SAN DIEGO MONTGOMERY FIELD, CA US","2020-02-28","0.00","0.0","0.0",,"84","54"
"USW00003131","SAN DIEGO MONTGOMERY FIELD, CA US","2020-02-29","0.00","0.0","0.0",,"69","49"
"USW00003131","SAN DIEGO MONTGOMERY FIELD, CA US","2020-03-01","0.00","0.0","0.0",,"58","57"
"USW00003131","SAN DIEGO MONTGOMERY FIELD, CA US","2020-03-04","0.00","0.0",,,"68","50"
"USW00003131","SAN DIEGO MONTGOMERY FIELD, CA US","2020-03-05","0.00","0.0","0.0",,"77","52"
"USW00003131","SAN DIEGO MONTGOMERY FIELD, CA US","2020-03-06","0.00","0.0","0.0",,"70","54"
"USW00003131","SAN DIEGO MONTGOMERY FIELD, CA US","2020-03-07","0.00","0.0","0.0",,"65","56"
"USW00003131","SAN DIEGO MONTGOMERY FIELD, CA US","2020-03-08","0.09","0.0","0.0",,"65","54"
"USW00003131","SAN DIEGO MONTGOMERY FIELD, CA US","2020-03-09","0.09",,"0.0",,"73","49"
"USW00003131","SAN DIEGO MONTGOMERY FIELD, CA US","2020-03-10","0.29","0.0","0.0",,"66","57"
"USW00003131","SAN DIEGO MONTGOMERY FIELD, CA US","2020-03-11","0.00","0.0","0.0",,"71","59"
"USW00003131","SAN DIEGO MONTGOMERY FIELD, CA US","2020-03-12","0.91","0.0","0.0",,"63","56"
"USW00003131","SAN DIEGO MONTGOMERY FIELD, CA US","2020-03-13","0.42","0.0","0.0",,"60","54"
"USW00003131","SAN DIEGO MONTGOMERY FIELD, CA US","2020-03-14","0.03","0.0","0.0",,"63","54"
"USW00003131","SAN DIEGO MONTGOMERY FIELD, CA US","2020-03-15","0.00","0.0","0.0",,"64","51"
"USW00003131","SAN DIEGO MONTGOMERY FIELD, CA US","2020-03-16","0.26","0.0","0.0",,"63","53"
"USW00003131","SAN DIEGO MONTGOMERY FIELD, CA US","2020-03-17","0.01",,"0.0",,"62","49"
"USW00003131","SAN DIEGO MONTGOMERY FIELD, CA US","2020-03-18","0.26",,"0.0",,"56","49"
"USW00003131","SAN DIEGO MONTGOMERY FIELD, CA US","2020-03-19","0.00","0.0","0.0",,"61","50"
"USW00003131","SAN DIEGO MONTGOMERY FIELD, CA US","2020-03-20","0.00","0.0","0.0",,"63","50"
"USW00003131","SAN DIEGO MONTGOMERY FIELD, CA US","2020-03-21","0.00","0.0","0.0",,"65","51"
"USW00003131","SAN DIEGO MONTGOMERY FIELD, CA US","2020-03-22","0.07",,"0.0",,"69","49"
"USW00003131","SAN DIEGO MONTGOMERY FIELD, CA US","2020-03-23","0.02","0.0","0.0",,"65","51"
"USW00003131","SAN DIEGO MONTGOMERY FIELD, CA US","2020-03-24","0.00","0.0","0.0",,"66","50"
"USW00003131","SAN DIEGO MONTGOMERY FIELD, CA US","2020-03-25","0.02","0.0","0.0",,"65","54"
"USW00003131","SAN DIEGO MONTGOMERY FIELD, CA US","2020-03-26","0.06",,"0.0",,"60","48"
"USW00003131","SAN DIEGO MONTGOMERY FIELD, CA US","2020-03-27","0.12",,"0.0",,"62","44"
"USW00003131","SAN DIEGO MONTGOMERY FIELD, CA US","2020-03-28","0.00","0.0","0.0",,"63","45"
"USW00003131","SAN DIEGO MONTGOMERY FIELD, CA US","2020-03-29","0.00","0.0","0.0",,"65","48"
"USW00003131","SAN DIEGO MONTGOMERY FIELD, CA US","2020-03-30","0.00","0.0","0.0",,"70","52"
"USW00003131","SAN DIEGO MONTGOMERY FIELD, CA US","2020-03-31","0.00","0.0","0.0",,"71","54"
"USW00003131","SAN DIEGO MONTGOMERY FIELD, CA US","2020-04-01","0.00","0.0","0.0",,"66","52"
"USW00003131","SAN DIEGO MONTGOMERY FIELD, CA US","2020-04-02","0.00","0.0","0.0",,"65","52"
"USW00003131","SAN DIEGO MONTGOMERY FIELD, CA US","2020-04-03","0.00","0.0","0.0",,"67","49"
"USW00003131","SAN DIEGO MONTGOMERY FIELD, CA US","2020-04-04","0.00","0.0","0.0",,"65","55"
"USW00003131","SAN DIEGO MONTGOMERY FIELD, CA US","2020-04-05","0.05","0.0","0.0",,"65","54"
"USW00003131","SAN DIEGO MONTGOMERY FIELD, CA US","2020-04-06","1.00","0.0","0.0",,"64","54"
"USW00003131","SAN DIEGO MONTGOMERY FIELD, CA US","2020-04-07","0.57","0.0","0.0",,"63","52"
"USW00003131","SAN DIEGO MONTGOMERY FIELD, CA US","2020-04-08","0.04","0.0","0.0",,"60","50"
"USW00003131","SAN DIEGO MONTGOMERY FIELD, CA US","2020-04-09","0.77","0.0","0.0",,"62","51"
"USW00003131","SAN DIEGO MONTGOMERY FIELD, CA US","2020-04-10","1.41","0.0","0.0",,"56","52"
"USW00003131","SAN DIEGO MONTGOMERY FIELD, CA US","2020-04-11","0.02",,"0.0",,"66","49"
"USW00003131","SAN DIEGO MONTGOMERY FIELD, CA US","2020-04-12","0.00","0.0","0.0",,"61","55"
"USW00003131","SAN DIEGO MONTGOMERY FIELD, CA US","2020-04-13","0.04","0.0","0.0",,"62","54"
"USW00003131","SAN DIEGO MONTGOMERY FIELD, CA US","2020-04-14","0.00","0.0","0.0",,"70","56"
"USW00003131","SAN DIEGO MONTGOMERY FIELD, CA US","2020-04-15","0.00","0.0","0.0",,"80","53"
"USW00003131","SAN DIEGO MONTGOMERY FIELD, CA US","2020-04-16","0.00","0.0","0.0",,"74","52"
"USW00003131","SAN DIEGO MONTGOMERY FIELD, CA US","2020-04-17","0.00","0.0","0.0",,"66","54"
"USW00003131","SAN DIEGO MONTGOMERY FIELD, CA US","2020-04-18","0.05","0.0","0.0",,"66","55"
"USW00003131","SAN DIEGO MONTGOMERY FIELD, CA US","2020-04-19","0.04","0.0","0.0",,"65","56"
"USW00003131","SAN DIEGO MONTGOMERY FIELD, CA US","2020-04-20","0.00","0.0","0.0",,"66","57"
"USW00003131","SAN DIEGO MONTGOMERY FIELD, CA US","2020-04-21","0.00","0.0","0.0",,"70","56"
"USW00003131","SAN DIEGO MONTGOMERY FIELD, CA US","2020-04-22","0.00","0.0","0.0",,"83","54"
"USW00003131","SAN DIEGO MONTGOMERY FIELD, CA US","2020-04-23","0.00","0.0","0.0",,"83","57"
"USW00003131","SAN DIEGO MONTGOMERY FIELD, CA US","2020-04-24","0.00","0.0","0.0",,"89","59"
"USW00003131","SAN DIEGO MONTGOMERY FIELD, CA US","2020-04-25","0.00","0.0","0.0",,"89","61"
"USW00003131","SAN DIEGO MONTGOMERY FIELD, CA US","2020-04-26","0.00","0.0","0.0",,"87","61"
"USW00003131","SAN DIEGO MONTGOMERY FIELD, CA US","2020-04-27","0.00","0.0","0.0",,"76","62"
"USW00003131","SAN DIEGO MONTGOMERY FIELD, CA US","2020-04-28","0.00","0.0","0.0",,"76","60"
"USW00003131","SAN DIEGO MONTGOMERY FIELD, CA US","2020-04-29","0.00","0.0","0.0",,"73","62"
"USW00003131","SAN DIEGO MONTGOMERY FIELD, CA US","2020-04-30","0.00","0.0","0.0",,"77","63"
"USW00003131","SAN DIEGO MONTGOMERY FIELD, CA US","2020-05-01","0.00","0.0","0.0",,"77","62"
"USW00003131","SAN DIEGO MONTGOMERY FIELD, CA US","2020-05-02","0.00","0.0","0.0",,"78","59"
"USW00003131","SAN DIEGO MONTGOMERY FIELD, CA US","2020-05-03","0.00","0.0","0.0",,"75","61"
"USW00003131","SAN DIEGO MONTGOMERY FIELD, CA US","2020-05-04","0.00","0.0","0.0",,"78","59"
"USW00003131","SAN DIEGO MONTGOMERY FIELD, CA US","2020-05-05","0.00","0.0","0.0",,"87","62"
"USW00003131","SAN DIEGO MONTGOMERY FIELD, CA US","2020-05-06","0.00","0.0","0.0",,"91","61"
"USW00003131","SAN DIEGO MONTGOMERY FIELD, CA US","2020-05-07","0.00","0.0","0.0",,"84","60"
"USW00003131","SAN DIEGO MONTGOMERY FIELD, CA US","2020-05-08","0.00","0.0","0.0",,"77","60"
"USW00003131","SAN DIEGO MONTGOMERY FIELD, CA US","2020-05-09","0.00","0.0","0.0",,"75","64"
"USW00003131","SAN DIEGO MONTGOMERY FIELD, CA US","2020-05-10","0.00","0.0","0.0",,"73","63"
"USW00003131","SAN DIEGO MONTGOMERY FIELD, CA US","2020-05-11","0.00","0.0","0.0",,"74","62"
"USW00003131","SAN DIEGO MONTGOMERY FIELD, CA US","2020-05-12","0.00","0.0","0.0",,"74","57"
"USW00003131","SAN DIEGO MONTGOMERY FIELD, CA US","2020-05-13","0.01","0.0","0.0",,"71","60"
"USW00003131","SAN DIEGO MONTGOMERY FIELD, CA US","2020-05-14","0.00","0.0","0.0",,"73","55"
"USW00003131","SAN DIEGO MONTGOMERY FIELD, CA US","2020-05-15","0.00","0.0","0.0",,"75","60"
"USW00003131","SAN DIEGO MONTGOMERY FIELD, CA US","2020-05-16","0.00","0.0","0.0",,"76","60"
"USW00003131","SAN DIEGO MONTGOMERY FIELD, CA US","2020-05-17","0.00","0.0","0.0",,"73","62"
"USW00003131","SAN DIEGO MONTGOMERY FIELD, CA US","2020-05-18","0.00","0.0","0.0",,"76","61"
"USW00003131","SAN DIEGO MONTGOMERY FIELD, CA US","2020-05-19","0.00","0.0","0.0",,"70","57"
"USW00003131","SAN DIEGO MONTGOMERY FIELD, CA US","2020-05-20","0.00","0.0","0.0",,"74","55"
"USW00003131","SAN DIEGO MONTGOMERY FIELD, CA US","2020-05-21","0.00","0.0","0.0",,"78","55"
"USW00003131","SAN DIEGO MONTGOMERY FIELD, CA US","2020-05-22","0.00","0.0","0.0",,"72","62"
"USW00003131","SAN DIEGO MONTGOMERY FIELD, CA US","2020-05-23","0.00","0.0","0.0",,"70","60"
"USW00003131","SAN DIEGO MONTGOMERY FIELD, CA US","2020-05-24","0.00","0.0","0.0",,"75","57"
"USW00003131","SAN DIEGO MONTGOMERY FIELD, CA US","2020-05-25","0.00","0.0","0.0",,"79","61"
"USW00003131","SAN DIEGO MONTGOMERY FIELD, CA US","2020-05-26","0.00","0.0","0.0",,"86","63"
"USW00003131","SAN DIEGO MONTGOMERY FIELD, CA US","2020-05-27","0.00","0.0","0.0",,"86","62"
"USW00003131","SAN DIEGO MONTGOMERY FIELD, CA US","2020-05-28","0.00","0.0","0.0",,"76","63"
"USW00003131","SAN DIEGO MONTGOMERY FIELD, CA US","2020-05-29","0.00","0.0","0.0",,"71","63"
"USW00003131","SAN DIEGO MONTGOMERY FIELD, CA US","2020-05-30","0.00","0.0","0.0",,"75","63"
"USW00003131","SAN DIEGO MONTGOMERY FIELD, CA US","2020-05-31","0.00","0.0","0.0",,"75","62"
"USW00003131","SAN DIEGO MONTGOMERY FIELD, CA US","2020-06-01","0.00","0.0","0.0",,"79","60"
"USW00003131","SAN DIEGO MONTGOMERY FIELD, CA US","2020-06-02","0.00","0.0","0.0",,"77","60"
"USW00003131","SAN DIEGO MONTGOMERY FIELD, CA US","2020-06-03","0.00","0.0","0.0",,"86","64"
"USW00003131","SAN DIEGO MONTGOMERY FIELD, CA US","2020-06-04","0.00","0.0","0.0",,"72","63"
"USW00003131","SAN DIEGO MONTGOMERY FIELD, CA US","2020-06-05","0.00","0.0","0.0",,"72","61"
"USW00003131","SAN DIEGO MONTGOMERY FIELD, CA US","2020-06-06","0.09","0.0","0.0",,"71","62"
"USW00003131","SAN DIEGO MONTGOMERY FIELD, CA US","2020-06-07","0.00","0.0","0.0",,"74","61"
"USW00003131","SAN DIEGO MONTGOMERY FIELD, CA US","2020-06-08","0.00","0.0","0.0",,"83","57"
"USW00003131","SAN DIEGO MONTGOMERY FIELD, CA US","2020-06-09","0.00","0.0","0.0",,"96","59"
"USW00003131","SAN DIEGO MONTGOMERY FIELD, CA US","2020-06-10","0.00","0.0","0.0",,"97","62"
"USW00003131","SAN DIEGO MONTGOMERY FIELD, CA US","2020-06-11","0.00","0.0","0.0",,"83","63"
"USW00003131","SAN DIEGO MONTGOMERY FIELD, CA US","2020-06-12","0.00","0.0","0.0",,"75","62"
"USW00003131","SAN DIEGO MONTGOMERY FIELD, CA US","2020-06-13","0.00","0.0","0.0",,"75","61"
"USW00003131","SAN DIEGO MONTGOMERY FIELD, CA US","2020-06-14","0.00","0.0","0.0",,"76","61"
"USW00003131","SAN DIEGO MONTGOMERY FIELD, CA US","2020-06-15","0.00","0.0","0.0",,"74","63"
"USW00003131","SAN DIEGO MONTGOMERY FIELD, CA US","2020-06-16","0.00","0.0","0.0",,"74","63"
"USW00003131","SAN DIEGO MONTGOMERY FIELD, CA US","2020-06-17","0.00","0.0","0.0",,"73","62"
"USW00003131","SAN DIEGO MONTGOMERY FIELD, CA US","2020-06-18","0.00","0.0","0.0",,"72","62"
"USW00003131","SAN DIEGO MONTGOMERY FIELD, CA US","2020-06-19","0.00","0.0","0.0",,"74","63"
"USW00003131","SAN DIEGO MONTGOMERY FIELD, CA US","2020-06-20","0.00","0.0","0.0",,"72","64"
"USW00003131","SAN DIEGO MONTGOMERY FIELD, CA US","2020-06-21","0.00","0.0","0.0",,"73","64"
"USW00003131","SAN DIEGO MONTGOMERY FIELD, CA US","2020-06-22","0.00","0.0","0.0",,"74","64"
"USW00003131","SAN DIEGO MONTGOMERY FIELD, CA US","2020-06-23","0.00","0.0","0.0",,"75","64"
"USW00003131","SAN DIEGO MONTGOMERY FIELD, CA US","2020-06-24","0.00","0.0","0.0",,"75","63"
"USW00003131","SAN DIEGO MONTGOMERY FIELD, CA US","2020-06-25","0.00","0.0","0.0",,"74","63"
"USW00003131","SAN DIEGO MONTGOMERY FIELD, CA US","2020-06-26","0.00","0.0","0.0",,"79","63"
"USW00003131","SAN DIEGO MONTGOMERY FIELD, CA US","2020-06-27","0.00","0.0","0.0",,"76","64"
"USW00003131","SAN DIEGO MONTGOMERY FIELD, CA US","2020-06-28","0.01","0.0","0.0",,"74","63"
"USW00003131","SAN DIEGO MONTGOMERY FIELD, CA US","2020-06-29","0.11","0.0","0.0",,"70","61"
"USW00003131","SAN DIEGO MONTGOMERY FIELD, CA US","2020-06-30","0.00","0.0","0.0",,"75","62"
"USW00003131","SAN DIEGO MONTGOMERY FIELD, CA US","2020-07-01","0.00","0.0","0.0",,"73","64"
"USW00003131","SAN DIEGO MONTGOMERY FIELD, CA US","2020-07-02","0.00","0.0","0.0",,"78","64"
"USW00003131","SAN DIEGO MONTGOMERY FIELD, CA US","2020-07-03","0.00","0.0","0.0",,"82","62"
"USW00003131","SAN DIEGO MONTGOMERY FIELD, CA US","2020-07-04","0.00","0.0","0.0",,"83","65"
"USW00003131","SAN DIEGO MONTGOMERY FIELD, CA US","2020-07-05","0.00","0.0","0.0",,"89","64"
"USW00003131","SAN DIEGO MONTGOMERY FIELD, CA US","2020-07-06","0.00","0.0","0.0",,"85","63"
"USW00003131","SAN DIEGO MONTGOMERY FIELD, CA US","2020-07-07","0.00","0.0","0.0",,"80","66"
"USW00003131","SAN DIEGO MONTGOMERY FIELD, CA US","2020-07-08","0.00","0.0","0.0",,"78","63"
"USW00003131","SAN DIEGO MONTGOMERY FIELD, CA US","2020-07-09","0.00","0.0","0.0",,"78","62"
"USW00003131","SAN DIEGO MONTGOMERY FIELD, CA US","2020-07-10","0.00","0.0","0.0",,"88","66"
"USW00003131","SAN DIEGO MONTGOMERY FIELD, CA US","2020-07-11","0.00","0.0","0.0",,"90","69"
"USW00003131","SAN DIEGO MONTGOMERY FIELD, CA US","2020-07-12","0.00","0.0","0.0",,"93","69"
"USW00003131","SAN DIEGO MONTGOMERY FIELD, CA US","2020-07-13","0.00","0.0","0.0",,"84","68"
"USW00003131","SAN DIEGO MONTGOMERY FIELD, CA US","2020-07-14","0.00","0.0","0.0",,"80","67"
"USW00003131","SAN DIEGO MONTGOMERY FIELD, CA US","2020-07-15","0.00","0.0","0.0",,"78","67"
"USW00003131","SAN DIEGO MONTGOMERY FIELD, CA US","2020-07-16","0.00","0.0","0.0",,"80","67"
"USW00003131","SAN DIEGO MONTGOMERY FIELD, CA US","2020-07-17","0.00","0.0","0.0",,"81","67"
"USW00003131","SAN DIEGO MONTGOMERY FIELD, CA US","2020-07-18","0.00","0.0","0.0",,"81","67"
"USW00003131","SAN DIEGO MONTGOMERY FIELD, CA US","2020-07-19","0.00","0.0","0.0",,"80","66"
"USW00003131","SAN DIEGO MONTGOMERY FIELD, CA US","2020-07-20","0.00","0.0","0.0",,"79","66"
"USW00003131","SAN DIEGO MONTGOMERY FIELD, CA US","2020-07-21","0.00","0.0","0.0",,"80","66"
"USW00003131","SAN DIEGO MONTGOMERY FIELD, CA US","2020-07-22","0.00","0.0","0.0",,"76","66"
"USW00003131","SAN DIEGO MONTGOMERY FIELD, CA US","2020-07-23","0.00","0.0","0.0",,"76","65"
"USW00003131","SAN DIEGO MONTGOMERY FIELD, CA US","2020-07-24","0.00","0.0","0.0",,"77","65"
"USW00003131","SAN DIEGO MONTGOMERY FIELD, CA US","2020-07-25","0.00","0.0","0.0",,"79","66"
"USW00003131","SAN DIEGO MONTGOMERY FIELD, CA US","2020-07-26","0.00","0.0","0.0",,"80","66"
"USW00003131","SAN DIEGO MONTGOMERY FIELD, CA US","2020-07-27","0.00","0.0","0.0",,"80","65"
"USW00003131","SAN DIEGO MONTGOMERY FIELD, CA US","2020-07-28","0.00","0.0","0.0",,"77","64"
"USW00003131","SAN DIEGO MONTGOMERY FIELD, CA US","2020-07-29","0.00","0.0","0.0",,"80","65"
"USW00003131","SAN DIEGO MONTGOMERY FIELD, CA US","2020-07-30","0.00","0.0","0.0",,"80","65"
"USW00003131","SAN DIEGO MONTGOMERY FIELD, CA US","2020-07-31","0.00","0.0","0.0",,"89","66"
"USW00003131","SAN DIEGO MONTGOMERY FIELD, CA US","2020-08-01","0.00","0.0","0.0",,"84","67"
"USW00003131","SAN DIEGO MONTGOMERY FIELD, CA US","2020-08-02","0.00","0.0","0.0",,"82","62"
"USW00003131","SAN DIEGO MONTGOMERY FIELD, CA US","2020-08-03","0.00","0.0","0.0",,"79","65"
"USW00003131","SAN DIEGO MONTGOMERY FIELD, CA US","2020-08-04","0.00","0.0","0.0",,"78","64"
"USW00003131","SAN DIEGO MONTGOMERY FIELD, CA US","2020-08-05","0.00","0.0","0.0",,"76","65"
"USW00003131","SAN DIEGO MONTGOMERY FIELD, CA US","2020-08-06","0.00","0.0","0.0",,"76","64"
"USW00003131","SAN DIEGO MONTGOMERY FIELD, CA US","2020-08-07","0.00","0.0","0.0",,"81","63"
"USW00003131","SAN DIEGO MONTGOMERY FIELD, CA US","2020-08-08","0.00","0.0","0.0",,"82","65"
"USW00003131","SAN DIEGO MONTGOMERY FIELD, CA US","2020-08-09","0.00","0.0","0.0",,"81","66"
"USW00003131","SAN DIEGO MONTGOMERY FIELD, CA US","2020-08-10","0.00","0.0","0.0",,"81","66"
"USW00003131","SAN DIEGO MONTGOMERY FIELD, CA US","2020-08-11","0.00","0.0","0.0",,"79","65"
"USW00003131","SAN DIEGO MONTGOMERY FIELD, CA US","2020-08-12","0.00","0.0","0.0",,"86","63"
"USW00003131","SAN DIEGO MONTGOMERY FIELD, CA US","2020-08-13","0.00","0.0","0.0",,"94","71"
"USW00003131","SAN DIEGO MONTGOMERY FIELD, CA US","2020-08-14","0.00","0.0","0.0",,"97","69"
"USW00003131","SAN DIEGO MONTGOMERY FIELD, CA US","2020-08-15","0.00","0.0","0.0",,"92","74"
"USW00003131","SAN DIEGO MONTGOMERY FIELD, CA US","2020-08-16","0.00","0.0","0.0",,"87","72"
"USW00003131","SAN DIEGO MONTGOMERY FIELD, CA US","2020-08-17","0.00","0.0","0.0",,"91","71"
"USW00003131","SAN DIEGO MONTGOMERY FIELD, CA US","2020-08-18","0.00","0.0","0.0",,"99","72"
"USW00003131","SAN DIEGO MONTGOMERY FIELD, CA US","2020-08-19","0.00","0.0","0.0",,"89","73"
"USW00003131","SAN DIEGO MONTGOMERY FIELD, CA US","2020-08-20","0.00","0.0","0.0",,"91","71"
"USW00003131","SAN DIEGO MONTGOMERY FIELD, CA US","2020-08-21","0.00","0.0","0.0",,"92","70"
"USW00003131","SAN DIEGO MONTGOMERY FIELD, CA US","2020-08-22","0.00","0.0","0.0",,"90","76"
"USW00003131","SAN DIEGO MONTGOMERY FIELD, CA US","2020-08-23","0.00","0.0","0.0",,"92","75"
"USW00003131","SAN DIEGO MONTGOMERY FIELD, CA US","2020-08-24","0.00","0.0","0.0",,"86","73"
"USW00003131","SAN DIEGO MONTGOMERY FIELD, CA US","2020-08-25","0.00","0.0","0.0",,"86","72"
"USW00003131","SAN DIEGO MONTGOMERY FIELD, CA US","2020-08-26","0.00","0.0","0.0",,"86","70"
"USW00003131","SAN DIEGO MONTGOMERY FIELD, CA US","2020-08-27","0.00","0.0","0.0",,"89","69"
"USW00003131","SAN DIEGO MONTGOMERY FIELD, CA US","2020-08-28","0.00","0.0","0.0",,"83","68"
"USW00003131","SAN DIEGO MONTGOMERY FIELD, CA US","2020-08-29","0.00","0.0","0.0",,"82","67"
"USW00003131","SAN DIEGO MONTGOMERY FIELD, CA US","2020-08-30","0.00","0.0","0.0",,"81","67"
"USW00003131","SAN DIEGO MONTGOMERY FIELD, CA US","2020-08-31","0.00","0.0","0.0",,"79","66"
"USW00003131","SAN DIEGO MONTGOMERY FIELD, CA US","2020-09-01","0.00","0.0","0.0",,"80","68"
"USW00003131","SAN DIEGO MONTGOMERY FIELD, CA US","2020-09-02","0.00","0.0","0.0",,"79","67"
"USW00003131","SAN DIEGO MONTGOMERY FIELD, CA US","2020-09-03","0.00","0.0","0.0",,"85","68"
"USW00003131","SAN DIEGO MONTGOMERY FIELD, CA US","2020-09-04","0.00","0.0","0.0",,"89","67"
"USW00003131","SAN DIEGO MONTGOMERY FIELD, CA US","2020-09-05","0.00","0.0","0.0",,"102","71"
"USW00003131","SAN DIEGO MONTGOMERY FIELD, CA US","2020-09-06","0.00","0.0","0.0",,"106","74"
"USW00003131","SAN DIEGO MONTGOMERY FIELD, CA US","2020-09-07","0.00","0.0","0.0",,"80","69"
"USW00003131","SAN DIEGO MONTGOMERY FIELD, CA US","2020-09-08","0.00","0.0","0.0",,"78","70"
"USW00003131","SAN DIEGO MONTGOMERY FIELD, CA US","2020-09-09","0.00","0.0","0.0",,"84","65"
"USW00003131","SAN DIEGO MONTGOMERY FIELD, CA US","2020-09-10","0.00","0.0","0.0",,"89","62"
"USW00003131","SAN DIEGO MONTGOMERY FIELD, CA US","2020-09-11","0.00","0.0","0.0",,"87","62"
"USW00003131","SAN DIEGO MONTGOMERY FIELD, CA US","2020-09-12","0.00","0.0","0.0",,"86","62"
"USW00003131","SAN DIEGO MONTGOMERY FIELD, CA US","2020-09-13","0.00","0.0","0.0",,"86","65"
"USW00003131","SAN DIEGO MONTGOMERY FIELD, CA US","2020-09-14","0.00","0.0","0.0",,"89","64"
"USW00003131","SAN DIEGO MONTGOMERY FIELD, CA US","2020-09-15","0.00","0.0","0.0",,"90","65"
"USW00003131","SAN DIEGO MONTGOMERY FIELD, CA US","2020-09-16","0.00","0.0","0.0",,"97","64"
"USW00003131","SAN DIEGO MONTGOMERY FIELD, CA US","2020-09-17","0.00","0.0","0.0",,"100","65"
"USW00003131","SAN DIEGO MONTGOMERY FIELD, CA US","2020-09-18","0.00","0.0","0.0",,"101","66"
"USW00003131","SAN DIEGO MONTGOMERY FIELD, CA US","2020-09-19","0.00","0.0","0.0",,"91","68"
"USW00003131","SAN DIEGO MONTGOMERY FIELD, CA US","2020-09-20","0.00","0.0","0.0",,"81","66"
"USW00003131","SAN DIEGO MONTGOMERY FIELD, CA US","2020-09-21","0.00","0.0","0.0",,"82","66"
"USW00003131","SAN DIEGO MONTGOMERY FIELD, CA US","2020-09-22","0.00","0.0","0.0",,"89","66"
"USW00003131","SAN DIEGO MONTGOMERY FIELD, CA US","2020-09-23","0.00","0.0","0.0",,"91","64"
"USW00003131","SAN DIEGO MONTGOMERY FIELD, CA US","2020-09-24","0.00","0.0","0.0",,"87","62"
"USW00003131","SAN DIEGO MONTGOMERY FIELD, CA US","2020-09-25","0.00","0.0","0.0",,"78","65"
"USW00003131","SAN DIEGO MONTGOMERY FIELD, CA US","2020-09-26","0.00","0.0","0.0",,"80","66"
"USW00003131","SAN DIEGO MONTGOMERY FIELD, CA US","2020-09-27","0.00","0.0","0.0",,"78","66"
"USW00003131","SAN DIEGO MONTGOMERY FIELD, CA US","2020-09-28","0.00","0.0","0.0",,"87","63"
"USW00003131","SAN DIEGO MONTGOMERY FIELD, CA US","2020-09-29","0.00","0.0","0.0",,"91","65"
"USW00003131","SAN DIEGO MONTGOMERY FIELD, CA US","2020-09-30","0.00","0.0","0.0",,"104","68"
"USW00003131","SAN DIEGO MONTGOMERY FIELD, CA US","2020-10-01","0.00","0.0","0.0",,"100","69"
"USW00003131","SAN DIEGO MONTGOMERY FIELD, CA US","2020-10-02","0.00","0.0","0.0",,"99","66"
"USW00003131","SAN DIEGO MONTGOMERY FIELD, CA US","2020-10-03","0.00","0.0","0.0",,"95","66"
"USW00003131","SAN DIEGO MONTGOMERY FIELD, CA US","2020-10-04","0.00","0.0","0.0",,"96","64"
"USW00003131","SAN DIEGO MONTGOMERY FIELD, CA US","2020-10-05","0.00","0.0","0.0",,"96","67"
"USW00003131","SAN DIEGO MONTGOMERY FIELD, CA US","2020-10-06","0.00","0.0","0.0",,"90","64"
"USW00003131","SAN DIEGO MONTGOMERY FIELD, CA US","2020-10-07","0.00","0.0","0.0",,"80","65"
"USW00003131","SAN DIEGO MONTGOMERY FIELD, CA US","2020-10-08","0.00","0.0","0.0",,"76","64"
"USW00003131","SAN DIEGO MONTGOMERY FIELD, CA US","2020-10-09","0.00","0.0","0.0",,"78","66"
"USW00003131","SAN DIEGO MONTGOMERY FIELD, CA US","2020-10-10","0.00","0.0","0.0",,"76","64"
"USW00003131","SAN DIEGO MONTGOMERY FIELD, CA US","2020-10-11","0.00","0.0","0.0",,"79","64"
"USW00003131","SAN DIEGO MONTGOMERY FIELD, CA US","2020-10-12","0.00","0.0","0.0",,"96","61"
"USW00003131","SAN DIEGO MONTGOMERY FIELD, CA US","2020-10-13","0.00","0.0","0.0",,"99","64"
"USW00003131","SAN DIEGO MONTGOMERY FIELD, CA US","2020-10-14","0.00","0.0","0.0",,"92","63"
"USW00003131","SAN DIEGO MONTGOMERY FIELD, CA US","2020-10-15","0.00","0.0","0.0",,"95","65"
"USW00003131","SAN DIEGO MONTGOMERY FIELD, CA US","2020-10-16","0.00","0.0","0.0",,"96","63"
"USW00003131","SAN DIEGO MONTGOMERY FIELD, CA US","2020-10-17","0.00","0.0","0.0",,"84","60"
"USW00003131","SAN DIEGO MONTGOMERY FIELD, CA US","2020-10-18","0.00","0.0","0.0",,"85","61"
"USW00003131","SAN DIEGO MONTGOMERY FIELD, CA US","2020-10-19","0.00","0.0","0.0",,"80","66"
"USW00003131","SAN DIEGO MONTGOMERY FIELD, CA US","2020-10-20","0.00","0.0","0.0",,"77","66"
"USW00003131","SAN DIEGO MONTGOMERY FIELD, CA US","2020-10-21","0.00","0.0","0.0",,"76","65"
"USW00003131","SAN DIEGO MONTGOMERY FIELD, CA US","2020-10-22","0.00","0.0","0.0",,"73","65"
"USW00003131","SAN DIEGO MONTGOMERY FIELD, CA US","2020-10-23","0.00","0.0","0.0",,"74","66"
"USW00003131","SAN DIEGO MONTGOMERY FIELD, CA US","2020-10-24","0.00","0.0","0.0",,"73","66"
"USW00003131","SAN DIEGO MONTGOMERY FIELD, CA US","2020-10-25","0.00","0.0","0.0",,"70","62"
"USW00003131","SAN DIEGO MONTGOMERY FIELD, CA US","2020-10-26","0.00","0.0","0.0",,"73","50"
"USW00003131","SAN DIEGO MONTGOMERY FIELD, CA US","2020-10-27","0.00","0.0","0.0",,"78","47"
"USW00003131","SAN DIEGO MONTGOMERY FIELD, CA US","2020-10-28","0.00","0.0","0.0",,"77","50"
"USW00003131","SAN DIEGO MONTGOMERY FIELD, CA US","2020-10-29","0.00","0.0","0.0",,"84","50"
"USW00003131","SAN DIEGO MONTGOMERY FIELD, CA US","2020-10-30","0.00","0.0","0.0",,"82","51"
"USW00003131","SAN DIEGO MONTGOMERY FIELD, CA US","2020-10-31","0.00","0.0","0.0",,"84","52"
"USW00003131","SAN DIEGO MONTGOMERY FIELD, CA US","2020-11-01","0.00","0.0","0.0",,"88","56"
"USW00003131","SAN DIEGO MONTGOMERY FIELD, CA US","2020-11-02","0.00","0.0","0.0",,"77","54"
"USW00003131","SAN DIEGO MONTGOMERY FIELD, CA US","2020-11-03","0.00","0.0","0.0",,"76","53"
"USW00003131","SAN DIEGO MONTGOMERY FIELD, CA US","2020-11-04","0.00","0.0","0.0",,"84","56"
"USW00003131","SAN DIEGO MONTGOMERY FIELD, CA US","2020-11-05","0.00","0.0","0.0",,"96","57"
"USW00003131","SAN DIEGO MONTGOMERY FIELD, CA US","2020-11-06","0.00","0.0","0.0",,"71","59"
"USW00003131","SAN DIEGO MONTGOMERY FIELD, CA US","2020-11-07","0.61","0.0","0.0",,"63","53"
"USW00003131","SAN DIEGO MONTGOMERY FIELD, CA US","2020-11-08","0.21","0.0","0.0",,"62","52"
"USW00003131","SAN DIEGO MONTGOMERY FIELD, CA US","2020-11-09","0.06",,"0.0",,"62","46"
"USW00003131","SAN DIEGO MONTGOMERY FIELD, CA US","2020-11-10","0.00","0.0","0.0",,"67","45"
"USW00003131","SAN DIEGO MONTGOMERY FIELD, CA US","2020-11-11","0.00","0.0","0.0",,"69","44"
"USW00003131","SAN DIEGO MONTGOMERY FIELD, CA US","2020-11-12","0.00","0.0","0.0",,"71","47"
"USW00003131","SAN DIEGO MONTGOMERY FIELD, CA US","2020-11-13","0.00","0.0","0.0",,"68","47"
"USW00003131","SAN DIEGO MONTGOMERY FIELD, CA US","2020-11-14","0.00","0.0","0.0",,"70","52"
"USW00003131","SAN DIEGO MONTGOMERY FIELD, CA US","2020-11-15","0.00","0.0","0.0",,"85","51"
"USW00003131","SAN DIEGO MONTGOMERY FIELD, CA US","2020-11-16","0.00","0.0","0.0",,"91","55"
"USW00003131","SAN DIEGO MONTGOMERY FIELD, CA US","2020-11-17","0.00","0.0","0.0",,"82","54"
"USW00003131","SAN DIEGO MONTGOMERY FIELD, CA US","2020-11-18","0.00","0.0","0.0",,"69","49"
"USW00003131","SAN DIEGO MONTGOMERY FIELD, CA US","2020-11-19","0.00","0.0","0.0",,"72","53"
"USW00003131","SAN DIEGO MONTGOMERY FIELD, CA US","2020-11-20","0.00","0.0","0.0",,"76","50"
"USW00003131","SAN DIEGO MONTGOMERY FIELD, CA US","2020-11-21","0.00","0.0","0.0",,"74","50"
"USW00003131","SAN DIEGO MONTGOMERY FIELD, CA US","2020-11-22","0.00","0.0","0.0",,"71","51"
"USW00003131","SAN DIEGO MONTGOMERY FIELD, CA US","2020-11-23","0.00","0.0","0.0",,"64","53"
"USW00003131","SAN DIEGO MONTGOMERY FIELD, CA US","2020-11-24","0.00","0.0","0.0",,"66","50"
"USW00003131","SAN DIEGO MONTGOMERY FIELD, CA US","2020-11-25","0.00","0.0","0.0",,"67","50"
"USW00003131","SAN DIEGO MONTGOMERY FIELD, CA US","2020-11-26","0.00","0.0","0.0",,"66","50"
"USW00003131","SAN DIEGO MONTGOMERY FIELD, CA US","2020-11-27","0.00","0.0","0.0",,"70","42"
"USW00003131","SAN DIEGO MONTGOMERY FIELD, CA US","2020-11-28","0.00","0.0","0.0",,"74","42"
"USW00003131","SAN DIEGO MONTGOMERY FIELD, CA US","2020-11-29","0.00","0.0","0.0",,"75","42"
"USW00003131","SAN DIEGO MONTGOMERY FIELD, CA US","2020-11-30","0.00","0.0","0.0",,"78","45"
"USW00003131","SAN DIEGO MONTGOMERY FIELD, CA US","2020-12-01","0.00","0.0","0.0",,"76","45"
"USW00003131","SAN DIEGO MONTGOMERY FIELD, CA US","2020-12-02","0.00","0.0","0.0",,"81","45"
"USW00003131","SAN DIEGO MONTGOMERY FIELD, CA US","2020-12-03","0.00","0.0","0.0",,"73","47"
"USW00003131","SAN DIEGO MONTGOMERY FIELD, CA US","2020-12-04","0.00","0.0","0.0",,"73","41"
"USW00003131","SAN DIEGO MONTGOMERY FIELD, CA US","2020-12-05","0.00","0.0","0.0",,"72","42"
"USW00003131","SAN DIEGO MONTGOMERY FIELD, CA US","2020-12-06","0.00","0.0","0.0",,"74","43"
"USW00003131","SAN DIEGO MONTGOMERY FIELD, CA US","2020-12-07","0.00","0.0","0.0",,"71","45"
"USW00003131","SAN DIEGO MONTGOMERY FIELD, CA US","2020-12-08","0.00","0.0","0.0",,"83","55"
"USW00003131","SAN DIEGO MONTGOMERY FIELD, CA US","2020-12-09","0.00","0.0","0.0",,"74","48"
"USW00003131","SAN DIEGO MONTGOMERY FIELD, CA US","2020-12-10","0.00",,,,"63","45"
"USW00003131","SAN DIEGO MONTGOMERY FIELD, CA US","2020-12-11","0.00",,,,"63","45"
"USW00003131","SAN DIEGO MONTGOMERY FIELD, CA US","2020-12-12","0.00",,,,"62","47"
"USW00003131","SAN DIEGO MONTGOMERY FIELD, CA US","2020-12-13","0.00",,,,"69","43"
"USW00003131","SAN DIEGO MONTGOMERY FIELD, CA US","2020-12-14","0.00",,,,"63","46"
"USW00003131","SAN DIEGO MONTGOMERY FIELD, CA US","2020-12-15","0.00",,,,"69","44"
"USW00003131","SAN DIEGO MONTGOMERY FIELD, CA US","2020-12-16","0.00",,,,"71","41"
"USW00003131","SAN DIEGO MONTGOMERY FIELD, CA US","2020-12-17","0.00",,,,"63","44"
"USW00003131","SAN DIEGO MONTGOMERY FIELD, CA US","2020-12-18","0.00",,,,"66","46"
"USW00003131","SAN DIEGO MONTGOMERY FIELD, CA US","2020-12-19","0.00",,,,"73","41"
"USW00003131","SAN DIEGO MONTGOMERY FIELD, CA US","2020-12-20","0.00",,,,"80","42"
"USW00003131","SAN DIEGO MONTGOMERY FIELD, CA US","2020-12-21","0.00",,,,"82","46"
"USW00003131","SAN DIEGO MONTGOMERY FIELD, CA US","2020-12-22","0.00",,,,"67","44"
"USW00003131","SAN DIEGO MONTGOMERY FIELD, CA US","2020-12-23","0.00",,,,"71","43"
"USW00003131","SAN DIEGO MONTGOMERY FIELD, CA US","2020-12-24","0.00",,,,"66","52"
"USW00003131","SAN DIEGO MONTGOMERY FIELD, CA US","2020-12-25","0.00",,,,"74","45"
"USW00003131","SAN DIEGO MONTGOMERY FIELD, CA US","2020-12-26","0.00",,,,"67","45"
"USW00003131","SAN DIEGO MONTGOMERY FIELD, CA US","2020-12-27","0.00",,,,"60","51"
"USW00003131","SAN DIEGO MONTGOMERY FIELD, CA US","2020-12-28","0.58",,,,"59","50"
"USW00003131","SAN DIEGO MONTGOMERY FIELD, CA US","2020-12-29","0.04",,,,"62","44"
"USW00003131","SAN DIEGO MONTGOMERY FIELD, CA US","2020-12-30","0.00",,,,"66","38"
"USW00003131","SAN DIEGO MONTGOMERY FIELD, CA US","2020-12-31","0.00",,,,"64","40"
"USW00003131","SAN DIEGO MONTGOMERY FIELD, CA US","2021-01-01","0.00",,,,"69","41"
"USW00003131","SAN DIEGO MONTGOMERY FIELD, CA US","2021-01-02","0.00",,,,"65","42"
"USW00003131","SAN DIEGO MONTGOMERY FIELD, CA US","2021-01-03","0.00",,,,"65","43"
"USW00003131","SAN DIEGO MONTGOMERY FIELD, CA US","2021-01-04","0.00",,,,"66","44"
"USW00003131","SAN DIEGO MONTGOMERY FIELD, CA US","2021-01-05","0.00",,,,"62","45"
"USW00003131","SAN DIEGO MONTGOMERY FIELD, CA US","2021-01-06","0.00",,,,"66","44"
"USW00003131","SAN DIEGO MONTGOMERY FIELD, CA US","2021-01-07","0.00",,,,"72","43"
"USW00003131","SAN DIEGO MONTGOMERY FIELD, CA US","2021-01-08","0.00",,,,"70","43"
"USW00003131","SAN DIEGO MONTGOMERY FIELD, CA US","2021-01-09","0.00",,,,"70","41"
"USW00003131","SAN DIEGO MONTGOMERY FIELD, CA US","2021-01-10","0.00",,,,"72","43"
"USW00003131","SAN DIEGO MONTGOMERY FIELD, CA US","2021-01-11","0.00",,,,"72","43"
"USW00003131","SAN DIEGO MONTGOMERY FIELD, CA US","2021-01-12","0.00",,,,"73","44"
"USW00003131","SAN DIEGO MONTGOMERY FIELD, CA US","2021-01-13","0.00",,,,"76","45"
"USW00003131","SAN DIEGO MONTGOMERY FIELD, CA US","2021-01-14","0.00",,,,"86","48"
"USW00003131","SAN DIEGO MONTGOMERY FIELD, CA US","2021-01-15","0.00",,,,"88","55"
"USW00003131","SAN DIEGO MONTGOMERY FIELD, CA US","2021-01-16","0.00",,,,"78","50"
"USW00003131","SAN DIEGO MONTGOMERY FIELD, CA US","2021-01-17","0.00",,,,"85","53"
"USW00003131","SAN DIEGO MONTGOMERY FIELD, CA US","2021-01-18","0.00",,,,"76","48"
"USW00003131","SAN DIEGO MONTGOMERY FIELD, CA US","2021-01-19","0.00",,,,"68","50"
"USW00003131","SAN DIEGO MONTGOMERY FIELD, CA US","2021-01-20","0.00",,,,"70","54"
"USW00003131","SAN DIEGO MONTGOMERY FIELD, CA US","2021-01-21","0.00",,"0.0",,"69","51"
"USW00003131","SAN DIEGO MONTGOMERY FIELD, CA US","2021-01-22","0.10",,"0.0",,"62","49"
"USW00003131","SAN DIEGO MONTGOMERY FIELD, CA US","2021-01-23","0.38",,"0.0",,"56","43"
"USW00003131","SAN DIEGO MONTGOMERY FIELD, CA US","2021-01-24","0.12",,,,"58","43"
"USW00003131","SAN DIEGO MONTGOMERY FIELD, CA US","2021-01-25","0.22",,,,"53","47"
"USW00003131","SAN DIEGO MONTGOMERY FIELD, CA US","2021-01-26","0.03",,,,"57","42"
"USW00003131","SAN DIEGO MONTGOMERY FIELD, CA US","2021-01-27","0.00",,,,"61","40"
"USW00003131","SAN DIEGO MONTGOMERY FIELD, CA US","2021-01-28","0.04",,,,"63","42"
"USW00003131","SAN DIEGO MONTGOMERY FIELD, CA US","2021-01-29","1.02",,,,"58","45"
"USW00003131","SAN DIEGO MONTGOMERY FIELD, CA US","2021-01-30","0.00",,,,"62","40"
"USW00003131","SAN DIEGO MONTGOMERY FIELD, CA US","2021-01-31","0.00",,,,"69","43"
"USW00003131","SAN DIEGO MONTGOMERY FIELD, CA US","2021-02-01","0.00",,,,"70","54"
"USW00003131","SAN DIEGO MONTGOMERY FIELD, CA US","2021-02-02","0.00",,,,"67","54"
"USW00003131","SAN DIEGO MONTGOMERY FIELD, CA US","2021-02-03","0.00",,,,"66","50"
"USW00003131","SAN DIEGO MONTGOMERY FIELD, CA US","2021-02-04","0.00",,,,"63","51"
"USW00003131","SAN DIEGO MONTGOMERY FIELD, CA US","2021-02-05","0.00",,,,"69","45"
"USW00003131","SAN DIEGO MONTGOMERY FIELD, CA US","2021-02-06","0.00",,,,"76","43"
"USW00003131","SAN DIEGO MONTGOMERY FIELD, CA US","2021-02-07","0.00",,,,"70","44"
"USW00003131","SAN DIEGO MONTGOMERY FIELD, CA US","2021-02-08","0.00",,,,"61","50"
"USW00003131","SAN DIEGO MONTGOMERY FIELD, CA US","2021-02-09","0.00",,,,"60","51"
"USW00003131","SAN DIEGO MONTGOMERY FIELD, CA US","2021-02-10","0.00",,,,"61","48"
"USW00003131","SAN DIEGO MONTGOMERY FIELD, CA US","2021-02-11","0.00",,,,"69","45"
"USW00003131","SAN DIEGO MONTGOMERY FIELD, CA US","2021-02-12","0.02",,,,"62","47"
"USW00003131","SAN DIEGO MONTGOMERY FIELD, CA US","2021-02-13","0.00",,,,"60","47"
"USW00003131","SAN DIEGO MONTGOMERY FIELD, CA US","2021-02-14","0.00",,,,"65","46"
"USW00003131","SAN DIEGO MONTGOMERY FIELD, CA US","2021-02-15","0.00",,,,"62","44"
"USW00003131","SAN DIEGO MONTGOMERY FIELD, CA US","2021-02-16","0.10",,,,"61","49"
"USW00003131","SAN DIEGO MONTGOMERY FIELD, CA US","2021-02-17","0.00",,,,"64","45"
"USW00003131","SAN DIEGO MONTGOMERY FIELD, CA US","2021-02-18","0.00",,,,"70","45"
"USW00003131","SAN DIEGO MONTGOMERY FIELD, CA US","2021-02-19","0.00",,,,"70","43"
"USW00003131","SAN DIEGO MONTGOMERY FIELD, CA US","2021-02-20","0.00",,,,"66","43"
"USW00003131","SAN DIEGO MONTGOMERY FIELD, CA US","2021-02-21","0.00",,,,"77","43"
"USW00003131","SAN DIEGO MONTGOMERY FIELD, CA US","2021-02-22","0.00",,,,"82","44"
"USW00003131","SAN DIEGO MONTGOMERY FIELD, CA US","2021-02-23","0.00",,,,"77","46"
"USW00003131","SAN DIEGO MONTGOMERY FIELD, CA US","2021-02-24","0.00",,,,"72","45"
"USW00003131","SAN DIEGO MONTGOMERY FIELD, CA US","2021-02-25","0.00",,,,"74","45"
"USW00003131","SAN DIEGO MONTGOMERY FIELD, CA US","2021-02-26","0.00",,,,"75","44"
"USW00003131","SAN DIEGO MONTGOMERY FIELD, CA US","2021-02-27","0.00",,,,"66","44"
"USW00003131","SAN DIEGO MONTGOMERY FIELD, CA US","2021-02-28","0.00",,,,"75","44"
"USW00003131","SAN DIEGO MONTGOMERY FIELD, CA US","2021-03-01","0.00",,,,"76","42"
"USW00003131","SAN DIEGO MONTGOMERY FIELD, CA US","2021-03-02","0.00",,,,"73","39"
"USW00003131","SAN DIEGO MONTGOMERY FIELD, CA US","2021-03-03","0.91",,,,"59","42"
"USW00003131","SAN DIEGO MONTGOMERY FIELD, CA US","2021-03-04","0.00",,,,"64","47"
"USW00003131","SAN DIEGO MONTGOMERY FIELD, CA US","2021-03-05","0.00",,,,"73","44"
"USW00003131","SAN DIEGO MONTGOMERY FIELD, CA US","2021-03-06","0.00",,,,"68","48"
"USW00003131","SAN DIEGO MONTGOMERY FIELD, CA US","2021-03-07","0.00",,,,"62","48"
"USW00003131","SAN DIEGO MONTGOMERY FIELD, CA US","2021-03-08","0.00",,,,"63","52"
"USW00003131","SAN DIEGO MONTGOMERY FIELD, CA US","2021-03-09","0.00",,,,"61","47"
"USW00003131","SAN DIEGO MONTGOMERY FIELD, CA US","2021-03-10","0.19",,,,"60","48"
"USW00003131","SAN DIEGO MONTGOMERY FIELD, CA US","2021-03-11","0.59",,,,"58","46"
"USW00003131","SAN DIEGO MONTGOMERY FIELD, CA US","2021-03-12","0.12",,,,"58","45"
"USW00003131","SAN DIEGO MONTGOMERY FIELD, CA US","2021-03-13","0.00",,,,"61","46"
"USW00003131","SAN DIEGO MONTGOMERY FIELD, CA US","2021-03-14","0.00",,,,"61","50"
"USW00003131","SAN DIEGO MONTGOMERY FIELD, CA US","2021-03-15","0.20",,,,"55","48"
"USW00003131","SAN DIEGO MONTGOMERY FIELD, CA US","2021-03-16","0.00",,,,"58","41"
"USW00003131","SAN DIEGO MONTGOMERY FIELD, CA US","2021-03-17","0.00",,,,"63","41"
"USW00003131","SAN DIEGO MONTGOMERY FIELD, CA US","2021-03-18","0.00",,,,"65","47"
"USW00003131","SAN DIEGO MONTGOMERY FIELD, CA US","2021-03-19","0.00",,,,"71","46"
"USW00003131","SAN DIEGO MONTGOMERY FIELD, CA US","2021-03-20","0.00",,,,"65","48"
"USW00003131","SAN DIEGO MONTGOMERY FIELD, CA US","2021-03-21","0.00",,,,"63","44"
"USW00003131","SAN DIEGO MONTGOMERY FIELD, CA US","2021-03-22","0.00",,,,"65","44"
"USW00003131","SAN DIEGO MONTGOMERY FIELD, CA US","2021-03-23","0.01",,,,"62","50"
"USW00003131","SAN DIEGO MONTGOMERY FIELD, CA US","2021-03-24","0.00",,,,"67","45"
"USW00003131","SAN DIEGO MONTGOMERY FIELD, CA US","2021-03-25","0.10",,,,"59","48"
"USW00003131","SAN DIEGO MONTGOMERY FIELD, CA US","2021-03-26","0.00",,,,"63","48"
"USW00003131","SAN DIEGO MONTGOMERY FIELD, CA US","2021-03-27","0.00",,,,"74","44"
"USW00003131","SAN DIEGO MONTGOMERY FIELD, CA US","2021-03-28","0.00",,,,"86","46"
"USW00003131","SAN DIEGO MONTGOMERY FIELD, CA US","2021-03-29","0.00",,,,"79","50"
"USW00003131","SAN DIEGO MONTGOMERY FIELD, CA US","2021-03-30","0.00",,,,"70","53"
"USW00003131","SAN DIEGO MONTGOMERY FIELD, CA US","2021-03-31","0.00",,,,"88","49"
"USW00003131","SAN DIEGO MONTGOMERY FIELD, CA US","2021-04-01","0.00",,,,"90","55"
"USW00003131","SAN DIEGO MONTGOMERY FIELD, CA US","2021-04-02","0.00",,,,"71","55"
"USW00003131","SAN DIEGO MONTGOMERY FIELD, CA US","2021-04-03","0.00",,,,"72","52"
"USW00003131","SAN DIEGO MONTGOMERY FIELD, CA US","2021-04-04","0.00",,,,"80","51"
"USW00003131","SAN DIEGO MONTGOMERY FIELD, CA US","2021-04-05","0.00",,,,"67","55"
"USW00003131","SAN DIEGO MONTGOMERY FIELD, CA US","2021-04-06","0.00",,,,"71","54"
"USW00003131","SAN DIEGO MONTGOMERY FIELD, CA US","2021-04-07","0.00",,,,"79","52"
"USW00003131","SAN DIEGO MONTGOMERY FIELD, CA US","2021-04-08","0.00",,,,"71","53"
"USW00003131","SAN DIEGO MONTGOMERY FIELD, CA US","2021-04-09","0.00",,,,"71","54"
"USW00003131","SAN DIEGO MONTGOMERY FIELD, CA US","2021-04-10","0.00",,,,"72","55"
"USW00003131","SAN DIEGO MONTGOMERY FIELD, CA US","2021-04-11","0.00",,,,"69","56"
"USW00003131","SAN DIEGO MONTGOMERY FIELD, CA US","2021-04-12","0.00",,,,"69","57"
"USW00003131","SAN DIEGO MONTGOMERY FIELD, CA US","2021-04-13","0.00",,,,"59","54"
"USW00003131","SAN DIEGO MONTGOMERY FIELD, CA US","2021-04-14","0.00",,,,"63","54"
"USW00003131","SAN DIEGO MONTGOMERY FIELD, CA US","2021-04-15","0.00",,,,"66","49"
"USW00003131","SAN DIEGO MONTGOMERY FIELD, CA US","2021-04-16","0.00",,,,"70","53"
"USW00003131","SAN DIEGO MONTGOMERY FIELD, CA US","2021-04-17","0.00",,,,"69","56"
"USW00003131","SAN DIEGO MONTGOMERY FIELD, CA US","2021-04-18","0.00",,,,"84","53"
"USW00003131","SAN DIEGO MONTGOMERY FIELD, CA US","2021-04-19","0.00",,,,"87","51"
"USW00003131","SAN DIEGO MONTGOMERY FIELD, CA US","2021-04-20","0.00",,,,"65","56"
"USW00003131","SAN DIEGO MONTGOMERY FIELD, CA US","2021-04-21","0.00",,,,"63","55"
"USW00003131","SAN DIEGO MONTGOMERY FIELD, CA US","2021-04-22","0.00",,,,"60","54"
"USW00003131","SAN DIEGO MONTGOMERY FIELD, CA US","2021-04-23","0.00",,,,"62","55"
"USW00003131","SAN DIEGO MONTGOMERY FIELD, CA US","2021-04-24","0.00",,,,"67","57"
"USW00003131","SAN DIEGO MONTGOMERY FIELD, CA US","2021-04-25","0.00",,,,"68","57"
"USW00003131","SAN DIEGO MONTGOMERY FIELD, CA US","2021-04-26","0.17",,,,"62","54"
"USW00003131","SAN DIEGO MONTGOMERY FIELD, CA US","2021-04-27","0.01",,,,"64","51"
"USW00003131","SAN DIEGO MONTGOMERY FIELD, CA US","2021-04-28","0.00",,,,"75","49"
"USW00003131","SAN DIEGO MONTGOMERY FIELD, CA US","2021-04-29","0.00",,,,"88","53"
"USW00003131","SAN DIEGO MONTGOMERY FIELD, CA US","2021-04-30","0.00",,,,"91","57"
"USW00003131","SAN DIEGO MONTGOMERY FIELD, CA US","2021-05-01","0.00",,,,"72","58"
"USW00003131","SAN DIEGO MONTGOMERY FIELD, CA US","2021-05-02","0.06",,,,"62","56"
"USW00003131","SAN DIEGO MONTGOMERY FIELD, CA US","2021-05-03","0.00",,,,"72","58"
"USW00003131","SAN DIEGO MONTGOMERY FIELD, CA US","2021-05-04","0.00",,,,"78","59"
"USW00003131","SAN DIEGO MONTGOMERY FIELD, CA US","2021-05-05","0.00",,,,"80","57"
"USW00003131","SAN DIEGO MONTGOMERY FIELD, CA US","2021-05-06","0.00",,,,"69","58"
"USW00003131","SAN DIEGO MONTGOMERY FIELD, CA US","2021-05-07","0.00",,,,"69","58"
"USW00003131","SAN DIEGO MONTGOMERY FIELD, CA US","2021-05-08","0.00",,,,"68","59"
"USW00003131","SAN DIEGO MONTGOMERY FIELD, CA US","2021-05-09","0.00",,,,"71","58"
"USW00003131","SAN DIEGO MONTGOMERY FIELD, CA US","2021-05-10","0.00",,,,"67","58"
"USW00003131","SAN DIEGO MONTGOMERY FIELD, CA US","2021-05-11","0.00",,,,"69","57"
"USW00003131","SAN DIEGO MONTGOMERY FIELD, CA US","2021-05-12","0.00",,,,"71","59"
"USW00003131","SAN DIEGO MONTGOMERY FIELD, CA US","2021-05-13","0.00",,,,"72","60"
"USW00003131","SAN DIEGO MONTGOMERY FIELD, CA US","2021-05-14","0.00",,,,"72","60"
"USW00003131","SAN DIEGO MONTGOMERY FIELD, CA US","2021-05-15","0.00",,,,"68","59"
"USW00003131","SAN DIEGO MONTGOMERY FIELD, CA US","2021-05-16","0.02",,,,"64","57"
"USW00003131","SAN DIEGO MONTGOMERY FIELD, CA US","2021-05-17","0.00",,,,"67","57"
"USW00003131","SAN DIEGO MONTGOMERY FIELD, CA US","2021-05-18","0.00",,,,"70","58"
"USW00003131","SAN DIEGO MONTGOMERY FIELD, CA US","2021-05-19","0.00",,,,"72","60"
"USW00003131","SAN DIEGO MONTGOMERY FIELD, CA US","2021-05-20","0.00",,,,"65","57"
"USW00003131","SAN DIEGO MONTGOMERY FIELD, CA US","2021-05-21","0.00",,,,"66","55"
"USW00003131","SAN DIEGO MONTGOMERY FIELD, CA US","2021-05-22","0.00",,,,"65","53"
"USW00003131","SAN DIEGO MONTGOMERY FIELD, CA US","2021-05-23","0.00",,,,"73","50"
"USW00003131","SAN DIEGO MONTGOMERY FIELD, CA US","2021-05-24","0.00",,,,"81","55"
"USW00003131","SAN DIEGO MONTGOMERY FIELD, CA US","2021-05-25","0.00",,,,"82","57"
"USW00003131","SAN DIEGO MONTGOMERY FIELD, CA US","2021-05-26","0.00",,,,"70","58"
"USW00003131","SAN DIEGO MONTGOMERY FIELD, CA US","2021-05-27","0.00",,,,"69","58"
"USW00003131","SAN DIEGO MONTGOMERY FIELD, CA US","2021-05-28","0.00",,,,"72","59"
"USW00003131","SAN DIEGO MONTGOMERY FIELD, CA US","2021-05-29","0.00",,,,"67","57"
"USW00003131","SAN DIEGO MONTGOMERY FIELD, CA US","2021-05-30","0.00",,,,"69","59"
"USW00003131","SAN DIEGO MONTGOMERY FIELD, CA US","2021-05-31","0.00",,,,"72","59"
"USW00003131","SAN DIEGO MONTGOMERY FIELD, CA US","2021-06-01","0.00",,,,"72","60"
"USW00003131","SAN DIEGO MONTGOMERY FIELD, CA US","2021-06-02","0.00",,,,"76","58"
"USW00003131","SAN DIEGO MONTGOMERY FIELD, CA US","2021-06-03","0.00",,,,"71","60"
"USW00003131","SAN DIEGO MONTGOMERY FIELD, CA US","2021-06-04","0.00",,,,"74","60"
"USW00003131","SAN DIEGO MONTGOMERY FIELD, CA US","2021-06-05","0.00",,,,"74","60"
"USW00003131","SAN DIEGO MONTGOMERY FIELD, CA US","2021-06-06","0.00",,,,"71","59"
"USW00003131","SAN DIEGO MONTGOMERY FIELD, CA US","2021-06-07","0.00",,,,"66","60"
"USW00003131","SAN DIEGO MONTGOMERY FIELD, CA US","2021-06-08","0.00",,,,"72","60"
"USW00003131","SAN DIEGO MONTGOMERY FIELD, CA US","2021-06-09","0.00",,,,"74","59"
"USW00003131","SAN DIEGO MONTGOMERY FIELD, CA US","2021-06-10","0.00",,,,"75","53"
"USW00003131","SAN DIEGO MONTGOMERY FIELD, CA US","2021-06-11","0.00",,,,"79","54"
"USW00003131","SAN DIEGO MONTGOMERY FIELD, CA US","2021-06-12","0.00",,,,"78","56"
"USW00003131","SAN DIEGO MONTGOMERY FIELD, CA US","2021-06-13","0.00",,,,"82","61"
"USW00003131","SAN DIEGO MONTGOMERY FIELD, CA US","2021-06-14","0.00",,,,"81","59"
"USW00003131","SAN DIEGO MONTGOMERY FIELD, CA US","2021-06-15","0.00",,,,"92","63"
"USW00003131","SAN DIEGO MONTGOMERY FIELD, CA US","2021-06-16","0.00",,,,"80","63"
"USW00003131","SAN DIEGO MONTGOMERY FIELD, CA US","2021-06-17","0.00",,,,"79","62"
"USW00003131","SAN DIEGO MONTGOMERY FIELD, CA US","2021-06-18","0.00",,,,"74","64"
"USW00003131","SAN DIEGO MONTGOMERY FIELD, CA US","2021-06-19","0.00",,,,"77","63"
"USW00003131","SAN DIEGO MONTGOMERY FIELD, CA US","2021-06-20","0.00",,,,"74","62"
"USW00003131","SAN DIEGO MONTGOMERY FIELD, CA US","2021-06-21","0.00",,,,"78","62"
"USW00003131","SAN DIEGO MONTGOMERY FIELD, CA US","2021-06-22","0.00",,,,"73","64"
"USW00003131","SAN DIEGO MONTGOMERY FIELD, CA US","2021-06-23","0.02",,,,"78","64"
"USW00003131","SAN DIEGO MONTGOMERY FIELD, CA US","2021-06-24","0.00",,,,"75","63"
"USW00003131","SAN DIEGO MONTGOMERY FIELD, CA US","2021-06-25","0.00",,,,"77","61"
"USW00003131","SAN DIEGO MONTGOMERY FIELD, CA US","2021-06-26","0.00",,,,"76","62"
"USW00003131","SAN DIEGO MONTGOMERY FIELD, CA US","2021-06-27","0.00",,,,"76","63"
"USW00003131","SAN DIEGO MONTGOMERY FIELD, CA US","2021-06-28","0.00",,,,"73","63"
"USW00003131","SAN DIEGO MONTGOMERY FIELD, CA US","2021-06-29","0.00",,,,"71","64"
"USW00003131","SAN DIEGO MONTGOMERY FIELD, CA US","2021-06-30","0.00",,,,"76","65"
"USW00003131","SAN DIEGO MONTGOMERY FIELD, CA US","2021-07-01","0.00",,,,"80","64"
"USW00003131","SAN DIEGO MONTGOMERY FIELD, CA US","2021-07-02","0.00",,,,"78","65"
"USW00003131","SAN DIEGO MONTGOMERY FIELD, CA US","2021-07-03","0.00",,,,"79","65"
"USW00003131","SAN DIEGO MONTGOMERY FIELD, CA US","2021-07-04","0.00",,,,"77","64"
"USW00003131","SAN DIEGO MONTGOMERY FIELD, CA US","2021-07-05","0.00",,,,"80","64"
"USW00003131","SAN DIEGO MONTGOMERY FIELD, CA US","2021-07-06","0.00",,,,"78","64"
"USW00003131","SAN DIEGO MONTGOMERY FIELD, CA US","2021-07-07","0.00",,,,"76","64"
"USW00003131","SAN DIEGO MONTGOMERY FIELD, CA US","2021-07-08","0.00",,,,"78","64"
"USW00003131","SAN DIEGO MONTGOMERY FIELD, CA US","2021-07-09","0.00",,,,"82","66"
"USW00003131","SAN DIEGO MONTGOMERY FIELD, CA US","2021-07-10","0.00",,,,"84","67"
"USW00003131","SAN DIEGO MONTGOMERY FIELD, CA US","2021-07-11","0.00",,,,"79","66"
"USW00003131","SAN DIEGO MONTGOMERY FIELD, CA US","2021-07-12","0.00",,,,"78","66"
"USW00003131","SAN DIEGO MONTGOMERY FIELD, CA US","2021-07-13","0.00",,,,"79","67"
"USW00003131","SAN DIEGO MONTGOMERY FIELD, CA US","2021-07-14","0.00",,,,"79","67"
"USW00003131","SAN DIEGO MONTGOMERY FIELD, CA US","2021-07-15","0.00",,,,"81","67"
"USW00003131","SAN DIEGO MONTGOMERY FIELD, CA US","2021-07-16","0.00",,,,"82","67"
"USW00003131","SAN DIEGO MONTGOMERY FIELD, CA US","2021-07-17","0.00",,,,"81","66"
"USW00003131","SAN DIEGO MONTGOMERY FIELD, CA US","2021-07-18","0.00",,,,"84","69"
"USW00003131","SAN DIEGO MONTGOMERY FIELD, CA US","2021-07-19","0.00",,,,"87","68"
"USW00003131","SAN DIEGO MONTGOMERY FIELD, CA US","2021-07-20","0.00",,,,"86","67"
"USW00003131","SAN DIEGO MONTGOMERY FIELD, CA US","2021-07-21","0.00",,,,"83","68"
"USW00003131","SAN DIEGO MONTGOMERY FIELD, CA US","2021-07-22","0.00",,,,"79","67"
"USW00003131","SAN DIEGO MONTGOMERY FIELD, CA US","2021-07-23","0.00",,,,"80","66"
"USW00003131","SAN DIEGO MONTGOMERY FIELD, CA US","2021-07-24","0.00",,,,"78","67"
"USW00003131","SAN DIEGO MONTGOMERY FIELD, CA US","2021-07-25","0.00",,,,"77","67"
"USW00003131","SAN DIEGO MONTGOMERY FIELD, CA US","2021-07-26","0.04",,,,"73","67"
"USW00003131","SAN DIEGO MONTGOMERY FIELD, CA US","2021-07-27","0.00",,,,"79","67"
"USW00003131","SAN DIEGO MONTGOMERY FIELD, CA US","2021-07-28","0.00",,,,"83","65"
"USW00003131","SAN DIEGO MONTGOMERY FIELD, CA US","2021-07-29","0.00",,,,"82","64"
"USW00003131","SAN DIEGO MONTGOMERY FIELD, CA US","2021-07-30","0.00",,,,"81","65"
"USW00003131","SAN DIEGO MONTGOMERY FIELD, CA US","2021-07-31","0.00",,,,"81","62"
"USW00003131","SAN DIEGO MONTGOMERY FIELD, CA US","2021-08-01","0.00",,,,"88","61"
"USW00003131","SAN DIEGO MONTGOMERY FIELD, CA US","2021-08-02","0.00",,,,"91","65"
"USW00003131","SAN DIEGO MONTGOMERY FIELD, CA US","2021-08-03","0.00",,,,"86","65"
"USW00003131","SAN DIEGO MONTGOMERY FIELD, CA US","2021-08-04","0.00",,,,"80","64"
"USW00003131","SAN DIEGO MONTGOMERY FIELD, CA US","2021-08-05","0.00",,,,"81","65"
"USW00003131","SAN DIEGO MONTGOMERY FIELD, CA US","2021-08-06","0.00",,,,"76","63"
"USW00003131","SAN DIEGO MONTGOMERY FIELD, CA US","2021-08-07","0.00",,,,"76","64"
"USW00003131","SAN DIEGO MONTGOMERY FIELD, CA US","2021-08-08","0.00",,,,"79","64"
"USW00003131","SAN DIEGO MONTGOMERY FIELD, CA US","2021-08-09","0.00",,,,"84","64"
"USW00003131","SAN DIEGO MONTGOMERY FIELD, CA US","2021-08-10","0.00",,,,"86","66"
"USW00003131","SAN DIEGO MONTGOMERY FIELD, CA US","2021-08-11","0.00",,,,"91","69"
"USW00003131","SAN DIEGO MONTGOMERY FIELD, CA US","2021-08-12","0.00",,,,"91","70"
"USW00003131","SAN DIEGO MONTGOMERY FIELD, CA US","2021-08-13","0.00",,,,"87","68"
"USW00003131","SAN DIEGO MONTGOMERY FIELD, CA US","2021-08-14","0.00",,,,"88","68"
"USW00003131","SAN DIEGO MONTGOMERY FIELD, CA US","2021-08-15","0.03",,,,"82","68"
"USW00003131","SAN DIEGO MONTGOMERY FIELD, CA US","2021-08-16","0.00",,,,"83","68"
"USW00003131","SAN DIEGO MONTGOMERY FIELD, CA US","2021-08-17","0.00",,,,"79","69"
"USW00003131","SAN DIEGO MONTGOMERY FIELD, CA US","2021-08-18","0.00",,,,"78","70"
"USW00003131","SAN DIEGO MONTGOMERY FIELD, CA US","2021-08-19","0.00",,,,"79","69"
"USW00003131","SAN DIEGO MONTGOMERY FIELD, CA US","2021-08-20","0.00",,,,"76","68"
"USW00003131","SAN DIEGO MONTGOMERY FIELD, CA US","2021-08-21","0.00",,,,"76","64"
"USW00003131","SAN DIEGO MONTGOMERY FIELD, CA US","2021-08-22","0.00",,,,"76","66"
"USW00003131","SAN DIEGO MONTGOMERY FIELD, CA US","2021-08-23","0.00",,,,"79","67"
"USW00003131","SAN DIEGO MONTGOMERY FIELD, CA US","2021-08-24","0.00",,,,"81","62"
"USW00003131","SAN DIEGO MONTGOMERY FIELD, CA US","2021-08-25","0.00",,,,"84","65"
"USW00003131","SAN DIEGO MONTGOMERY FIELD, CA US","2021-08-26","0.00",,,,"89","68"
"USW00003131","SAN DIEGO MONTGOMERY FIELD, CA US","2021-08-27","0.00",,,,"88","65"
"USW00003131","SAN DIEGO MONTGOMERY FIELD, CA US","2021-08-28","0.00",,,,"83","65"
"USW00003131","SAN DIEGO MONTGOMERY FIELD, CA US","2021-08-29","0.00",,,,"82","65"
"USW00003131","SAN DIEGO MONTGOMERY FIELD, CA US","2021-08-30","0.00",,,,"80","68"
"USW00003131","SAN DIEGO MONTGOMERY FIELD, CA US","2021-08-31","0.00",,,,"74","67"
"USW00003131","SAN DIEGO MONTGOMERY FIELD, CA US","2021-09-01","0.00",,,,"77","67"
"USW00003131","SAN DIEGO MONTGOMERY FIELD, CA US","2021-09-02","0.00",,,,"79","68"
"USW00003131","SAN DIEGO MONTGOMERY FIELD, CA US","2021-09-03","0.00",,,,"79","65"
"USW00003131","SAN DIEGO MONTGOMERY FIELD, CA US","2021-09-04","0.00",,,,"90","63"
"USW00003131","SAN DIEGO MONTGOMERY FIELD, CA US","2021-09-05","0.00",,,,"84","67"
"USW00003131","SAN DIEGO MONTGOMERY FIELD, CA US","2021-09-06","0.00",,,,"80","67"
"USW00003131","SAN DIEGO MONTGOMERY FIELD, CA US","2021-09-07","0.00",,,,"84","69"
"USW00003131","SAN DIEGO MONTGOMERY FIELD, CA US","2021-09-08","0.00",,,,"86","68"
"USW00003131","SAN DIEGO MONTGOMERY FIELD, CA US","2021-09-09","0.03",,,,"89","68"
"USW00003131","SAN DIEGO MONTGOMERY FIELD, CA US","2021-09-10","0.00",,,,"89","68"
"USW00003131","SAN DIEGO MONTGOMERY FIELD, CA US","2021-09-11","0.00",,,,"92","68"
"USW00003131","SAN DIEGO MONTGOMERY FIELD, CA US","2021-09-12","0.00",,,,"85","66"
"USW00003131","SAN DIEGO MONTGOMERY FIELD, CA US","2021-09-13","0.00",,,,"84","62"
"USW00003131","SAN DIEGO MONTGOMERY FIELD, CA US","2021-09-14","0.00",,,,"79","64"
"USW00003131","SAN DIEGO MONTGOMERY FIELD, CA US","2021-09-15","0.00",,,,"78","64"
"USW00003131","SAN DIEGO MONTGOMERY FIELD, CA US","2021-09-16","0.00",,,,"75","64"
"USW00003131","SAN DIEGO MONTGOMERY FIELD, CA US","2021-09-17","0.00",,,,"75","64"
"USW00003131","SAN DIEGO MONTGOMERY FIELD, CA US","2021-09-18","0.00",,,,"76","64"
"USW00003131","SAN DIEGO MONTGOMERY FIELD, CA US","2021-09-19","0.00",,,,"76","62"
"USW00003131","SAN DIEGO MONTGOMERY FIELD, CA US","2021-09-20","0.00",,,,"78","59"
"USW00003131","SAN DIEGO MONTGOMERY FIELD, CA US","2021-09-21","0.00",,,,"98","64"
"USW00003131","SAN DIEGO MONTGOMERY FIELD, CA US","2021-09-22","0.00",,,,"95","69"
"USW00003131","SAN DIEGO MONTGOMERY FIELD, CA US","2021-09-23","0.00",,,,"84","65"
"USW00003131","SAN DIEGO MONTGOMERY FIELD, CA US","2021-09-24","0.00",,,,"79","65"
"USW00003131","SAN DIEGO MONTGOMERY FIELD, CA US","2021-09-25","0.00",,,,"77","65"
"USW00003131","SAN DIEGO MONTGOMERY FIELD, CA US","2021-09-26","0.00",,,,"70","65"
"USW00003131","SAN DIEGO MONTGOMERY FIELD, CA US","2021-09-27","0.00",,,,"67","63"
"USW00003131","SAN DIEGO MONTGOMERY FIELD, CA US","2021-09-28","0.00",,,,"72","64"
"USW00003131","SAN DIEGO MONTGOMERY FIELD, CA US","2021-09-29","0.00",,,,"74","63"
"USW00003131","SAN DIEGO MONTGOMERY FIELD, CA US","2021-09-30","0.00",,,,"82","56"
"USW00003131","SAN DIEGO MONTGOMERY FIELD, CA US","2021-10-01","0.00",,,,"93","57"
"USW00003131","SAN DIEGO MONTGOMERY FIELD, CA US","2021-10-02","0.00",,,,"95","61"
"USW00003131","SAN DIEGO MONTGOMERY FIELD, CA US","2021-10-03","0.00",,,,"92","63"
"USW00003131","SAN DIEGO MONTGOMERY FIELD, CA US","2021-10-04","0.47",,,,"88","64"
"USW00003131","SAN DIEGO MONTGOMERY FIELD, CA US","2021-10-05","0.14",,,,"77","65"
"USW00003131","SAN DIEGO MONTGOMERY FIELD, CA US","2021-10-06","0.00",,,,"72","66"
"USW00003131","SAN DIEGO MONTGOMERY FIELD, CA US","2021-10-07","0.00",,,,"71","65"
"USW00003131","SAN DIEGO MONTGOMERY FIELD, CA US","2021-10-08","0.17",,,,"69","60"
"USW00003131","SAN DIEGO MONTGOMERY FIELD, CA US","2021-10-09","0.00",,,,"72","58"
"USW00003131","SAN DIEGO MONTGOMERY FIELD, CA US","2021-10-10","0.00",,,,"80","54"
"USW00003131","SAN DIEGO MONTGOMERY FIELD, CA US","2021-10-11","0.00",,,,"69","55"
"USW00003131","SAN DIEGO MONTGOMERY FIELD, CA US","2021-10-12","0.00",,,,"70","52"
"USW00003131","SAN DIEGO MONTGOMERY FIELD, CA US","2021-10-13","0.00",,,,"75","47"
"USW00003131","SAN DIEGO MONTGOMERY FIELD, CA US","2021-10-14","0.00",,,,"77","50"
"USW00003131","SAN DIEGO MONTGOMERY FIELD, CA US","2021-10-15","0.00",,,,"88","52"
"USW00003131","SAN DIEGO MONTGOMERY FIELD, CA US","2021-10-16","0.00",,,,"89","55"
"USW00003131","SAN DIEGO MONTGOMERY FIELD, CA US","2021-10-17","0.00",,,,"77","54"
"USW00003131","SAN DIEGO MONTGOMERY FIELD, CA US","2021-10-18","0.02",,,,"67","50"
"USW00003131","SAN DIEGO MONTGOMERY FIELD, CA US","2021-10-19","0.00",,,,"68","48"
"USW00003131","SAN DIEGO MONTGOMERY FIELD, CA US","2021-10-20","0.00",,,,"72","50"
"USW00003131","SAN DIEGO MONTGOMERY FIELD, CA US","2021-10-21","0.00",,,,"76","51"
"USW00003131","SAN DIEGO MONTGOMERY FIELD, CA US","2021-10-22","0.00",,,,"71","57"
"USW00003131","SAN DIEGO MONTGOMERY FIELD, CA US","2021-10-23","0.00",,,,"68","58"
"USW00003131","SAN DIEGO MONTGOMERY FIELD, CA US","2021-10-24","0.00",,,,"71","56"
"USW00003131","SAN DIEGO MONTGOMERY FIELD, CA US","2021-10-25","0.23",,,,"67","54"
"USW00003131","SAN DIEGO MONTGOMERY FIELD, CA US","2021-10-26","0.00",,,,"69","52"
"USW00003131","SAN DIEGO MONTGOMERY FIELD, CA US","2021-10-27","0.00",,,,"82","52"
"USW00003131","SAN DIEGO MONTGOMERY FIELD, CA US","2021-10-28","0.00",,,,"89","57"
"USW00003131","SAN DIEGO MONTGOMERY FIELD, CA US","2021-10-29","0.00",,,,"80","59"
"USW00003131","SAN DIEGO MONTGOMERY FIELD, CA US","2021-10-30","0.00",,,,"70","59"
"USW00003131","SAN DIEGO MONTGOMERY FIELD, CA US","2021-10-31","0.00",,,,"70","58"
"USW00003131","SAN DIEGO MONTGOMERY FIELD, CA US","2021-11-01","0.00",,,,"73","55"
"USW00003131","SAN DIEGO MONTGOMERY FIELD, CA US","2021-11-02","0.00",,,,"68","55"
"USW00003131","SAN DIEGO MONTGOMERY FIELD, CA US","2021-11-03","0.00",,,,"74","55"
"USW00003131","SAN DIEGO MONTGOMERY FIELD, CA US","2021-11-04","0.00",,,,"73","54"
"USW00003131","SAN DIEGO MONTGOMERY FIELD, CA US","2021-11-05","0.00",,,,"76","54"
"USW00003131","SAN DIEGO MONTGOMERY FIELD, CA US","2021-11-06","0.00",,,,"70","56"
"USW00003131","SAN DIEGO MONTGOMERY FIELD, CA US","2021-11-07","0.00",,,,"72","55"
"USW00003131","SAN DIEGO MONTGOMERY FIELD, CA US","2021-11-08","0.00",,,,"68","54"
"USW00003131","SAN DIEGO MONTGOMERY FIELD, CA US","2021-11-09","0.00",,,,"69","54"
"USW00003131","SAN DIEGO MONTGOMERY FIELD, CA US","2021-11-10","0.00",,,,"74","57"
"USW00003131","SAN DIEGO MONTGOMERY FIELD, CA US","2021-11-11","0.00",,,,"88","56"
"USW00003131","SAN DIEGO MONTGOMERY FIELD, CA US","2021-11-12","0.00",,,,"93","59"
"USW00003131","SAN DIEGO MONTGOMERY FIELD, CA US","2021-11-13","0.00",,,,"90","58"
"USW00003131","SAN DIEGO MONTGOMERY FIELD, CA US","2021-11-14","0.00",,,,"91","56"
"USW00003131","SAN DIEGO MONTGOMERY FIELD, CA US","2021-11-15","0.00",,,,"81","55"
"USW00003131","SAN DIEGO MONTGOMERY FIELD, CA US","2021-11-16","0.00",,,,"67","52"
"USW00003131","SAN DIEGO MONTGOMERY FIELD, CA US","2021-11-17","0.00",,,,"69","54"
"USW00003131","SAN DIEGO MONTGOMERY FIELD, CA US","2021-11-18","0.00",,,,"67","53"
"USW00003131","SAN DIEGO MONTGOMERY FIELD, CA US","2021-11-19","0.00",,,,"67","57"
"USW00003131","SAN DIEGO MONTGOMERY FIELD, CA US","2021-11-20","0.00",,,,"67","57"
"USW00003131","SAN DIEGO MONTGOMERY FIELD, CA US","2021-11-21","0.00",,,,"87","50"
"USW00003131","SAN DIEGO MONTGOMERY FIELD, CA US","2021-11-22","0.00",,,,"86","55"
"USW00003131","SAN DIEGO MONTGOMERY FIELD, CA US","2021-11-23","0.00",,,,"70","54"
"USW00003131","SAN DIEGO MONTGOMERY FIELD, CA US","2021-11-24","0.00",,,,"71","51"
"USW00003131","SAN DIEGO MONTGOMERY FIELD, CA US","2021-11-25","0.00",,,,"78","49"
"USW00003131","SAN DIEGO MONTGOMERY FIELD, CA US","2021-11-26","0.00",,,,"82","50"
"USW00003131","SAN DIEGO MONTGOMERY FIELD, CA US","2021-11-27","0.00",,,,"78","48"
"USW00003131","SAN DIEGO MONTGOMERY FIELD, CA US","2021-11-28","0.00",,,,"84","47"
"USW00003131","SAN DIEGO MONTGOMERY FIELD, CA US","2021-11-29","0.00",,,,"81","49"
"USW00003131","SAN DIEGO MONTGOMERY FIELD, CA US","2021-11-30","0.00",,,,"72","50"
"USW00003131","SAN DIEGO MONTGOMERY FIELD, CA US","2021-12-01","0.00",,,,"81","49"
"USW00003131","SAN DIEGO MONTGOMERY FIELD, CA US","2021-12-02","0.00",,,,"66","54"
"USW00003131","SAN DIEGO MONTGOMERY FIELD, CA US","2021-12-03","0.00",,,,"68","54"
"USW00003131","SAN DIEGO MONTGOMERY FIELD, CA US","2021-12-04","0.00",,,,"64","56"
"USW00003131","SAN DIEGO MONTGOMERY FIELD, CA US","2021-12-05","0.00",,,,"68","50"
"USW00003131","SAN DIEGO MONTGOMERY FIELD, CA US","2021-12-06","0.00",,,,"64","46"
"USW00003131","SAN DIEGO MONTGOMERY FIELD, CA US","2021-12-07","0.01",,,,"61","52"
"USW00003131","SAN DIEGO MONTGOMERY FIELD, CA US","2021-12-08","0.00",,,,"69","50"
"USW00003131","SAN DIEGO MONTGOMERY FIELD, CA US","2021-12-09","0.26",,,,"62","54"
"USW00003131","SAN DIEGO MONTGOMERY FIELD, CA US","2021-12-10","0.00",,,,"61","47"
"USW00003131","SAN DIEGO MONTGOMERY FIELD, CA US","2021-12-11","0.00",,,,"68","43"
"USW00003131","SAN DIEGO MONTGOMERY FIELD, CA US","2021-12-12","0.00",,,,"66","42"
"USW00003131","SAN DIEGO MONTGOMERY FIELD, CA US","2021-12-13","0.00",,,,"59","48"
"USW00003131","SAN DIEGO MONTGOMERY FIELD, CA US","2021-12-14","1.14",,,,"60","51"
"USW00003131","SAN DIEGO MONTGOMERY FIELD, CA US","2021-12-15","0.00",,,,"58","42"
"USW00003131","SAN DIEGO MONTGOMERY FIELD, CA US","2021-12-16","0.01",,,,"60","38"
"USW00003131","SAN DIEGO MONTGOMERY FIELD, CA US","2021-12-17","0.11",,,,"66","47"
"USW00003131","SAN DIEGO MONTGOMERY FIELD, CA US","2021-12-18","0.00",,,,"68","40"
"USW00003131","SAN DIEGO MONTGOMERY FIELD, CA US","2021-12-19","0.00",,,,"66","41"
"USW00003131","SAN DIEGO MONTGOMERY FIELD, CA US","2021-12-20","0.00",,,,"71","40"
"USW00003131","SAN DIEGO MONTGOMERY FIELD, CA US","2021-12-21","0.00",,,,"68","51"
"USW00003131","SAN DIEGO MONTGOMERY FIELD, CA US","2021-12-22","0.00",,,,"67","49"
"USW00003131","SAN DIEGO MONTGOMERY FIELD, CA US","2021-12-23","0.43",,,,"66","53"
"USW00003131","SAN DIEGO MONTGOMERY FIELD, CA US","2021-12-24","0.31",,,,"62","51"
"USW00003131","SAN DIEGO MONTGOMERY FIELD, CA US","2021-12-25","0.12",,,,"58","51"
"USW00003131","SAN DIEGO MONTGOMERY FIELD, CA US","2021-12-26","0.13",,,,"59","45"
"USW00003131","SAN DIEGO MONTGOMERY FIELD, CA US","2021-12-27","0.19",,,,"56","44"
"USW00003131","SAN DIEGO MONTGOMERY FIELD, CA US","2021-12-28","0.16",,,,"56","49"
"USW00003131","SAN DIEGO MONTGOMERY FIELD, CA US","2021-12-29","0.12",,,,"57","46"
"USW00003131","SAN DIEGO MONTGOMERY FIELD, CA US","2021-12-30","0.00",,,,"64","51"
"USW00003131","SAN DIEGO MONTGOMERY FIELD, CA US","2021-12-31","0.00",,,,"62","53"
"USW00003131","SAN DIEGO MONTGOMERY FIELD, CA US","2022-01-01","0.00",,,,"63","45"
"USW00003131","SAN DIEGO MONTGOMERY FIELD, CA US","2022-01-02","0.00",,,,"68","41"
"USW00003131","SAN DIEGO MONTGOMERY FIELD, CA US","2022-01-03","0.00",,,,"64","39"
"USW00003131","SAN DIEGO MONTGOMERY FIELD, CA US","2022-01-04","0.00",,,,"63","40"
"USW00003131","SAN DIEGO MONTGOMERY FIELD, CA US","2022-01-05","0.00",,,,"70","42"
"USW00003131","SAN DIEGO MONTGOMERY FIELD, CA US","2022-01-06","0.00",,,,"72","45"
"USW00003131","SAN DIEGO MONTGOMERY FIELD, CA US","2022-01-07","0.00",,,,"61","45"
"USW00003131","SAN DIEGO MONTGOMERY FIELD, CA US","2022-01-08","0.00",,,,"63","47"
"USW00003131","SAN DIEGO MONTGOMERY FIELD, CA US","2022-01-09","0.00",,,,"77","44"
"USW00003131","SAN DIEGO MONTGOMERY FIELD, CA US","2022-01-10","0.00",,,,"74","46"
"USW00003131","SAN DIEGO MONTGOMERY FIELD, CA US","2022-01-11","0.00",,,,"81","50"
"USW00003131","SAN DIEGO MONTGOMERY FIELD, CA US","2022-01-12","0.00",,,,"79","47"
"USW00003131","SAN DIEGO MONTGOMERY FIELD, CA US","2022-01-13","0.00",,,,"76","51"
"USW00003131","SAN DIEGO MONTGOMERY FIELD, CA US","2022-01-14","0.00",,,,"76","55"
"USW00003131","SAN DIEGO MONTGOMERY FIELD, CA US","2022-01-15","0.04",,,,"69","52"
"USW00003131","SAN DIEGO MONTGOMERY FIELD, CA US","2022-01-16","0.00",,,,"71","55"
"USW00003131","SAN DIEGO MONTGOMERY FIELD, CA US","2022-01-17","0.10",,,,"68","54"
"USW00003131","SAN DIEGO MONTGOMERY FIELD, CA US","2022-01-18","0.00",,,,"65","56"
"USW00003131","SAN DIEGO MONTGOMERY FIELD, CA US","2022-01-19","0.00",,,,"66","53"
"USW00003131","SAN DIEGO MONTGOMERY FIELD, CA US","2022-01-20","0.00",,,,"74","47"
"USW00003131","SAN DIEGO MONTGOMERY FIELD, CA US","2022-01-21","0.00",,,,"65","46"
"USW00003131","SAN DIEGO MONTGOMERY FIELD, CA US","2022-01-22","0.00",,,,"72","48"
"USW00003131","SAN DIEGO MONTGOMERY FIELD, CA US","2022-01-23","0.00",,,,"75","47"
"USW00003131","SAN DIEGO MONTGOMERY FIELD, CA US","2022-01-24","0.00",,,,"70","44"
"USW00003131","SAN DIEGO MONTGOMERY FIELD, CA US","2022-01-25","0.00",,,,"64","42"
"USW00003131","SAN DIEGO MONTGOMERY FIELD, CA US","2022-01-26","0.00",,,,"73","44"
"USW00003131","SAN DIEGO MONTGOMERY FIELD, CA US","2022-01-27","0.00",,,,"72","43"
"USW00003131","SAN DIEGO MONTGOMERY FIELD, CA US","2022-01-28","0.00",,,,"75","43"
"USW00003131","SAN DIEGO MONTGOMERY FIELD, CA US","2022-01-29","0.00",,,,"70","47"
"USW00003131","SAN DIEGO MONTGOMERY FIELD, CA US","2022-01-30","0.00",,,,"71","43"
"USW00003131","SAN DIEGO MONTGOMERY FIELD, CA US","2022-01-31","0.00",,,,"65","42"
"USW00003131","SAN DIEGO MONTGOMERY FIELD, CA US","2022-02-01","0.00",,,,"63","49"
"USW00003131","SAN DIEGO MONTGOMERY FIELD, CA US","2022-02-02","0.00",,,,"69","42"
"USW00003131","SAN DIEGO MONTGOMERY FIELD, CA US","2022-02-03","0.00",,,,"66","39"
"USW00003131","SAN DIEGO MONTGOMERY FIELD, CA US","2022-02-04","0.00",,,,"70","38"
"USW00003131","SAN DIEGO MONTGOMERY FIELD, CA US","2022-02-05","0.00",,,,"71","41"
"USW00003131","SAN DIEGO MONTGOMERY FIELD, CA US","2022-02-06","0.00",,,,"78","40"
"USW00003131","SAN DIEGO MONTGOMERY FIELD, CA US","2022-02-07","0.00",,,,"79","46"
"USW00003131","SAN DIEGO MONTGOMERY FIELD, CA US","2022-02-08","0.00",,,,"80","45"
"USW00003131","SAN DIEGO MONTGOMERY FIELD, CA US","2022-02-09","0.00",,,,"89","49"
"USW00003131","SAN DIEGO MONTGOMERY FIELD, CA US","2022-02-10","0.00",,,,"88","53"
"USW00003131","SAN DIEGO MONTGOMERY FIELD, CA US","2022-02-11","0.00",,,,"86","50"
"USW00003131","SAN DIEGO MONTGOMERY FIELD, CA US","2022-02-12","0.00",,,,"91","52"
"USW00003131","SAN DIEGO MONTGOMERY FIELD, CA US","2022-02-13","0.00",,,,"89","52"
"USW00003131","SAN DIEGO MONTGOMERY FIELD, CA US","2022-02-14","0.00",,,,"80","50"
"USW00003131","SAN DIEGO MONTGOMERY FIELD, CA US","2022-02-15","0.57",,,,"59","46"
"USW00003131","SAN DIEGO MONTGOMERY FIELD, CA US","2022-02-16","0.00",,,,"63","43"
"USW00003131","SAN DIEGO MONTGOMERY FIELD, CA US","2022-02-17","0.00",,,,"74","43"
"USW00003131","SAN DIEGO MONTGOMERY FIELD, CA US","2022-02-18","0.00",,,,"72","42"
"USW00003131","SAN DIEGO MONTGOMERY FIELD, CA US","2022-02-19","0.00",,,,"75","44"
"USW00003131","SAN DIEGO MONTGOMERY FIELD, CA US","2022-02-20","0.00",,,,"65","46"
"USW00003131","SAN DIEGO MONTGOMERY FIELD, CA US","2022-02-21","0.00",,,,"63","54"
"USW00003131","SAN DIEGO MONTGOMERY FIELD, CA US","2022-02-22","0.15",,,,"60","51"
"USW00003131","SAN DIEGO MONTGOMERY FIELD, CA US","2022-02-23","0.15",,,,"56","45"
"USW00003131","SAN DIEGO MONTGOMERY FIELD, CA US","2022-02-24","0.00",,,,"62","39"
"USW00003131","SAN DIEGO MONTGOMERY FIELD, CA US","2022-02-25","0.00",,,,"63","39"
"USW00003131","SAN DIEGO MONTGOMERY FIELD, CA US","2022-02-26","0.00",,,,"72","41"
"USW00003131","SAN DIEGO MONTGOMERY FIELD, CA US","2022-02-27","0.00",,,,"75","45"
"USW00003131","SAN DIEGO MONTGOMERY FIELD, CA US","2022-02-28","0.00",,,,"81","45"
"USW00003131","SAN DIEGO MONTGOMERY FIELD, CA US","2022-03-01","0.00",,,,"82","49"
"USW00003131","SAN DIEGO MONTGOMERY FIELD, CA US","2022-03-02","0.00",,,,"85","49"
"USW00003131","SAN DIEGO MONTGOMERY FIELD, CA US","2022-03-03","0.00",,,,"63","49"
"USW00003131","SAN DIEGO MONTGOMERY FIELD, CA US","2022-03-04","0.46",,,,"63","53"
"USW00003131","SAN DIEGO MONTGOMERY FIELD, CA US","2022-03-05","0.02",,,,"60","52"
"USW00003131","SAN DIEGO MONTGOMERY FIELD, CA US","2022-03-06","0.00",,,,"61","45"
"USW00003131","SAN DIEGO MONTGOMERY FIELD, CA US","2022-03-07","0.00",,,,"68","43"
"USW00003131","SAN DIEGO MONTGOMERY FIELD, CA US","2022-03-08","0.00",,,,"70","45"
"USW00003131","SAN DIEGO MONTGOMERY FIELD, CA US","2022-03-09","0.00",,,,"67","43"
"USW00003131","SAN DIEGO MONTGOMERY FIELD, CA US","2022-03-10","0.00",,,,"65","50"
"USW00003131","SAN DIEGO MONTGOMERY FIELD, CA US","2022-03-11","0.00",,,,"72","40"
"USW00003131","SAN DIEGO MONTGOMERY FIELD, CA US","2022-03-12","0.00",,,,"76","44"
"USW00003131","SAN DIEGO MONTGOMERY FIELD, CA US","2022-03-13","0.00",,,,"67","47"
"USW00003131","SAN DIEGO MONTGOMERY FIELD, CA US","2022-03-14","0.00",,,,"74","49"
"USW00003131","SAN DIEGO MONTGOMERY FIELD, CA US","2022-03-15","0.00",,,,"74","50"
"USW00003131","SAN DIEGO MONTGOMERY FIELD, CA US","2022-03-16","0.00",,,,"71","55"
"USW00003131","SAN DIEGO MONTGOMERY FIELD, CA US","2022-03-17","0.00",,,,"80","50"
"USW00003131","SAN DIEGO MONTGOMERY FIELD, CA US","2022-03-18","0.00",,,,"79","50"
"USW00003131","SAN DIEGO MONTGOMERY FIELD, CA US","2022-03-19","0.06",,,,"69","54"
"USW00003131","SAN DIEGO MONTGOMERY FIELD, CA US","2022-03-20","0.20",,,,"65","53"
"USW00003131","SAN DIEGO MONTGOMERY FIELD, CA US","2022-03-21","0.00",,,,"70","51"
"USW00003131","SAN DIEGO MONTGOMERY FIELD, CA US","2022-03-22","0.00",,,,"85","52"
"USW00003131","SAN DIEGO MONTGOMERY FIELD, CA US","2022-03-23","0.00",,,,"88","55"
"USW00003131","SAN DIEGO MONTGOMERY FIELD, CA US","2022-03-24","0.00",,,,"83","56"
"USW00003131","SAN DIEGO MONTGOMERY FIELD, CA US","2022-03-25","0.00",,,,"82","54"
"USW00003131","SAN DIEGO MONTGOMERY FIELD, CA US","2022-03-26","0.00",,,,"73","54"
"USW00003131","SAN DIEGO MONTGOMERY FIELD, CA US","2022-03-27","0.00",,,,"67","56"
"USW00003131","SAN DIEGO MONTGOMERY FIELD, CA US","2022-03-28","0.59",,,,"68","55"
"USW00003131","SAN DIEGO MONTGOMERY FIELD, CA US","2022-03-29","0.12",,,,"65","52"
"USW00003131","SAN DIEGO MONTGOMERY FIELD, CA US","2022-03-30","0.00",,,,"67","53"
"USW00003131","SAN DIEGO MONTGOMERY FIELD, CA US","2022-03-31","0.00",,,,"62","56"
"USW00003131","SAN DIEGO MONTGOMERY FIELD, CA US","2022-04-01","0.00",,,,"69","57"
"USW00003131","SAN DIEGO MONTGOMERY FIELD, CA US","2022-04-02","0.03",,,,"62","57"
"USW00003131","SAN DIEGO MONTGOMERY FIELD, CA US","2022-04-03","0.03",,,,"62","57"
"USW00003131","SAN DIEGO MONTGOMERY FIELD, CA US","2022-04-04","0.00",,,,"70","56"
"USW00003131","SAN DIEGO MONTGOMERY FIELD, CA US","2022-04-05","0.00",,,,"73","52"
"USW00003131","SAN DIEGO MONTGOMERY FIELD, CA US","2022-04-06","0.00",,,,"85","55"
"USW00003131","SAN DIEGO MONTGOMERY FIELD, CA US","2022-04-07","0.00",,,,"97","54"
"USW00003131","SAN DIEGO MONTGOMERY FIELD, CA US","2022-04-08","0.00",,,,"98","60"
"USW00003131","SAN DIEGO MONTGOMERY FIELD, CA US","2022-04-09","0.00",,,,"77","58"
"USW00003131","SAN DIEGO MONTGOMERY FIELD, CA US","2022-04-10","0.00",,,,"66","59"
"USW00003131","SAN DIEGO MONTGOMERY FIELD, CA US","2022-04-11","0.00",,,,"67","56"
"USW00003131","SAN DIEGO MONTGOMERY FIELD, CA US","2022-04-12","0.00",,,,"67","52"
"USW00003131","SAN DIEGO MONTGOMERY FIELD, CA US","2022-04-13","0.00",,,,"68","47"
"USW00003131","SAN DIEGO MONTGOMERY FIELD, CA US","2022-04-14","0.00",,,,"69","46"
"USW00003131","SAN DIEGO MONTGOMERY FIELD, CA US","2022-04-15","0.00",,,,"72","50"
"USW00003131","SAN DIEGO MONTGOMERY FIELD, CA US","2022-04-16","0.07",,,,"69","58"
"USW00003131","SAN DIEGO MONTGOMERY FIELD, CA US","2022-04-17","0.00",,,,"70","57"
"USW00003131","SAN DIEGO MONTGOMERY FIELD, CA US","2022-04-18","0.00",,,,"76","55"
"USW00003131","SAN DIEGO MONTGOMERY FIELD, CA US","2022-04-19","0.00",,,,"74","56"
"USW00003131","SAN DIEGO MONTGOMERY FIELD, CA US","2022-04-20","0.00",,,,"70","55"
"USW00003131","SAN DIEGO MONTGOMERY FIELD, CA US","2022-04-21","0.00",,,,"71","52"
"USW00003131","SAN DIEGO MONTGOMERY FIELD, CA US","2022-04-22","0.16",,,,"64","52"
"USW00003131","SAN DIEGO MONTGOMERY FIELD, CA US","2022-04-23","0.00",,,,"70","50"
"USW00003131","SAN DIEGO MONTGOMERY FIELD, CA US","2022-04-24","0.00",,,,"86","53"
"USW00003131","SAN DIEGO MONTGOMERY FIELD, CA US","2022-04-25","0.00",,,,"88","56"
"USW00003131","SAN DIEGO MONTGOMERY FIELD, CA US","2022-04-26","0.00",,,,"79","54"
"USW00003131","SAN DIEGO MONTGOMERY FIELD, CA US","2022-04-27","0.00",,,,"68","57"
"USW00003131","SAN DIEGO MONTGOMERY FIELD, CA US","2022-04-28","0.00",,,,"66","57"
"USW00003131","SAN DIEGO MONTGOMERY FIELD, CA US","2022-04-29","0.00",,,,"71","53"
"USW00003131","SAN DIEGO MONTGOMERY FIELD, CA US","2022-04-30","0.00",,,,"72","54"
"USW00003131","SAN DIEGO MONTGOMERY FIELD, CA US","2022-05-01","0.00",,,,"68","58"
"USW00003131","SAN DIEGO MONTGOMERY FIELD, CA US","2022-05-02","0.00",,,,"69","58"
"USW00003131","SAN DIEGO MONTGOMERY FIELD, CA US","2022-05-03","0.00",,,,"67","57"
"USW00003131","SAN DIEGO MONTGOMERY FIELD, CA US","2022-05-04","0.00",,,,"75","53"
"USW00003131","SAN DIEGO MONTGOMERY FIELD, CA US","2022-05-05","0.00",,,,"82","58"
"USW00003131","SAN DIEGO MONTGOMERY FIELD, CA US","2022-05-06","0.00",,,,"72","57"
"USW00003131","SAN DIEGO MONTGOMERY FIELD, CA US","2022-05-07","0.00",,,,"71","60"
"USW00003131","SAN DIEGO MONTGOMERY FIELD, CA US","2022-05-08","0.00",,,,"68","57"
"USW00003131","SAN DIEGO MONTGOMERY FIELD, CA US","2022-05-09","0.00",,,,"68","55"
"USW00003131","SAN DIEGO MONTGOMERY FIELD, CA US","2022-05-10","0.00",,,,"70","51"
"USW00003131","SAN DIEGO MONTGOMERY FIELD, CA US","2022-05-11","0.00",,,,"69","49"
"USW00003131","SAN DIEGO MONTGOMERY FIELD, CA US","2022-05-12","0.00",,,,"77","50"
"USW00003131","SAN DIEGO MONTGOMERY FIELD, CA US","2022-05-13","0.00",,,,"87","55"
"USW00003131","SAN DIEGO MONTGOMERY FIELD, CA US","2022-05-14","0.00",,,,"89","60"
"USW00003131","SAN DIEGO MONTGOMERY FIELD, CA US","2022-05-15","0.00",,,,"79","57"
"USW00003131","SAN DIEGO MONTGOMERY FIELD, CA US","2022-05-16","0.00",,,,"71","58"
"USW00003131","SAN DIEGO MONTGOMERY FIELD, CA US","2022-05-17","0.00",,,,"69","58"
"USW00003131","SAN DIEGO MONTGOMERY FIELD, CA US","2022-05-18","0.00",,,,"70","59"
"USW00003131","SAN DIEGO MONTGOMERY FIELD, CA US","2022-05-19","0.00",,,,"70","58"
"USW00003131","SAN DIEGO MONTGOMERY FIELD, CA US","2022-05-20","0.00",,,,"68","58"
"USW00003131","SAN DIEGO MONTGOMERY FIELD, CA US","2022-05-21","0.00",,,,"67","60"
"USW00003131","SAN DIEGO MONTGOMERY FIELD, CA US","2022-05-22","0.00",,,,"71","60"
"USW00003131","SAN DIEGO MONTGOMERY FIELD, CA US","2022-05-23","0.00",,,,"70","58"
"USW00003131","SAN DIEGO MONTGOMERY FIELD, CA US","2022-05-24","0.00",,,,"69","59"
"USW00003131","SAN DIEGO MONTGOMERY FIELD, CA US","2022-05-25","0.00",,,,"72","57"
"USW00003131","SAN DIEGO MONTGOMERY FIELD, CA US","2022-05-26","0.00",,,,"71","60"
"USW00003131","SAN DIEGO MONTGOMERY FIELD, CA US","2022-05-27","0.00",,,,"72","61"
"USW00003131","SAN DIEGO MONTGOMERY FIELD, CA US","2022-05-28","0.00",,,,"67","61"
"USW00003131","SAN DIEGO MONTGOMERY FIELD, CA US","2022-05-29","0.00",,,,"71","60"
"USW00003131","SAN DIEGO MONTGOMERY FIELD, CA US","2022-05-30","0.00",,,,"72","60"
"USW00003131","SAN DIEGO MONTGOMERY FIELD, CA US","2022-05-31","0.00",,,,"72","61"
"USW00003131","SAN DIEGO MONTGOMERY FIELD, CA US","2022-06-01","0.00",,,,"73","59"
"USW00003131","SAN DIEGO MONTGOMERY FIELD, CA US","2022-06-02","0.00",,,,"73","59"
"USW00003131","SAN DIEGO MONTGOMERY FIELD, CA US","2022-06-03","0.00",,,,"74","59"
"USW00003131","SAN DIEGO MONTGOMERY FIELD, CA US","2022-06-04","0.00",,,,"71","62"
"USW00003131","SAN DIEGO MONTGOMERY FIELD, CA US","2022-06-05","0.00",,,,"75","63"
"USW00003131","SAN DIEGO MONTGOMERY FIELD, CA US","2022-06-06","0.00",,,,"76","63"
"USW00003131","SAN DIEGO MONTGOMERY FIELD, CA US","2022-06-07","0.00",,,,"76","63"
"USW00003131","SAN DIEGO MONTGOMERY FIELD, CA US","2022-06-08","0.00",,,,"76","62"
"USW00003131","SAN DIEGO MONTGOMERY FIELD, CA US","2022-06-09","0.00",,,,"79","63"
"USW00003131","SAN DIEGO MONTGOMERY FIELD, CA US","2022-06-10","0.00",,,,"79","62"
"USW00003131","SAN DIEGO MONTGOMERY FIELD, CA US","2022-06-11","0.00",,,,"78","63"
"USW00003131","SAN DIEGO MONTGOMERY FIELD, CA US","2022-06-12","0.00",,,,"78","63"
"USW00003131","SAN DIEGO MONTGOMERY FIELD, CA US","2022-06-13","0.00",,,,"72","63"
"USW00003131","SAN DIEGO MONTGOMERY FIELD, CA US","2022-06-14","0.00",,,,"75","62"
"USW00003131","SAN DIEGO MONTGOMERY FIELD, CA US","2022-06-15","0.00",,,,"74","62"
"USW00003131","SAN DIEGO MONTGOMERY FIELD, CA US","2022-06-16","0.00",,,,"76","62"
"USW00003131","SAN DIEGO MONTGOMERY FIELD, CA US","2022-06-17","0.00",,,,"74","63"
"USW00003131","SAN DIEGO MONTGOMERY FIELD, CA US","2022-06-18","0.00",,,,"75","59"
"USW00003131","SAN DIEGO MONTGOMERY FIELD, CA US","2022-06-19","0.00",,,,"80","57"
"USW00003131","SAN DIEGO MONTGOMERY FIELD, CA US","2022-06-20","0.00",,,,"87","59"
"USW00003131","SAN DIEGO MONTGOMERY FIELD, CA US","2022-06-21","0.00",,,,"80","63"
"USW00003131","SAN DIEGO MONTGOMERY FIELD, CA US","2022-06-22","0.00",,,,"84","66"
"USW00003131","SAN DIEGO MONTGOMERY FIELD, CA US","2022-06-23","0.00",,,,"87","67"
"USW00003131","SAN DIEGO MONTGOMERY FIELD, CA US","2022-06-24","0.00",,,,"86","66"
"USW00003131","SAN DIEGO MONTGOMERY FIELD, CA US","2022-06-25","0.00",,,,"86","62"
"USW00003131","SAN DIEGO MONTGOMERY FIELD, CA US","2022-06-26","0.00",,,,"85","62"
"USW00003131","SAN DIEGO MONTGOMERY FIELD, CA US","2022-06-27","0.00",,,,"85","63"
"USW00003131","SAN DIEGO MONTGOMERY FIELD, CA US","2022-06-28","0.00",,,,"87","69"
"USW00003131","SAN DIEGO MONTGOMERY FIELD, CA US","2022-06-29","0.00",,,,"85","68"
"USW00003131","SAN DIEGO MONTGOMERY FIELD, CA US","2022-06-30","0.00",,,,"82","68"
"USW00003131","SAN DIEGO MONTGOMERY FIELD, CA US","2022-07-01","0.00",,,,"81","68"
"USW00003131","SAN DIEGO MONTGOMERY FIELD, CA US","2022-07-02","0.00",,,,"79","66"
"USW00003131","SAN DIEGO MONTGOMERY FIELD, CA US","2022-07-03","0.00",,,,"74","65"
"USW00003131","SAN DIEGO MONTGOMERY FIELD, CA US","2022-07-04","0.00",,,,"75","64"
"USW00003131","SAN DIEGO MONTGOMERY FIELD, CA US","2022-07-05","0.00",,,,"77","64"
"USW00003131","SAN DIEGO MONTGOMERY FIELD, CA US","2022-07-06","0.00",,,,"78","67"
"USW00003131","SAN DIEGO MONTGOMERY FIELD, CA US","2022-07-07","0.00",,,,"77","67"
"USW00003131","SAN DIEGO MONTGOMERY FIELD, CA US","2022-07-08","0.00",,,,"79","66"
"USW00003131","SAN DIEGO MONTGOMERY FIELD, CA US","2022-07-09","0.00",,,,"83","65"
"USW00003131","SAN DIEGO MONTGOMERY FIELD, CA US","2022-07-10","0.00",,,,"82","65"
"USW00003131","SAN DIEGO MONTGOMERY FIELD, CA US","2022-07-11","0.00",,,,"76","63"
"USW00003131","SAN DIEGO MONTGOMERY FIELD, CA US","2022-07-12","0.00",,,,"76","63"
"USW00003131","SAN DIEGO MONTGOMERY FIELD, CA US","2022-07-13","0.00",,,,"75","62"
"USW00003131","SAN DIEGO MONTGOMERY FIELD, CA US","2022-07-14","0.00",,,,"75","63"
"USW00003131","SAN DIEGO MONTGOMERY FIELD, CA US","2022-07-15","0.00",,,,"77","63"
"USW00003131","SAN DIEGO MONTGOMERY FIELD, CA US","2022-07-16","0.00",,,,"78","65"
"USW00003131","SAN DIEGO MONTGOMERY FIELD, CA US","2022-07-17","0.00",,,,"80","64"
"USW00003131","SAN DIEGO MONTGOMERY FIELD, CA US","2022-07-18","0.00",,,,"80","66"
"USW00003131","SAN DIEGO MONTGOMERY FIELD, CA US","2022-07-19","0.00",,,,"84","66"
"USW00003131","SAN DIEGO MONTGOMERY FIELD, CA US","2022-07-20","0.00",,,,"85","67"
"USW00003131","SAN DIEGO MONTGOMERY FIELD, CA US","2022-07-21","0.00",,,,"83","64"
"USW00003131","SAN DIEGO MONTGOMERY FIELD, CA US","2022-07-22","0.00",,,,"77","63"
"USW00003131","SAN DIEGO MONTGOMERY FIELD, CA US","2022-07-23","0.00",,,,"76","64"
"USW00003131","SAN DIEGO MONTGOMERY FIELD, CA US","2022-07-24","0.00",,,,"76","64"
"USW00003131","SAN DIEGO MONTGOMERY FIELD, CA US","2022-07-25","0.00",,,,"78","66"
"USW00003131","SAN DIEGO MONTGOMERY FIELD, CA US","2022-07-26","0.00",,,,"81","65"
"USW00003131","SAN DIEGO MONTGOMERY FIELD, CA US","2022-07-27","0.00",,,,"80","66"
"USW00003131","SAN DIEGO MONTGOMERY FIELD, CA US","2022-07-28","0.00",,,,"80","65"
"USW00003131","SAN DIEGO MONTGOMERY FIELD, CA US","2022-07-29","0.00",,,,"77","64"
"USW00003131","SAN DIEGO MONTGOMERY FIELD, CA US","2022-07-30","0.00",,,,"81","66"
"USW00003131","SAN DIEGO MONTGOMERY FIELD, CA US","2022-07-31","0.00",,,,"86","68"
"USW00003131","SAN DIEGO MONTGOMERY FIELD, CA US","2022-08-01","0.00",,,,"85","69"
"USW00003131","SAN DIEGO MONTGOMERY FIELD, CA US","2022-08-02","0.00",,,,"84","69"
"USW00003131","SAN DIEGO MONTGOMERY FIELD, CA US","2022-08-03","0.00",,,,"83","68"
"USW00003131","SAN DIEGO MONTGOMERY FIELD, CA US","2022-08-04","0.00",,,,"83","67"
"USW00003131","SAN DIEGO MONTGOMERY FIELD, CA US","2022-08-05","0.00",,,,"83","68"
"USW00003131","SAN DIEGO MONTGOMERY FIELD, CA US","2022-08-06","0.00",,,,"82","67"
"USW00003131","SAN DIEGO MONTGOMERY FIELD, CA US","2022-08-07","0.00",,,,"87","66"
"USW00003131","SAN DIEGO MONTGOMERY FIELD, CA US","2022-08-08","0.01",,,,"85","67"
"USW00003131","SAN DIEGO MONTGOMERY FIELD, CA US","2022-08-09","0.00",,,,"88","70"
"USW00003131","SAN DIEGO MONTGOMERY FIELD, CA US","2022-08-10","0.00",,,,"90","70"
"USW00003131","SAN DIEGO MONTGOMERY FIELD, CA US","2022-08-11","0.00",,,,"90","67"
"USW00003131","SAN DIEGO MONTGOMERY FIELD, CA US","2022-08-12","0.00",,,,"90","67"
"USW00003131","SAN DIEGO MONTGOMERY FIELD, CA US","2022-08-13","0.00",,,,"84","70"
"USW00003131","SAN DIEGO MONTGOMERY FIELD, CA US","2022-08-14","0.00",,,,"84","68"
"USW00003131","SAN DIEGO MONTGOMERY FIELD, CA US","2022-08-15","0.00",,,,"83","69"
"USW00003131","SAN DIEGO MONTGOMERY FIELD, CA US","2022-08-16","0.00",,,,"85","66"
"USW00003131","SAN DIEGO MONTGOMERY FIELD, CA US","2022-08-17","0.00",,,,"85","67"
"USW00003131","SAN DIEGO MONTGOMERY FIELD, CA US","2022-08-18","0.00",,,,"85","67"
"USW00003131","SAN DIEGO MONTGOMERY FIELD, CA US","2022-08-19","0.00",,,,"78","67"
"USW00003131","SAN DIEGO MONTGOMERY FIELD, CA US","2022-08-20","0.00",,,,"77","66"
"USW00003131","SAN DIEGO MONTGOMERY FIELD, CA US","2022-08-21","0.00",,,,"77","66"
"USW00003131","SAN DIEGO MONTGOMERY FIELD, CA US","2022-08-22","0.00",,,,"81","66"
"USW00003131","SAN DIEGO MONTGOMERY FIELD, CA US","2022-08-23","0.00",,,,"79","66"
"USW00003131","SAN DIEGO MONTGOMERY FIELD, CA US","2022-08-24","0.00",,,,"81","68"
"USW00003131","SAN DIEGO MONTGOMERY FIELD, CA US","2022-08-25","0.00",,,,"82","68"
"USW00003131","SAN DIEGO MONTGOMERY FIELD, CA US","2022-08-26","0.00",,,,"85","68"
"USW00003131","SAN DIEGO MONTGOMERY FIELD, CA US","2022-08-27","0.00",,,,"79","68"
"USW00003131","SAN DIEGO MONTGOMERY FIELD, CA US","2022-08-28","0.00",,,,"77","68"
"USW00003131","SAN DIEGO MONTGOMERY FIELD, CA US","2022-08-29","0.00",,,,"79","68"
"USW00003131","SAN DIEGO MONTGOMERY FIELD, CA US","2022-08-30","0.00",,,,"85","67"
"USW00003131","SAN DIEGO MONTGOMERY FIELD, CA US","2022-08-31","0.00",,,,"92","68"
"USW00003131","SAN DIEGO MONTGOMERY FIELD, CA US","2022-09-01","0.00",,,,"90","69"
"USW00003131","SAN DIEGO MONTGOMERY FIELD, CA US","2022-09-02","0.00",,,,"91","71"
"USW00003131","SAN DIEGO MONTGOMERY FIELD, CA US","2022-09-03","0.00",,,,"99","76"
"USW00003131","SAN DIEGO MONTGOMERY FIELD, CA US","2022-09-04","0.02",,,,"90","76"
"USW00003131","SAN DIEGO MONTGOMERY FIELD, CA US","2022-09-05","0.00",,,,"91","72"
"USW00003131","SAN DIEGO MONTGOMERY FIELD, CA US","2022-09-06","0.00",,,,"90","70"
"USW00003131","SAN DIEGO MONTGOMERY FIELD, CA US","2022-09-07","0.00",,,,"96","72"
"USW00003131","SAN DIEGO MONTGOMERY FIELD, CA US","2022-09-08","0.00",,,,"96","74"
"USW00003131","SAN DIEGO MONTGOMERY FIELD, CA US","2022-09-09","0.39",,,,"89","69"
"USW00003131","SAN DIEGO MONTGOMERY FIELD, CA US","2022-09-10","0.00",,,,"80","70"
"USW00003131","SAN DIEGO MONTGOMERY FIELD, CA US","2022-09-11","0.00",,,,"87","73"
"USW00003131","SAN DIEGO MONTGOMERY FIELD, CA US","2022-09-12","0.00",,,,"83","71"
"USW00003131","SAN DIEGO MONTGOMERY FIELD, CA US","2022-09-13","0.00",,,,"81","67"
"USW00003131","SAN DIEGO MONTGOMERY FIELD, CA US","2022-09-14","0.00",,,,"75","67"
"USW00003131","SAN DIEGO MONTGOMERY FIELD, CA US","2022-09-15","0.00",,,,"76","64"
"USW00003131","SAN DIEGO MONTGOMERY FIELD, CA US","2022-09-16","0.00",,,,"76","61"
"USW00003131","SAN DIEGO MONTGOMERY FIELD, CA US","2022-09-17","0.00",,,,"74","62"
"USW00003131","SAN DIEGO MONTGOMERY FIELD, CA US","2022-09-18","0.00",,,,"74","62"
"USW00003131","SAN DIEGO MONTGOMERY FIELD, CA US","2022-09-19","0.00",,,,"77","62"
"USW00003131","SAN DIEGO MONTGOMERY FIELD, CA US","2022-09-20","0.00",,,,"80","61"
"USW00003131","SAN DIEGO MONTGOMERY FIELD, CA US","2022-09-21","0.00",,,,"78","65"
"USW00003131","SAN DIEGO MONTGOMERY FIELD, CA US","2022-09-22","0.00",,,,"82","58"
"USW00003131","SAN DIEGO MONTGOMERY FIELD, CA US","2022-09-23","0.00",,,,"87","66"
"USW00003131","SAN DIEGO MONTGOMERY FIELD, CA US","2022-09-24","0.00",,,,"87","67"
"USW00003131","SAN DIEGO MONTGOMERY FIELD, CA US","2022-09-25","0.00",,,,"85","68"
"USW00003131","SAN DIEGO MONTGOMERY FIELD, CA US","2022-09-26","0.00",,,,"85","67"
"USW00003131","SAN DIEGO MONTGOMERY FIELD, CA US","2022-09-27","0.00",,,,"91","66"
"USW00003131","SAN DIEGO MONTGOMERY FIELD, CA US","2022-09-28","0.00",,,,"86","65"
"USW00003131","SAN DIEGO MONTGOMERY FIELD, CA US","2022-09-29","0.00",,,,"79","64"
"USW00003131","SAN DIEGO MONTGOMERY FIELD, CA US","2022-09-30","0.00",,,,"76","64"
"USW00003131","SAN DIEGO MONTGOMERY FIELD, CA US","2022-10-01","0.00",,,,"74","63"
"USW00003131","SAN DIEGO MONTGOMERY FIELD, CA US","2022-10-02","0.00",,,,"75","66"
"USW00003131","SAN DIEGO MONTGOMERY FIELD, CA US","2022-10-03","0.00",,,,"74","66"
"USW00003131","SAN DIEGO MONTGOMERY FIELD, CA US","2022-10-04","0.00",,,,"75","64"
"USW00003131","SAN DIEGO MONTGOMERY FIELD, CA US","2022-10-05","0.00",,,,"75","64"
"USW00003131","SAN DIEGO MONTGOMERY FIELD, CA US","2022-10-06","0.00",,,,"73","63"
"USW00003131","SAN DIEGO MONTGOMERY FIELD, CA US","2022-10-07","0.00",,,,"77","64"
"USW00003131","SAN DIEGO MONTGOMERY FIELD, CA US","2022-10-08","0.00",,,,"80","64"
"USW00003131","SAN DIEGO MONTGOMERY FIELD, CA US","2022-10-09","0.00",,,,"78","65"
"USW00003131","SAN DIEGO MONTGOMERY FIELD, CA US","2022-10-10","0.00",,,,"74","65"
"USW00003131","SAN DIEGO MONTGOMERY FIELD, CA US","2022-10-11","0.02",,,,"74","64"
"USW00003131","SAN DIEGO MONTGOMERY FIELD, CA US","2022-10-12","0.00",,,,"75","65"
"USW00003131","SAN DIEGO MONTGOMERY FIELD, CA US","2022-10-13","0.00",,,,"69","64"
"USW00003131","SAN DIEGO MONTGOMERY FIELD, CA US","2022-10-14","0.00",,,,"68","63"
"USW00003131","SAN DIEGO MONTGOMERY FIELD, CA US","2022-10-15","0.05",,,,"71","62"
"USW00003131","SAN DIEGO MONTGOMERY FIELD, CA US","2022-10-16","0.00",,,,"72","62"
"USW00003131","SAN DIEGO MONTGOMERY FIELD, CA US","2022-10-17","0.00",,,,"75","59"
"USW00003131","SAN DIEGO MONTGOMERY FIELD, CA US","2022-10-18","0.00",,,,"93","58"
"USW00003131","SAN DIEGO MONTGOMERY FIELD, CA US","2022-10-19","0.00",,,,"95","63"
"USW00003131","SAN DIEGO MONTGOMERY FIELD, CA US","2022-10-20","0.00",,,,"88","63"
"USW00003131","SAN DIEGO MONTGOMERY FIELD, CA US","2022-10-21","0.00",,,,"75","63"
"USW00003131","SAN DIEGO MONTGOMERY FIELD, CA US","2022-10-22","0.03",,,,"70","61"
"USW00003131","SAN DIEGO MONTGOMERY FIELD, CA US","2022-10-23","0.05",,,,"68","56"
"USW00003131","SAN DIEGO MONTGOMERY FIELD, CA US","2022-10-24","0.00",,,,"75","50"
"USW00003131","SAN DIEGO MONTGOMERY FIELD, CA US","2022-10-25","0.00",,,,"77","51"
"USW00003131","SAN DIEGO MONTGOMERY FIELD, CA US","2022-10-26","0.00",,,,"71","53"
"USW00003131","SAN DIEGO MONTGOMERY FIELD, CA US","2022-10-27","0.00",,,,"71","56"
"USW00003131","SAN DIEGO MONTGOMERY FIELD, CA US","2022-10-28","0.00",,,,"73","52"
"USW00003131","SAN DIEGO MONTGOMERY FIELD, CA US","2022-10-29","0.00",,,,"74","53"
"USW00003131","SAN DIEGO MONTGOMERY FIELD, CA US","2022-10-30","0.00",,,,"79","52"
"USW00003131","SAN DIEGO MONTGOMERY FIELD, CA US","2022-10-31","0.00",,,,"80","51"
"USW00003131","SAN DIEGO MONTGOMERY FIELD, CA US","2022-11-01","0.00",,,,"69","58"
"USW00003131","SAN DIEGO MONTGOMERY FIELD, CA US","2022-11-02","0.13",,,,"66","57"
"USW00003131","SAN DIEGO MONTGOMERY FIELD, CA US","2022-11-03","0.01",,,,"63","47"
"USW00003131","SAN DIEGO MONTGOMERY FIELD, CA US","2022-11-04","0.00",,,,"69","42"
"USW00003131","SAN DIEGO MONTGOMERY FIELD, CA US","2022-11-05","0.00",,,,"72","46"
"USW00003131","SAN DIEGO MONTGOMERY FIELD, CA US","2022-11-06","0.00",,,,"67","49"
"USW00003131","SAN DIEGO MONTGOMERY FIELD, CA US","2022-11-07","0.07",,,,"67","56"
"USW00003131","SAN DIEGO MONTGOMERY FIELD, CA US","2022-11-08","0.73",,,,"64","53"
"USW00003131","SAN DIEGO MONTGOMERY FIELD, CA US","2022-11-09","0.02",,,,"62","50"
"USW00003131","SAN DIEGO MONTGOMERY FIELD, CA US","2022-11-10","0.00",,,,"65","43"
"USW00003131","SAN DIEGO MONTGOMERY FIELD, CA US","2022-11-11","0.00",,,,"70","43"
"USW00003131","SAN DIEGO MONTGOMERY FIELD, CA US","2022-11-12","0.00",,,,"69","44"
"USW00003131","SAN DIEGO MONTGOMERY FIELD, CA US","2022-11-13","0.00",,,,"63","47"
"USW00003131","SAN DIEGO MONTGOMERY FIELD, CA US","2022-11-14","0.00",,,,"70","45"
"USW00003131","SAN DIEGO MONTGOMERY FIELD, CA US","2022-11-15","0.00",,,,"70","44"
"USW00003131","SAN DIEGO MONTGOMERY FIELD, CA US","2022-11-16","0.00",,,,"75","45"
"USW00003131","SAN DIEGO MONTGOMERY FIELD, CA US","2022-11-17","0.00",,,,"73","43"
"USW00003131","SAN DIEGO MONTGOMERY FIELD, CA US","2022-11-18","0.00",,,,"67","44"
"USW00003131","SAN DIEGO MONTGOMERY FIELD, CA US","2022-11-19","0.00",,,,"74","42"
"USW00003131","SAN DIEGO MONTGOMERY FIELD, CA US","2022-11-20","0.00",,,,"77","45"
"USW00003131","SAN DIEGO MONTGOMERY FIELD, CA US","2022-11-21","0.00",,,,"76","46"
"USW00003131","SAN DIEGO MONTGOMERY FIELD, CA US","2022-11-22","0.00",,,,"74","45"
"USW00003131","SAN DIEGO MONTGOMERY FIELD, CA US","2022-11-23","0.00",,,,"72","42"
"USW00003131","SAN DIEGO MONTGOMERY FIELD, CA US","2022-11-24","0.00",,,,"78","45"
"USW00003131","SAN DIEGO MONTGOMERY FIELD, CA US","2022-11-25","0.00",,,,"74","48"
"USW00003131","SAN DIEGO MONTGOMERY FIELD, CA US","2022-11-26","0.00",,,,"70","44"
"USW00003131","SAN DIEGO MONTGOMERY FIELD, CA US","2022-11-27","0.00",,,,"73","42"
"USW00003131","SAN DIEGO MONTGOMERY FIELD, CA US","2022-11-28","0.00",,,,"61","51"
"USW00003131","SAN DIEGO MONTGOMERY FIELD, CA US","2022-11-29","0.00",,,,"62","47"
"USW00003131","SAN DIEGO MONTGOMERY FIELD, CA US","2022-11-30","0.00",,,,"60","45"
"USW00003131","SAN DIEGO MONTGOMERY FIELD, CA US","2022-12-01","0.00",,,,"60","53"
"USW00003131","SAN DIEGO MONTGOMERY FIELD, CA US","2022-12-02","0.00",,,,"68","48"
"USW00003131","SAN DIEGO MONTGOMERY FIELD, CA US","2022-12-03","0.00",,,,"70","49"
"USW00003131","SAN DIEGO MONTGOMERY FIELD, CA US","2022-12-04","0.00",,,,"68","47"
"USW00003131","SAN DIEGO MONTGOMERY FIELD, CA US","2022-12-05","0.00",,,,"65","48"
"USW00003131","SAN DIEGO MONTGOMERY FIELD, CA US","2022-12-06","0.00",,,,"61","47"
"USW00003131","SAN DIEGO MONTGOMERY FIELD, CA US","2022-12-07","0.00",,,,"63","46"
"USW00003131","SAN DIEGO MONTGOMERY FIELD, CA US","2022-12-08","0.00",,,,"61","40"
"USW00003131","SAN DIEGO MONTGOMERY FIELD, CA US","2022-12-09","0.00",,,,"62","40"
"USW00003131","SAN DIEGO MONTGOMERY FIELD, CA US","2022-12-10","0.00",,,,"63","40"
"USW00003131","SAN DIEGO MONTGOMERY FIELD, CA US","2022-12-11","0.68",,,,"57","47"
"USW00003131","SAN DIEGO MONTGOMERY FIELD, CA US","2022-12-12","0.28",,,,"56","43"
"USW00003131","SAN DIEGO MONTGOMERY FIELD, CA US","2022-12-13","0.00",,,,"60","40"
"USW00003131","SAN DIEGO MONTGOMERY FIELD, CA US","2022-12-14","0.00",,,,"62","39"
"USW00003131","SAN DIEGO MONTGOMERY FIELD, CA US","2022-12-15","0.00",,,,"63","42"
"USW00003131","SAN DIEGO MONTGOMERY FIELD, CA US","2022-12-16","0.00",,,,"68","44"
"USW00003131","SAN DIEGO MONTGOMERY FIELD, CA US","2022-12-17","0.00",,,,"66","39"
"USW00003131","SAN DIEGO MONTGOMERY FIELD, CA US","2022-12-18","0.00",,,,"64","42"
"USW00003131","SAN DIEGO MONTGOMERY FIELD, CA US","2022-12-19","0.00",,,,"66","39"
"USW00003131","SAN DIEGO MONTGOMERY FIELD, CA US","2022-12-20","0.00",,,,"67","40"
"USW00003131","SAN DIEGO MONTGOMERY FIELD, CA US","2022-12-21","0.00",,,,"73","40"
"USW00003131","SAN DIEGO MONTGOMERY FIELD, CA US","2022-12-22","0.00",,,,"69","44"
"USW00003131","SAN DIEGO MONTGOMERY FIELD, CA US","2022-12-23","0.00",,,,"69","43"
"USW00003131","SAN DIEGO MONTGOMERY FIELD, CA US","2022-12-24","0.00",,,,"76","45"
"USW00003131","SAN DIEGO MONTGOMERY FIELD, CA US","2022-12-25","0.00",,,,"82","48"
"USW00003131","SAN DIEGO MONTGOMERY FIELD, CA US","2022-12-26","0.00",,,,"83","50"
"USW00003131","SAN DIEGO MONTGOMERY FIELD, CA US","2022-12-27","0.07",,,,"68","50"
"USW00003131","SAN DIEGO MONTGOMERY FIELD, CA US","2022-12-28","0.33",,,,"63","51"
"USW00003131","SAN DIEGO MONTGOMERY FIELD, CA US","2022-12-29","0.00",,,,"59","51"
"USW00003131","SAN DIEGO MONTGOMERY FIELD, CA US","2022-12-30","0.00",,,,"59","53"
"USW00003131","SAN DIEGO MONTGOMERY FIELD, CA US","2022-12-31","0.03",,,,"60","55"
"USW00003131","SAN DIEGO MONTGOMERY FIELD, CA US","2023-01-01","1.37",,,,"57","52"
"USW00003131","SAN DIEGO MONTGOMERY FIELD, CA US","2023-01-02","0.05",,,,"58","47"
"USW00003131","SAN DIEGO MONTGOMERY FIELD, CA US","2023-01-03","0.27",,,,"58","51"
"USW00003131","SAN DIEGO MONTGOMERY FIELD, CA US","2023-01-04","0.09",,,,"66","56"
"USW00003131","SAN DIEGO MONTGOMERY FIELD, CA US","2023-01-05","0.24",,,,"60","53"
"USW00003131","SAN DIEGO MONTGOMERY FIELD, CA US","2023-01-06","0.01",,,,"62","45"
"USW00003131","SAN DIEGO MONTGOMERY FIELD, CA US","2023-01-07","0.00",,,,"68","44"
"USW00003131","SAN DIEGO MONTGOMERY FIELD, CA US","2023-01-08","0.00",,,,"68","46"
"USW00003131","SAN DIEGO MONTGOMERY FIELD, CA US","2023-01-09","0.00",,,,"65","47"
"USW00003131","SAN DIEGO MONTGOMERY FIELD, CA US","2023-01-10","0.34",,,,"61","50"
"USW00003131","SAN DIEGO MONTGOMERY FIELD, CA US","2023-01-11","0.00",,,,"61","45"
"USW00003131","SAN DIEGO MONTGOMERY FIELD, CA US","2023-01-12","0.00",,,,"73","47"
"USW00003131","SAN DIEGO MONTGOMERY FIELD, CA US","2023-01-13","0.00",,,,"69","47"
"USW00003131","SAN DIEGO MONTGOMERY FIELD, CA US","2023-01-14","1.29",,,,"59","47"
"USW00003131","SAN DIEGO MONTGOMERY FIELD, CA US","2023-01-15","0.88",,,,"60","52"
"USW00003131","SAN DIEGO MONTGOMERY FIELD, CA US","2023-01-16","1.18",,,,"58","50"
"USW00003131","SAN DIEGO MONTGOMERY FIELD, CA US","2023-01-17","0.14",,,,"56","46"
"USW00003131","SAN DIEGO MONTGOMERY FIELD, CA US","2023-01-18","0.00",,,,"61","42"
"USW00003131","SAN DIEGO MONTGOMERY FIELD, CA US","2023-01-19","0.08",,,,"58","40"
"USW00003131","SAN DIEGO MONTGOMERY FIELD, CA US","2023-01-20","0.00",,,,"61","45"
"USW00003131","SAN DIEGO MONTGOMERY FIELD, CA US","2023-01-21","0.00",,,,"64","39"
"USW00003131","SAN DIEGO MONTGOMERY FIELD, CA US","2023-01-22","0.00",,,,"57","39"
"USW00003131","SAN DIEGO MONTGOMERY FIELD, CA US","2023-01-23","0.00",,,,"62","40"
"USW00003131","SAN DIEGO MONTGOMERY FIELD, CA US","2023-01-24","0.00",,,,"65","37"
"USW00003131","SAN DIEGO MONTGOMERY FIELD, CA US","2023-01-25","0.00",,,,"68","41"
"USW00003131","SAN DIEGO MONTGOMERY FIELD, CA US","2023-01-26","0.00",,,,"68","50"
"USW00003131","SAN DIEGO MONTGOMERY FIELD, CA US","2023-01-27","0.00",,,,"70","40"
"USW00003131","SAN DIEGO MONTGOMERY FIELD, CA US","2023-01-28","0.00",,,,"59","43"
"USW00003131","SAN DIEGO MONTGOMERY FIELD, CA US","2023-01-29","0.01",,,,"57","47"
"USW00003131","SAN DIEGO MONTGOMERY FIELD, CA US","2023-01-30","0.34",,,,"56","46"
"USW00003131","SAN DIEGO MONTGOMERY FIELD, CA US","2023-01-31","0.00",,,,"61","44"
"USW00003131","SAN DIEGO MONTGOMERY FIELD, CA US","2023-02-01","0.00",,,,"65","39"
"USW00003131","SAN DIEGO MONTGOMERY FIELD, CA US","2023-02-02","0.00",,,,"69","39"
"USW00003131","SAN DIEGO MONTGOMERY FIELD, CA US","2023-02-03","0.00",,,,"69","45"
"USW00003131","SAN DIEGO MONTGOMERY FIELD, CA US","2023-02-04","0.00",,,,"69","42"
"USW00003131","SAN DIEGO MONTGOMERY FIELD, CA US","2023-02-05","0.01",,,,"62","46"
"USW00003131","SAN DIEGO MONTGOMERY FIELD, CA US","2023-02-06","0.00",,,,"64","44"
"USW00003131","SAN DIEGO MONTGOMERY FIELD, CA US","2023-02-07","0.00",,,,"69","41"
"USW00003131","SAN DIEGO MONTGOMERY FIELD, CA US","2023-02-08","0.00",,,,"71","43"
"USW00003131","SAN DIEGO MONTGOMERY FIELD, CA US","2023-02-09","0.00",,,,"79","44"
"USW00003131","SAN DIEGO MONTGOMERY FIELD, CA US","2023-02-10","0.00",,,,"75","44"
"USW00003131","SAN DIEGO MONTGOMERY FIELD, CA US","2023-02-11","0.00",,,,"60","45"
"USW00003131","SAN DIEGO MONTGOMERY FIELD, CA US","2023-02-12","0.52",,,,"57","43"
"USW00003131","SAN DIEGO MONTGOMERY FIELD, CA US","2023-02-13","0.05",,,,"59","46"
"USW00003131","SAN DIEGO MONTGOMERY FIELD, CA US","2023-02-14","0.01",,,,"55","50"
"USW00003131","SAN DIEGO MONTGOMERY FIELD, CA US","2023-02-15","0.00",,,,"59","38"
"USW00003131","SAN DIEGO MONTGOMERY FIELD, CA US","2023-02-16","0.00",,,,"63","36"
"USW00003131","SAN DIEGO MONTGOMERY FIELD, CA US","2023-02-17","0.00",,,,"66","41"
"USW00003131","SAN DIEGO MONTGOMERY FIELD, CA US","2023-02-18","0.00",,,,"67","41"
"USW00003131","SAN DIEGO MONTGOMERY FIELD, CA US","2023-02-19","0.00",,,,"63","40"
"USW00003131","SAN DIEGO MONTGOMERY FIELD, CA US","2023-02-20","0.00",,,,"68","41"
"USW00003131","SAN DIEGO MONTGOMERY FIELD, CA US","2023-02-21","0.04",,,,"62","44"
"USW00003131","SAN DIEGO MONTGOMERY FIELD, CA US","2023-02-22","0.07",,,,"54","44"
"USW00003131","SAN DIEGO MONTGOMERY FIELD, CA US","2023-02-23","0.22",,,,"54","45"
"USW00003131","SAN DIEGO MONTGOMERY FIELD, CA US","2023-02-24","0.05",,,,"58","44"
"USW00003131","SAN DIEGO MONTGOMERY FIELD, CA US","2023-02-25","1.00",,,,"56","42"
"USW00003131","SAN DIEGO MONTGOMERY FIELD, CA US","2023-02-26","0.00",,,,"55","42"
"USW00003131","SAN DIEGO MONTGOMERY FIELD, CA US","2023-02-27","0.05",,,,"59","41"
"USW00003131","SAN DIEGO MONTGOMERY FIELD, CA US","2023-02-28","0.08",,,,"57","46"
"USW00003131","SAN DIEGO MONTGOMERY FIELD, CA US","2023-03-01","0.45",,,,"55","44"
"USW00003131","SAN DIEGO MONTGOMERY FIELD, CA US","2023-03-02","0.00",,,,"59","35"
"USW00003131","SAN DIEGO MONTGOMERY FIELD, CA US","2023-03-03","0.00",,,,"60","39"
"USW00003131","SAN DIEGO MONTGOMERY FIELD, CA US","2023-03-04","0.00",,,,"57","41"
"USW00003131","SAN DIEGO MONTGOMERY FIELD, CA US","2023-03-05","0.00",,,,"60","46"
"USW00003131","SAN DIEGO MONTGOMERY FIELD, CA US","2023-03-06","0.00",,,,"60","45"
"USW00003131","SAN DIEGO MONTGOMERY FIELD, CA US","2023-03-07","0.00",,,,"59","46"
"USW00003131","SAN DIEGO MONTGOMERY FIELD, CA US","2023-03-08","0.00",,,,"58","42"
"USW00003131","SAN DIEGO MONTGOMERY FIELD, CA US","2023-03-09","0.00","0.0",,,"66","45"
"USW00003131","SAN DIEGO MONTGOMERY FIELD, CA US","2023-03-10","0.61","0.0",,,"62","49"
"USW00003131","SAN DIEGO MONTGOMERY FIELD, CA US","2023-03-11","0.07","0.0",,,"62","57"
"USW00003131","SAN DIEGO MONTGOMERY FIELD, CA US","2023-03-12","0.00",,,,"66","55"
"USW00003131","SAN DIEGO MONTGOMERY FIELD, CA US","2023-03-13","0.00",,,,"66","53"
"USW00003131","SAN DIEGO MONTGOMERY FIELD, CA US","2023-03-14","0.20",,,,"65","52"
"USW00003131","SAN DIEGO MONTGOMERY FIELD, CA US","2023-03-15","1.44",,,,"59","52"
"USW00003131","SAN DIEGO MONTGOMERY FIELD, CA US","2023-03-16","0.00",,,,"60","49"
"USW00003131","SAN DIEGO MONTGOMERY FIELD, CA US","2023-03-17","0.00",,,,"64","49"
"USW00003131","SAN DIEGO MONTGOMERY FIELD, CA US","2023-03-18","0.00",,,,"77","47"
"USW00003131","SAN DIEGO MONTGOMERY FIELD, CA US","2023-03-19","0.08",,,,"63","54"
"USW00003131","SAN DIEGO MONTGOMERY FIELD, CA US","2023-03-20","0.02",,,,"61","53"
"USW00003131","SAN DIEGO MONTGOMERY FIELD, CA US","2023-03-21","1.38",,,,"60","51"
"USW00003131","SAN DIEGO MONTGOMERY FIELD, CA US","2023-03-22","0.13",,,,"60","50"
"USW00003131","SAN DIEGO MONTGOMERY FIELD, CA US","2023-03-23","0.10",,,,"58","47"
"USW00003131","SAN DIEGO MONTGOMERY FIELD, CA US","2023-03-24","0.00",,,,"61","47"
"USW00003131","SAN DIEGO MONTGOMERY FIELD, CA US","2023-03-25","0.00",,,,"61","44"
"USW00003131","SAN DIEGO MONTGOMERY FIELD, CA US","2023-03-26","0.00",,,,"61","43"
"USW00003131","SAN DIEGO MONTGOMERY FIELD, CA US","2023-03-27","0.00",,,,"72","43"
"USW00003131","SAN DIEGO MONTGOMERY FIELD, CA US","2023-03-28","0.00",,,,"69","49"
"USW00003131","SAN DIEGO MONTGOMERY FIELD, CA US","2023-03-29","0.33",,,,"57","47"
"USW00003131","SAN DIEGO MONTGOMERY FIELD, CA US","2023-03-30","0.13",,,,"58","47"
"USW00003131","SAN DIEGO MONTGOMERY FIELD, CA US","2023-03-31","0.00",,,,"62","44"
"USW00003131","SAN DIEGO MONTGOMERY FIELD, CA US","2023-04-01","0.00",,,,"68","44"
"USW00003131","SAN DIEGO MONTGOMERY FIELD, CA US","2023-04-02","0.00",,,,"63","47"
"USW00003131","SAN DIEGO MONTGOMERY FIELD, CA US","2023-04-03","0.00",,,,"59","51"
"USW00003131","SAN DIEGO MONTGOMERY FIELD, CA US","2023-04-04","0.00",,,,"59","41"
"USW00003131","SAN DIEGO MONTGOMERY FIELD, CA US","2023-04-05","0.00",,,,"64","40"
"USW00003131","SAN DIEGO MONTGOMERY FIELD, CA US","2023-04-06","0.00",,,,"71","44"
"USW00003131","SAN DIEGO MONTGOMERY FIELD, CA US","2023-04-07","0.00",,,,"69","47"
"USW00003131","SAN DIEGO MONTGOMERY FIELD, CA US","2023-04-08","0.00",,,,"70","49"
"USW00003131","SAN DIEGO MONTGOMERY FIELD, CA US","2023-04-09","0.00",,,,"67","52"
"USW00003131","SAN DIEGO MONTGOMERY FIELD, CA US","2023-04-10","0.00",,,,"72","51"
"USW00003131","SAN DIEGO MONTGOMERY FIELD, CA US","2023-04-11","0.00",,,,"69","52"
"USW00003131","SAN DIEGO MONTGOMERY FIELD, CA US","2023-04-12","0.06",,,,"57","52"
"USW00003131","SAN DIEGO MONTGOMERY FIELD, CA US","2023-04-13","0.07",,,,"56","50"
"USW00003131","SAN DIEGO MONTGOMERY FIELD, CA US","2023-04-14","0.00",,,,"62","48"
"USW00003131","SAN DIEGO MONTGOMERY FIELD, CA US","2023-04-15","0.00",,,,"66","51"
"USW00003131","SAN DIEGO MONTGOMERY FIELD, CA US","2023-04-16","0.00",,,,"58","53"
"USW00003131","SAN DIEGO MONTGOMERY FIELD, CA US","2023-04-17","0.00",,,,"64","52"
"USW00003131","SAN DIEGO MONTGOMERY FIELD, CA US","2023-04-18","0.00",,,,"63","52"
"USW00003131","SAN DIEGO MONTGOMERY FIELD, CA US","2023-04-19","0.00",,,,"67","49"
"USW00003131","SAN DIEGO MONTGOMERY FIELD, CA US","2023-04-20","0.00",,,,"78","49"
"USW00003131","SAN DIEGO MONTGOMERY FIELD, CA US","2023-04-21","0.00",,,,"87","54"
"USW00003131","SAN DIEGO MONTGOMERY FIELD, CA US","2023-04-22","0.00",,,,"82","53"
"USW00003131","SAN DIEGO MONTGOMERY FIELD, CA US","2023-04-23","0.00",,,,"66","56"
"USW00003131","SAN DIEGO MONTGOMERY FIELD, CA US","2023-04-24","0.00",,,,"67","56"
"USW00003131","SAN DIEGO MONTGOMERY FIELD, CA US","2023-04-25","0.00",,,,"67","56"
"USW00003131","SAN DIEGO MONTGOMERY FIELD, CA US","2023-04-26","0.00",,,,"72","58"
"USW00003131","SAN DIEGO MONTGOMERY FIELD, CA US","2023-04-27","0.00",,,,"73","55"
"USW00003131","SAN DIEGO MONTGOMERY FIELD, CA US","2023-04-28","0.00",,,,"68","54"
"USW00003131","SAN DIEGO MONTGOMERY FIELD, CA US","2023-04-29","0.00",,,,"69","55"
"USW00003131","SAN DIEGO MONTGOMERY FIELD, CA US","2023-04-30","0.00",,,,"64","54"
"USW00003131","SAN DIEGO MONTGOMERY FIELD, CA US","2023-05-01","0.00",,,,"62","53"
"USW00003131","SAN DIEGO MONTGOMERY FIELD, CA US","2023-05-02","0.00",,,,"63","52"
"USW00003131","SAN DIEGO MONTGOMERY FIELD, CA US","2023-05-03","0.02",,,,"65","49"
"USW00003131","SAN DIEGO MONTGOMERY FIELD, CA US","2023-05-04","0.05",,,,"62","52"
"USW00003131","SAN DIEGO MONTGOMERY FIELD, CA US","2023-05-05","0.05",,,,"62","50"
"USW00003131","SAN DIEGO MONTGOMERY FIELD, CA US","2023-05-06","0.00",,,,"66","47"
"USW00003131","SAN DIEGO MONTGOMERY FIELD, CA US","2023-05-07","0.00",,,,"69","49"
"USW00003131","SAN DIEGO MONTGOMERY FIELD, CA US","2023-05-08","0.00",,,,"68","54"
"USW00003131","SAN DIEGO MONTGOMERY FIELD, CA US","2023-05-09","0.00",,,,"67","55"
"USW00003131","SAN DIEGO MONTGOMERY FIELD, CA US","2023-05-10","0.01",,,,"66","54"
"USW00003131","SAN DIEGO MONTGOMERY FIELD, CA US","2023-05-11","0.00",,,,"68","57"
"USW00003131","SAN DIEGO MONTGOMERY FIELD, CA US","2023-05-12","0.00",,,,"67","57"
"USW00003131","SAN DIEGO MONTGOMERY FIELD, CA US","2023-05-13","0.00",,,,"69","57"
"USW00003131","SAN DIEGO MONTGOMERY FIELD, CA US","2023-05-14","0.00",,,,"68","57"
"USW00003131","SAN DIEGO MONTGOMERY FIELD, CA US","2023-05-15","0.00",,,,"71","57"
"USW00003131","SAN DIEGO MONTGOMERY FIELD, CA US","2023-05-16","0.00",,,,"74","57"
"USW00003131","SAN DIEGO MONTGOMERY FIELD, CA US","2023-05-17","0.00",,,,"65","57"
"USW00003131","SAN DIEGO MONTGOMERY FIELD, CA US","2023-05-18","0.00",,,,"71","55"
"USW00003131","SAN DIEGO MONTGOMERY FIELD, CA US","2023-05-19","0.00",,,,"69","58"
"USW00003131","SAN DIEGO MONTGOMERY FIELD, CA US","2023-05-20","0.00",,,,"69","60"
"USW00003131","SAN DIEGO MONTGOMERY FIELD, CA US","2023-05-21","0.00",,,,"72","59"
"USW00003131","SAN DIEGO MONTGOMERY FIELD, CA US","2023-05-22","0.00",,,,"63","57"
"USW00003131","SAN DIEGO MONTGOMERY FIELD, CA US","2023-05-23","0.00",,,,"63","57"
"USW00003131","SAN DIEGO MONTGOMERY FIELD, CA US","2023-05-24","0.00",,,,"66","56"
"USW00003131","SAN DIEGO MONTGOMERY FIELD, CA US","2023-05-25","0.00",,,,"67","58"
"USW00003131","SAN DIEGO MONTGOMERY FIELD, CA US","2023-05-26","0.01",,,,"68","58"
"USW00003131","SAN DIEGO MONTGOMERY FIELD, CA US","2023-05-27","0.00",,,,"68","59"
"USW00003131","SAN DIEGO MONTGOMERY FIELD, CA US","2023-05-28","0.00",,,,"67","58"
"USW00003131","SAN DIEGO MONTGOMERY FIELD, CA US","2023-05-29","0.00",,,,"63","58"
"USW00003131","SAN DIEGO MONTGOMERY FIELD, CA US","2023-05-30","0.00",,,,"65","58"
"USW00003131","SAN DIEGO MONTGOMERY FIELD, CA US","2023-05-31","0.00",,,,"64","56"
"USW00003131","SAN DIEGO MONTGOMERY FIELD, CA US","2023-06-01","0.00",,,,"64","57"
"USW00003131","SAN DIEGO MONTGOMERY FIELD, CA US","2023-06-02","0.00",,,,"70","59"
"USW00003131","SAN DIEGO MONTGOMERY FIELD, CA US","2023-06-03","0.00",,,,"70","59"
"USW00003131","SAN DIEGO MONTGOMERY FIELD, CA US","2023-06-04","0.00",,,,"70","59"
"USW00003131","SAN DIEGO MONTGOMERY FIELD, CA US","2023-06-05","0.00",,,,"66","58"
"USW00003131","SAN DIEGO MONTGOMERY FIELD, CA US","2023-06-06","0.00",,,,"68","56"
"USW00003131","SAN DIEGO MONTGOMERY FIELD, CA US","2023-06-07","0.00",,,,"68","59"
"USW00003131","SAN DIEGO MONTGOMERY FIELD, CA US","2023-06-08","0.00",,,,"69","59"
"USW00003131","SAN DIEGO MONTGOMERY FIELD, CA US","2023-06-09","0.00",,,,"69","57"
"USW00003131","SAN DIEGO MONTGOMERY FIELD, CA US","2023-06-10","0.01",,,,"65","60"
"USW00003131","SAN DIEGO MONTGOMERY FIELD, CA US","2023-06-11","0.01",,,,"65","58"
"USW00003131","SAN DIEGO MONTGOMERY FIELD, CA US","2023-06-12","0.00",,,,"67","58"
"USW00003131","SAN DIEGO MONTGOMERY FIELD, CA US","2023-06-13","0.00",,,,"67","59"
"USW00003131","SAN DIEGO MONTGOMERY FIELD, CA US","2023-06-14","0.00",,,,"68","59"
"USW00003131","SAN DIEGO MONTGOMERY FIELD, CA US","2023-06-15","0.00",,,,"71","59"
"USW00003131","SAN DIEGO MONTGOMERY FIELD, CA US","2023-06-16","0.00",,,,"74","62"
"USW00003131","SAN DIEGO MONTGOMERY FIELD, CA US","2023-06-17","0.00",,,,"74","61"
"USW00003131","SAN DIEGO MONTGOMERY FIELD, CA US","2023-06-18","0.00",,,,"71","60"
"USW00003131","SAN DIEGO MONTGOMERY FIELD, CA US","2023-06-19","0.00",,,,"72","61"
"USW00003131","SAN DIEGO MONTGOMERY FIELD, CA US","2023-06-20","0.00",,,,"77","59"
"USW00003131","SAN DIEGO MONTGOMERY FIELD, CA US","2023-06-21","0.00",,,,"75","56"
"USW00003131","SAN DIEGO MONTGOMERY FIELD, CA US","2023-06-22","0.00",,,,"68","58"
"USW00003131","SAN DIEGO MONTGOMERY FIELD, CA US","2023-06-23","0.00",,,,"71","58"
"USW00003131","SAN DIEGO MONTGOMERY FIELD, CA US","2023-06-24","0.00",,,,"72","55"
"USW00003131","SAN DIEGO MONTGOMERY FIELD, CA US","2023-06-25","0.00",,,,"72","60"
"USW00003131","SAN DIEGO MONTGOMERY FIELD, CA US","2023-06-26","0.00",,,,"74","59"
"USW00003131","SAN DIEGO MONTGOMERY FIELD, CA US","2023-06-27","0.00",,,,"72","57"
"USW00003131","SAN DIEGO MONTGOMERY FIELD, CA US","2023-06-28","0.00",,,,"69","59"
"USW00003131","SAN DIEGO MONTGOMERY FIELD, CA US","2023-06-29","0.00",,,,"74","58"
"USW00003131","SAN DIEGO MONTGOMERY FIELD, CA US","2023-06-30","0.00",,,,"77","61"
"USW00003131","SAN DIEGO MONTGOMERY FIELD, CA US","2023-07-01","0.00",,,,"76","62"
"USW00003131","SAN DIEGO MONTGOMERY FIELD, CA US","2023-07-02","0.00",,,,"79","60"
"USW00003131","SAN DIEGO MONTGOMERY FIELD, CA US","2023-07-03","0.00",,,,"76","60"
"USW00003131","SAN DIEGO MONTGOMERY FIELD, CA US","2023-07-04","0.00",,,,"77","59"
"USW00003131","SAN DIEGO MONTGOMERY FIELD, CA US","2023-07-05","0.00",,,,"76","59"
"USW00003131","SAN DIEGO MONTGOMERY FIELD, CA US","2023-07-06","0.00",,,,"72","58"
"USW00003131","SAN DIEGO MONTGOMERY FIELD, CA US","2023-07-07","0.00",,,,"72","60"
"USW00003131","SAN DIEGO MONTGOMERY FIELD, CA US","2023-07-08","0.00",,,,"72","61"
"USW00003131","SAN DIEGO MONTGOMERY FIELD, CA US","2023-07-09","0.00",,,,"75","61"
"USW00003131","SAN DIEGO MONTGOMERY FIELD, CA US","2023-07-10","0.00",,,,"79","63"
"USW00003131","SAN DIEGO MONTGOMERY FIELD, CA US","2023-07-11","0.00",,,,"86","61"
"USW00003131","SAN DIEGO MONTGOMERY FIELD, CA US","2023-07-12","0.00",,,,"90","67"
"USW00003131","SAN DIEGO MONTGOMERY FIELD, CA US","2023-07-13","0.00",,,,"91","68"
"USW00003131","SAN DIEGO MONTGOMERY FIELD, CA US","2023-07-14","0.00",,,,"83","65"
"USW00003131","SAN DIEGO MONTGOMERY FIELD, CA US","2023-07-15","0.00",,,,"78","65"
"USW00003131","SAN DIEGO MONTGOMERY FIELD, CA US","2023-07-16","0.00",,,,"79","64"
"USW00003131","SAN DIEGO MONTGOMERY FIELD, CA US","2023-07-17","0.00",,,,"87","67"
"USW00003131","SAN DIEGO MONTGOMERY FIELD, CA US","2023-07-18","0.00",,,,"86","66"
"USW00003131","SAN DIEGO MONTGOMERY FIELD, CA US","2023-07-19","0.00",,,,"86","66"
"USW00003131","SAN DIEGO MONTGOMERY FIELD, CA US","2023-07-20","0.00",,,,"86","65"
"USW00003131","SAN DIEGO MONTGOMERY FIELD, CA US","2023-07-21","0.00",,,,"82","64"
"USW00003131","SAN DIEGO MONTGOMERY FIELD, CA US","2023-07-22","0.00",,,,"80","64"
"USW00003131","SAN DIEGO MONTGOMERY FIELD, CA US","2023-07-23","0.00",,,,"76","64"
"USW00003131","SAN DIEGO MONTGOMERY FIELD, CA US","2023-07-24","0.00",,,,"83","65"
"USW00003131","SAN DIEGO MONTGOMERY FIELD, CA US","2023-07-25","0.00",,,,"87","64"
"USW00003131","SAN DIEGO MONTGOMERY FIELD, CA US","2023-07-26","0.00",,,,"90","68"
"USW00003131","SAN DIEGO MONTGOMERY FIELD, CA US","2023-07-27","0.00",,,,"84","66"
"USW00003131","SAN DIEGO MONTGOMERY FIELD, CA US","2023-07-28","0.00",,,,"78","65"
"USW00003131","SAN DIEGO MONTGOMERY FIELD, CA US","2023-07-29","0.00",,,,"87","68"
"USW00003131","SAN DIEGO MONTGOMERY FIELD, CA US","2023-07-30","0.00",,,,"88","68"
"USW00003131","SAN DIEGO MONTGOMERY FIELD, CA US","2023-07-31","0.00",,,,"83","69"
"USW00003131","SAN DIEGO MONTGOMERY FIELD, CA US","2023-08-01","0.00",,,,"86","69"
"USW00003131","SAN DIEGO MONTGOMERY FIELD, CA US","2023-08-02","0.00",,,,"87","68"
"USW00003131","SAN DIEGO MONTGOMERY FIELD, CA US","2023-08-03","0.00",,,,"78","64"
"USW00003131","SAN DIEGO MONTGOMERY FIELD, CA US","2023-08-04","0.00",,,,"80","63"
"USW00003131","SAN DIEGO MONTGOMERY FIELD, CA US","2023-08-05","0.00",,,,"81","64"
"USW00003131","SAN DIEGO MONTGOMERY FIELD, CA US","2023-08-06","0.00",,,,"82","63"
"USW00003131","SAN DIEGO MONTGOMERY FIELD, CA US","2023-08-07","0.00",,,,"84","61"
"USW00003131","SAN DIEGO MONTGOMERY FIELD, CA US","2023-08-08","0.00",,,,"85","67"
"USW00003131","SAN DIEGO MONTGOMERY FIELD, CA US","2023-08-09","0.00",,,,"81","69"
"USW00003131","SAN DIEGO MONTGOMERY FIELD, CA US","2023-08-10","0.00",,,,"78","68"
"USW00003131","SAN DIEGO MONTGOMERY FIELD, CA US","2023-08-11","0.00",,,,"76","67"
"USW00003131","SAN DIEGO MONTGOMERY FIELD, CA US","2023-08-12","0.00",,,,"79","66"
"USW00003131","SAN DIEGO MONTGOMERY FIELD, CA US","2023-08-13","0.00",,,,"78","66"
"USW00003131","SAN DIEGO MONTGOMERY FIELD, CA US","2023-08-14","0.00",,,,"79","66"
"USW00003131","SAN DIEGO MONTGOMERY FIELD, CA US","2023-08-15","0.00",,,,"81","65"
"USW00003131","SAN DIEGO MONTGOMERY FIELD, CA US","2023-08-16","0.00",,,,"86","67"
"USW00003131","SAN DIEGO MONTGOMERY FIELD, CA US","2023-08-17","0.00",,,,"84","65"
"USW00003131","SAN DIEGO MONTGOMERY FIELD, CA US","2023-08-18","0.00",,,,"81","64"
"USW00003131","SAN DIEGO MONTGOMERY FIELD, CA US","2023-08-19","0.00",,,,"78","64"
"USW00003131","SAN DIEGO MONTGOMERY FIELD, CA US","2023-08-20","2.15",,,,"76","65"
"USW00003131","SAN DIEGO MONTGOMERY FIELD, CA US","2023-08-21","0.00",,,,"74","64"
"USW00003131","SAN DIEGO MONTGOMERY FIELD, CA US","2023-08-22","0.00",,,,"79","65"
"USW00003131","SAN DIEGO MONTGOMERY FIELD, CA US","2023-08-23","0.00",,,,"80","65"
"USW00003131","SAN DIEGO MONTGOMERY FIELD, CA US","2023-08-24","0.00",,,,"78","64"
"USW00003131","SAN DIEGO MONTGOMERY FIELD, CA US","2023-08-25","0.00",,,,"79","63"
"USW00003131","SAN DIEGO MONTGOMERY FIELD, CA US","2023-08-26","0.00",,,,"82","63"
"USW00003131","SAN DIEGO MONTGOMERY FIELD, CA US","2023-08-27","0.00",,,,"89","63"
"USW00003131","SAN DIEGO MONTGOMERY FIELD, CA US","2023-08-28","0.00",,,,"94","67"
"USW00003131","SAN DIEGO MONTGOMERY FIELD, CA US","2023-08-29","0.00",,,,"93","69"
"USW00003131","SAN DIEGO MONTGOMERY FIELD, CA US","2023-08-30","0.00",,,,"84","69"
"USW00003131","SAN DIEGO MONTGOMERY FIELD, CA US","2023-08-31","0.00",,,,"80","67"
"USW00003131","SAN DIEGO MONTGOMERY FIELD, CA US","2023-09-01","0.00",,,,"80","67"
"USW00003131","SAN DIEGO MONTGOMERY FIELD, CA US","2023-09-02","0.02",,,,"82","70"
"USW00003131","SAN DIEGO MONTGOMERY FIELD, CA US","2023-09-03","0.00",,,,"78","68"
"USW00003131","SAN DIEGO MONTGOMERY FIELD, CA US","2023-09-04","0.00",,,,"77","65"
"USW00003131","SAN DIEGO MONTGOMERY FIELD, CA US","2023-09-05","0.00",,,,"75","65"
"USW00003131","SAN DIEGO MONTGOMERY FIELD, CA US","2023-09-06","0.00",,,,"79","66"
"USW00003131","SAN DIEGO MONTGOMERY FIELD, CA US","2023-09-07","0.00",,,,"82","63"
"USW00003131","SAN DIEGO MONTGOMERY FIELD, CA US","2023-09-08","0.00",,,,"92","65"
"USW00003131","SAN DIEGO MONTGOMERY FIELD, CA US","2023-09-09","0.00",,,,"91","70"
"USW00003131","SAN DIEGO MONTGOMERY FIELD, CA US","2023-09-10","0.00",,,,"94","71"
"USW00003131","SAN DIEGO MONTGOMERY FIELD, CA US","2023-09-11","0.00",,,,"89","71"
"USW00003131","SAN DIEGO MONTGOMERY FIELD, CA US","2023-09-12","0.00",,,,"79","66"
"USW00003131","SAN DIEGO MONTGOMERY FIELD, CA US","2023-09-13","0.00",,,,"76","64"
"USW00003131","SAN DIEGO MONTGOMERY FIELD, CA US","2023-09-14","0.00",,,,"76","64"
"USW00003131","SAN DIEGO MONTGOMERY FIELD, CA US","2023-09-15","0.00",,,,"73","67"
"USW00003131","SAN DIEGO MONTGOMERY FIELD, CA US","2023-09-16","0.00",,,,"71","66"
"USW00003131","SAN DIEGO MONTGOMERY FIELD, CA US","2023-09-17","0.00",,,,"71","64"
"USW00003131","SAN DIEGO MONTGOMERY FIELD, CA US","2023-09-18","0.01",,,,"77","62"
"USW00003131","SAN DIEGO MONTGOMERY FIELD, CA US","2023-09-19","0.00",,,,"77","58"
"USW00003131","SAN DIEGO MONTGOMERY FIELD, CA US","2023-09-20","0.00",,,,"74","63"
"USW00003131","SAN DIEGO MONTGOMERY FIELD, CA US","2023-09-21","0.00",,,,"74","59"
"USW00003131","SAN DIEGO MONTGOMERY FIELD, CA US","2023-09-22","0.02",,,,"69","60"
"USW00003131","SAN DIEGO MONTGOMERY FIELD, CA US","2023-09-23","0.00",,,,"76","63"
"USW00003131","SAN DIEGO MONTGOMERY FIELD, CA US","2023-09-24","0.00",,,,"79","63"
"USW00003131","SAN DIEGO MONTGOMERY FIELD, CA US","2023-09-25","0.00",,,,"79","61"
"USW00003131","SAN DIEGO MONTGOMERY FIELD, CA US","2023-09-26","0.00",,,,"79","59"
"USW00003131","SAN DIEGO MONTGOMERY FIELD, CA US","2023-09-27","0.00",,,,"80","58"
"USW00003131","SAN DIEGO MONTGOMERY FIELD, CA US","2023-09-28","0.00",,,,"73","62"
"USW00003131","SAN DIEGO MONTGOMERY FIELD, CA US","2023-09-29","0.00",,,,"72","64"
"USW00003131","SAN DIEGO MONTGOMERY FIELD, CA US","2023-09-30","0.00",,,,"72","63"
"USW00003131","SAN DIEGO MONTGOMERY FIELD, CA US","2023-10-01","0.00",,,,"70","59"
"USW00003131","SAN DIEGO MONTGOMERY FIELD, CA US","2023-10-02","0.00",,,,"73","54"
"USW00003131","SAN DIEGO MONTGOMERY FIELD, CA US","2023-10-03","0.00",,,,"80","55"
"USW00003131","SAN DIEGO MONTGOMERY FIELD, CA US","2023-10-04","0.00",,,,"85","55"
"USW00003131","SAN DIEGO MONTGOMERY FIELD, CA US","2023-10-05","0.00",,,,"95","60"
"USW00003131","SAN DIEGO MONTGOMERY FIELD, CA US","2023-10-06","0.00",,,,"92","61"
"USW00003131","SAN DIEGO MONTGOMERY FIELD, CA US","2023-10-07","0.00",,,,"91","57"
"USW00003131","SAN DIEGO MONTGOMERY FIELD, CA US","2023-10-08","0.00",,,,"82","63"
"USW00003131","SAN DIEGO MONTGOMERY FIELD, CA US","2023-10-09","0.00",,,,"80","63"
"USW00003131","SAN DIEGO MONTGOMERY FIELD, CA US","2023-10-10","0.00",,,,"74","63"
"USW00003131","SAN DIEGO MONTGOMERY FIELD, CA US","2023-10-11","0.00",,,,"72","62"
"USW00003131","SAN DIEGO MONTGOMERY FIELD, CA US","2023-10-12","0.00",,,,"74","58"
"USW00003131","SAN DIEGO MONTGOMERY FIELD, CA US","2023-10-13","0.00",,,,"75","58"
"USW00003131","SAN DIEGO MONTGOMERY FIELD, CA US","2023-10-14","0.00",,,,"81","59"
"USW00003131","SAN DIEGO MONTGOMERY FIELD, CA US","2023-10-15","0.00",,,,"86","57"
"USW00003131","SAN DIEGO MONTGOMERY FIELD, CA US","2023-10-16","0.00",,,,"80","55"
"USW00003131","SAN DIEGO MONTGOMERY FIELD, CA US","2023-10-17","0.00",,,,"80","60"
"USW00003131","SAN DIEGO MONTGOMERY FIELD, CA US","2023-10-18","0.00",,,,"78","60"
"USW00003131","SAN DIEGO MONTGOMERY FIELD, CA US","2023-10-19","0.00",,,,"83","59"
"USW00003131","SAN DIEGO MONTGOMERY FIELD, CA US","2023-10-20","0.00",,,,"91","61"
"USW00003131","SAN DIEGO MONTGOMERY FIELD, CA US","2023-10-21","0.00",,,,"84","61"
"USW00003131","SAN DIEGO MONTGOMERY FIELD, CA US","2023-10-22","0.00",,,,"73","65"
"USW00003131","SAN DIEGO MONTGOMERY FIELD, CA US","2023-10-23","0.00",,,,"71","58"
"USW00003131","SAN DIEGO MONTGOMERY FIELD, CA US","2023-10-24","0.00",,,,"74","55"
"USW00003131","SAN DIEGO MONTGOMERY FIELD, CA US","2023-10-25","0.00",,,,"67","63"
"USW00003131","SAN DIEGO MONTGOMERY FIELD, CA US","2023-10-26","0.00",,,,"73","61"
"USW00003131","SAN DIEGO MONTGOMERY FIELD, CA US","2023-10-27","0.00",,,,"72","56"
"USW00003131","SAN DIEGO MONTGOMERY FIELD, CA US","2023-10-28","0.00",,,,"72","51"
"USW00003131","SAN DIEGO MONTGOMERY FIELD, CA US","2023-10-29","0.00",,,,"82","52"
"USW00003131","SAN DIEGO MONTGOMERY FIELD, CA US","2023-10-30","0.00",,,,"81","48"
"USW00003131","SAN DIEGO MONTGOMERY FIELD, CA US","2023-10-31","0.00",,,,"83","48"
"USW00003131","SAN DIEGO MONTGOMERY FIELD, CA US","2023-11-01","0.00",,,,"86","52"
"USW00003131","SAN DIEGO MONTGOMERY FIELD, CA US","2023-11-02","0.00",,,,"84","53"
"USW00003131","SAN DIEGO MONTGOMERY FIELD, CA US","2023-11-03","0.00",,,,"81","50"
"USW00003131","SAN DIEGO MONTGOMERY FIELD, CA US","2023-11-04","0.00",,,,"83","51"
"USW00003131","SAN DIEGO MONTGOMERY FIELD, CA US","2023-11-05","0.00",,,,"85","51"
"USW00003131","SAN DIEGO MONTGOMERY FIELD, CA US","2023-11-06","0.00",,,,"74","52"
"USW00003131","SAN DIEGO MONTGOMERY FIELD, CA US","2023-11-07","0.00",,,,"71","57"
"USW00003131","SAN DIEGO MONTGOMERY FIELD, CA US","2023-11-08","0.00",,,,"75","51"
"USW00003131","SAN DIEGO MONTGOMERY FIELD, CA US","2023-11-09","0.00",,,,"78","50"
"USW00003131","SAN DIEGO MONTGOMERY FIELD, CA US","2023-11-10","0.00",,,,"80","45"
"USW00003131","SAN DIEGO MONTGOMERY FIELD, CA US","2023-11-11","0.00",,,,"80","45"
"USW00003131","SAN DIEGO MONTGOMERY FIELD, CA US","2023-11-12","0.00",,,,"84","49"
"USW00003131","SAN DIEGO MONTGOMERY FIELD, CA US","2023-11-13","0.00",,,,"78","52"
"USW00003131","SAN DIEGO MONTGOMERY FIELD, CA US","2023-11-14","0.00",,,,"81","49"
"USW00003131","SAN DIEGO MONTGOMERY FIELD, CA US","2023-11-15","0.23",,,,"71","54"
"USW00003131","SAN DIEGO MONTGOMERY FIELD, CA US","2023-11-16","0.00",,,,"74","57"
"USW00003131","SAN DIEGO MONTGOMERY FIELD, CA US","2023-11-17","0.19",,,,"75","53"
"USW00003131","SAN DIEGO MONTGOMERY FIELD, CA US","2023-11-18","0.00",,,,"70","57"
"USW00003131","SAN DIEGO MONTGOMERY FIELD, CA US","2023-11-19","0.00",,,,"70","53"
"USW00003131","SAN DIEGO MONTGOMERY FIELD, CA US","2023-11-20","0.00",,,,"79","49"
"USW00003131","SAN DIEGO MONTGOMERY FIELD, CA US","2023-11-21","0.00",,,,"80","49"
"USW00003131","SAN DIEGO MONTGOMERY FIELD, CA US","2023-11-22","0.00",,,,"82","49"
"USW00003131","SAN DIEGO MONTGOMERY FIELD, CA US","2023-11-23","0.00",,,,"68","51"
"USW00003131","SAN DIEGO MONTGOMERY FIELD, CA US","2023-11-24","0.04",,,,"66","52"
"USW00003131","SAN DIEGO MONTGOMERY FIELD, CA US","2023-11-25","0.00",,,,"69","47"
"USW00003131","SAN DIEGO MONTGOMERY FIELD, CA US","2023-11-26","0.00",,,,"72","45"
"USW00003131","SAN DIEGO MONTGOMERY FIELD, CA US","2023-11-27","0.00",,,,"73","46"
"USW00003131","SAN DIEGO MONTGOMERY FIELD, CA US","2023-11-28","0.00",,,,"72","48"
"USW00003131","SAN DIEGO MONTGOMERY FIELD, CA US","2023-11-29","0.01",,,,"66","48"
"USW00003131","SAN DIEGO MONTGOMERY FIELD, CA US","2023-11-30","0.03",,,,"64","52"
"USW00003131","SAN DIEGO MONTGOMERY FIELD, CA US","2023-12-01","0.01",,,,"67","47"
"USW00003131","SAN DIEGO MONTGOMERY FIELD, CA US","2023-12-02","0.00",,,,"68","43"
"USW00003131","SAN DIEGO MONTGOMERY FIELD, CA US","2023-12-03","0.00",,,,"70","43"
"USW00003131","SAN DIEGO MONTGOMERY FIELD, CA US","2023-12-04","0.00",,,,"72","46"
"USW00003131","SAN DIEGO MONTGOMERY FIELD, CA US","2023-12-05","0.00",,,,"81","49"
"USW00003131","SAN DIEGO MONTGOMERY FIELD, CA US","2023-12-06","0.00",,,,"74","49"
"USW00003131","SAN DIEGO MONTGOMERY FIELD, CA US","2023-12-07","0.00",,,,"66","48"
"USW00003131","SAN DIEGO MONTGOMERY FIELD, CA US","2023-12-08","0.00",,,,"67","45"
"USW00003131","SAN DIEGO MONTGOMERY FIELD, CA US","2023-12-09","0.00",,,,"76","44"
"USW00003131","SAN DIEGO MONTGOMERY FIELD, CA US","2023-12-10","0.00",,,,"75","43"
"USW00003131","SAN DIEGO MONTGOMERY FIELD, CA US","2023-12-11","0.00",,,,"73","46"
"USW00003131","SAN DIEGO MONTGOMERY FIELD, CA US","2023-12-12","0.00",,,,"64","46"
"USW00003131","SAN DIEGO MONTGOMERY FIELD, CA US","2023-12-13","0.00",,,,"67","49"
"USW00003131","SAN DIEGO MONTGOMERY FIELD, CA US","2023-12-14","0.00",,,,"73","44"
"USW00003131","SAN DIEGO MONTGOMERY FIELD, CA US","2023-12-15","0.00",,,,"81","44"
"USW00003131","SAN DIEGO MONTGOMERY FIELD, CA US","2023-12-16","0.00",,,,"80","47"
"USW00003131","SAN DIEGO MONTGOMERY FIELD, CA US","2023-12-17","0.00",,,,"76","46"
"USW00003131","SAN DIEGO MONTGOMERY FIELD, CA US","2023-12-18","0.00",,,,"76","50"
"USW00003131","SAN DIEGO MONTGOMERY FIELD, CA US","2023-12-19","0.00",,,,"71","54"
"USW00003131","SAN DIEGO MONTGOMERY FIELD, CA US","2023-12-20","0.02",,,,"69","54"
"USW00003131","SAN DIEGO MONTGOMERY FIELD, CA US","2023-12-21","0.13",,,,"71","54"
"USW00003131","SAN DIEGO MONTGOMERY FIELD, CA US","2023-12-22","0.35",,,,"64","51"
"USW00003131","SAN DIEGO MONTGOMERY FIELD, CA US","2023-12-23","0.00",,,,"64","50"
"USW00003131","SAN DIEGO MONTGOMERY FIELD, CA US","2023-12-24","0.00",,,,"67","49"
"USW00003131","SAN DIEGO MONTGOMERY FIELD, CA US","2023-12-25","0.00",,,,"67","46"
"USW00003131","SAN DIEGO MONTGOMERY FIELD, CA US","2023-12-26","0.00",,,,"71","47"
"USW00003131","SAN DIEGO MONTGOMERY FIELD, CA US","2023-12-27","0.00",,,,"67","47"
"USW00003131","SAN DIEGO MONTGOMERY FIELD, CA US","2023-12-28","0.00",,,,"65","48"
"USW00003131","SAN DIEGO MONTGOMERY FIELD, CA US","2023-12-29","0.00",,,,"66","48"
"USW00003131","SAN DIEGO MONTGOMERY FIELD, CA US","2023-12-30","0.13","0.0","0.0",,"61","50"
"USW00003131","SAN DIEGO MONTGOMERY FIELD, CA US","2023-12-31","0.01","0.0","0.0",,"61","50"
"USW00003131","SAN DIEGO MONTGOMERY FIELD, CA US","2024-01-01","0.00",,,,"65","46"
"USW00003131","SAN DIEGO MONTGOMERY FIELD, CA US","2024-01-02","0.00",,,,"65","42"
"USW00003131","SAN DIEGO MONTGOMERY FIELD, CA US","2024-01-03","0.23",,,,"60","49"
"USW00003131","SAN DIEGO MONTGOMERY FIELD, CA US","2024-01-04","0.00",,,,"62","41"
"USW00003131","SAN DIEGO MONTGOMERY FIELD, CA US","2024-01-05","0.00",,,,"66","41"
"USW00003131","SAN DIEGO MONTGOMERY FIELD, CA US","2024-01-06","0.00",,,,"67","39"
"USW00003131","SAN DIEGO MONTGOMERY FIELD, CA US","2024-01-07","0.12",,,,"59","42"
"USW00003131","SAN DIEGO MONTGOMERY FIELD, CA US","2024-01-08","0.00",,,,"61","35"
"USW00003131","SAN DIEGO MONTGOMERY FIELD, CA US","2024-01-09","0.00",,,,"64","36"
"USW00003131","SAN DIEGO MONTGOMERY FIELD, CA US","2024-01-10","0.00",,,,"61","40"
"USW00003131","SAN DIEGO MONTGOMERY FIELD, CA US","2024-01-11","0.09",,,,"62","41"
"USW00003131","SAN DIEGO MONTGOMERY FIELD, CA US","2024-01-12","0.00",,,,"64","38"
"USW00003131","SAN DIEGO MONTGOMERY FIELD, CA US","2024-01-13","0.00",,,,"64","39"
"USW00003131","SAN DIEGO MONTGOMERY FIELD, CA US","2024-01-14","0.00",,,,"61","42"
"USW00003131","SAN DIEGO MONTGOMERY FIELD, CA US","2024-01-15","0.00",,,,"65","41"
"USW00003131","SAN DIEGO MONTGOMERY FIELD, CA US","2024-01-16","0.00",,,,"71","48"
"USW00003131","SAN DIEGO MONTGOMERY FIELD, CA US","2024-01-17","0.00",,,,"63","51"
"USW00003131","SAN DIEGO MONTGOMERY FIELD, CA US","2024-01-18","0.00",,,,"68","46"
"USW00003131","SAN DIEGO MONTGOMERY FIELD, CA US","2024-01-19","0.00",,,,"71","49"
"USW00003131","SAN DIEGO MONTGOMERY FIELD, CA US","2024-01-20","0.33",,,,"60","50"
"USW00003131","SAN DIEGO MONTGOMERY FIELD, CA US","2024-01-21","0.26",,,,"61","54"
"USW00003131","SAN DIEGO MONTGOMERY FIELD, CA US","2024-01-22","2.04",,,,"60","56"
"USW00003131","SAN DIEGO MONTGOMERY FIELD, CA US","2024-01-23","0.39",,,,,
"USW00003131","SAN DIEGO MONTGOMERY FIELD, CA US","2024-01-24","0.00",,,,,
"USW00003131","SAN DIEGO MONTGOMERY FIELD, CA US","2024-01-25","0.00",,,,,
"USW00003131","SAN DIEGO MONTGOMERY FIELD, CA US","2024-01-26","0.00",,,,,
"USW00003131","SAN DIEGO MONTGOMERY FIELD, CA US","2024-01-27","0.00",,,,"97","51"
"USW00003131","SAN DIEGO MONTGOMERY FIELD, CA US","2024-01-28","0.00",,,,,
"USW00003131","SAN DIEGO MONTGOMERY FIELD, CA US","2024-01-29","0.00",,,,"100","51"
"USW00003131","SAN DIEGO MONTGOMERY FIELD, CA US","2024-01-30","0.00",,,,"102","51"
"USW00003131","SAN DIEGO MONTGOMERY FIELD, CA US","2024-01-31","0.00",,,,"88","48"
"USW00003131","SAN DIEGO MONTGOMERY FIELD, CA US","2024-02-01","1.00",,,,,
"USW00003131","SAN DIEGO MONTGOMERY FIELD, CA US","2024-02-02","0.09",,,,,
"USW00003131","SAN DIEGO MONTGOMERY FIELD, CA US","2024-02-03","0.00",,,,,
"USW00003131","SAN DIEGO MONTGOMERY FIELD, CA US","2024-02-04","0.00",,,,,
"USW00003131","SAN DIEGO MONTGOMERY FIELD, CA US","2024-02-05","1.01",,,,"61","54"
"USW00003131","SAN DIEGO MONTGOMERY FIELD, CA US","2024-02-06","0.81",,,,,
"USW00003131","SAN DIEGO MONTGOMERY FIELD, CA US","2024-02-07","0.71",,,,"57","48"
"USW00003131","SAN DIEGO MONTGOMERY FIELD, CA US","2024-02-08","0.20",,,,"56","49"
"USW00003131","SAN DIEGO MONTGOMERY FIELD, CA US","2024-02-09","0.07",,,,,
"USW00003131","SAN DIEGO MONTGOMERY FIELD, CA US","2024-02-10","0.00",,,,,"45"
"USW00003131","SAN DIEGO MONTGOMERY FIELD, CA US","2024-02-11","0.00",,,,,
"USW00003131","SAN DIEGO MONTGOMERY FIELD, CA US","2024-02-12","0.00",,,,,
"USW00003131","SAN DIEGO MONTGOMERY FIELD, CA US","2024-02-13","0.00",,,,"86","41"
"USW00003131","SAN DIEGO MONTGOMERY FIELD, CA US","2024-02-14","0.00",,,,,
"USW00003131","SAN DIEGO MONTGOMERY FIELD, CA US","2024-02-15","0.00",,,,,
"USW00003131","SAN DIEGO MONTGOMERY FIELD, CA US","2024-02-16","0.00",,,,,"54"
"USW00003131","SAN DIEGO MONTGOMERY FIELD, CA US","2024-02-17","0.00",,,,"61","49"
"USW00003131","SAN DIEGO MONTGOMERY FIELD, CA US","2024-02-18","0.00",,,,"66","47"
"USW00003131","SAN DIEGO MONTGOMERY FIELD, CA US","2024-02-19","0.01",,,,"65","50"
"USW00003131","SAN DIEGO MONTGOMERY FIELD, CA US","2024-02-20","0.33",,,,"61","55"
"USW00003131","SAN DIEGO MONTGOMERY FIELD, CA US","2024-02-21","0.42",,,,"82","52"
"USW00003131","SAN DIEGO MONTGOMERY FIELD, CA US","2024-02-22","0.00",,,,,"48"
"USW00003131","SAN DIEGO MONTGOMERY FIELD, CA US","2024-02-23","0.00",,,,"79","53"
"USW00003131","SAN DIEGO MONTGOMERY FIELD, CA US","2024-02-24","0.00",,,,"75","54"
"USW00003131","SAN DIEGO MONTGOMERY FIELD, CA US","2024-02-25","0.00",,,,"73","51"
"USW00003131","SAN DIEGO MONTGOMERY FIELD, CA US","2024-02-26","0.01",,,,"66","55"
"USW00003131","SAN DIEGO MONTGOMERY FIELD, CA US","2024-02-27","0.00",,,,"68","54"
"USW00003131","SAN DIEGO MONTGOMERY FIELD, CA US","2024-02-28","0.00",,,,"67","52"
"USW00003131","SAN DIEGO MONTGOMERY FIELD, CA US","2024-02-29","0.00",,,,"66","57"
"USW00003131","SAN DIEGO MONTGOMERY FIELD, CA US","2024-03-01","0.01",,,,"66","50"
"USW00003131","SAN DIEGO MONTGOMERY FIELD, CA US","2024-03-02","0.37",,,,"63","55"
"USW00003131","SAN DIEGO MONTGOMERY FIELD, CA US","2024-03-03","0.06",,,,"62","51"
"USW00003131","SAN DIEGO MONTGOMERY FIELD, CA US","2024-03-04","0.00",,,,"63","49"
"USW00003131","SAN DIEGO MONTGOMERY FIELD, CA US","2024-03-05","0.00",,,,"64","50"
"USW00003131","SAN DIEGO MONTGOMERY FIELD, CA US","2024-03-06","0.35",,,,"65","48"
"USW00003131","SAN DIEGO MONTGOMERY FIELD, CA US","2024-03-07","0.11",,,,"62","50"
"USW00003131","SAN DIEGO MONTGOMERY FIELD, CA US","2024-03-08","0.00",,,,"67","49"
"USW00003131","SAN DIEGO MONTGOMERY FIELD, CA US","2024-03-09","0.00",,,,"73","49"
"USW00003131","SAN DIEGO MONTGOMERY FIELD, CA US","2024-03-10","0.00",,,,"68","47"
"USW00003131","SAN DIEGO MONTGOMERY FIELD, CA US","2024-03-11","0.00",,,,"64","50"
"USW00003131","SAN DIEGO MONTGOMERY FIELD, CA US","2024-03-12","0.01",,,,"64","53"
"USW00003131","SAN DIEGO MONTGOMERY FIELD, CA US","2024-03-13","0.00",,,,"66","53"
"USW00003131","SAN DIEGO MONTGOMERY FIELD, CA US","2024-03-14","0.00",,,,"65","50"
"USW00003131","SAN DIEGO MONTGOMERY FIELD, CA US","2024-03-15","0.00",,,,"65","47"
"USW00003131","SAN DIEGO MONTGOMERY FIELD, CA US","2024-03-16","0.00",,,,"66","47"
"USW00003131","SAN DIEGO MONTGOMERY FIELD, CA US","2024-03-17","0.00",,,,"67","48"
"USW00003131","SAN DIEGO MONTGOMERY FIELD, CA US","2024-03-18","0.00",,,,"72","49"
"USW00003131","SAN DIEGO MONTGOMERY FIELD, CA US","2024-03-19","0.00",,,,"71","49"
"USW00003131","SAN DIEGO MONTGOMERY FIELD, CA US","2024-03-20","0.00",,,,"68","52"
"USW00003131","SAN DIEGO MONTGOMERY FIELD, CA US","2024-03-21","0.00",,,,"72","54"
"USW00003131","SAN DIEGO MONTGOMERY FIELD, CA US","2024-03-22","0.00",,,,"71","51"
"USW00003131","SAN DIEGO MONTGOMERY FIELD, CA US","2024-03-23","0.15",,,,"64","53"
"USW00003131","SAN DIEGO MONTGOMERY FIELD, CA US","2024-03-24","0.09",,,,"61","49"
"USW00003131","SAN DIEGO MONTGOMERY FIELD, CA US","2024-03-25","0.00",,,,"63","46"
"USW00003131","SAN DIEGO MONTGOMERY FIELD, CA US","2024-03-26","0.00",,,,"63","50"
"USW00003131","SAN DIEGO MONTGOMERY FIELD, CA US","2024-03-27","0.00",,,,"68","46"
"USW00003131","SAN DIEGO MONTGOMERY FIELD, CA US","2024-03-28","0.00",,,,"65","52"
"USW00003131","SAN DIEGO MONTGOMERY FIELD, CA US","2024-03-29","0.00",,,,"64","51"
"USW00003131","SAN DIEGO MONTGOMERY FIELD, CA US","2024-03-30","1.33",,,,"56","50"
"USW00003131","SAN DIEGO MONTGOMERY FIELD, CA US","2024-03-31","0.30",,,,"62","50"
"USW00003131","SAN DIEGO MONTGOMERY FIELD, CA US","2024-04-01","0.00",,,,"66","50"
"USW00003131","SAN DIEGO MONTGOMERY FIELD, CA US","2024-04-02","0.00",,,,"71","47"
"USW00003131","SAN DIEGO MONTGOMERY FIELD, CA US","2024-04-03","0.00",,,,"75","50"
"USW00003131","SAN DIEGO MONTGOMERY FIELD, CA US","2024-04-04","0.04",,,,"64","51"
"USW00003131","SAN DIEGO MONTGOMERY FIELD, CA US","2024-04-05","0.28",,,,"58","46"
"USW00003131","SAN DIEGO MONTGOMERY FIELD, CA US","2024-04-06","0.00",,,,"62","43"
"USW00003131","SAN DIEGO MONTGOMERY FIELD, CA US","2024-04-07","0.00",,,,"65","44"
"USW00003131","SAN DIEGO MONTGOMERY FIELD, CA US","2024-04-08","0.00",,,,"64","46"
"USW00003131","SAN DIEGO MONTGOMERY FIELD, CA US","2024-04-09","0.00",,,,"79","46"
"USW00003131","SAN DIEGO MONTGOMERY FIELD, CA US","2024-04-10","0.00",,,,"77","51"
"USW00003131","SAN DIEGO MONTGOMERY FIELD, CA US","2024-04-11","0.00",,,,"76","53"
"USW00003131","SAN DIEGO MONTGOMERY FIELD, CA US","2024-04-12","0.00",,,,"62","54"
"USW00003131","SAN DIEGO MONTGOMERY FIELD, CA US","2024-04-13","0.11",,,,"66","52"
"USW00003131","SAN DIEGO MONTGOMERY FIELD, CA US","2024-04-14","0.01",,,,"64","47"
"USW00003131","SAN DIEGO MONTGOMERY FIELD, CA US","2024-04-15","0.00",,,,"67","52"
"USW00003131","SAN DIEGO MONTGOMERY FIELD, CA US","2024-04-16","0.00",,,,"77","50"
"USW00003131","SAN DIEGO MONTGOMERY FIELD, CA US","2024-04-17","0.00",,,,"74","50"
"USW00003131","SAN DIEGO MONTGOMERY FIELD, CA US","2024-04-18","0.00",,,,"73","54"
"USW00003131","SAN DIEGO MONTGOMERY FIELD, CA US","2024-04-19","0.00",,,,"67","57"
"USW00003131","SAN DIEGO MONTGOMERY FIELD, CA US","2024-04-20","0.00",,,,"70","58"
"USW00003131","SAN DIEGO MONTGOMERY FIELD, CA US","2024-04-21","0.00",,,,"71","56"
"USW00003131","SAN DIEGO MONTGOMERY FIELD, CA US","2024-04-22","0.00",,,,"63","56"
"USW00003131","SAN DIEGO MONTGOMERY FIELD, CA US","2024-04-23","0.00",,,,"66","56"
"USW00003131","SAN DIEGO MONTGOMERY FIELD, CA US","2024-04-24","0.00",,,,"67","57"
"USW00003131","SAN DIEGO MONTGOMERY FIELD, CA US","2024-04-25","0.00",,,,"66","56"
"USW00003131","SAN DIEGO MONTGOMERY FIELD, CA US","2024-04-26","0.00",,,,"65","55"
"USW00003131","SAN DIEGO MONTGOMERY FIELD, CA US","2024-04-27","0.00",,,,"68","53"
"USW00003131","SAN DIEGO MONTGOMERY FIELD, CA US","2024-04-28","0.00",,,,"71","51"
"USW00003131","SAN DIEGO MONTGOMERY FIELD, CA US","2024-04-29","0.00",,,,"71","53"
"USW00003131","SAN DIEGO MONTGOMERY FIELD, CA US","2024-04-30","0.00",,,,"70","57"
"USW00003131","SAN DIEGO MONTGOMERY FIELD, CA US","2024-05-01","0.00",,,,"69","58"
"USW00003131","SAN DIEGO MONTGOMERY FIELD, CA US","2024-05-02","0.00",,,,"69","57"
"USW00003131","SAN DIEGO MONTGOMERY FIELD, CA US","2024-05-03","0.00",,,,"71","58"
"USW00003131","SAN DIEGO MONTGOMERY FIELD, CA US","2024-05-04","0.00",,,,"67","57"
"USW00003131","SAN DIEGO MONTGOMERY FIELD, CA US","2024-05-05","0.11",,,,"63","51"
"USW00003131","SAN DIEGO MONTGOMERY FIELD, CA US","2024-05-06","0.00",,,,"70","48"
"USW00003131","SAN DIEGO MONTGOMERY FIELD, CA US","2024-05-07","0.00",,,,"70","50"
"USW00003131","SAN DIEGO MONTGOMERY FIELD, CA US","2024-05-08","0.00",,,,"67","56"
"USW00003131","SAN DIEGO MONTGOMERY FIELD, CA US","2024-05-09","0.00",,,,"70","57"
"USW00003131","SAN DIEGO MONTGOMERY FIELD, CA US","2024-05-10","0.00",,,,"66","55"
"USW00003131","SAN DIEGO MONTGOMERY FIELD, CA US","2024-05-11","0.00",,,,"70","59"
"USW00003131","SAN DIEGO MONTGOMERY FIELD, CA US","2024-05-12","0.00",,,,"73","57"
"USW00003131","SAN DIEGO MONTGOMERY FIELD, CA US","2024-05-13","0.00",,,,"69","56"
"USW00003131","SAN DIEGO MONTGOMERY FIELD, CA US","2024-05-14","0.00",,,,"68","56"
"USW00003131","SAN DIEGO MONTGOMERY FIELD, CA US","2024-05-15","0.00",,,,"64","57"
"USW00003131","SAN DIEGO MONTGOMERY FIELD, CA US","2024-05-16","0.00",,,,"70","58"
"USW00003131","SAN DIEGO MONTGOMERY FIELD, CA US","2024-05-17","0.00",,,,"68","57"
"USW00003131","SAN DIEGO MONTGOMERY FIELD, CA US","2024-05-18","0.00",,,,"72","58"
"USW00003131","SAN DIEGO MONTGOMERY FIELD, CA US","2024-05-19","0.00",,,,"68","57"
"USW00003131","SAN DIEGO MONTGOMERY FIELD, CA US","2024-05-20","0.00",,,,"68","57"
"USW00003131","SAN DIEGO MONTGOMERY FIELD, CA US","2024-05-21","0.00",,,,"69","57"
"USW00003131","SAN DIEGO MONTGOMERY FIELD, CA US","2024-05-22","0.00",,,,"68","58"
"USW00003131","SAN DIEGO MONTGOMERY FIELD, CA US","2024-05-23","0.00",,,,"66","58"
"USW00003131","SAN DIEGO MONTGOMERY FIELD, CA US","2024-05-24","0.00",,,,"66","58"
"USW00003131","SAN DIEGO MONTGOMERY FIELD, CA US","2024-05-25","0.00",,,,"64","56"
"USW00003131","SAN DIEGO MONTGOMERY FIELD, CA US","2024-05-26","0.00",,,,"67","58"
"USW00003131","SAN DIEGO MONTGOMERY FIELD, CA US","2024-05-27","0.00",,,,"69","57"
"USW00003131","SAN DIEGO MONTGOMERY FIELD, CA US","2024-05-28","0.00",,,,"70","57"
"USW00003131","SAN DIEGO MONTGOMERY FIELD, CA US","2024-05-29","0.00",,,,"68","57"
"USW00003131","SAN DIEGO MONTGOMERY FIELD, CA US","2024-05-30","0.00",,,,"69","58"
"USW00003131","SAN DIEGO MONTGOMERY FIELD, CA US","2024-05-31","0.00",,,,"70","58"
"USW00003131","SAN DIEGO MONTGOMERY FIELD, CA US","2024-06-01","0.00","0.0","0.0",,"70","57"
"USW00003131","SAN DIEGO MONTGOMERY FIELD, CA US","2024-06-02","0.00",,,,"66","58"
"USW00003131","SAN DIEGO MONTGOMERY FIELD, CA US","2024-06-03","0.00",,,,"69","57"
"USW00003131","SAN DIEGO MONTGOMERY FIELD, CA US","2024-06-04","0.00",,,,"70","59"
"USW00003131","SAN DIEGO MONTGOMERY FIELD, CA US","2024-06-05","0.00",,,,"71","60"
"USW00003131","SAN DIEGO MONTGOMERY FIELD, CA US","2024-06-06","0.00",,,,"71","61"
"USW00003131","SAN DIEGO MONTGOMERY FIELD, CA US","2024-06-07","0.00",,,,"69","59"
"USW00003131","SAN DIEGO MONTGOMERY FIELD, CA US","2024-06-08","0.00",,,,"70","58"
"USW00003131","SAN DIEGO MONTGOMERY FIELD, CA US","2024-06-09","0.00",,,,"69","59"
"USW00003131","SAN DIEGO MONTGOMERY FIELD, CA US","2024-06-10","0.00",,,,"72","59"
"USW00003131","SAN DIEGO MONTGOMERY FIELD, CA US","2024-06-11","0.00",,,,"66","60"
"USW00003131","SAN DIEGO MONTGOMERY FIELD, CA US","2024-06-12","0.00",,,,"77","60"
"USW00003131","SAN DIEGO MONTGOMERY FIELD, CA US","2024-06-13","0.00",,,,"73","60"
"USW00003131","SAN DIEGO MONTGOMERY FIELD, CA US","2024-06-14","0.00",,,,"78","61"
"USW00003131","SAN DIEGO MONTGOMERY FIELD, CA US","2024-06-15","0.00",,,,"80","58"
"USW00003131","SAN DIEGO MONTGOMERY FIELD, CA US","2024-06-16","0.00",,,,"71","59"
"USW00003131","SAN DIEGO MONTGOMERY FIELD, CA US","2024-06-17","0.00",,,,"70","59"
"USW00003131","SAN DIEGO MONTGOMERY FIELD, CA US","2024-06-18","0.00",,,,"70","60"
"USW00003131","SAN DIEGO MONTGOMERY FIELD, CA US","2024-06-19","0.00",,,,"71","60"
"USW00003131","SAN DIEGO MONTGOMERY FIELD, CA US","2024-06-20","0.00",,,,"76","61"
"USW00003131","SAN DIEGO MONTGOMERY FIELD, CA US","2024-06-21","0.00",,,,"78","62"
"USW00003131","SAN DIEGO MONTGOMERY FIELD, CA US","2024-06-22","0.00",,,,"83","62"
"USW00003131","SAN DIEGO MONTGOMERY FIELD, CA US","2024-06-23","0.00",,,,"89","67"
"USW00003131","SAN DIEGO MONTGOMERY FIELD, CA US","2024-06-24","0.00",,,,"86","66"
"USW00003131","SAN DIEGO MONTGOMERY FIELD, CA US","2024-06-25","0.00",,,,"79","64"
"USW00003131","SAN DIEGO MONTGOMERY FIELD, CA US","2024-06-26","0.00",,,,"77","66"
"USW00003131","SAN DIEGO MONTGOMERY FIELD, CA US","2024-06-27","0.00",,,,"77","62"
"USW00003131","SAN DIEGO MONTGOMERY FIELD, CA US","2024-06-28","0.00",,,,"74","61"
"USW00003131","SAN DIEGO MONTGOMERY FIELD, CA US","2024-06-29","0.00",,,,"80","57"
"USW00003131","SAN DIEGO MONTGOMERY FIELD, CA US","2024-06-30","0.00",,,,"82","63"
"USW00003131","SAN DIEGO MONTGOMERY FIELD, CA US","2024-07-01","0.00",,,,"76","63"
"USW00003131","SAN DIEGO MONTGOMERY FIELD, CA US","2024-07-02","0.00",,,,"77","63"
"USW00003131","SAN DIEGO MONTGOMERY FIELD, CA US","2024-07-03","0.00",,,,"80","64"
"USW00003131","SAN DIEGO MONTGOMERY FIELD, CA US","2024-07-04","0.00",,,,"82","63"
"USW00003131","SAN DIEGO MONTGOMERY FIELD, CA US","2024-07-05","0.00",,,,"79","63"
"USW00003131","SAN DIEGO MONTGOMERY FIELD, CA US","2024-07-06","0.00",,,,"81","62"
"USW00003131","SAN DIEGO MONTGOMERY FIELD, CA US","2024-07-07","0.00",,,,"80","64"
"USW00003131","SAN DIEGO MONTGOMERY FIELD, CA US","2024-07-08","0.00",,,,"80","65"
"USW00003131","SAN DIEGO MONTGOMERY FIELD, CA US","2024-07-09","0.00",,,,"81","65"
"USW00003131","SAN DIEGO MONTGOMERY FIELD, CA US","2024-07-10","0.00",,,,"81","64"
"USW00003131","SAN DIEGO MONTGOMERY FIELD, CA US","2024-07-11","0.00",,,,"83","64"
"USW00003131","SAN DIEGO MONTGOMERY FIELD, CA US","2024-07-12","0.00",,,,"81","64"
"USW00003131","SAN DIEGO MONTGOMERY FIELD, CA US","2024-07-13","0.00",,,,"78","65"
"USW00003131","SAN DIEGO MONTGOMERY FIELD, CA US","2024-07-14","0.00",,,,"80","66"
"USW00003131","SAN DIEGO MONTGOMERY FIELD, CA US","2024-07-15","0.00",,,,"79","66"
"USW00003131","SAN DIEGO MONTGOMERY FIELD, CA US","2024-07-16","0.00",,,,"78","65"
"USW00003131","SAN DIEGO MONTGOMERY FIELD, CA US","2024-07-17","0.00",,,,"79","65"
"USW00003131","SAN DIEGO MONTGOMERY FIELD, CA US","2024-07-18","0.00",,,,"78","62"
"USW00003131","SAN DIEGO MONTGOMERY FIELD, CA US","2024-07-19","0.00",,,,"81","65"
"USW00003131","SAN DIEGO MONTGOMERY FIELD, CA US","2024-07-20","0.00",,,,"86","65"
"USW00003131","SAN DIEGO MONTGOMERY FIELD, CA US","2024-07-21","0.00",,,,"79","66"
"USW00003131","SAN DIEGO MONTGOMERY FIELD, CA US","2024-07-22","0.00",,,,"79","66"
"USW00003131","SAN DIEGO MONTGOMERY FIELD, CA US","2024-07-23","0.00",,,,"81","67"
"USW00003131","SAN DIEGO MONTGOMERY FIELD, CA US","2024-07-24","0.00",,,,"85","69"
"USW00003131","SAN DIEGO MONTGOMERY FIELD, CA US","2024-07-25","0.00",,,,"89","69"
"USW00003131","SAN DIEGO MONTGOMERY FIELD, CA US","2024-07-26","0.00",,,,"85","67"
"USW00003131","SAN DIEGO MONTGOMERY FIELD, CA US","2024-07-27","0.00",,,,"82","65"
"USW00003131","SAN DIEGO MONTGOMERY FIELD, CA US","2024-07-28","0.00",,,,"81","63"
"USW00003131","SAN DIEGO MONTGOMERY FIELD, CA US","2024-07-29","0.00",,,,"80","63"
"USW00003131","SAN DIEGO MONTGOMERY FIELD, CA US","2024-07-30","0.00",,,,"78","63"
"USW00003131","SAN DIEGO MONTGOMERY FIELD, CA US","2024-07-31","0.00",,,,"82","62"
"USW00003131","SAN DIEGO MONTGOMERY FIELD, CA US","2024-08-01","0.01",,,,"79","65"
"USW00003131","SAN DIEGO MONTGOMERY FIELD, CA US","2024-08-02","0.00",,,,"89","65"
"USW00003131","SAN DIEGO MONTGOMERY FIELD, CA US","2024-08-03","0.00",,,,"88","66"
"USW00003131","SAN DIEGO MONTGOMERY FIELD, CA US","2024-08-04","0.00",,,,"89","66"
"USW00003131","SAN DIEGO MONTGOMERY FIELD, CA US","2024-08-05","0.00",,,,"88","67"
"USW00003131","SAN DIEGO MONTGOMERY FIELD, CA US","2024-08-06","0.00",,,,"85","67"
"USW00003131","SAN DIEGO MONTGOMERY FIELD, CA US","2024-08-07","0.00",,,,"81","68"
"USW00003131","SAN DIEGO MONTGOMERY FIELD, CA US","2024-08-08","0.00",,,,"80","66"
"USW00003131","SAN DIEGO MONTGOMERY FIELD, CA US","2024-08-09","0.00",,,,"81","67"
"USW00003131","SAN DIEGO MONTGOMERY FIELD, CA US","2024-08-10","0.00",,,,"81","67"
"USW00003131","SAN DIEGO MONTGOMERY FIELD, CA US","2024-08-11","0.00",,,,"83","69"
"USW00003131","SAN DIEGO MONTGOMERY FIELD, CA US","2024-08-12","0.00",,,,"85","69"
"USW00003131","SAN DIEGO MONTGOMERY FIELD, CA US","2024-08-13","0.00",,,,"84","68"
"USW00003131","SAN DIEGO MONTGOMERY FIELD, CA US","2024-08-14","0.00",,,,"81","66"
"USW00003131","SAN DIEGO MONTGOMERY FIELD, CA US","2024-08-15","0.00",,,,"83","63"
"USW00003131","SAN DIEGO MONTGOMERY FIELD, CA US","2024-08-16","0.00",,,,"80","66"
"USW00003131","SAN DIEGO MONTGOMERY FIELD, CA US","2024-08-17","0.00",,,,"77","65"
"USW00003131","SAN DIEGO MONTGOMERY FIELD, CA US","2024-08-18","0.00",,,,"81","64"
"USW00003131","SAN DIEGO MONTGOMERY FIELD, CA US","2024-08-19","0.00",,,,"87","65"
"USW00003131","SAN DIEGO MONTGOMERY FIELD, CA US","2024-08-20","0.00",,,,"93","67"
"USW00003131","SAN DIEGO MONTGOMERY FIELD, CA US","2024-08-21","0.00",,,,"85","68"
"USW00003131","SAN DIEGO MONTGOMERY FIELD, CA US","2024-08-22","0.00",,,,"80","67"
"USW00003131","SAN DIEGO MONTGOMERY FIELD, CA US","2024-08-23","0.00",,,,"77","64"
"USW00003131","SAN DIEGO MONTGOMERY FIELD, CA US","2024-08-24","0.00",,,,"77","62"
"USW00003131","SAN DIEGO MONTGOMERY FIELD, CA US","2024-08-25","0.00",,,,"81","59"
"USW00003131","SAN DIEGO MONTGOMERY FIELD, CA US","2024-08-26","0.00",,,,"85","61"
"USW00003131","SAN DIEGO MONTGOMERY FIELD, CA US","2024-08-27","0.00",,,,"79","64"
"USW00003131","SAN DIEGO MONTGOMERY FIELD, CA US","2024-08-28","0.00",,,,"78","66"
"USW00003131","SAN DIEGO MONTGOMERY FIELD, CA US","2024-08-29","0.00",,,,"79","65"
"USW00003131","SAN DIEGO MONTGOMERY FIELD, CA US","2024-08-30","0.00",,,,"77","65"
"USW00003131","SAN DIEGO MONTGOMERY FIELD, CA US","2024-08-31","0.00",,,,"80","64"
"USW00003131","SAN DIEGO MONTGOMERY FIELD, CA US","2024-09-01","0.00",,,,"80","66"
"USW00003131","SAN DIEGO MONTGOMERY FIELD, CA US","2024-09-02","0.00",,,,"80","64"
"USW00003131","SAN DIEGO MONTGOMERY FIELD, CA US","2024-09-03","0.00",,,,"90","65"
"USW00003131","SAN DIEGO MONTGOMERY FIELD, CA US","2024-09-04","0.00",,,,"87","66"
"USW00003131","SAN DIEGO MONTGOMERY FIELD, CA US","2024-09-05","0.00",,,,"95","69"
"USW00003131","SAN DIEGO MONTGOMERY FIELD, CA US","2024-09-06","0.00",,,,"97","69"
"USW00003131","SAN DIEGO MONTGOMERY FIELD, CA US","2024-09-07","0.00",,,,"97","74"
"USW00003131","SAN DIEGO MONTGOMERY FIELD, CA US","2024-09-08","0.00",,,,"103","76"
"USW00003131","SAN DIEGO MONTGOMERY FIELD, CA US","2024-09-09","0.00",,,,"99","74"
"USW00003131","SAN DIEGO MONTGOMERY FIELD, CA US","2024-09-10","0.00",,,,"90","68"
"USW00003131","SAN DIEGO MONTGOMERY FIELD, CA US","2024-09-11","0.00",,,,"75","64"
"USW00003131","SAN DIEGO MONTGOMERY FIELD, CA US","2024-09-12","0.00",,,,"75","63"
"USW00003131","SAN DIEGO MONTGOMERY FIELD, CA US","2024-09-13","0.00",,,,"75","65"
"USW00003131","SAN DIEGO MONTGOMERY FIELD, CA US","2024-09-14","0.00",,,,"75","66"
"USW00003131","SAN DIEGO MONTGOMERY FIELD, CA US","2024-09-15","0.00",,,,"70","65"
"USW00003131","SAN DIEGO MONTGOMERY FIELD, CA US","2024-09-16","0.00",,,,"72","62"
"USW00003131","SAN DIEGO MONTGOMERY FIELD, CA US","2024-09-17","0.00",,,,"72","55"
"USW00003131","SAN DIEGO MONTGOMERY FIELD, CA US","2024-09-18","0.00",,,,"72","58"
"USW00003131","SAN DIEGO MONTGOMERY FIELD, CA US","2024-09-19","0.00",,,,"73","64"
"USW00003131","SAN DIEGO MONTGOMERY FIELD, CA US","2024-09-20","0.02",,,,"72","60"
"USW00003131","SAN DIEGO MONTGOMERY FIELD, CA US","2024-09-21","0.00",,,,"74","57"
"USW00003131","SAN DIEGO MONTGOMERY FIELD, CA US","2024-09-22","0.00",,,,"76","63"
"USW00003131","SAN DIEGO MONTGOMERY FIELD, CA US","2024-09-23","0.00",,,,"78","64"
"USW00003131","SAN DIEGO MONTGOMERY FIELD, CA US","2024-09-24","0.00",,,,"78","63"
"USW00003131","SAN DIEGO MONTGOMERY FIELD, CA US","2024-09-25","0.00",,,,"71","63"
"USW00003131","SAN DIEGO MONTGOMERY FIELD, CA US","2024-09-26","0.00",,,,"75","61"
"USW00003131","SAN DIEGO MONTGOMERY FIELD, CA US","2024-09-27","0.00",,,,"74","60"
"USW00003131","SAN DIEGO MONTGOMERY FIELD, CA US","2024-09-28","0.00",,,,"78","57"
"USW00003131","SAN DIEGO MONTGOMERY FIELD, CA US","2024-09-29","0.00",,,,"79","57"
"USW00003131","SAN DIEGO MONTGOMERY FIELD, CA US","2024-09-30","0.00",,,,"79","57"
"USW00003131","SAN DIEGO MONTGOMERY FIELD, CA US","2024-10-01","0.00",,,,"84","60"
"USW00003131","SAN DIEGO MONTGOMERY FIELD, CA US","2024-10-02","0.00",,,,"87","60"
"USW00003131","SAN DIEGO MONTGOMERY FIELD, CA US","2024-10-03","0.00",,,,"78","61"
"USW00003131","SAN DIEGO MONTGOMERY FIELD, CA US","2024-10-04","0.00",,,,"77","63"
"USW00003131","SAN DIEGO MONTGOMERY FIELD, CA US","2024-10-05","0.00",,,,"80","62"
"USW00003131","SAN DIEGO MONTGOMERY FIELD, CA US","2024-10-06","0.00",,,,"82","61"
"USW00003131","SAN DIEGO MONTGOMERY FIELD, CA US","2024-10-07","0.00",,,,"85","59"
"USW00003131","SAN DIEGO MONTGOMERY FIELD, CA US","2024-10-08","0.00",,,,"82","57"
"USW00003131","SAN DIEGO MONTGOMERY FIELD, CA US","2024-10-09","0.00",,,,"74","58"
"USW00003131","SAN DIEGO MONTGOMERY FIELD, CA US","2024-10-10","0.00",,,,"81","58"
"USW00003131","SAN DIEGO MONTGOMERY FIELD, CA US","2024-10-11","0.00",,,,"83","57"
"USW00003131","SAN DIEGO MONTGOMERY FIELD, CA US","2024-10-12","0.00",,,,"83","55"
"USW00003131","SAN DIEGO MONTGOMERY FIELD, CA US","2024-10-13","0.00",,,,"73","59"
"USW00003131","SAN DIEGO MONTGOMERY FIELD, CA US","2024-10-14","0.00",,,,"73","60"
"USW00003131","SAN DIEGO MONTGOMERY FIELD, CA US","2024-10-15","0.00",,,,"71","63"
"USW00003131","SAN DIEGO MONTGOMERY FIELD, CA US","2024-10-16","0.00",,,,"66","62"
"USW00003131","SAN DIEGO MONTGOMERY FIELD, CA US","2024-10-17","0.00",,,,"70","62"
"USW00003131","SAN DIEGO MONTGOMERY FIELD, CA US","2024-10-18","0.00",,,,"71","55"
"USW00003131","SAN DIEGO MONTGOMERY FIELD, CA US","2024-10-19","0.00",,,,"79","50"
"USW00003131","SAN DIEGO MONTGOMERY FIELD, CA US","2024-10-20","0.00",,,,"85","54"
"USW00003131","SAN DIEGO MONTGOMERY FIELD, CA US","2024-10-21","0.00",,,,"82","57"
"USW00003131","SAN DIEGO MONTGOMERY FIELD, CA US","2024-10-22","0.00",,,,"82","56"
"USW00003131","SAN DIEGO MONTGOMERY FIELD, CA US","2024-10-23","0.00",,,,"83","56"
"USW00003131","SAN DIEGO MONTGOMERY FIELD, CA US","2024-10-24","0.00",,,,"78","53"
"USW00003131","SAN DIEGO MONTGOMERY FIELD, CA US","2024-10-25","0.00",,,,"76","54"
"USW00003131","SAN DIEGO MONTGOMERY FIELD, CA US","2024-10-26","0.00",,,,"80","53"
"USW00003131","SAN DIEGO MONTGOMERY FIELD, CA US","2024-10-27","0.00",,,,"81","54"
"USW00003131","SAN DIEGO MONTGOMERY FIELD, CA US","2024-10-28","0.00",,,,"69","58"
"USW00003131","SAN DIEGO MONTGOMERY FIELD, CA US","2024-10-29","0.00",,,,"67","51"
"USW00003131","SAN DIEGO MONTGOMERY FIELD, CA US","2024-10-30","0.00",,,,"72","49"
"USW00003131","SAN DIEGO MONTGOMERY FIELD, CA US","2024-10-31","0.00",,,,"73","49"
"USW00003131","SAN DIEGO MONTGOMERY FIELD, CA US","2024-11-01","0.00",,,,"69","48"
"USW00003131","SAN DIEGO MONTGOMERY FIELD, CA US","2024-11-02","0.07",,,,"68","50"
"USW00003131","SAN DIEGO MONTGOMERY FIELD, CA US","2024-11-03","0.00",,,,"68","51"
"USW00003131","SAN DIEGO MONTGOMERY FIELD, CA US","2024-11-04","0.00",,,,"75","47"
"USW00003131","SAN DIEGO MONTGOMERY FIELD, CA US","2024-11-05","0.00",,,,"76","49"
"USW00003131","SAN DIEGO MONTGOMERY FIELD, CA US","2024-11-06","0.00",,,,"78","49"
"USW00003131","SAN DIEGO MONTGOMERY FIELD, CA US","2024-11-07","0.00",,,,"75","47"
"USW00003131","SAN DIEGO MONTGOMERY FIELD, CA US","2024-11-08","0.00",,,,"74","44"
"USW00003131","SAN DIEGO MONTGOMERY FIELD, CA US","2024-11-09","0.00",,,,"77","46"
"USW00003131","SAN DIEGO MONTGOMERY FIELD, CA US","2024-11-10","0.00",,,,"78","46"
"USW00003131","SAN DIEGO MONTGOMERY FIELD, CA US","2024-11-11","0.00",,,,"73","47"
"USW00003131","SAN DIEGO MONTGOMERY FIELD, CA US","2024-11-12","0.00",,,,"68","50"
"USW00003131","SAN DIEGO MONTGOMERY FIELD, CA US","2024-11-13","0.00",,,,"78","47"
"USW00003131","SAN DIEGO MONTGOMERY FIELD, CA US","2024-11-14","0.00",,,,"73","45"
"USW00003131","SAN DIEGO MONTGOMERY FIELD, CA US","2024-11-15","0.01",,,,"63","53"
"USW00003131","SAN DIEGO MONTGOMERY FIELD, CA US","2024-11-16","0.00",,,,"64","45"
"USW00003131","SAN DIEGO MONTGOMERY FIELD, CA US","2024-11-17","0.00",,,,"69","40"
"USW00003131","SAN DIEGO MONTGOMERY FIELD, CA US","2024-11-18","0.00",,,,"63","43"
"USW00003131","SAN DIEGO MONTGOMERY FIELD, CA US","2024-11-19","0.00",,,,"67","46"
"USW00003131","SAN DIEGO MONTGOMERY FIELD, CA US","2024-11-20","0.00",,,,"73","44"
"USW00003131","SAN DIEGO MONTGOMERY FIELD, CA US","2024-11-21","0.00",,,,"75","46"
"USW00003131","SAN DIEGO MONTGOMERY FIELD, CA US","2024-11-22","0.00",,,,"72","41"
"USW00003131","SAN DIEGO MONTGOMERY FIELD, CA US","2024-11-23","0.02",,,,"67","45"
"USW00003131","SAN DIEGO MONTGOMERY FIELD, CA US","2024-11-24","0.00",,,,"66","52"
"USW00003131","SAN DIEGO MONTGOMERY FIELD, CA US","2024-11-25","0.00",,,,"78","48"
"USW00003131","SAN DIEGO MONTGOMERY FIELD, CA US","2024-11-26","0.00",,,,"72","50"
"USW00003131","SAN DIEGO MONTGOMERY FIELD, CA US","2024-11-27","0.00",,,,"72","56"
"USW00003131","SAN DIEGO MONTGOMERY FIELD, CA US","2024-11-28","0.00",,,,"73","53"
"USW00003131","SAN DIEGO MONTGOMERY FIELD, CA US","2024-11-29","0.00",,,,"74","50"
"USW00003131","SAN DIEGO MONTGOMERY FIELD, CA US","2024-11-30","0.00",,,,"78","48"
"USW00003131","SAN DIEGO MONTGOMERY FIELD, CA US","2024-12-01","0.00",,,,"74","50"
"USW00003131","SAN DIEGO MONTGOMERY FIELD, CA US","2024-12-02","0.00",,,,"73","47"
"USW00003131","SAN DIEGO MONTGOMERY FIELD, CA US","2024-12-03","0.00",,,,"68","46"
"USW00003131","SAN DIEGO MONTGOMERY FIELD, CA US","2024-12-04","0.00",,,,"66","51"
"USW00003131","SAN DIEGO MONTGOMERY FIELD, CA US","2024-12-05","0.00",,,,"66","49"
"USW00003131","SAN DIEGO MONTGOMERY FIELD, CA US","2024-12-06","0.00",,,,"74","43"
"USW00003131","SAN DIEGO MONTGOMERY FIELD, CA US","2024-12-07","0.00",,,,"81","48"
"USW00003131","SAN DIEGO MONTGOMERY FIELD, CA US","2024-12-08","0.00",,,,"71","46"
"USW00003131","SAN DIEGO MONTGOMERY FIELD, CA US","2024-12-09","0.00",,,,"64","50"
"USW00003131","SAN DIEGO MONTGOMERY FIELD, CA US","2024-12-10","0.00",,,,"74","45"
"USW00003131","SAN DIEGO MONTGOMERY FIELD, CA US","2024-12-11","0.00",,,,"74","44"
"USW00003131","SAN DIEGO MONTGOMERY FIELD, CA US","2024-12-12","0.01",,,,"63","41"
"USW00003131","SAN DIEGO MONTGOMERY FIELD, CA US","2024-12-13","0.00",,,,"63","47"
"USW00003131","SAN DIEGO MONTGOMERY FIELD, CA US","2024-12-14","0.00",,,,"69","46"
"USW00003131","SAN DIEGO MONTGOMERY FIELD, CA US","2024-12-15","0.00",,,,"65","46"
"USW00003131","SAN DIEGO MONTGOMERY FIELD, CA US","2024-12-16","0.00",,,,"70","43"
"USW00003131","SAN DIEGO MONTGOMERY FIELD, CA US","2024-12-17","0.00",,,,"72","44"
"USW00003131","SAN DIEGO MONTGOMERY FIELD, CA US","2024-12-18","0.00",,,,"81","47"
"USW00003131","SAN DIEGO MONTGOMERY FIELD, CA US","2024-12-19","0.00",,,,"79","45"
"USW00003131","SAN DIEGO MONTGOMERY FIELD, CA US","2024-12-20","0.00",,,,"72","44"
"USW00003131","SAN DIEGO MONTGOMERY FIELD, CA US","2024-12-21","0.00",,,,"68","43"
"USW00003131","SAN DIEGO MONTGOMERY FIELD, CA US","2024-12-22","0.00","0.0","0.0",,"68","44"
"USW00003131","SAN DIEGO MONTGOMERY FIELD, CA US","2024-12-23","0.00","0.0","0.0",,"71","52"
"USW00003131","SAN DIEGO MONTGOMERY FIELD, CA US","2024-12-24","0.01","0.0","0.0",,"58","48"
"USW00003131","SAN DIEGO MONTGOMERY FIELD, CA US","2024-12-25","0.00","0.0","0.0",,"62","48"
"USW00003131","SAN DIEGO MONTGOMERY FIELD, CA US","2024-12-26","0.00","0.0","0.0",,"66","42"
"USW00003131","SAN DIEGO MONTGOMERY FIELD, CA US","2024-12-27","0.00",,,,"62","44"
"USW00003131","SAN DIEGO MONTGOMERY FIELD, CA US","2024-12-28","0.00",,,,"64","47"
"USW00003131","SAN DIEGO MONTGOMERY FIELD, CA US","2024-12-29","0.00",,,,"61","46"
"USW00003131","SAN DIEGO MONTGOMERY FIELD, CA US","2024-12-30","0.00",,,,"64","48"
"USW00003131","SAN DIEGO MONTGOMERY FIELD, CA US","2024-12-31","0.00",,,,"62","49"
